Date,Adj Close,Close,High,Low,Open,Volume
2021-10-20,11.626055717468262,43.279998779296875,43.95000076293945,42.099998474121094,42.220001220703125,29871900
2021-10-21,10.967926025390625,40.83000183105469,42.790000915527344,40.40999984741211,42.650001525878906,20499700
2021-10-22,10.613337516784668,39.5099983215332,41.303001403808594,38.900001525878906,41.2599983215332,11914400
2021-10-25,10.900766372680664,40.58000183105469,41.308998107910156,40.529998779296875,40.90999984741211,7522900
2021-10-26,10.76108455657959,40.060001373291016,40.650001525878906,39.9900016784668,40.45000076293945,6142400
2021-10-27,10.223835945129395,38.060001373291016,38.345001220703125,37.5,38.06999969482422,6527000
2021-10-28,10.629457473754883,39.56999969482422,39.882999420166016,37.34000015258789,39.689998626708984,7176600
2021-10-29,10.849732398986816,40.38999938964844,40.720001220703125,39.345001220703125,39.439998626708984,7049000
2021-11-01,10.61871337890625,39.529998779296875,40.04999923706055,38.619998931884766,39.880001068115234,6042100
2021-11-02,11.008218765258789,40.97999954223633,41.41999816894531,40.56999969482422,40.75,6106400
2021-11-03,10.852418899536133,40.400001525878906,40.7599983215332,39.11000061035156,40.16999816894531,5160000
2021-11-04,10.556929588317871,39.29999923706055,40.20000076293945,38.959999084472656,39.82500076293945,4282300
2021-11-05,10.546183586120605,39.2599983215332,39.849998474121094,39.02000045776367,39.61000061035156,3022000
2021-11-08,11.43264389038086,42.560001373291016,42.91999816894531,41.970001220703125,42.150001525878906,8171800
2021-11-09,11.636796951293945,43.31999969482422,43.849998474121094,42.54999923706055,43.689998626708984,7763000
2021-11-10,11.365485191345215,42.310001373291016,44.290000915527344,41.84000015258789,43.91999816894531,9954400
2021-11-11,11.180134773254395,41.619998931884766,42.1349983215332,41.45000076293945,41.56999969482422,3247200
2021-11-12,11.045823097229004,41.119998931884766,41.290000915527344,39.95000076293945,40.880001068115234,7672600
2021-11-15,10.98404312133789,40.88999938964844,41.86000061035156,40.72999954223633,41.790000915527344,6204300
2021-11-16,10.266816139221191,38.220001220703125,39.36000061035156,37.90999984741211,38.91999816894531,8119300
2021-11-17,10.39306926727295,38.689998626708984,38.88999938964844,38.0260009765625,38.63999938964844,7245800
2021-11-18,9.96864128112793,37.11000061035156,38.0,36.2599983215332,37.810001373291016,11930400
2021-11-19,9.941781997680664,37.0099983215332,37.38999938964844,36.90999984741211,37.0,6827900
2021-11-22,9.587198257446289,35.689998626708984,37.470001220703125,35.61000061035156,37.345001220703125,10940500
2021-11-23,9.941781997680664,37.0099983215332,37.04999923706055,36.209999084472656,36.47999954223633,6421000
2021-11-24,9.855818748474121,36.689998626708984,36.70000076293945,35.720001220703125,35.83000183105469,5460200
2021-11-26,9.251413345336914,34.439998626708984,34.880001068115234,34.31999969482422,34.79999923706055,5211600
2021-11-29,9.957898139953613,37.06999969482422,37.58700180053711,36.209999084472656,36.5,6690000
2021-11-30,9.828957557678223,36.59000015258789,37.849998474121094,35.97999954223633,37.26100158691406,6746800
2021-12-01,9.6919584274292,36.08000183105469,37.720001220703125,36.02000045776367,37.34000015258789,6683000
2021-12-02,9.748369216918945,36.290000915527344,36.58000183105469,35.61000061035156,35.970001220703125,4670600
2021-12-03,9.103673934936523,33.88999938964844,36.119998931884766,32.689998626708984,36.060001373291016,14049100
2021-12-06,8.340779304504395,31.049999237060547,31.43000030517578,30.34000015258789,30.709999084472656,8017300
2021-12-07,8.63089370727539,32.130001068115234,33.08000183105469,31.920000076293945,32.439998626708984,5064600
2021-12-08,8.663128852844238,32.25,32.54999923706055,31.665000915527344,31.950000762939453,6224900
2021-12-09,8.115135192871094,30.209999084472656,31.190000534057617,30.0,31.15999984741211,7156600
2021-12-10,8.26019287109375,30.75,31.579999923706055,30.010000228881836,31.469999313354492,8618700
2021-12-13,7.940529823303223,29.559999465942383,30.43000030517578,28.969999313354492,30.350000381469727,9171400
2021-12-14,8.144682884216309,30.31999969482422,30.3700008392334,29.43199920654297,29.739999771118164,7042600
2021-12-15,8.39450454711914,31.25,31.420000076293945,29.510000228881836,30.239999771118164,9616800
2021-12-16,8.155430793762207,30.360000610351562,31.020000457763672,30.1299991607666,30.889999389648438,5015400
2021-12-17,7.868000507354736,29.290000915527344,30.020000457763672,28.780000686645508,29.530000686645508,6895200
2021-12-20,7.99962854385376,29.780000686645508,29.940000534057617,28.829999923706055,28.979999542236328,4705400
2021-12-21,8.284367561340332,30.84000015258789,31.020000457763672,30.621999740600586,30.850000381469727,3273900
2021-12-22,8.35152530670166,31.09000015258789,31.225000381469727,30.729999542236328,30.90999984741211,3629600
2021-12-23,8.68730640411377,32.34000015258789,32.59000015258789,30.719999313354492,30.780000686645508,5727700
2021-12-27,8.719538688659668,32.459999084472656,33.040000915527344,32.27000045776367,32.4900016784668,4773700
2021-12-28,8.123194694519043,30.239999771118164,31.15999984741211,29.93899917602539,31.059999465942383,7170700
2021-12-29,8.029175758361816,29.889999389648438,30.40999984741211,29.709999084472656,29.989999771118164,4398600
2021-12-30,8.007686614990234,29.809999465942383,30.28499984741211,29.739999771118164,29.829999923706055,4659800
2021-12-31,7.763237953186035,28.899999618530273,30.469999313354492,28.850000381469727,30.360000610351562,5522200
2022-01-03,7.776670455932617,28.950000762939453,29.8700008392334,28.81999969482422,29.75,5205600
2022-01-04,7.849197864532471,29.219999313354492,30.06999969482422,28.700000762939453,29.670000076293945,6253900
2022-01-05,7.424771785736084,27.639999389648438,29.56999969482422,27.513999938964844,29.260000228881836,10718700
2022-01-06,7.328066825866699,27.280000686645508,27.479999542236328,26.799999237060547,27.0,6675300
2022-01-07,7.094361782073975,26.40999984741211,26.600000381469727,25.549999237060547,26.3799991607666,9618100
2022-01-10,7.067500591278076,26.309999465942383,26.530000686645508,24.8799991607666,25.079999923706055,12742500
2022-01-11,7.255538463592529,27.010000228881836,27.219999313354492,25.989999771118164,26.09000015258789,8372200
2022-01-12,7.419399261474609,27.6200008392334,27.764999389648438,27.31999969482422,27.65999984741211,6993300
2022-01-13,7.2421064376831055,26.959999084472656,28.020000457763672,26.639999389648438,27.920000076293945,6406900
2022-01-14,7.298518180847168,27.170000076293945,27.3799991607666,26.540000915527344,26.649999618530273,7138100
2022-01-18,7.059442520141602,26.280000686645508,26.360000610351562,25.969999313354492,26.139999389648438,5490100
2022-01-19,7.0379533767700195,26.200000762939453,26.860000610351562,26.1200008392334,26.59000015258789,5608600
2022-01-20,7.225988864898682,26.899999618530273,27.43000030517578,26.719999313354492,26.739999771118164,8127200
2022-01-21,6.473842144012451,24.100000381469727,24.584999084472656,23.639999389648438,24.280000686645508,14546700
2022-01-24,6.307295799255371,23.479999542236328,23.65999984741211,20.902000427246094,21.170000076293945,19580500
2022-01-25,6.237452507019043,23.219999313354492,23.670000076293945,22.649999618530273,23.100000381469727,14666800
2022-01-26,6.245513916015625,23.25,24.479999542236328,23.079999923706055,24.209999084472656,16864700
2022-01-27,5.993004322052002,22.309999465942383,23.420000076293945,22.309999465942383,23.219999313354492,10216500
2022-01-28,6.385199546813965,23.770000457763672,23.81999969482422,23.0049991607666,23.329999923706055,8518700
2022-01-31,6.489959239959717,24.15999984741211,24.389999389648438,23.389999389648438,23.479999542236328,5328500
2022-02-01,6.500705242156982,24.200000762939453,24.704999923706055,24.0,24.479999542236328,5361600
2022-02-02,6.334155559539795,23.579999923706055,24.1299991607666,23.260000228881836,24.1200008392334,4222400
2022-02-03,6.135376453399658,22.84000015258789,23.325000762939453,22.770000457763672,22.959999084472656,3561700
2022-02-04,6.866032600402832,25.559999465942383,25.739999771118164,23.579999923706055,23.760000228881836,13078400
2022-02-07,7.475808620452881,27.829999923706055,28.049999237060547,26.889999389648438,27.010000228881836,10917000
2022-02-08,7.499987602233887,27.920000076293945,27.920000076293945,26.8799991607666,27.440000534057617,4576000
2022-02-09,7.583258628845215,28.229999542236328,28.229999542236328,27.5,27.760000228881836,3774400
2022-02-10,7.451632499694824,27.739999771118164,28.84000015258789,27.3799991607666,27.3799991607666,11501800
2022-02-11,7.158832550048828,26.649999618530273,27.66699981689453,26.43000030517578,27.420000076293945,10060500
2022-02-14,7.126598834991455,26.530000686645508,26.969999313354492,26.280000686645508,26.860000610351562,5875500
2022-02-15,7.4677510261535645,27.799999237060547,28.040000915527344,27.579999923706055,27.8799991607666,3897500
2022-02-16,7.457005500793457,27.760000228881836,27.93000030517578,27.239999771118164,27.459999084472656,4197600
2022-02-17,6.903639316558838,25.700000762939453,26.579999923706055,25.639999389648438,26.469999313354492,7666000
2022-02-18,6.745152950286865,25.110000610351562,25.6299991607666,24.790000915527344,25.3700008392334,9924100
2022-02-22,6.390567779541016,23.790000915527344,24.079999923706055,23.469999313354492,23.549999237060547,6807300
2022-02-23,6.342215061187744,23.610000610351562,24.5049991607666,23.424999237060547,24.43000030517578,8870500
2022-02-24,6.46309757232666,24.059999465942383,24.940000534057617,22.079999923706055,22.13599967956543,16154000
2022-02-25,6.589352130889893,24.530000686645508,24.858999252319336,24.170000076293945,24.65999984741211,7294900
2022-02-28,7.086304187774658,26.3799991607666,26.3799991607666,24.479999542236328,24.489999771118164,13625700
2022-03-01,7.462378978729248,27.780000686645508,28.020000457763672,27.149999618530273,27.961999893188477,11998800
2022-03-02,7.40865421295166,27.579999923706055,28.520000457763672,27.299999237060547,27.549999237060547,7551100
2022-03-03,7.094361782073975,26.40999984741211,27.639999389648438,26.260000228881836,27.559999465942383,11761100
2022-03-04,6.6565070152282715,24.780000686645508,26.06999969482422,24.510000228881836,25.959999084472656,8665200
2022-03-07,6.328785419464111,23.559999465942383,24.799999237060547,23.31999969482422,24.56999969482422,9189100
2022-03-08,6.487272262573242,24.149999618530273,24.719999313354492,23.93000030517578,24.299999237060547,7486100
2022-03-09,7.070187091827393,26.31999969482422,26.790000915527344,26.219999313354492,26.479999542236328,7202600
2022-03-10,6.677995681762695,24.860000610351562,24.950000762939453,24.350000381469727,24.530000686645508,4262700
2022-03-11,6.45235538482666,24.020000457763672,24.8700008392334,23.979999542236328,24.799999237060547,4508100
2022-03-14,6.532939910888672,24.31999969482422,24.59000015258789,24.09000015258789,24.31999969482422,3494200
2022-03-15,6.702172756195068,24.950000762939453,25.010000228881836,24.139999389648438,24.350000381469727,5141500
2022-03-16,6.892895698547363,25.65999984741211,25.8700008392334,24.65999984741211,25.360000610351562,7204500
2022-03-17,6.890209674835205,25.649999618530273,25.860000610351562,25.469999313354492,25.700000762939453,2516200
2022-03-18,7.099736213684082,26.43000030517578,26.440000534057617,25.290000915527344,25.399999618530273,5578200
2022-03-21,6.943934440612793,25.850000381469727,26.079999923706055,25.530000686645508,25.969999313354492,4770000
2022-03-22,7.140029430389404,26.579999923706055,27.18000030517578,26.540000915527344,26.93000030517578,5701900
2022-03-23,7.118540287017822,26.5,26.8700008392334,26.309999465942383,26.540000915527344,5161100
2022-03-24,7.422085285186768,27.6299991607666,27.850000381469727,26.770000457763672,26.90999984741211,7568000
2022-03-25,7.50535774230957,27.940000534057617,28.386999130249023,27.6299991607666,28.20800018310547,9335800
2022-03-28,8.093646049499512,30.1299991607666,30.295000076293945,29.704999923706055,29.799999237060547,6759100
2022-03-29,8.053353309631348,29.979999542236328,30.21500015258789,29.610000610351562,30.040000915527344,5306600
2022-03-30,7.924411296844482,29.5,30.0,29.364999771118164,29.610000610351562,4069100
2022-03-31,7.671905040740967,28.559999465942383,29.649999618530273,28.530000686645508,29.649999618530273,5067200
2022-04-01,7.819649696350098,29.110000610351562,29.327999114990234,28.360000610351562,28.440000534057617,7977300
2022-04-04,7.7310028076171875,28.780000686645508,29.049999237060547,28.239999771118164,28.841999053955078,3693200
2022-04-05,7.747120380401611,28.84000015258789,29.200000762939453,28.454999923706055,29.1299991607666,4097500
2022-04-06,7.344184398651123,27.34000015258789,28.135000228881836,26.950000762939453,28.110000610351562,7099400
2022-04-07,7.271655559539795,27.06999969482422,27.399999618530273,26.889999389648438,27.1200008392334,4540100
2022-04-08,7.166892051696777,26.68000030517578,27.540000915527344,26.5,26.770000457763672,5543400
2022-04-11,6.691428184509277,24.90999984741211,25.7549991607666,24.829999923706055,25.56999969482422,4800700
2022-04-12,6.578606605529785,24.489999771118164,25.322999954223633,24.479999542236328,25.309999465942383,4285900
2022-04-13,6.89558219909668,25.670000076293945,25.959999084472656,24.799999237060547,24.836999893188477,5109200
2022-04-14,6.68336820602417,24.8799991607666,25.809999465942383,24.719999313354492,25.729999542236328,5129400
2022-04-18,6.820369243621826,25.389999389648438,25.670000076293945,24.3799991607666,24.6200008392334,6876800
2022-04-19,6.965424060821533,25.93000030517578,26.110000610351562,25.540000915527344,25.59000015258789,3554400
2022-04-20,6.914384841918945,25.739999771118164,26.329999923706055,25.514999389648438,26.299999237060547,5789800
2022-04-21,6.914384841918945,25.739999771118164,26.8700008392334,25.729999542236328,26.780000686645508,4859400
2022-04-22,6.616212844848633,24.6299991607666,25.364999771118164,24.44499969482422,25.25,5635700
2022-04-25,6.742466449737549,25.100000381469727,25.219999313354492,24.104999542236328,24.190000534057617,7760800
2022-04-26,6.409372329711914,23.860000610351562,25.1200008392334,23.594999313354492,25.100000381469727,7539700
2022-04-27,6.508764743804932,24.229999542236328,24.649999618530273,23.969999313354492,24.31999969482422,4498900
2022-04-28,6.699485778808594,24.940000534057617,25.239999771118164,24.25,24.600000381469727,7616600
2022-04-29,6.404001235961914,23.84000015258789,24.56999969482422,23.760000228881836,24.329999923706055,5787100
2022-05-02,6.446979522705078,24.0,24.389999389648438,23.684999465942383,24.18000030517578,6414300
2022-05-03,6.293864727020264,23.43000030517578,23.959999084472656,23.309999465942383,23.899999618530273,5523000
2022-05-04,6.680682182312012,24.8700008392334,24.969999313354492,24.040000915527344,24.34000015258789,6639500
2022-05-05,6.073592662811279,22.610000610351562,24.56999969482422,22.1200008392334,24.56999969482422,11554300
2022-05-06,6.014494895935059,22.389999389648438,22.639999389648438,21.93000030517578,22.360000610351562,5444200
2022-05-09,5.165643215179443,19.229999542236328,20.790000915527344,18.8700008392334,20.360000610351562,12472900
2022-05-10,5.2220540046691895,19.440000534057617,20.139999389648438,19.15999984741211,19.979999542236328,7176500
2022-05-11,4.883587837219238,18.18000030517578,19.8799991607666,18.100000381469727,18.530000686645508,14410900
2022-05-12,4.757333755493164,17.709999084472656,18.545000076293945,17.226999282836914,17.700000762939453,19023600
2022-05-13,5.017899036407471,18.68000030517578,19.290000915527344,18.260000228881836,19.010000228881836,7862700
2022-05-16,4.9211931228637695,18.31999969482422,18.6200008392334,18.059999465942383,18.559999465942383,4154800
2022-05-17,5.015213489532471,18.670000076293945,19.1299991607666,18.309999465942383,19.0,6501100
2022-05-18,4.87015438079834,18.1299991607666,18.385000228881836,17.81999969482422,18.299999237060547,5417400
2022-05-19,5.001781940460205,18.6200008392334,18.979999542236328,18.229999542236328,18.420000076293945,5605800
2022-05-20,4.886273384094238,18.190000534057617,18.899999618530273,17.809999465942383,18.829999923706055,5739500
2022-05-23,4.8459792137146,18.040000915527344,19.0,18.040000915527344,18.920000076293945,5331600
2022-05-24,4.894331932067871,18.219999313354492,18.399999618530273,17.770000457763672,18.170000076293945,8812000
2022-05-25,4.929252624511719,18.350000381469727,18.670000076293945,18.239999771118164,18.290000915527344,6188500
2022-05-26,4.897016525268555,18.229999542236328,18.520000457763672,17.479999542236328,17.489999771118164,9657000
2022-05-27,4.8056864738464355,17.889999389648438,18.25,17.485000610351562,18.1200008392334,12572700
2022-05-31,5.273091793060303,19.6299991607666,20.165000915527344,19.389999389648438,19.780000686645508,9464400
2022-06-01,5.009840488433838,18.649999618530273,19.829999923706055,18.540000915527344,19.799999237060547,6636000
2022-06-02,5.052820682525635,18.809999465942383,18.90999984741211,18.440000534057617,18.510000228881836,6050300
2022-06-03,4.9265666007995605,18.34000015258789,18.459999084472656,18.1299991607666,18.34000015258789,4776300
2022-06-06,5.254288196563721,19.559999465942383,19.759000778198242,19.290000915527344,19.540000915527344,6424500
2022-06-07,5.181759834289551,19.290000915527344,19.5,18.235000610351562,18.34000015258789,7038300
2022-06-08,5.017899036407471,18.68000030517578,19.155000686645508,18.540000915527344,18.850000381469727,5410600
2022-06-09,4.993722438812256,18.59000015258789,18.899999618530273,18.549999237060547,18.709999084472656,2847600
2022-06-10,4.821805477142334,17.950000762939453,18.388999938964844,17.840999603271484,18.229999542236328,5387900
2022-06-13,3.846698045730591,14.319999694824219,15.020000457763672,14.0,14.5,22112200
2022-06-14,3.6882083415985107,13.729999542236328,14.130000114440918,13.635000228881836,13.949999809265137,15399600
2022-06-15,3.5995631217956543,13.399999618530273,13.899999618530273,12.550000190734863,13.260000228881836,25624700
2022-06-16,3.4706242084503174,12.920000076293945,13.295000076293945,12.829999923706055,13.180000305175781,14511800
2022-06-17,3.4168994426727295,12.720000267028809,12.958999633789062,12.600000381469727,12.779999732971191,11869700
2022-06-21,3.4786829948425293,12.949999809265137,13.475000381469727,12.920000076293945,13.119999885559082,12501600
2022-06-22,3.349742889404297,12.470000267028809,12.9399995803833,12.260000228881836,12.739999771118164,9795800
2022-06-23,3.4786829948425293,12.949999809265137,12.970000267028809,12.460000038146973,12.720000267028809,8418600
2022-06-24,3.5350935459136963,13.15999984741211,13.260000228881836,12.869999885559082,13.15999984741211,7994600
2022-06-27,3.4571924209594727,12.869999885559082,13.149999618530273,12.630000114440918,13.149999618530273,8145500
2022-06-28,3.349742889404297,12.470000267028809,13.0600004196167,12.449999809265137,13.0,6626800
2022-06-29,3.352428674697876,12.479999542236328,12.529999732971191,12.265000343322754,12.420000076293945,7697400
2022-06-30,3.1187262535095215,11.609999656677246,11.890000343322754,11.555000305175781,11.859999656677246,9600800
2022-07-01,3.212744951248169,11.960000038146973,12.140000343322754,11.850000381469727,11.890000343322754,8620300
2022-07-05,3.3927226066589355,12.630000114440918,12.670000076293945,11.899999618530273,11.949999809265137,10137000
2022-07-06,3.37391996383667,12.5600004196167,12.65999984741211,12.380000114440918,12.479999542236328,5514900
2022-07-07,3.6344854831695557,13.529999732971191,13.539999961853027,12.579999923706055,12.609999656677246,9052100
2022-07-08,3.6210532188415527,13.479999542236328,13.6850004196167,13.09000015258789,13.199999809265137,8833200
2022-07-11,3.400782585144043,12.65999984741211,12.8100004196167,12.494999885559082,12.699999809265137,5615300
2022-07-12,3.2100589275360107,11.949999809265137,12.369999885559082,11.880000114440918,12.279999732971191,7931900
2022-07-13,3.2557246685028076,12.119999885559082,12.359999656677246,11.670000076293945,11.729999542236328,8055700
2022-07-14,3.424957752227783,12.75,12.90999984741211,12.111000061035156,12.170000076293945,6980700
2022-07-15,3.5189766883850098,13.100000381469727,13.100000381469727,12.770000457763672,12.960000038146973,7756300
2022-07-18,3.5915048122406006,13.369999885559082,14.100000381469727,13.220000267028809,13.75,10495600
2022-07-19,3.8977363109588623,14.510000228881836,14.65999984741211,13.630000114440918,13.8100004196167,15314400
2022-07-20,3.9326577186584473,14.640000343322754,15.024999618530273,14.489999771118164,14.779999732971191,13783100
2022-07-21,3.8655014038085938,14.390000343322754,14.390000343322754,13.819999694824219,14.050000190734863,8760600
2022-07-22,3.755364179611206,13.979999542236328,14.71500015258789,13.9399995803833,14.600000381469727,7252400
2022-07-25,3.637171506881714,13.539999961853027,13.619000434875488,13.329999923706055,13.550000190734863,5558200
2022-07-26,3.4706242084503174,12.920000076293945,13.029999732971191,12.800000190734863,12.9399995803833,5246300
2022-07-27,3.792973518371582,14.119999885559082,14.289999961853027,13.15999984741211,13.15999984741211,9390000
2022-07-28,3.972951889038086,14.789999961853027,14.949999809265137,14.074999809265137,14.319999694824219,7459400
2022-07-29,3.9836952686309814,14.829999923706055,15.029999732971191,14.529999732971191,14.649999618530273,9461900
2022-08-01,3.8171491622924805,14.210000038146973,14.550000190734863,14.135000228881836,14.295000076293945,6753600
2022-08-02,3.8117761611938477,14.1899995803833,14.5,14.010000228881836,14.079999923706055,6166700
2022-08-03,3.903109073638916,14.529999732971191,14.59000015258789,14.345000267028809,14.380000114440918,6352500
2022-08-04,3.7150728702545166,13.829999923706055,14.319999694824219,13.824999809265137,14.170000076293945,7663700
2022-08-05,3.8064043521881104,14.170000076293945,14.449999809265137,14.039999961853027,14.229999542236328,9272600
2022-08-08,3.972951889038086,14.789999961853027,15.020000457763672,14.710000038146973,14.869999885559082,7767000
2022-08-09,3.8225226402282715,14.229999542236328,14.399999618530273,14.100000381469727,14.369999885559082,2985900
2022-08-10,3.9219141006469727,14.600000381469727,14.949999809265137,14.520000457763672,14.920000076293945,7315000
2022-08-11,4.023989677429199,14.979999542236328,15.40999984741211,14.869999885559082,15.220000267028809,7223200
2022-08-12,4.018617153167725,14.960000038146973,14.989999771118164,14.625,14.699999809265137,5128500
2022-08-15,3.975637912750244,14.800000190734863,14.989999771118164,14.78499984741211,14.890000343322754,3481500
2022-08-16,3.967578649520874,14.770000457763672,14.84000015258789,14.569999694824219,14.760000228881836,3629200
2022-08-17,3.8440117835998535,14.3100004196167,14.595000267028809,14.289999961853027,14.569999694824219,5922600
2022-08-18,3.8655014038085938,14.390000343322754,14.489999771118164,14.3100004196167,14.489999771118164,2519000
2022-08-19,3.5136044025421143,13.079999923706055,13.300000190734863,12.975000381469727,13.229999542236328,6517700
2022-08-22,3.4733102321624756,12.930000305175781,13.210000038146973,12.869999885559082,13.010000228881836,3922700
2022-08-23,3.559270143508911,13.25,13.350000381469727,13.133000373840332,13.180000305175781,3656800
2022-08-24,3.586132764816284,13.350000381469727,13.460000038146973,13.119999885559082,13.170000076293945,2838000
2022-08-25,3.556583881378174,13.239999771118164,13.369999885559082,13.130000114440918,13.260000228881836,3280000
2022-08-26,3.3819782733917236,12.59000015258789,13.399999618530273,12.515000343322754,13.380000114440918,10825900
2022-08-29,3.3094496726989746,12.319999694824219,12.515000343322754,12.210000038146973,12.239999771118164,4878100
2022-08-30,3.271843194961548,12.180000305175781,12.550000190734863,11.920000076293945,12.470000267028809,5602100
2022-08-31,3.3201935291290283,12.359999656677246,12.529999732971191,12.140000343322754,12.4399995803833,4224900
2022-09-01,3.2637827396392822,12.149999618530273,12.270000457763672,11.90999984741211,12.210000038146973,5542900
2022-09-02,3.271843194961548,12.180000305175781,12.5600004196167,12.050000190734863,12.489999771118164,7435300
2022-09-06,3.0811188220977783,11.470000267028809,12.1899995803833,11.449999809265137,12.15999984741211,12062400
2022-09-07,3.132157325744629,11.65999984741211,11.779999732971191,11.510000228881836,11.529999732971191,5835800
2022-09-08,3.1966280937194824,11.899999618530273,11.899999618530273,11.675000190734863,11.710000038146973,6591600
2022-09-09,3.5377800464630127,13.170000076293945,13.234999656677246,12.890000343322754,12.899999618530273,8431300
2022-09-12,3.7204439640045166,13.850000381469727,13.888999938964844,13.59000015258789,13.789999961853027,6944700
2022-09-13,3.3551151752471924,12.489999771118164,13.255999565124512,12.354999542236328,13.149999618530273,8162200
2022-09-14,3.2987051010131836,12.279999732971191,12.529999732971191,12.074999809265137,12.520000457763672,6898100
2022-09-15,3.266469955444336,12.15999984741211,12.420000076293945,11.989999771118164,12.3100004196167,5018500
2022-09-16,3.239607810974121,12.0600004196167,12.170000076293945,11.875,12.15999984741211,6223100
2022-09-19,3.223489761352539,12.0,12.039999961853027,11.529999732971191,11.529999732971191,6703600
2022-09-20,3.1294705867767334,11.649999618530273,11.875,11.515000343322754,11.619999885559082,5089600
2022-09-21,3.1348443031311035,11.670000076293945,12.239999771118164,11.510000228881836,11.869999885559082,11488300
2022-09-22,3.1885688304901123,11.869999885559082,11.994999885559082,11.539999961853027,11.760000228881836,7995700
2022-09-23,3.1026086807250977,11.550000190734863,11.704999923706055,11.369999885559082,11.6899995803833,8582800
2022-09-26,3.1724517345428467,11.8100004196167,11.875,11.65999984741211,11.720000267028809,4661100
2022-09-27,3.1536478996276855,11.739999771118164,12.53499984741211,11.5649995803833,12.399999618530273,7444600
2022-09-28,3.2369210720062256,12.050000190734863,12.119999885559082,11.710000038146973,11.789999961853027,8103600
2022-09-29,3.212744951248169,11.960000038146973,12.09000015258789,11.569999694824219,11.869999885559082,4890800
2022-09-30,3.22080397605896,11.989999771118164,12.449999809265137,11.824999809265137,11.835000038146973,8115300
2022-10-03,3.239607810974121,12.0600004196167,12.140000343322754,11.739999771118164,11.84000015258789,9041800
2022-10-04,3.363175392150879,12.520000457763672,12.539999961853027,12.27299976348877,12.34000015258789,8210000
2022-10-05,3.333625316619873,12.40999984741211,12.579999923706055,12.180000305175781,12.300000190734863,5885700
2022-10-06,3.3175084590911865,12.350000381469727,12.5600004196167,12.25100040435791,12.40999984741211,6864900
2022-10-07,3.212744951248169,11.960000038146973,12.128999710083008,11.885000228881836,12.100000381469727,7260800
2022-10-10,3.1670777797698975,11.789999961853027,11.944999694824219,11.734000205993652,11.930000305175781,3118800
2022-10-11,3.132157325744629,11.65999984741211,11.805000305175781,11.569999694824219,11.739999771118164,4904500
2022-10-12,3.1617066860198975,11.770000457763672,11.800000190734863,11.692000389099121,11.729999542236328,2587000
2022-10-13,3.2100589275360107,11.949999809265137,12.039999961853027,11.180000305175781,11.204999923706055,13273000
2022-10-14,3.1697657108306885,11.800000190734863,12.1899995803833,11.770000457763672,12.140000343322754,8380900
2022-10-17,3.2369210720062256,12.050000190734863,12.140000343322754,11.970000267028809,12.069999694824219,4210400
2022-10-18,3.1805098056793213,11.84000015258789,12.149999618530273,11.75,12.119999885559082,4789400
2022-10-19,3.1805098056793213,11.84000015258789,11.890999794006348,11.739999771118164,11.8100004196167,2208300
2022-10-20,3.1536478996276855,11.739999771118164,11.930000305175781,11.670000076293945,11.789999961853027,3865900
2022-10-21,3.1805098056793213,11.84000015258789,11.875,11.625,11.680000305175781,6820000
2022-10-24,3.207371950149536,11.9399995803833,11.989999771118164,11.800000190734863,11.930000305175781,4297400
2022-10-25,3.368546724319458,12.539999961853027,12.619999885559082,11.9399995803833,11.9399995803833,13740000
2022-10-26,3.4491333961486816,12.84000015258789,12.994999885559082,12.5649995803833,12.633000373840332,12256200
2022-10-27,3.4357030391693115,12.789999961853027,12.845000267028809,12.640000343322754,12.829999923706055,6647400
2022-10-28,3.422271728515625,12.739999771118164,12.835000038146973,12.555000305175781,12.569999694824219,8205800
2022-10-31,3.376605749130249,12.569999694824219,12.800000190734863,12.470000267028809,12.760000228881836,4302100
2022-11-01,3.3927226066589355,12.630000114440918,12.680000305175781,12.529000282287598,12.65999984741211,2309400
2022-11-02,3.349742889404297,12.470000267028809,12.868000030517578,12.390000343322754,12.600000381469727,7493800
2022-11-03,3.357801675796509,12.5,12.5600004196167,12.380000114440918,12.420000076293945,5400100
2022-11-04,3.5082314014434814,13.0600004196167,13.199000358581543,12.770000457763672,12.890000343322754,11666600
2022-11-07,3.451819658279419,12.850000381469727,12.90999984741211,12.739999771118164,12.800000190734863,4578100
2022-11-08,2.989785671234131,11.130000114440918,12.75,10.390000343322754,12.079000473022461,49341600
2022-11-09,2.59490966796875,9.65999984741211,10.899999618530273,9.604999542236328,10.682000160217285,39911000
2022-11-10,2.917257785797119,10.859999656677246,11.010000228881836,9.96500015258789,10.279999732971191,36835100
2022-11-11,2.6271440982818604,9.779999732971191,10.210000038146973,9.680000305175781,9.739999771118164,22101400
2022-11-14,2.6352033615112305,9.8100004196167,10.0600004196167,9.744999885559082,9.989999771118164,13114100
2022-11-15,2.758770227432251,10.270000457763672,10.375,10.052000045776367,10.229999542236328,12253200
2022-11-16,2.6862425804138184,10.0,10.038000106811523,9.84000015258789,9.98900032043457,7926700
2022-11-17,2.7292213439941406,10.15999984741211,10.204999923706055,9.960000038146973,9.960000038146973,6090700
2022-11-18,2.723849296569824,10.140000343322754,10.220000267028809,10.045000076293945,10.210000038146973,5497500
2022-11-21,2.576106309890747,9.59000015258789,10.010000228881836,9.479999542236328,9.869999885559082,11553000
2022-11-22,2.629830837249756,9.789999961853027,9.901000022888184,9.699999809265137,9.760000228881836,5472200
2022-11-23,2.7372798919677734,10.1899995803833,10.1899995803833,9.890000343322754,9.949999809265137,4980500
2022-11-25,2.7372798919677734,10.1899995803833,10.220000267028809,10.100000381469727,10.109999656677246,1888600
2022-11-28,2.6835551261901855,9.989999771118164,10.050000190734863,9.795000076293945,9.960000038146973,4897500
2022-11-29,2.7292213439941406,10.15999984741211,10.170000076293945,10.03499984741211,10.09000015258789,2249400
2022-11-30,2.8742778301239014,10.699999809265137,10.720000267028809,10.350000381469727,10.399999618530273,7346400
2022-12-01,2.8312995433807373,10.539999961853027,10.699999809265137,10.489999771118164,10.600000381469727,7773000
2022-12-02,2.858160972595215,10.640000343322754,10.65999984741211,10.510000228881836,10.510000228881836,2642800
2022-12-05,2.828612804412842,10.529999732971191,10.779999732971191,10.489999771118164,10.729999542236328,3783600
2022-12-06,2.8501017093658447,10.609999656677246,10.635000228881836,10.510000228881836,10.609999656677246,3309500
2022-12-07,2.8124945163726807,10.470000267028809,10.5600004196167,10.430000305175781,10.539999961853027,2701000
2022-12-08,2.895768404006958,10.779999732971191,10.835000038146973,10.484000205993652,10.5,6081800
2022-12-09,2.8635330200195312,10.65999984741211,10.770000457763672,10.65999984741211,10.710000038146973,2943000
2022-12-12,2.8796510696411133,10.720000267028809,10.729999542236328,10.619999885559082,10.649999618530273,2679100
2022-12-13,2.9817278385162354,11.100000381469727,11.243000030517578,11.010000228881836,11.229999542236328,7605500
2022-12-14,2.9924733638763428,11.140000343322754,11.550000190734863,11.0600004196167,11.239999771118164,11670800
2022-12-15,2.922630786895752,10.880000114440918,10.989999771118164,10.819999694824219,10.989999771118164,3877500
2022-12-16,2.8205535411834717,10.5,10.680000305175781,10.444999694824219,10.649999618530273,6556400
2022-12-19,2.7722010612487793,10.319999694824219,10.460000038146973,10.270000457763672,10.430000305175781,2842700
2022-12-20,2.833984613418579,10.550000190734863,10.670000076293945,10.4399995803833,10.461000442504883,3910300
2022-12-21,2.815180778503418,10.479999542236328,10.550000190734863,10.430000305175781,10.5,1591700
2022-12-22,2.8098082542419434,10.460000038146973,10.510000228881836,10.289999961853027,10.449999809265137,3745400
2022-12-23,2.8205535411834717,10.5,10.550000190734863,10.442999839782715,10.470000267028809,2066900
2022-12-27,2.785633087158203,10.369999885559082,10.510000228881836,10.324999809265137,10.489999771118164,3184900
2022-12-28,2.7802605628967285,10.350000381469727,10.449999809265137,10.270000457763672,10.350000381469727,2738500
2022-12-29,2.7802605628967285,10.350000381469727,10.399999618530273,10.329999923706055,10.350000381469727,2019100
2022-12-30,2.8017497062683105,10.430000305175781,10.449999809265137,10.154999732971191,10.279999732971191,3834600
2023-01-03,2.8178670406341553,10.489999771118164,10.585000038146973,10.430000305175781,10.569999694824219,2501100
2023-01-04,2.8447299003601074,10.59000015258789,10.739999771118164,10.550000190734863,10.59000015258789,4408000
2023-01-05,2.858160972595215,10.640000343322754,10.654999732971191,10.550000190734863,10.609999656677246,1575900
2023-01-06,2.8662197589874268,10.670000076293945,10.789999961853027,10.520000457763672,10.550000190734863,2777900
2023-01-09,2.922630786895752,10.880000114440918,11.020000457763672,10.850000381469727,10.890000343322754,5751700
2023-01-10,2.9763553142547607,11.079999923706055,11.079999923706055,10.890000343322754,10.9399995803833,3269500
2023-01-11,2.989785671234131,11.130000114440918,11.140000343322754,10.9399995803833,11.0,3621100
2023-01-12,3.250352621078491,12.100000381469727,12.119999885559082,11.34000015258789,11.520000457763672,13516600
2023-01-13,3.3255667686462402,12.380000114440918,12.380000114440918,11.994999885559082,12.020000457763672,11364700
2023-01-17,3.6586618423461914,13.619999885559082,13.619999885559082,13.34000015258789,13.520000457763672,12929900
2023-01-18,3.5350935459136963,13.15999984741211,13.710000038146973,12.944000244140625,13.619999885559082,25287100
2023-01-19,3.602250099182129,13.40999984741211,13.46500015258789,13.15999984741211,13.199000358581543,6439700
2023-01-20,3.8117761611938477,14.1899995803833,14.25,13.354999542236328,13.390000343322754,18107600
2023-01-23,3.9407169818878174,14.670000076293945,14.739999771118164,14.300000190734863,14.5,11053400
2023-01-24,3.9272849559783936,14.619999885559082,14.664999961853027,14.460000038146973,14.53499984741211,6406000
2023-01-25,3.9084813594818115,14.550000190734863,14.569999694824219,14.180000305175781,14.329999923706055,7939800
2023-01-26,3.9487760066986084,14.699999809265137,14.760000228881836,14.5,14.720000267028809,6300900
2023-01-27,3.9353432655334473,14.649999618530273,14.9399995803833,14.494999885559082,14.538999557495117,13773400
2023-01-30,3.8601295948028564,14.369999885559082,14.774999618530273,14.279999732971191,14.687999725341797,9829300
2023-01-31,3.9299709796905518,14.630000114440918,14.720000267028809,14.59000015258789,14.619999885559082,5195500
2023-02-01,4.01383113861084,14.789999961853027,14.854999542236328,14.25,14.460000038146973,12718400
2023-02-02,4.062680244445801,14.970000267028809,15.166999816894531,14.760000228881836,15.0,12849700
2023-02-03,3.9704084396362305,14.630000114440918,14.869999885559082,14.520000457763672,14.59000015258789,10411900
2023-02-06,3.9079878330230713,14.399999618530273,14.496000289916992,14.220000267028809,14.260000228881836,7458700
2023-02-07,3.937843084335327,14.510000228881836,14.619999885559082,14.21500015258789,14.369999885559082,8196600
2023-02-08,3.869994640350342,14.260000228881836,14.460000038146973,14.135000228881836,14.40999984741211,6359800
2023-02-09,3.720731019973755,13.710000038146973,14.270000457763672,13.609999656677246,14.220000267028809,14259400
2023-02-10,3.6773085594177246,13.550000190734863,13.680000305175781,13.420000076293945,13.604999542236328,8246900
2023-02-13,3.6718807220458984,13.529999732971191,13.529999732971191,13.300000190734863,13.430000305175781,8258100
2023-02-14,3.7722952365875244,13.899999618530273,13.925000190734863,13.4350004196167,13.460000038146973,10406700
2023-02-15,4.0952467918396,15.09000015258789,15.199999809265137,14.100000381469727,14.145000457763672,16793400
2023-02-16,4.168521881103516,15.359999656677246,15.789999961853027,15.170000076293945,15.239999771118164,22172700
2023-02-17,4.214657306671143,15.529999732971191,15.649999618530273,14.8149995803833,14.930000305175781,15277400
2023-02-21,4.144096851348877,15.270000457763672,15.475000381469727,15.145999908447266,15.380000114440918,9128200
2023-02-22,4.027400016784668,14.84000015258789,15.029999732971191,14.71500015258789,14.949999809265137,9556300
2023-02-23,4.057252407073975,14.949999809265137,15.03499984741211,14.789999961853027,14.979999542236328,7942700
2023-02-24,3.913417100906372,14.420000076293945,14.880000114440918,14.1899995803833,14.789999961853027,14551700
2023-02-27,3.9297003746032715,14.479999542236328,14.859999656677246,14.340999603271484,14.78600025177002,7700000
2023-02-28,3.9215571880340576,14.449999809265137,14.6899995803833,14.399999618530273,14.550000190734863,6209700
2023-03-01,3.9436943531036377,14.430000305175781,14.760000228881836,14.369999885559082,14.619999885559082,4919300
2023-03-02,3.9573612213134766,14.479999542236328,14.539999961853027,14.300000190734863,14.359999656677246,5004500
2023-03-03,3.7414538860321045,13.6899995803833,13.829999923706055,13.670000076293945,13.779999732971191,9356000
2023-03-06,3.755120038986206,13.739999771118164,13.90999984741211,13.720000267028809,13.779999732971191,5277600
2023-03-07,3.703192949295044,13.550000190734863,13.829999923706055,13.460000038146973,13.739999771118164,8581300
2023-03-08,3.7086586952209473,13.569999694824219,13.670000076293945,13.4399995803833,13.520000457763672,5277000
2023-03-09,3.375235080718994,12.350000381469727,13.390000343322754,12.260000228881836,13.369999885559082,17443700
2023-03-10,3.3479056358337402,12.25,12.460000038146973,12.0600004196167,12.270000457763672,14404000
2023-03-13,4.0940093994140625,14.979999542236328,15.085000038146973,13.649999618530273,13.800000190734863,29730600
2023-03-14,4.227926254272461,15.470000267028809,16.100000381469727,14.960000038146973,15.989999771118164,24717100
2023-03-15,4.1131391525268555,15.050000190734863,15.5,14.729999542236328,15.460000038146973,16077600
2023-03-16,4.211526393890381,15.40999984741211,15.53499984741211,15.164999961853027,15.210000038146973,10952700
2023-03-17,4.550418376922607,16.649999618530273,16.649999618530273,16.1299991607666,16.440000534057617,27311800
2023-03-20,4.692533016204834,17.170000076293945,17.40999984741211,16.975000381469727,17.3799991607666,16942900
2023-03-21,4.758124351501465,17.40999984741211,17.611000061035156,17.145000457763672,17.34000015258789,11427000
2023-03-22,4.487558841705322,16.420000076293945,17.854999542236328,16.40999984741211,17.530000686645508,19835100
2023-03-23,4.804584980010986,17.579999923706055,17.770000457763672,16.829999923706055,16.889999389648438,19269700
2023-03-24,4.689799785614014,17.15999984741211,17.440000534057617,16.969999313354492,17.209999084472656,9519300
2023-03-27,4.536751747131348,16.600000381469727,17.149999618530273,16.299999237060547,17.110000610351562,16324800
2023-03-28,4.613276958465576,16.8799991607666,16.940000534057617,16.440000534057617,16.520000457763672,9822300
2023-03-29,4.779988765716553,17.489999771118164,17.594999313354492,17.299999237060547,17.440000534057617,8101700
2023-03-30,4.708930969238281,17.229999542236328,17.610000610351562,17.020000457763672,17.600000381469727,8749200
2023-03-31,4.788188934326172,17.520000457763672,17.670000076293945,17.389999389648438,17.40999984741211,9507400
2023-04-03,4.7053656578063965,16.760000228881836,16.969999313354492,16.649999618530273,16.860000610351562,8597100
2023-04-04,4.7250189781188965,16.829999923706055,16.908000946044922,16.65999984741211,16.8700008392334,6941600
2023-04-05,4.7278265953063965,16.84000015258789,17.020000457763672,16.56999969482422,17.014999389648438,9347800
2023-04-06,4.6857147216796875,16.690000534057617,16.81999969482422,16.5049991607666,16.65999984741211,7378400
2023-04-10,4.904697895050049,17.469999313354492,17.6200008392334,16.780000686645508,16.860000610351562,15452000
2023-04-11,5.05630350112915,18.010000228881836,18.274999618530273,17.920000076293945,18.020000457763672,15613800
2023-04-12,4.994539737701416,17.790000915527344,18.086999893188477,17.690000534057617,18.030000686645508,10759800
2023-04-13,5.098415851593018,18.15999984741211,18.360000610351562,18.045000076293945,18.1200008392334,9204400
2023-04-14,5.084376811981201,18.110000610351562,18.385000228881836,17.860000610351562,18.299999237060547,8301200
2023-04-17,4.927159309387207,17.549999237060547,17.6299991607666,17.395000457763672,17.489999771118164,5009200
2023-04-18,5.05911111831665,18.020000457763672,18.139999389648438,17.84000015258789,18.059999465942383,5694400
2023-04-19,4.885045528411865,17.399999618530273,17.577999114990234,17.329999923706055,17.40999984741211,5786900
2023-04-20,4.6857147216796875,16.690000534057617,17.195999145507812,16.635000228881836,17.100000381469727,10648500
2023-04-21,4.553760528564453,16.219999313354492,16.84000015258789,16.15999984741211,16.75,8580200
2023-04-24,4.570605754852295,16.280000686645508,16.479999542236328,16.030000686645508,16.280000686645508,4776300
2023-04-25,4.60991096496582,16.420000076293945,16.530000686645508,16.15999984741211,16.280000686645508,9398400
2023-04-26,4.660445213317871,16.600000381469727,17.799999237060547,16.489999771118164,17.729999542236328,23874100
2023-04-27,4.969269752502441,17.700000762939453,17.790000915527344,17.149999618530273,17.200000762939453,13519100
2023-04-28,4.887853145599365,17.40999984741211,17.479999542236328,17.15999984741211,17.420000076293945,8464400
2023-05-01,4.62523889541626,16.079999923706055,16.559999465942383,16.065000534057617,16.530000686645508,9736100
2023-05-02,4.786315441131592,16.639999389648438,16.739999771118164,16.1200008392334,16.209999084472656,16581600
2023-05-03,4.711529731750488,16.3799991607666,16.64299964904785,16.239999771118164,16.329999923706055,12383500
2023-05-04,4.8150811195373535,16.739999771118164,16.78499984741211,16.56999969482422,16.709999084472656,13293800
2023-05-05,4.944519519805908,17.190000534057617,17.2450008392334,16.780000686645508,16.799999237060547,9596000
2023-05-08,4.547577857971191,15.8100004196167,16.239999771118164,15.760000228881836,16.149999618530273,12125900
2023-05-09,4.605103969573975,16.010000228881836,16.049999237060547,15.800000190734863,16.030000686645508,4407400
2023-05-10,4.605103969573975,16.010000228881836,16.399999618530273,15.430000305175781,16.239999771118164,18099700
2023-05-11,4.4612860679626465,15.510000228881836,15.899999618530273,15.430000305175781,15.8100004196167,8989900
2023-05-12,4.398003578186035,15.289999961853027,15.375,14.916000366210938,15.270000457763672,10309400
2023-05-15,4.561957836151123,15.859999656677246,16.010000228881836,15.729999542236328,15.819999694824219,6070800
2023-05-16,4.478542804718018,15.569999694824219,15.710000038146973,15.529999732971191,15.649999618530273,3403900
2023-05-17,4.559081554412842,15.850000381469727,15.890000343322754,15.324999809265137,15.449999809265137,7985100
2023-05-18,4.446903705596924,15.460000038146973,15.850000381469727,15.229999542236328,15.710000038146973,9027900
2023-05-19,4.467036724090576,15.529999732971191,15.729999542236328,15.399999618530273,15.5600004196167,6294500
2023-05-22,4.467036724090576,15.529999732971191,15.680000305175781,15.479999542236328,15.479999542236328,7539600
2023-05-23,4.521688938140869,15.720000267028809,15.84000015258789,15.670000076293945,15.770000457763672,4509400
2023-05-24,4.357734680175781,15.149999618530273,15.430000305175781,15.020000457763672,15.430000305175781,8394300
2023-05-25,4.383621692657471,15.239999771118164,15.3100004196167,15.039999961853027,15.1899995803833,7247800
2023-05-26,4.441151142120361,15.4399995803833,15.550000190734863,15.239999771118164,15.239999771118164,6555500
2023-05-30,4.636744499206543,16.1200008392334,16.197999954223633,15.890000343322754,16.15999984741211,5987800
2023-05-31,4.464162349700928,15.520000457763672,15.710000038146973,15.449999809265137,15.65999984741211,5401600
2023-06-01,4.442864418029785,15.020000457763672,15.220000267028809,14.920000076293945,15.069999694824219,7235600
2023-06-02,4.522728443145752,15.289999961853027,15.3100004196167,15.020000457763672,15.15999984741211,4104600
2023-06-05,4.235805988311768,14.319999694824219,15.015000343322754,14.170000076293945,14.970000267028809,11901200
2023-06-06,4.4961066246032715,15.199999809265137,15.279999732971191,14.220000267028809,14.279999732971191,16512400
2023-06-07,4.389619827270508,14.84000015258789,15.09000015258789,14.699999809265137,15.0,5708400
2023-06-08,4.404410362243652,14.890000343322754,15.0600004196167,14.729999542236328,14.800000190734863,4071900
2023-06-09,4.371872901916504,14.779999732971191,15.0,14.770000457763672,14.989999771118164,4424400
2023-06-12,4.277216911315918,14.460000038146973,14.539999961853027,14.345000267028809,14.5,3662100
2023-06-13,4.283133506774902,14.479999542236328,14.640000343322754,14.375,14.619999885559082,2847800
2023-06-14,4.283133506774902,14.479999542236328,14.600000381469727,14.399999618530273,14.5600004196167,4082800
2023-06-15,4.212141990661621,14.239999771118164,14.270000457763672,13.899999618530273,13.989999771118164,9002500
2023-06-16,4.371872901916504,14.779999732971191,14.864999771118164,14.050000190734863,14.300000190734863,13244200
2023-06-20,4.670627117156982,15.789999961853027,15.84000015258789,14.920000076293945,15.050000190734863,14810600
2023-06-21,5.004876613616943,16.920000076293945,17.28499984741211,16.31999969482422,16.360000610351562,20063300
2023-06-22,5.02262544631958,16.979999542236328,17.110000610351562,16.614999771118164,17.040000915527344,10033300
2023-06-23,5.1498188972473145,17.40999984741211,17.700000762939453,16.81999969482422,16.959999084472656,30436300
2023-06-26,5.019667148590088,16.969999313354492,17.25,16.808000564575195,17.100000381469727,10123900
2023-06-27,5.090659141540527,17.209999084472656,17.440000534057617,17.06999969482422,17.18000030517578,13825200
2023-06-28,4.996001720428467,16.889999389648438,17.110000610351562,16.75,16.920000076293945,8890600
2023-06-29,5.084743022918701,17.190000534057617,17.309999465942383,17.079999923706055,17.290000915527344,6181900
2023-06-30,5.02262544631958,16.979999542236328,17.459999084472656,16.40999984741211,17.450000762939453,25569400
2023-07-03,5.150068759918213,16.729999542236328,16.799999237060547,16.450000762939453,16.479999542236328,7649900
2023-07-05,5.02693510055542,16.329999923706055,16.447999954223633,16.200000762939453,16.219999313354492,6365100
2023-07-06,4.99923038482666,16.239999771118164,16.440000534057617,16.010000228881836,16.43000030517578,7977400
2023-07-07,4.983838081359863,16.190000534057617,16.360000610351562,16.13800048828125,16.239999771118164,7400100
2023-07-10,5.09773588180542,16.559999465942383,16.559999465942383,16.15999984741211,16.15999984741211,6047700
2023-07-11,5.0484843254089355,16.399999618530273,16.514999389648438,16.200000762939453,16.270000457763672,8862600
2023-07-12,4.989994525909424,16.209999084472656,16.549999237060547,16.165000915527344,16.420000076293945,9254100
2023-07-13,5.245497226715088,17.040000915527344,17.149999618530273,16.325000762939453,16.3799991607666,30266700
2023-07-14,4.965368747711182,16.1299991607666,16.829999923706055,16.010000228881836,16.690000534057617,19805500
2023-07-17,4.916114807128906,15.970000267028809,16.229999542236328,15.850000381469727,16.170000076293945,7977000
2023-07-18,4.885331630706787,15.869999885559082,16.059999465942383,15.75,15.899999618530273,8023000
2023-07-19,4.937662601470947,16.040000915527344,16.100000381469727,15.880000114440918,15.979999542236328,6536600
2023-07-20,4.888409614562988,15.880000114440918,16.190000534057617,15.770000457763672,16.149999618530273,6927300
2023-07-21,4.909958362579346,15.949999809265137,16.075000762939453,15.895000457763672,15.960000038146973,5302300
2023-07-24,4.777587890625,15.520000457763672,15.619999885559082,15.380000114440918,15.609999656677246,6137600
2023-07-25,4.792980670928955,15.569999694824219,15.680000305175781,15.529999732971191,15.529999732971191,3367600
2023-07-26,4.823763847351074,15.670000076293945,15.725000381469727,15.545000076293945,15.569999694824219,5112700
2023-07-27,4.762197494506836,15.470000267028809,15.720000267028809,15.420000076293945,15.6899995803833,5557000
2023-07-28,4.80221700668335,15.600000381469727,15.734999656677246,15.529999732971191,15.569999694824219,4035700
2023-07-31,4.765275478363037,15.479999542236328,15.6850004196167,15.458999633789062,15.670000076293945,4848100
2023-08-01,4.78579568862915,15.15999984741211,15.210000038146973,14.760000228881836,14.970000267028809,8029000
2023-08-02,4.760540008544922,15.079999923706055,15.279999732971191,14.935999870300293,15.239999771118164,7107600
2023-08-03,4.78579568862915,15.15999984741211,15.25,15.074000358581543,15.100000381469727,4353400
2023-08-04,4.735284805297852,15.0,15.204999923706055,14.96399974822998,15.130000114440918,3821500
2023-08-07,4.763697147369385,15.09000015258789,15.114999771118164,14.819999694824219,15.029999732971191,4344900
2023-08-08,4.902598857879639,15.529999732971191,15.609999656677246,15.20300006866455,15.279999732971191,10434400
2023-08-09,4.801579475402832,15.210000038146973,15.550000190734863,15.199999809265137,15.550000190734863,7128000
2023-08-10,4.804736614227295,15.220000267028809,15.40999984741211,15.164999961853027,15.319999694824219,4327600
2023-08-11,4.801579475402832,15.210000038146973,15.3149995803833,15.128999710083008,15.229999542236328,3774600
2023-08-14,4.78579568862915,15.15999984741211,15.390000343322754,15.130000114440918,15.15999984741211,4633700
2023-08-15,4.757383823394775,15.069999694824219,15.270000457763672,15.015000343322754,15.210000038146973,6533500
2023-08-16,4.74475622177124,15.029999732971191,15.119999885559082,14.9399995803833,15.029999732971191,5025200
2023-08-17,4.539559841156006,14.380000114440918,14.729999542236328,14.270000457763672,14.710000038146973,15669800
2023-08-18,4.24281644821167,13.4399995803833,13.619999885559082,13.210000038146973,13.529999732971191,19678600
2023-08-21,4.245972633361816,13.449999809265137,13.515000343322754,13.3100004196167,13.40999984741211,7225400
2023-08-22,4.19546365737915,13.289999961853027,13.4350004196167,13.25,13.399999618530273,5549500
2023-08-23,4.324893474578857,13.699999809265137,13.800000190734863,13.300000190734863,13.300000190734863,12893900
2023-08-24,4.230188369750977,13.399999618530273,13.5600004196167,13.289999961853027,13.550000190734863,5186300
2023-08-25,4.214404106140137,13.350000381469727,13.539999961853027,13.244999885559082,13.470000267028809,8841100
2023-08-28,4.217559814453125,13.359999656677246,13.475000381469727,13.3149995803833,13.418999671936035,5165200
2023-08-29,4.523775577545166,14.329999923706055,14.510000228881836,13.359999656677246,13.359999656677246,58284700
2023-08-30,4.403816223144531,13.949999809265137,14.109999656677246,13.890000343322754,14.100000381469727,20488100
2023-08-31,4.24281644821167,13.4399995803833,13.989999771118164,13.319999694824219,13.949999809265137,21074400
2023-09-01,4.159128189086914,13.170000076293945,13.369999885559082,12.994999885559082,13.350000381469727,9382800
2023-09-05,4.162286758422852,13.180000305175781,13.289999961853027,13.140000343322754,13.210000038146973,3843200
2023-09-06,4.162286758422852,13.180000305175781,13.388999938964844,12.970000267028809,13.180000305175781,8771600
2023-09-07,4.200182914733887,13.300000190734863,13.345000267028809,13.130000114440918,13.149999618530273,4175300
2023-09-08,4.209657669067383,13.329999923706055,13.34000015258789,13.220000267028809,13.279999732971191,4217600
2023-09-11,4.048597812652588,12.819999694824219,13.234999656677246,12.789999961853027,13.1899995803833,10778900
2023-09-12,4.225446701049805,13.380000114440918,13.65999984741211,13.289999961853027,13.399999618530273,8113200
2023-09-13,4.241236686706543,13.430000305175781,13.59000015258789,13.380000114440918,13.420000076293945,6952400
2023-09-14,4.326503753662109,13.699999809265137,13.8100004196167,13.635000228881836,13.699999809265137,7934800
2023-09-15,4.285449028015137,13.569999694824219,13.630000114440918,13.46500015258789,13.569999694824219,3366300
2023-09-18,4.348609447479248,13.770000457763672,14.08899974822998,13.65999984741211,14.020000457763672,7375000
2023-09-19,4.418086528778076,13.989999771118164,14.15999984741211,13.824999809265137,13.960000038146973,5751700
2023-09-20,4.367558002471924,13.829999923706055,14.050000190734863,13.760000228881836,13.880000114440918,5086400
2023-09-21,4.3170294761657715,13.670000076293945,13.720000267028809,13.529999732971191,13.630000114440918,3995600
2023-09-22,4.301238536834717,13.619999885559082,13.720000267028809,13.609999656677246,13.670000076293945,4323800
2023-09-25,4.269659519195557,13.520000457763672,13.569999694824219,13.385000228881836,13.40999984741211,4015600
2023-09-26,4.25386905670166,13.470000267028809,13.491000175476074,13.369999885559082,13.40999984741211,3805100
2023-09-27,4.25386905670166,13.470000267028809,13.744999885559082,13.380000114440918,13.720000267028809,5163100
2023-09-28,4.408612251281738,13.960000038146973,14.0600004196167,13.579999923706055,13.600000381469727,8374000
2023-09-29,4.361242771148682,13.8100004196167,13.890000343322754,13.654999732971191,13.829999923706055,4047800
2023-10-02,4.530790328979492,14.270000457763672,14.649999618530273,14.079999923706055,14.5,9177100
2023-10-03,4.406963348388672,13.880000114440918,14.069999694824219,13.869999885559082,14.010000228881836,4591400
2023-10-04,4.47363805770874,14.09000015258789,14.199999809265137,13.899999618530273,14.0,4880400
2023-10-05,4.445065021514893,14.0,14.369999885559082,13.92199993133545,14.300000190734863,5868600
2023-10-06,4.537140846252441,14.289999961853027,14.345000267028809,13.954999923706055,13.954999923706055,6951600
2023-10-09,4.467287540435791,14.069999694824219,14.15999984741211,13.890000343322754,14.0,4398100
2023-10-10,4.4260125160217285,13.9399995803833,14.09000015258789,13.899999618530273,13.970000267028809,5264500
2023-10-11,4.321236610412598,13.609999656677246,13.829999923706055,13.479999542236328,13.8100004196167,7125300
2023-10-12,4.31171178817749,13.579999923706055,13.630000114440918,13.494999885559082,13.600000381469727,3723700
2023-10-13,4.324410915374756,13.619999885559082,13.699999809265137,13.550999641418457,13.680000305175781,3144100
2023-10-16,4.610165596008301,14.520000457763672,15.399999618530273,14.145000457763672,14.9399995803833,33507800
2023-10-17,4.61651611328125,14.539999961853027,14.602999687194824,14.345000267028809,14.40999984741211,4536200
2023-10-18,4.5657148361206055,14.380000114440918,14.491000175476074,14.329999923706055,14.449999809265137,3462000
2023-10-19,4.66414213180542,14.6899995803833,14.774999618530273,14.5,14.539999961853027,5784700
2023-10-20,4.791143894195557,15.09000015258789,15.1899995803833,14.949999809265137,15.0600004196167,8132600
2023-10-23,5.083247184753418,16.010000228881836,16.049999237060547,15.489999771118164,15.600000381469727,21067400
2023-10-24,5.454727649688721,17.18000030517578,17.618999481201172,16.94499969482422,17.559999465942383,36921600
2023-10-25,5.632529258728027,17.739999771118164,17.950000762939453,17.469999313354492,17.56999969482422,16367400
2023-10-26,5.486478328704834,17.280000686645508,17.559999465942383,17.190000534057617,17.479999542236328,13609500
2023-10-27,5.432501792907715,17.110000610351562,17.40999984741211,16.950000762939453,17.3700008392334,12549300
2023-10-30,5.565853118896484,17.530000686645508,17.719999313354492,17.299999237060547,17.59000015258789,10682400
2023-10-31,5.584904670715332,17.59000015258789,17.639999389648438,17.34000015258789,17.450000762939453,8504900
2023-11-01,5.610508918762207,17.530000686645508,17.6299991607666,17.15999984741211,17.59000015258789,20233600
2023-11-02,5.661715984344482,17.690000534057617,17.809999465942383,17.299999237060547,17.75,13341100
2023-11-03,5.5785040855407715,17.43000030517578,17.614999771118164,17.329999923706055,17.360000610351562,11186000
2023-11-06,5.668116092681885,17.709999084472656,17.81999969482422,17.575000762939453,17.729999542236328,4749300
2023-11-07,5.8057403564453125,18.139999389648438,18.235000610351562,17.43000030517578,17.549999237060547,18011400
2023-11-08,5.764132976531982,18.010000228881836,18.09000015258789,17.690000534057617,17.84000015258789,13128900
2023-11-09,5.904956340789795,18.450000762939453,19.229999542236328,17.979999542236328,18.950000762939453,40294000
2023-11-10,6.032977104187012,18.850000381469727,18.989999771118164,18.639999389648438,18.68000030517578,10866500
2023-11-13,5.933761119842529,18.540000915527344,18.690000534057617,18.389999389648438,18.59000015258789,7669200
2023-11-14,5.6777191162109375,17.739999771118164,18.510000228881836,17.459999084472656,18.440000534057617,19778700
2023-11-15,6.080986022949219,19.0,19.139999389648438,18.139999389648438,18.219999313354492,18999800
2023-11-16,5.796139717102051,18.110000610351562,18.594999313354492,17.885000228881836,18.43000030517578,13314700
2023-11-17,5.882552146911621,18.3799991607666,18.639999389648438,18.059999465942383,18.290000915527344,13268900
2023-11-20,6.0649824142456055,18.950000762939453,19.059999465942383,18.540000915527344,18.690000534057617,12925800
2023-11-21,5.943362712860107,18.56999969482422,18.940000534057617,18.260000228881836,18.6299991607666,20478700
2023-11-22,6.077783584594727,18.989999771118164,19.0,18.219999313354492,18.389999389648438,14210300
2023-11-24,6.116191864013672,19.110000610351562,19.47800064086914,18.950000762939453,18.950000762939453,13038000
2023-11-27,5.8889546394348145,18.399999618530273,18.604999542236328,18.350000381469727,18.389999389648438,10118300
2023-11-28,6.157796859741211,19.239999771118164,19.43000030517578,18.709999084472656,18.770000457763672,15731400
2023-11-29,6.026576519012451,18.829999923706055,19.110000610351562,18.780000686645508,19.09000015258789,11799900
2023-11-30,6.0393781661987305,18.8700008392334,18.920000076293945,18.709999084472656,18.860000610351562,5931100
2023-12-01,6.209187984466553,19.270000457763672,19.450000762939453,19.020000457763672,19.059999465942383,14050000
2023-12-04,6.686075687408447,20.75,20.90999984741211,20.424999237060547,20.68000030517578,21862800
2023-12-05,7.017963409423828,21.780000686645508,21.889999389648438,20.871999740600586,20.940000534057617,28494300
2023-12-06,7.001850605010986,21.729999542236328,22.0,21.690000534057617,21.959999084472656,12748900
2023-12-07,6.921297550201416,21.479999542236328,21.84000015258789,21.3700008392334,21.56999969482422,9733700
2023-12-08,7.1178507804870605,22.09000015258789,22.125,21.6299991607666,21.6299991607666,17981600
2023-12-11,6.508854389190674,20.200000762939453,20.84000015258789,19.889999389648438,20.719999313354492,25910300
2023-12-12,6.5700764656066895,20.389999389648438,20.68000030517578,20.110000610351562,20.68000030517578,9267000
2023-12-13,6.85040807723999,21.260000228881836,21.30500030517578,20.469999313354492,20.510000228881836,17117400
2023-12-14,6.843961715698242,21.239999771118164,21.520000457763672,20.90999984741211,21.059999465942383,13838000
2023-12-15,6.731184005737305,20.889999389648438,20.920000076293945,20.600000381469727,20.8700008392334,10281600
2023-12-18,6.686075687408447,20.75,20.788000106811523,20.334999084472656,20.530000686645508,9748100
2023-12-19,6.724740982055664,20.8700008392334,21.1299991607666,20.6299991607666,21.100000381469727,15240600
2023-12-20,6.934696197509766,21.3700008392334,21.825000762939453,21.260000228881836,21.670000076293945,19795200
2023-12-21,6.970391750335693,21.479999542236328,21.584999084472656,21.284000396728516,21.549999237060547,12970800
2023-12-22,6.957412242889404,21.440000534057617,21.6299991607666,21.270000457763672,21.270000457763672,10634400
2023-12-26,6.701051712036133,20.649999618530273,20.920000076293945,20.389999389648438,20.899999618530273,16317700
2023-12-27,6.915225982666016,21.309999465942383,21.3799991607666,20.985000610351562,21.030000686645508,26937900
2023-12-28,6.7562174797058105,20.81999969482422,20.989999771118164,20.68000030517578,20.969999313354492,17059300
2023-12-29,6.649129867553711,20.489999771118164,21.100000381469727,20.219999313354492,20.959999084472656,29176400
2024-01-02,7.10344123840332,21.889999389648438,22.510000228881836,21.850000381469727,22.450000762939453,20878600
2024-01-03,6.749728679656982,20.799999237060547,21.204999923706055,20.459999084472656,20.459999084472656,33315500
2024-01-04,6.983373165130615,21.520000457763672,21.860000610351562,21.030000686645508,21.079999923706055,23038500
2024-01-05,6.947677135467529,21.40999984741211,21.625,20.950000762939453,21.299999237060547,23948100
2024-01-08,7.414966106414795,22.850000381469727,23.04800033569336,21.75,21.90999984741211,35638400
2024-01-09,7.37277889251709,22.719999313354492,22.889999389648438,22.56800079345703,22.739999771118164,22852700
2024-01-10,7.25595760345459,22.360000610351562,22.700000762939453,21.670000076293945,21.989999771118164,61860100
2024-01-11,7.246222496032715,22.329999923706055,23.829999923706055,21.989999771118164,23.149999618530273,88598800
2024-01-12,6.834099769592285,21.059999465942383,22.155000686645508,20.780000686645508,22.110000610351562,46108700
2024-01-16,6.78542423248291,20.90999984741211,20.989999771118164,20.280000686645508,20.670000076293945,24901100
2024-01-17,6.710786819458008,20.68000030517578,20.770000457763672,20.3799991607666,20.530000686645508,17551800
2024-01-18,6.3992600440979,19.719999313354492,20.719999313354492,19.59000015258789,20.545000076293945,25175200
2024-01-19,6.519328594207764,20.09000015258789,20.344999313354492,19.454999923706055,19.81999969482422,19477800
2024-01-22,6.292174339294434,19.389999389648438,19.709999084472656,19.0,19.56999969482422,26299600
2024-01-23,6.139657020568848,18.920000076293945,19.149999618530273,18.610000610351562,18.729999542236328,18044800
2024-01-24,6.2013139724731445,19.110000610351562,19.420000076293945,19.059999465942383,19.309999465942383,14753200
2024-01-25,6.237008094787598,19.219999313354492,19.3700008392334,19.09000015258789,19.309999465942383,13602700
2024-01-26,6.587472915649414,20.299999237060547,20.399999618530273,19.825000762939453,19.8700008392334,18257500
2024-01-29,6.7627081871032715,20.84000015258789,20.915000915527344,20.15999984741211,20.239999771118164,14373200
2024-01-30,6.821121692657471,21.020000457763672,21.100000381469727,20.8700008392334,20.920000076293945,16522500
2024-01-31,6.658867835998535,20.520000457763672,21.139999389648438,20.489999771118164,20.600000381469727,18090600
2024-02-01,6.7335004806518555,20.389999389648438,20.53499984741211,20.06999969482422,20.100000381469727,14717100
2024-02-02,6.720291614532471,20.350000381469727,20.6200008392334,20.238000869750977,20.239999771118164,8942000
2024-02-05,6.621217250823975,20.049999237060547,20.56999969482422,20.024999618530273,20.540000915527344,7201000
2024-02-06,6.743406772613525,20.420000076293945,20.575000762939453,20.290000915527344,20.329999923706055,6601900
2024-02-07,6.918433666229248,20.950000762939453,21.020000457763672,20.325000762939453,20.43000030517578,9838700
2024-02-08,7.126478672027588,21.579999923706055,21.75,21.274999618530273,21.350000381469727,12545400
2024-02-09,7.443507194519043,22.540000915527344,22.8799991607666,22.200000762939453,22.290000915527344,20880200
2024-02-12,7.866207122802734,23.81999969482422,23.90999984741211,22.84000015258789,22.860000610351562,18818700
2024-02-13,7.737414836883545,23.43000030517578,23.479999542236328,22.950000762939453,23.239999771118164,15529000
2024-02-14,8.110580444335938,24.559999465942383,24.729999542236328,24.31399917602539,24.530000686645508,16483000
2024-02-15,8.110580444335938,24.559999465942383,25.110000610351562,24.479999542236328,24.889999389648438,17783700
2024-02-16,8.127094268798828,24.610000610351562,24.915000915527344,24.489999771118164,24.809999465942383,13231400
2024-02-20,8.143604278564453,24.65999984741211,24.84000015258789,24.049999237060547,24.799999237060547,13097100
2024-02-21,7.958674907684326,24.100000381469727,24.34600067138672,23.975000381469727,24.1200008392334,9819800
2024-02-22,8.12379264831543,24.600000381469727,24.665000915527344,24.1299991607666,24.170000076293945,11399900
2024-02-23,7.975183963775635,24.149999618530273,24.270000457763672,23.924999237060547,24.190000534057617,9199800
2024-02-26,8.520072937011719,25.799999237060547,26.020000457763672,24.290000915527344,24.290000915527344,24040300
2024-02-27,8.893238067626953,26.93000030517578,27.229999542236328,26.579999923706055,26.8700008392334,23197800
2024-02-28,9.395197868347168,28.450000762939453,30.31999969482422,28.0,28.420000076293945,72413900
2024-02-29,9.65278148651123,29.229999542236328,30.03499984741211,28.459999084472656,29.889999389648438,40650100
2024-03-01,9.820749282836914,29.0,29.170000076293945,28.139999389648438,28.719999313354492,27956600
2024-03-04,10.545450210571289,31.139999389648438,31.34000015258789,30.040000915527344,30.040000915527344,40152400
2024-03-05,9.63787841796875,28.459999084472656,31.97800064086914,27.440000534057617,31.100000381469727,84052700
2024-03-06,10.440472602844238,30.829999923706055,31.079999923706055,30.020000457763672,30.65999984741211,23411600
2024-03-07,10.535294532775879,31.110000610351562,31.364999771118164,30.65999984741211,31.010000228881836,18464400
2024-03-08,10.768959999084473,31.799999237060547,32.40999984741211,30.450000762939453,31.389999389648438,45556700
2024-03-11,11.232902526855469,33.16999816894531,33.529998779296875,32.75,33.29999923706055,24019400
2024-03-12,11.104218482971191,32.790000915527344,33.63999938964844,31.540000915527344,33.220001220703125,34999700
2024-03-13,11.395455360412598,33.650001525878906,33.790000915527344,32.959999084472656,33.40999984741211,17407900
2024-03-14,10.75880241394043,31.770000457763672,33.404998779296875,31.389999389648438,33.310001373291016,42225300
2024-03-15,10.728322982788086,31.68000030517578,32.380001068115234,30.920000076293945,31.110000610351562,28884900
2024-03-18,10.369355201721191,30.6200008392334,31.43000030517578,30.489999771118164,31.15999984741211,21446900
2024-03-19,9.962983131408691,29.420000076293945,30.149999618530273,28.485000610351562,29.18000030517578,24851900
2024-03-20,10.196649551391602,30.110000610351562,30.2549991607666,28.40999984741211,29.030000686645508,23632200
2024-03-21,10.091665267944336,29.799999237060547,30.979999542236328,29.655000686645508,30.950000762939453,20993500
2024-03-22,9.874932289123535,29.15999984741211,29.3799991607666,28.6200008392334,29.309999465942383,14975300
2024-03-25,10.999238967895508,32.47999954223633,32.540000915527344,30.59000015258789,30.600000381469727,19166000
2024-03-26,10.738482475280762,31.709999084472656,32.43000030517578,31.649999618530273,32.25,14632200
2024-03-27,10.586091041564941,31.260000228881836,32.7599983215332,31.149999618530273,32.720001220703125,24538300
2024-03-28,10.938282012939453,32.29999923706055,32.75,32.150001525878906,32.5,16802000
2024-04-01,10.75747013092041,30.639999389648438,30.829999923706055,29.8700008392334,30.75,13986500
2024-04-02,10.150081634521484,28.90999984741211,29.110000610351562,28.299999237060547,28.43000030517578,16507300
2024-04-03,10.143058776855469,28.889999389648438,29.395000457763672,28.780000686645508,28.84000015258789,8646400
2024-04-04,10.543306350708008,30.030000686645508,30.459999084472656,29.469999313354492,29.530000686645508,12002100
2024-04-05,10.360735893249512,29.510000228881836,30.110000610351562,29.309999465942383,29.309999465942383,11778700
2024-04-08,11.055896759033203,31.489999771118164,31.729999542236328,31.239999771118164,31.70199966430664,11915100
2024-04-09,10.61001205444336,30.219999313354492,31.1299991607666,29.889999389648438,30.959999084472656,10678800
2024-04-10,10.778536796569824,30.700000762939453,30.719999313354492,29.530000686645508,29.6200008392334,17122700
2024-04-11,10.848752975463867,30.899999618530273,31.104999542236328,30.454999923706055,31.059999465942383,10287300
2024-04-12,10.279984474182129,29.280000686645508,30.829999923706055,28.549999237060547,30.739999771118164,24996300
2024-04-15,9.718236923217773,27.68000030517578,29.165000915527344,27.280000686645508,29.031999588012695,14721800
2024-04-16,9.640996932983398,27.459999084472656,27.760000228881836,27.010000228881836,27.68000030517578,10160000
2024-04-17,9.353100776672363,26.639999389648438,27.559999465942383,26.059999465942383,27.270000457763672,14154800
2024-04-18,9.749838829040527,27.770000457763672,28.084999084472656,27.049999237060547,27.34000015258789,9383100
2024-04-19,9.865694999694824,28.100000381469727,28.489999771118164,27.760000228881836,28.299999237060547,10397400
2024-04-22,10.192207336425781,29.030000686645508,29.219999313354492,28.68000030517578,28.84000015258789,9818200
2024-04-23,10.185190200805664,29.010000228881836,29.34000015258789,28.850000381469727,28.899999618530273,5901400
2024-04-24,9.77791976928711,27.850000381469727,28.93000030517578,27.760000228881836,28.780000686645508,9897900
2024-04-25,9.90782642364502,28.219999313354492,28.280000686645508,27.360000610351562,27.520000457763672,7936000
2024-04-26,9.725260734558105,27.700000762939453,28.249000549316406,27.540000915527344,27.770000457763672,7664400
2024-04-29,9.623440742492676,27.40999984741211,27.520000457763672,26.809999465942383,27.190000534057617,5918800
2024-04-30,8.991475105285645,25.610000610351562,26.739999771118164,25.579999923706055,26.540000915527344,13204900
2024-05-01,8.66494369506836,23.059999465942383,24.139999389648438,22.940000534057617,23.40999984741211,20276100
2024-05-02,9.067001342773438,24.1299991607666,24.229999542236328,23.649999618530273,23.850000381469727,7672900
2024-05-03,9.476576805114746,25.219999313354492,25.309999465942383,24.860000610351562,24.8799991607666,8522100
2024-05-06,9.641911506652832,25.65999984741211,26.110000610351562,25.46500015258789,25.809999465942383,7638100
2024-05-07,9.62312126159668,25.610000610351562,26.15999984741211,25.520000457763672,25.860000610351562,5992900
2024-05-08,9.476576805114746,25.219999313354492,25.520000457763672,25.059999465942383,25.15999984741211,5703500
2024-05-09,9.529183387756348,25.360000610351562,25.4950008392334,24.690000534057617,24.8700008392334,7056200
2024-05-10,9.258639335632324,24.639999389648438,25.64699935913086,24.420000076293945,25.5,10976400
2024-05-13,9.64942741394043,25.68000030517578,25.799999237060547,25.40999984741211,25.540000915527344,5842500
2024-05-14,9.386393547058105,24.979999542236328,25.299999237060547,24.799999237060547,25.15999984741211,4944300
2024-05-15,10.085305213928223,26.84000015258789,27.02899932861328,25.989999771118164,26.110000610351562,14411500
2024-05-16,9.953786849975586,26.489999771118164,27.0,26.239999771118164,26.84000015258789,6815800
2024-05-17,10.228087425231934,27.219999313354492,27.450000762939453,26.719999313354492,26.940000534057617,9684700
2024-05-20,10.697784423828125,28.469999313354492,28.520000457763672,27.09000015258789,27.200000762939453,9396700
2024-05-21,10.562511444091797,28.110000610351562,28.96500015258789,28.075000762939453,28.84000015258789,7868900
2024-05-22,10.622634887695312,28.270000457763672,28.719999313354492,28.09000015258789,28.31999969482422,6222100
2024-05-23,10.220573425292969,27.200000762939453,28.170000076293945,27.040000915527344,28.110000610351562,7309300
2024-05-24,10.54748249053955,28.06999969482422,28.149999618530273,27.15999984741211,27.3799991607666,5637800
2024-05-28,10.412213325500488,27.709999084472656,27.78499984741211,27.229999542236328,27.719999313354492,4803400
2024-05-29,10.231846809387207,27.229999542236328,27.530000686645508,27.174999237060547,27.479000091552734,3841900
2024-05-30,10.472330093383789,27.8700008392334,28.209999084472656,27.56999969482422,27.649999618530273,7507300
2024-05-31,10.250633239746094,27.280000686645508,27.860000610351562,26.889999389648438,27.799999237060547,10617900
2024-06-03,10.511000633239746,26.15999984741211,26.639999389648438,25.9950008392334,26.440000534057617,9669700
2024-06-04,10.715912818908691,26.670000076293945,26.94499969482422,26.170000076293945,26.260000228881836,7516300
2024-06-05,10.836453437805176,26.969999313354492,27.209999084472656,26.610000610351562,26.90999984741211,6188200
2024-06-06,10.703862190246582,26.639999389648438,27.145000457763672,26.6299991607666,26.90999984741211,4764000
2024-06-07,10.511000633239746,26.15999984741211,27.15999984741211,25.790000915527344,27.040000915527344,8724100
2024-06-10,10.53912353515625,26.229999542236328,26.540000915527344,26.110000610351562,26.149999618530273,4939400
2024-06-11,10.217686653137207,25.43000030517578,25.540000915527344,24.93000030517578,25.34000015258789,6791000
2024-06-12,10.241796493530273,25.489999771118164,26.469999313354492,25.360000610351562,26.15999984741211,8419700
2024-06-13,10.097146987915039,25.1299991607666,25.799999237060547,24.950000762939453,25.700000762939453,7856000
2024-06-14,9.92035961151123,24.690000534057617,25.43000030517578,24.520000457763672,25.400999069213867,7119500
2024-06-17,10.109201431274414,25.15999984741211,25.39699935913086,24.510000228881836,24.760000228881836,6331000
2024-06-18,9.731514930725098,24.219999313354492,24.625,24.110000610351562,24.43000030517578,6669300
2024-06-20,9.835981369018555,24.479999542236328,24.68899917602539,24.295000076293945,24.610000610351562,6318600
2024-06-21,9.723477363586426,24.200000762939453,24.25,23.850000381469727,23.950000762939453,6004200
2024-06-24,8.948012351989746,22.270000457763672,23.219999313354492,22.18000030517578,23.030000686645508,16587800
2024-06-25,9.369897842407227,23.31999969482422,23.4950008392334,22.940000534057617,23.06999969482422,12901100
2024-06-26,9.213197708129883,22.93000030517578,23.31999969482422,22.81999969482422,23.15999984741211,5496800
2024-06-27,9.277483940124512,23.09000015258789,23.485000610351562,23.059999465942383,23.179000854492188,5218300
2024-06-28,9.044441223144531,22.510000228881836,23.2450008392334,22.479999542236328,23.09000015258789,10778500
2024-07-01,9.536554336547852,22.149999618530273,22.40999984741211,21.90999984741211,22.100000381469727,12910800
2024-07-02,9.33850383758545,21.690000534057617,22.1299991607666,21.6200008392334,22.030000686645508,5981600
2024-07-03,9.110315322875977,21.15999984741211,21.329999923706055,20.959999084472656,21.09000015258789,4561700
2024-07-05,8.50755500793457,19.760000228881836,19.9950008392334,19.385000228881836,19.454999923706055,19552100
2024-07-08,8.511858940124512,19.770000457763672,20.1200008392334,19.260000228881836,20.059999465942383,13741800
2024-07-09,8.731433868408203,20.280000686645508,20.440000534057617,19.959999084472656,20.049999237060547,8911700
2024-07-10,8.64963150024414,20.09000015258789,20.334999084472656,20.079999923706055,20.329999923706055,7173600
2024-07-11,8.64963150024414,20.09000015258789,20.674999237060547,20.024999618530273,20.600000381469727,7814900
2024-07-12,8.705601692199707,20.219999313354492,20.524999618530273,20.145000457763672,20.18000030517578,8204500
2024-07-15,9.562384605407715,22.209999084472656,22.40999984741211,21.889999389648438,22.020000457763672,13611400
2024-07-16,9.837934494018555,22.850000381469727,22.864999771118164,22.09000015258789,22.389999389648438,10319900
2024-07-17,9.738910675048828,22.6200008392334,22.915000915527344,22.350000381469727,22.700000762939453,7465800
2024-07-18,9.566690444946289,22.219999313354492,22.760000228881836,22.1200008392334,22.700000762939453,7094200
2024-07-19,10.135009765625,23.540000915527344,23.649999618530273,22.440000534057617,22.450000762939453,11495400
2024-07-22,10.281396865844727,23.8799991607666,23.885000228881836,23.280000686645508,23.649999618530273,6905700
2024-07-23,9.868073463439941,22.920000076293945,23.559999465942383,22.8799991607666,23.290000915527344,9498000
2024-07-24,9.885293006896973,22.959999084472656,23.489999771118164,22.920000076293945,23.34000015258789,6301600
2024-07-25,9.717382431030273,22.56999969482422,22.770000457763672,22.1299991607666,22.469999313354492,6464400
2024-07-26,10.229729652404785,23.760000228881836,23.84000015258789,23.360000610351562,23.56999969482422,6837200
2024-07-29,10.087650299072266,23.43000030517578,24.360000610351562,23.165000915527344,24.350000381469727,11833800
2024-07-30,9.880988121032715,22.950000762939453,23.329999923706055,22.809999465942383,23.200000762939453,6819200
2024-07-31,9.769046783447266,22.690000534057617,23.28499984741211,22.608999252319336,23.100000381469727,8494300
2024-08-01,9.477951049804688,20.610000610351562,21.170000076293945,20.264999389648438,21.040000915527344,9110800
2024-08-02,9.358384132385254,20.350000381469727,21.3700008392334,20.309999465942383,21.1200008392334,12462600
2024-08-05,8.00636100769043,17.40999984741211,18.09000015258789,16.149999618530273,16.18000030517578,24236000
2024-08-06,8.507619857788086,18.5,18.600000381469727,17.709999084472656,17.950000762939453,10242000
2024-08-07,8.185709953308105,17.799999237060547,18.729999542236328,17.795000076293945,18.639999389648438,11338200
2024-08-08,8.921504020690918,19.399999618530273,19.524999618530273,18.469999313354492,18.829999923706055,11706600
2024-08-09,9.105453491210938,19.799999237060547,19.899999618530273,19.389999389648438,19.655000686645508,9686700
2024-08-12,8.829529762268066,19.200000762939453,19.770000457763672,18.829999923706055,19.3700008392334,10249100
2024-08-13,9.105453491210938,19.799999237060547,20.059999465942383,19.150999069213867,19.15999984741211,5557400
2024-08-14,8.801937103271484,19.139999389648438,19.829999923706055,19.094999313354492,19.760000228881836,5277500
2024-08-15,8.535210609436035,18.559999465942383,19.479999542236328,18.440000534057617,19.229999542236328,8251000
2024-08-16,8.944496154785156,19.450000762939453,19.5,18.770000457763672,19.06999969482422,5604900
2024-08-19,8.829529762268066,19.200000762939453,19.29599952697754,18.89299964904785,19.100000381469727,4837800
2024-08-20,8.89851188659668,19.350000381469727,19.844999313354492,19.040000915527344,19.68000030517578,7658100
2024-08-21,9.211221694946289,20.030000686645508,20.049999237060547,19.149999618530273,19.350000381469727,6895000
2024-08-22,9.013479232788086,19.600000381469727,19.81999969482422,19.530000686645508,19.770000457763672,4497600
2024-08-23,9.514738082885742,20.690000534057617,20.768999099731445,19.75,19.850000381469727,11118100
2024-08-26,9.464153289794922,20.579999923706055,20.770000457763672,20.479999542236328,20.75,5369900
2024-08-27,9.275605201721191,20.170000076293945,20.270000457763672,19.93000030517578,20.25,6388800
2024-08-28,8.783541679382324,19.100000381469727,19.479999542236328,18.770000457763672,19.40999984741211,10751500
2024-08-29,8.834127426147461,19.209999084472656,19.84000015258789,19.09000015258789,19.540000915527344,9660200
2024-08-30,8.737555503845215,19.0,19.40999984741211,18.700000762939453,19.299999237060547,8959200
2024-09-03,8.638839721679688,17.59000015258789,17.940000534057617,17.40999984741211,17.940000534057617,9803200
2024-09-04,8.65357494354248,17.6200008392334,17.760000228881836,17.0,17.110000610351562,7811900
2024-09-05,8.334343910217285,16.969999313354492,17.360000610351562,16.889999389648438,17.149999618530273,8055700
2024-09-06,7.951271057128906,16.190000534057617,17.25,16.110000610351562,17.209999084472656,10673700
2024-09-09,8.516060829162598,17.34000015258789,17.3700008392334,16.6200008392334,16.81999969482422,9166400
2024-09-10,8.638839721679688,17.59000015258789,17.606000900268555,17.1299991607666,17.270000457763672,5701900
2024-09-11,8.57990550994873,17.469999313354492,17.600000381469727,16.81999969482422,17.219999313354492,7489800
2024-09-12,8.692864418029785,17.700000762939453,17.770000457763672,17.3700008392334,17.489999771118164,6228200
2024-09-13,8.899136543273926,18.1200008392334,18.21500015258789,17.485000610351562,17.5,8726400
2024-09-16,8.619194984436035,17.549999237060547,17.7450008392334,17.40999984741211,17.729999542236328,6066400
2024-09-17,8.928603172302246,18.18000030517578,18.6200008392334,17.860000610351562,17.969999313354492,10714200
2024-09-18,8.933514595031738,18.190000534057617,18.59000015258789,17.93000030517578,18.139999389648438,8646600
2024-09-19,9.414812088012695,19.170000076293945,19.3700008392334,18.989999771118164,19.170000076293945,8260500
2024-09-20,9.350967407226562,19.040000915527344,19.260000228881836,18.898000717163086,19.059999465942383,5758700
2024-09-23,9.419724464416504,19.18000030517578,19.334999084472656,19.09000015258789,19.18000030517578,4845600
2024-09-24,9.576885223388672,19.5,19.520000457763672,18.979999542236328,19.229999542236328,6002100
2024-09-25,9.39516830444336,19.1299991607666,19.389999389648438,19.059999465942383,19.239999771118164,4234400
2024-09-26,9.630908012390137,19.610000610351562,19.959999084472656,19.43000030517578,19.510000228881836,8027500
2024-09-27,9.76351261138916,19.8799991607666,20.18000030517578,19.795000076293945,19.8799991607666,11135500
2024-09-30,9.424633979797363,19.190000534057617,19.389999389648438,19.049999237060547,19.34000015258789,7937500
2024-10-01,9.159585952758789,17.59000015258789,18.09000015258789,17.3799991607666,18.059999465942383,11245200
2024-10-02,8.925256729125977,17.139999389648438,17.790000915527344,17.100000381469727,17.34000015258789,7711100
2024-10-03,9.050232887268066,17.3799991607666,17.399999618530273,17.059999465942383,17.229999542236328,6171100
2024-10-04,9.253316879272461,17.770000457763672,17.81599998474121,17.299999237060547,17.520000457763672,5808800
2024-10-07,9.38870620727539,18.030000686645508,18.389999389648438,17.860000610351562,17.969999313354492,6430700
2024-10-08,9.227280616760254,17.719999313354492,18.020000457763672,17.594999313354492,17.81999969482422,6843100
2024-10-09,9.034613609313965,17.350000381469727,17.770000457763672,17.28499984741211,17.610000610351562,5583900
2024-10-10,8.847150802612305,16.989999771118164,17.389999389648438,16.735000610351562,17.3799991607666,8612900
2024-10-11,9.362669944763184,17.979999542236328,18.075000762939453,17.479999542236328,17.479999542236328,8007200
2024-10-14,9.774043083190918,18.770000457763672,18.899999618530273,18.40999984741211,18.440000534057617,9677500
2024-10-15,9.935468673706055,19.079999923706055,19.3799991607666,18.452999114990234,18.770000457763672,11406900
2024-10-16,10.034406661987305,19.270000457763672,19.469999313354492,19.1200008392334,19.350000381469727,6649900
2024-10-17,9.899016380310059,19.010000228881836,19.270000457763672,18.959999084472656,19.06999969482422,6041500
2024-10-18,10.164590835571289,19.520000457763672,19.665000915527344,19.270000457763672,19.290000915527344,10171100
2024-10-21,10.034406661987305,19.270000457763672,19.31999969482422,18.989999771118164,19.31999969482422,8824200
2024-10-22,9.99274730682373,19.190000534057617,19.25,18.93000030517578,19.09000015258789,6108100
2024-10-23,9.826116561889648,18.8700008392334,19.020000457763672,18.520000457763672,18.90999984741211,9757100
2024-10-24,10.102100372314453,19.399999618530273,19.415000915527344,19.118999481201172,19.190000534057617,8008600
2024-10-25,9.872981071472168,18.959999084472656,19.576000213623047,18.709999084472656,19.329999923706055,15190400
2024-10-28,10.305185317993164,19.790000915527344,19.889999389648438,19.440000534057617,19.600000381469727,12549900
2024-10-29,10.747802734375,20.639999389648438,20.979999542236328,20.170000076293945,20.260000228881836,17098600
2024-10-30,10.654070854187012,20.459999084472656,20.639999389648438,20.31999969482422,20.450000762939453,11475900
2024-10-31,10.352051734924316,19.8799991607666,20.489999771118164,19.84000015258789,20.479999542236328,11742000
2024-11-01,10.2391357421875,18.68000030517578,19.350000381469727,18.545000076293945,18.90999984741211,14770500
2024-11-04,9.932182312011719,18.1200008392334,18.530000686645508,18.09000015258789,18.459999084472656,11505500
2024-11-05,10.2665433883667,18.729999542236328,19.010000228881836,18.530000686645508,18.68000030517578,12813300
2024-11-06,11.258663177490234,20.540000915527344,20.655000686645508,19.829999923706055,20.049999237060547,23669800
2024-11-07,11.329920768737793,20.670000076293945,20.770000457763672,20.1200008392334,20.239999771118164,12460000
2024-11-08,11.346366882324219,20.700000762939453,20.8799991607666,20.422000885009766,20.56999969482422,10982500
2024-11-11,12.886618614196777,23.510000228881836,23.625,22.040000915527344,22.09000015258789,30678900
2024-11-12,13.25935173034668,24.190000534057617,24.28499984741211,23.010000228881836,23.260000228881836,23886500
2024-11-13,13.25935173034668,24.190000534057617,25.229999542236328,24.09000015258789,24.25,24749200
2024-11-14,12.924988746643066,23.579999923706055,24.75,23.551000595092773,24.59000015258789,16020000
2024-11-15,13.516974449157715,24.65999984741211,24.68000030517578,23.635000228881836,24.049999237060547,13371400
2024-11-18,13.522457122802734,24.670000076293945,24.989999771118164,24.149999618530273,24.34000015258789,16977100
2024-11-19,13.675932884216309,24.950000762939453,25.399999618530273,24.56999969482422,24.690000534057617,19092200
2024-11-20,13.933554649353027,25.420000076293945,25.6200008392334,25.110000610351562,25.489999771118164,15902600
2024-11-21,14.487174034118652,26.43000030517578,26.704999923706055,25.719999313354492,26.200000762939453,20992500
2024-11-22,14.629684448242188,26.690000534057617,26.860000610351562,26.1200008392334,26.280000686645508,14760000
2024-11-25,13.966443061828613,25.479999542236328,26.209999084472656,25.351999282836914,26.18000030517578,12801800
2024-11-26,13.374462127685547,24.399999618530273,25.489999771118164,24.364999771118164,24.770000457763672,11759800
2024-11-27,14.245991706848145,25.989999771118164,26.184999465942383,25.350000381469727,25.440000534057617,11259500
2024-11-29,14.328210830688477,26.139999389648438,26.649999618530273,26.110000610351562,26.200000762939453,10483700
2024-12-02,14.075200080871582,24.700000762939453,25.200000762939453,24.360000610351562,24.780000686645508,12870900
2024-12-03,14.058106422424316,24.670000076293945,24.881000518798828,24.139999389648438,24.290000915527344,6279500
2024-12-04,14.55956745147705,25.549999237060547,25.6299991607666,24.409000396728516,24.739999771118164,9010900
2024-12-05,14.525378227233887,25.489999771118164,26.777999877929688,25.19499969482422,26.549999237060547,17151700
2024-12-06,14.884381294250488,26.1200008392334,26.31999969482422,25.420000076293945,25.59000015258789,10001600
2024-12-09,14.08089542388916,24.709999084472656,25.889999389648438,24.709999084472656,25.510000228881836,10072000
2024-12-10,14.137882232666016,24.809999465942383,25.309999465942383,24.2549991607666,25.239999771118164,7720500
2024-12-11,14.867286682128906,26.09000015258789,26.19499969482422,25.350000381469727,25.389999389648438,9415100
2024-12-12,14.633650779724121,25.68000030517578,26.40999984741211,25.520000457763672,26.100000381469727,6421300
2024-12-13,14.867286682128906,26.09000015258789,26.25,25.639999389648438,25.84000015258789,6329900
2024-12-16,15.49411392211914,27.190000534057617,27.75,26.770000457763672,26.81999969482422,11282000
2024-12-17,15.62518310546875,27.420000076293945,27.8799991607666,27.170000076293945,27.729999542236328,7843400
2024-12-18,14.702028274536133,25.799999237060547,26.979999542236328,25.68000030517578,26.860000610351562,12002000
2024-12-19,14.086594581604004,24.719999313354492,26.415000915527344,24.510000228881836,26.290000915527344,14276200
2024-12-20,14.086594581604004,24.719999313354492,25.114999771118164,24.350000381469727,24.40999984741211,12078000
2024-12-23,13.569247245788574,22.739999771118164,23.399999618530273,22.575000762939453,23.360000610351562,12744000
2024-12-24,14.470283508300781,24.25,24.309999465942383,23.6200008392334,23.709999084472656,8575500
2024-12-26,13.921308517456055,23.329999923706055,23.6200008392334,23.239999771118164,23.3700008392334,6901600
2024-12-27,13.760196685791016,23.059999465942383,23.540000915527344,22.739999771118164,23.540000915527344,11061200
2024-12-30,13.718424797058105,22.989999771118164,23.1299991607666,22.190000534057617,22.6200008392334,9958000
2024-12-31,13.593116760253906,22.780000686645508,23.469999313354492,22.709999084472656,23.350000381469727,6930500
2025-01-02,14.165960311889648,23.739999771118164,23.905000686645508,23.399999618530273,23.559999465942383,9496000
2025-01-03,14.32110595703125,24.0,24.190000534057617,23.56999969482422,23.670000076293945,6321900
2025-01-06,14.876049041748047,24.93000030517578,25.079999923706055,24.100000381469727,24.139999389648438,8698800
2025-01-07,13.986946105957031,23.440000534057617,24.600000381469727,23.3700008392334,24.579999923706055,10424000
2025-01-08,13.628920555114746,22.84000015258789,23.3700008392334,22.469999313354492,23.209999084472656,7174400
2025-01-10,13.754229545593262,23.049999237060547,23.329999923706055,22.43000030517578,22.989999771118164,7436500
2025-01-13,13.569247245788574,22.739999771118164,22.799999237060547,21.69499969482422,22.110000610351562,9902700
2025-01-14,13.986946105957031,23.440000534057617,23.65999984741211,23.170000076293945,23.530000686645508,5864900
2025-01-15,14.452383995056152,24.219999313354492,24.530000686645508,23.985000610351562,24.0,6677700
2025-01-16,14.565755844116211,24.40999984741211,24.479999542236328,23.639999389648438,24.190000534057617,6639300
2025-01-17,15.210204124450684,25.489999771118164,25.829999923706055,24.90999984741211,25.030000686645508,10435500
2025-01-21,15.40115737915039,25.809999465942383,26.100000381469727,24.95800018310547,25.559999465942383,11430300
2025-01-22,15.1087646484375,25.31999969482422,25.549999237060547,25.09000015258789,25.40999984741211,7682400
2025-01-23,14.93571949005127,25.030000686645508,25.969999313354492,24.829999923706055,24.860000610351562,20562300
2025-01-24,15.18036937713623,25.440000534057617,26.059999465942383,25.420000076293945,25.600000381469727,9664300
2025-01-27,14.649295806884766,24.549999237060547,24.829999923706055,23.94499969482422,24.43000030517578,13549400
2025-01-28,14.643328666687012,24.540000915527344,25.190000534057617,24.540000915527344,24.899999618530273,7463400
2025-01-29,15.102797508239746,25.309999465942383,25.459999084472656,24.59000015258789,24.790000915527344,7516100
2025-01-30,15.192304611206055,25.459999084472656,25.8700008392334,25.420000076293945,25.469999313354492,8132600
2025-01-31,14.67316722869873,24.59000015258789,25.7450008392334,24.559999465942383,25.389999389648438,8918000
2025-02-03,14.63408374786377,23.59000015258789,23.829999923706055,22.010000228881836,22.079999923706055,14315200
2025-02-04,14.268075942993164,23.0,23.5,22.809999465942383,23.110000610351562,11297800
2025-02-05,14.081969261169434,22.700000762939453,23.110000610351562,22.450000762939453,23.0,6903100
2025-02-06,13.98891830444336,22.549999237060547,23.049999237060547,22.25,22.889999389648438,8666700
2025-02-07,13.82142448425293,22.280000686645508,23.350000381469727,22.235000610351562,23.239999771118164,11142500
2025-02-10,14.057154655456543,22.65999984741211,22.815000534057617,22.530000686645508,22.75,5097500
2025-02-11,13.734572410583496,22.139999389648438,22.645000457763672,22.040000915527344,22.540000915527344,5096600
2025-02-12,13.99512004852295,22.559999465942383,22.726999282836914,21.959999084472656,22.020000457763672,6856500
2025-02-13,13.88345718383789,22.3799991607666,22.43000030517578,22.1200008392334,22.299999237060547,7133100
2025-02-14,14.032342910766602,22.6200008392334,23.040000915527344,22.375,22.469999313354492,5848300
2025-02-18,13.554673194885254,21.850000381469727,22.44499969482422,21.6299991607666,22.399999618530273,7775900
2025-02-19,13.846236228942871,22.31999969482422,22.46500015258789,22.139999389648438,22.389999389648438,5396800
2025-02-20,14.193635940551758,22.8799991607666,22.954999923706055,22.469999313354492,22.719999313354492,5232500
2025-02-21,13.622908592224121,21.959999084472656,23.084999084472656,21.940000534057617,23.010000228881836,10244200
2025-02-24,13.52985954284668,21.809999465942383,22.229999542236328,21.719999313354492,22.1299991607666,7418600
2025-02-25,12.667570114135742,20.420000076293945,20.670000076293945,19.8799991607666,20.65999984741211,20330100
2025-02-26,12.140270233154297,19.56999969482422,20.5,19.049999237060547,19.860000610351562,17915100
2025-02-27,11.991385459899902,19.329999923706055,20.038999557495117,19.149999618530273,20.0,10656900
2025-02-28,12.121662139892578,19.540000915527344,19.770000457763672,18.799999237060547,19.0,11229700
2025-03-03,12.372852325439453,19.209999084472656,20.829999923706055,18.979999542236328,20.809999465942383,19396800
2025-03-04,12.48235034942627,19.3799991607666,19.850000381469727,18.18000030517578,18.469999313354492,14177300
2025-03-05,13.004055976867676,20.190000534057617,20.219999313354492,19.540000915527344,20.040000915527344,9924000
2025-03-06,12.79794979095459,19.8700008392334,20.424999237060547,19.579999923706055,20.059999465942383,8171500
2025-03-07,12.488789558410645,19.389999389648438,20.336999893188477,19.280000686645508,19.8799991607666,14626500
2025-03-10,11.316555976867676,17.56999969482422,18.489999771118164,17.229999542236328,18.43000030517578,13205100
2025-03-11,11.909112930297852,18.489999771118164,18.649999618530273,17.614999771118164,18.15999984741211,5885900
2025-03-12,11.902671813964844,18.479999542236328,18.68000030517578,17.94499969482422,18.579999923706055,5895400
2025-03-13,11.49690055847168,17.850000381469727,18.520000457763672,17.790000915527344,18.469999313354492,5185000
2025-03-14,12.153864860534668,18.8700008392334,19.030000686645508,18.43000030517578,18.59000015258789,5039100
2025-03-17,12.12810230255127,18.829999923706055,18.889999389648438,18.360000610351562,18.459999084472656,7013700
2025-03-18,11.806058883666992,18.329999923706055,18.360000610351562,18.049999237060547,18.34000015258789,3797200
2025-03-19,12.263358116149902,19.040000915527344,19.165000915527344,18.625,18.700000762939453,7030500
2025-03-20,12.070134162902832,18.739999771118164,19.280000686645508,18.61400032043457,18.959999084472656,4199200
2025-03-21,12.037928581237793,18.690000534057617,18.799999237060547,18.5049991607666,18.6299991607666,2645900
2025-03-24,12.65625,19.649999618530273,19.770000457763672,19.415000915527344,19.420000076293945,3976200
2025-03-25,12.643369674682617,19.6299991607666,19.665000915527344,19.37299919128418,19.489999771118164,3410900
2025-03-26,12.405056953430176,19.260000228881836,19.56999969482422,19.09000015258789,19.489999771118164,2903800
2025-03-27,12.48235034942627,19.3799991607666,19.489999771118164,19.079999923706055,19.200000762939453,4368200
2025-03-28,12.018607139587402,18.65999984741211,19.010000228881836,18.540000915527344,18.950000762939453,4530300
2025-03-31,11.799616813659668,18.31999969482422,18.65999984741211,18.1299991607666,18.329999923706055,4605500
2025-04-01,12.148502349853516,18.489999771118164,18.655000686645508,17.950000762939453,18.219999313354492,6223200
2025-04-02,12.437594413757324,18.93000030517578,19.059999465942383,18.405000686645508,18.450000762939453,5779300
2025-04-03,11.714861869812012,17.829999923706055,18.01799964904785,17.670000076293945,17.84000015258789,6826400
2025-04-04,12.030234336853027,18.309999465942383,18.450000762939453,17.795000076293945,17.979999542236328,12262000
2025-04-07,11.169528007507324,17.0,17.68000030517578,16.479999542236328,16.709999084472656,16304400
2025-04-08,10.965846061706543,16.690000534057617,17.5,16.579999923706055,17.440000534057617,8147200
2025-04-09,11.787134170532227,17.940000534057617,18.084999084472656,16.68000030517578,16.68000030517578,15029900
2025-04-10,11.373205184936523,17.309999465942383,17.799999237060547,17.049999237060547,17.780000686645508,7597200
2025-04-11,12.003955841064453,18.270000457763672,18.350000381469727,17.690000534057617,17.8700008392334,5920300
2025-04-14,12.161642074584961,18.510000228881836,18.684999465942383,18.219999313354492,18.469999313354492,4379500
2025-04-15,12.017094612121582,18.290000915527344,18.84000015258789,18.260000228881836,18.690000534057617,4074100
2025-04-16,12.056517601013184,18.350000381469727,18.625,18.135000228881836,18.219999313354492,4757000
2025-04-17,12.161642074584961,18.510000228881836,18.6200008392334,18.219999313354492,18.420000076293945,3402100
2025-04-21,12.509867668151855,19.040000915527344,19.298999786376953,18.799999237060547,18.989999771118164,5940300
2025-04-22,13.088058471679688,19.920000076293945,19.989999771118164,19.479999542236328,19.510000228881836,7837700
2025-04-23,13.364009857177734,20.34000015258789,20.600000381469727,20.0,20.469999313354492,7581800
2025-04-24,13.396858215332031,20.389999389648438,20.389999389648438,20.139999389648438,20.18000030517578,3744200
2025-04-25,13.633393287658691,20.75,20.8799991607666,20.469999313354492,20.530000686645508,5001900
2025-04-28,13.54140853881836,20.610000610351562,20.719999313354492,20.309999465942383,20.690000534057617,5302000
2025-04-29,13.613679885864258,20.719999313354492,20.760000228881836,20.559999465942383,20.6299991607666,4661200
2025-04-30,13.423142433166504,20.43000030517578,20.559999465942383,20.165000915527344,20.549999237060547,6443600
2025-05-01,13.784289360046387,20.420000076293945,20.64699935913086,20.280000686645508,20.459999084472656,4765300
2025-05-02,13.818038940429688,20.469999313354492,20.716999053955078,20.450000762939453,20.5,4383500
2025-05-05,13.426514625549316,19.889999389648438,20.040000915527344,19.7549991607666,19.8799991607666,4439100
2025-05-06,13.534523963928223,20.049999237060547,20.110000610351562,19.700000762939453,19.770000457763672,3867300
2025-05-07,13.716780662536621,20.31999969482422,20.610000610351562,20.22800064086914,20.43000030517578,3994600
2025-05-08,14.445825576782227,21.399999618530273,21.489999771118164,20.93000030517578,21.0,6815400
2025-05-09,14.70909309387207,21.790000915527344,21.915000915527344,21.600000381469727,21.739999771118164,5364000
2025-05-12,14.486324310302734,21.459999084472656,22.059999465942383,21.2450008392334,21.950000762939453,7820300
2025-05-13,14.938600540161133,22.1299991607666,22.170000076293945,21.709999084472656,21.90999984741211,6333600
2025-05-14,14.702341079711914,21.780000686645508,22.040000915527344,21.643999099731445,21.969999313354492,6374100
2025-05-15,14.695590019226074,21.770000457763672,21.989999771118164,21.3799991607666,21.649999618530273,6510900
2025-05-16,14.830598831176758,21.969999313354492,22.079999923706055,21.80500030517578,21.84000015258789,5290100
2025-05-19,15.01960563659668,22.25,22.280000686645508,21.59000015258789,21.610000610351562,6250600
2025-05-20,15.242372512817383,22.579999923706055,22.6299991607666,21.959999084472656,22.049999237060547,6193500
2025-05-21,15.458381652832031,22.899999618530273,23.170000076293945,22.3799991607666,22.440000534057617,12289700
2025-05-22,15.81615161895752,23.43000030517578,23.6299991607666,23.297000885009766,23.5,12543800
2025-05-23,15.45163345336914,22.889999389648438,23.200000762939453,22.774999618530273,22.899999618530273,10563900
2025-05-27,15.640640258789062,23.170000076293945,23.34000015258789,22.913999557495117,23.280000686645508,7258100
2025-05-28,15.20186996459961,22.520000457763672,22.989999771118164,22.510000228881836,22.93000030517578,6964800
2025-05-29,15.012858390808105,22.239999771118164,22.834999084472656,22.200000762939453,22.829999923706055,8337700
2025-05-30,14.857600212097168,22.010000228881836,22.31999969482422,21.790000915527344,22.239999771118164,9787800
2025-06-02,14.813055038452148,20.950000762939453,21.024999618530273,20.780000686645508,20.84000015258789,5666400
2025-06-03,15.067596435546875,21.309999465942383,21.450000762939453,21.072999954223633,21.15999984741211,5316800
2025-06-04,14.890828132629395,21.059999465942383,21.18600082397461,20.8799991607666,21.059999465942383,4840200
2025-06-05,14.445380210876465,20.43000030517578,21.239999771118164,20.37299919128418,21.229999542236328,10542800
2025-06-06,14.79184341430664,20.920000076293945,21.15999984741211,20.844999313354492,20.860000610351562,7249800
2025-06-09,15.406991004943848,21.790000915527344,21.829999923706055,21.450000762939453,21.59000015258789,8418400
2025-06-10,15.534258842468262,21.969999313354492,22.135000228881836,21.709999084472656,21.989999771118164,5924700
2025-06-11,15.414061546325684,21.799999237060547,22.145000457763672,21.729999542236328,22.0,6237600
2025-06-12,15.131233215332031,21.399999618530273,21.739999771118164,21.329999923706055,21.399999618530273,6131400
2025-06-13,14.890828132629395,21.059999465942383,21.2549991607666,20.854999542236328,21.020000457763672,8105500
2025-06-16,15.392848014831543,21.770000457763672,21.829999923706055,21.329999923706055,21.360000610351562,6062200
2025-06-17,14.827193260192871,20.969999313354492,21.18000030517578,20.690000534057617,21.149999618530273,8460400
2025-06-18,14.692853927612305,20.780000686645508,21.100000381469727,20.71500015258789,20.81999969482422,5926000
2025-06-20,14.615073204040527,20.670000076293945,21.2450008392334,20.479999542236328,21.219999313354492,6255100
2025-06-23,14.608004570007324,20.65999984741211,20.690000534057617,19.940000534057617,20.25,9184300
2025-06-24,14.9544677734375,21.149999618530273,21.290000915527344,20.97100067138672,21.040000915527344,5871200
2025-06-25,15.244364738464355,21.559999465942383,21.65999984741211,21.381000518798828,21.59000015258789,4358100
2025-06-26,15.23022174835205,21.540000915527344,21.56999969482422,21.31999969482422,21.440000534057617,5441400
2025-06-27,15.110018730163574,21.3700008392334,21.549999237060547,21.274999618530273,21.350000381469727,5838100
2025-06-30,15.209012985229492,21.510000228881836,21.562000274658203,21.309999465942383,21.540000915527344,8683900
2025-07-01,14.869370460510254,20.270000457763672,20.635000228881836,20.260000228881836,20.510000228881836,6630300
2025-07-02,15.500239372253418,21.1299991607666,21.170000076293945,20.674999237060547,20.690000534057617,11261400
2025-07-03,15.45622444152832,21.06999969482422,21.309999465942383,21.0049991607666,21.06999969482422,5786300
2025-07-07,15.250823974609375,20.790000915527344,20.920000076293945,20.670000076293945,20.8700008392334,7635700
2025-07-08,15.353525161743164,20.93000030517578,21.030000686645508,20.784000396728516,20.950000762939453,6089200
2025-07-09,15.778993606567383,21.510000228881836,21.579999923706055,20.8700008392334,21.09000015258789,10335900
2025-07-10,16.00639533996582,21.81999969482422,21.93000030517578,21.260000228881836,21.389999389648438,10927800
2025-07-11,16.66660499572754,22.719999313354492,22.760000228881836,22.44499969482422,22.639999389648438,12749000
2025-07-14,16.908679962158203,23.049999237060547,23.489999771118164,22.913000106811523,23.399999618530273,14962700
2025-07-15,16.424530029296875,22.389999389648438,22.799999237060547,22.264999389648438,22.639999389648438,15607400
2025-07-16,16.82065200805664,22.93000030517578,23.075000762939453,22.71500015258789,22.860000610351562,14807800
2025-07-17,16.776639938354492,22.8700008392334,23.065000534057617,22.59000015258789,22.65999984741211,8046500
2025-07-18,16.534563064575195,22.540000915527344,22.940000534057617,22.510000228881836,22.84000015258789,10283600
2025-07-21,16.461210250854492,22.440000534057617,22.920000076293945,22.40999984741211,22.700000762939453,8383300
2025-07-22,16.82065200805664,22.93000030517578,23.1299991607666,22.600000381469727,22.93000030517578,8055400
2025-07-23,16.695951461791992,22.760000228881836,22.81999969482422,22.540000915527344,22.700000762939453,6632200
2025-07-24,16.7619686126709,22.850000381469727,22.9950008392334,22.649999618530273,22.81999969482422,7774700
2025-07-25,16.468544006347656,22.450000762939453,22.520000457763672,22.100000381469727,22.34000015258789,12566600
2025-07-28,16.629924774169922,22.670000076293945,22.895000457763672,22.547000885009766,22.780000686645508,8615300
2025-07-29,16.54189682006836,22.549999237060547,22.8700008392334,22.434999465942383,22.850000381469727,9140100
2025-07-30,16.446533203125,22.420000076293945,22.81999969482422,22.19499969482422,22.56999969482422,9956200
2025-07-31,16.43186378479004,22.399999618530273,22.81999969482422,22.3799991607666,22.670000076293945,10744600
2025-08-01,15.896048545837402,20.5,20.985000610351562,20.479999542236328,20.940000534057617,14081400
2025-08-04,16.120920181274414,20.790000915527344,20.979999542236328,20.639999389648438,20.649999618530273,7796800
2025-08-05,15.973593711853027,20.600000381469727,20.770000457763672,20.389999389648438,20.690000534057617,8389100
2025-08-06,16.198463439941406,20.889999389648438,20.989999771118164,20.579999923706055,20.639999389648438,8235500
2025-08-07,16.53189468383789,21.31999969482422,21.34000015258789,20.96500015258789,21.100000381469727,10221200
2025-08-08,16.353548049926758,21.09000015258789,21.270000457763672,20.979999542236328,21.170000076293945,8846200
2025-08-11,16.725746154785156,21.56999969482422,21.886999130249023,21.4950008392334,21.639999389648438,9815600
2025-08-12,16.811044692993164,21.68000030517578,21.780000686645508,21.475000381469727,21.59000015258789,9154500
2025-08-13,17.268539428710938,22.270000457763672,22.295000076293945,21.7549991607666,21.850000381469727,13270900
2025-08-14,16.578414916992188,21.3799991607666,21.639999389648438,21.219999313354492,21.420000076293945,19825900
2025-08-15,16.415576934814453,21.170000076293945,21.479999542236328,21.149999618530273,21.469999313354492,10200000
2025-08-18,16.322532653808594,21.049999237060547,21.149999618530273,20.770000457763672,20.940000534057617,11319800
2025-08-19,15.865035057067871,20.459999084472656,20.975000381469727,20.3700008392334,20.950000762939453,15678200
2025-08-20,16.035625457763672,20.68000030517578,20.704999923706055,20.309999465942383,20.510000228881836,10443400
2025-08-21,15.733214378356934,20.290000915527344,20.6200008392334,20.239999771118164,20.489999771118164,8481500
2025-08-22,16.36130142211914,21.100000381469727,21.25,20.229999542236328,20.31999969482422,13583400
2025-08-25,15.53935718536377,20.040000915527344,20.43199920654297,19.989999771118164,20.200000762939453,14773500
2025-08-26,15.585884094238281,20.100000381469727,20.110000610351562,19.780000686645508,19.850000381469727,13203100
2025-08-27,15.70995044708252,20.260000228881836,20.3700008392334,20.06999969482422,20.1200008392334,8997300
2025-08-28,15.70219612121582,20.25,20.489999771118164,20.229999542236328,20.420000076293945,11326500
2025-08-29,15.151651382446289,19.540000915527344,19.975000381469727,19.5,19.959999084472656,17422200
2025-09-02,15.509370803833008,19.1200008392334,19.309999465942383,18.829999923706055,18.889999389648438,18202600
2025-09-03,15.70405101776123,19.360000610351562,19.440000534057617,19.184999465942383,19.229999542236328,9913000
2025-09-04,15.363363265991211,18.940000534057617,19.13599967956543,18.84000015258789,19.110000610351562,9932700
2025-09-05,15.606711387634277,19.239999771118164,19.530000686645508,18.985000610351562,19.469999313354492,12266200
2025-09-08,15.671605110168457,19.31999969482422,19.479999542236328,19.290000915527344,19.350000381469727,9367600
2025-09-09,15.566153526306152,19.190000534057617,19.489999771118164,19.075000762939453,19.459999084472656,10914000
2025-09-10,15.8825044631958,19.579999923706055,19.739999771118164,19.510000228881836,19.610000610351562,9389500
2025-09-11,16.012290954589844,19.739999771118164,19.790000915527344,19.600000381469727,19.6200008392334,8198500
2025-09-12,16.33675193786621,20.139999389648438,20.15999984741211,19.790000915527344,19.81999969482422,11914800
2025-09-15,16.109630584716797,19.860000610351562,19.920000076293945,19.700000762939453,19.829999923706055,10294400
2025-09-16,16.320533752441406,20.1200008392334,20.165000915527344,19.760000228881836,19.889999389648438,9397400
2025-09-17,16.15018653869629,19.90999984741211,20.049999237060547,19.739999771118164,20.030000686645508,11035600
2025-09-18,16.417869567871094,20.239999771118164,20.329999923706055,20.15999984741211,20.229999542236328,8400600
2025-09-19,16.085294723510742,19.829999923706055,20.06999969482422,19.799999237060547,20.010000228881836,8272600
2025-09-22,15.655377388000488,19.299999237060547,19.53499984741211,19.274999618530273,19.43000030517578,12032000
2025-09-23,15.582374572753906,19.209999084472656,19.5,19.18000030517578,19.440000534057617,10415300
2025-09-24,15.817609786987305,19.5,19.6200008392334,19.40999984741211,19.459999084472656,9754400
2025-09-25,15.249801635742188,18.799999237060547,19.209999084472656,18.639999389648438,19.190000534057617,17642500
2025-09-26,15.201129913330078,18.739999771118164,18.96500015258789,18.665000915527344,18.760000228881836,11971100
2025-09-29,15.97984504699707,19.700000762939453,19.700000762939453,19.270000457763672,19.295000076293945,15017600
2025-09-30,15.96362018585205,19.68000030517578,19.709999084472656,19.389999389648438,19.489999771118164,13730300
2025-10-01,16.382030487060547,19.420000076293945,19.56999969482422,19.260000228881836,19.309999465942383,15594100
2025-10-02,16.879732131958008,20.010000228881836,20.040000915527344,19.611000061035156,19.719999313354492,17131300
2025-10-03,17.115934371948242,20.290000915527344,20.540000915527344,19.8700008392334,19.989999771118164,23336400
2025-10-06,17.503971099853516,20.75,20.9060001373291,20.579999923706055,20.670000076293945,19745900
2025-10-07,16.964092254638672,20.110000610351562,20.68000030517578,19.950000762939453,20.65999984741211,24339800
2025-10-08,17.191852569580078,20.3799991607666,20.53499984741211,20.11400032043457,20.239999771118164,21477100
2025-10-09,16.86285972595215,19.989999771118164,20.40999984741211,19.780000686645508,20.399999618530273,20966000
2025-10-10,16.230188369750977,19.239999771118164,20.267000198364258,19.1299991607666,20.170000076293945,34405200
2025-10-13,16.137393951416016,19.1299991607666,19.145000457763672,18.780000686645508,18.8799991607666,26013900
2025-10-14,15.673434257507324,18.579999923706055,18.7450008392334,18.1299991607666,18.280000686645508,18864400
2025-10-15,15.47941780090332,18.350000381469727,18.520000457763672,18.149999618530273,18.3799991607666,23886600
2025-10-16,15.057632446289062,17.850000381469727,18.389999389648438,17.719999313354492,18.31999969482422,28339400
2025-10-17,14.796128273010254,17.540000915527344,17.718000411987305,17.219999313354492,17.389999389648438,27571100
2025-10-20,15.411930084228516,18.270000457763672,18.413000106811523,18.10099983215332,18.229999542236328,24987500
2025-10-21,15.546899795532227,18.43000030517578,18.809999465942383,17.825000762939453,17.920000076293945,31692400
2025-10-22,14.981711387634277,17.760000228881836,17.979999542236328,17.700000762939453,17.81999969482422,27321700
2025-10-23,15.31913948059082,18.15999984741211,18.354999542236328,17.90399932861328,17.979999542236328,24004000
2025-10-24,15.361313819885254,18.209999084472656,18.360000610351562,18.075000762939453,18.329999923706055,18434300
2025-10-27,15.968683242797852,18.93000030517578,19.079999923706055,18.850000381469727,18.969999313354492,17397100
2025-10-28,15.791534423828125,18.719999313354492,19.13599967956543,18.690000534057617,18.959999084472656,19579000
2025-10-29,15.352880477905273,18.200000762939453,18.71500015258789,17.969999313354492,18.700000762939453,25216100
2025-10-30,14.796128273010254,17.540000915527344,17.854999542236328,17.489999771118164,17.829999923706055,29321100
2025-10-31,15.251653671264648,18.079999923706055,18.28499984741211,17.8799991607666,18.09000015258789,23045900
2025-11-03,14.789910316467285,16.719999313354492,16.985000610351562,16.530000686645508,16.889999389648438,30219700
2025-11-04,13.95842170715332,15.779999732971191,16.450000762939453,15.600000381469727,16.270000457763672,49482300
2025-11-05,14.409549713134766,16.290000915527344,16.40999984741211,16.020000457763672,16.100000381469727,31658700
2025-11-06,13.984956741333008,15.8100004196167,16.139999389648438,15.729999542236328,16.139999389648438,24982500
2025-11-07,14.383011817932129,16.260000228881836,16.290000915527344,15.585000038146973,15.710000038146973,37730000
2025-11-10,14.692608833312988,16.610000610351562,16.670000076293945,16.399999618530273,16.65999984741211,24831800
2025-11-11,14.241482734680176,16.100000381469727,16.40999984741211,16.079999923706055,16.389999389648438,25653900
2025-11-12,14.055724143981934,15.890000343322754,16.440000534057617,15.779999732971191,16.43000030517578,29535400
2025-11-13,13.569212913513184,15.34000015258789,16.200000762939453,15.3100004196167,16.049999237060547,39215800
2025-11-14,13.047320365905762,14.75,15.256999969482422,14.729999542236328,14.930000305175781,31441400
2025-11-17,12.711185455322266,14.369999885559082,15.024999618530273,14.270999908447266,14.729999542236328,42627100
2025-11-18,12.843871116638184,14.520000457763672,14.6899995803833,14.244999885559082,14.359999656677246,28109900
2025-11-19,12.392743110656738,14.010000228881836,14.460000038146973,13.850000381469727,14.25,31246300
2025-11-20,11.96815013885498,13.529999732971191,14.34000015258789,13.460000038146973,14.300000190734863,45681700
2025-11-21,11.711627960205078,13.239999771118164,13.404999732971191,12.890000343322754,13.100000381469727,37249100
2025-11-24,12.339669227600098,13.949999809265137,13.970000267028809,13.329999923706055,13.4399995803833,27308600
2025-11-25,12.083144187927246,13.65999984741211,13.789999961853027,13.470000267028809,13.630000114440918,18492000
2025-11-26,12.445815086364746,14.069999694824219,14.15999984741211,13.562999725341797,13.649999618530273,24250500
2025-11-28,12.560808181762695,14.199999809265137,14.579999923706055,14.130000114440918,14.5600004196167,15863100
2025-12-01,11.817865371704102,12.630000114440918,12.819999694824219,12.394000053405762,12.75,38868100
2025-12-02,12.594493865966797,13.460000038146973,13.65999984741211,13.069999694824219,13.109999656677246,31627800
2025-12-03,12.847131729125977,13.729999542236328,13.850000381469727,13.5600004196167,13.6899995803833,38989800
2025-12-04,12.790989875793457,13.670000076293945,13.789999961853027,13.4350004196167,13.720000267028809,33323600
2025-12-05,12.360569953918457,13.210000038146973,13.520000457763672,13.029999732971191,13.359999656677246,38426300
2025-12-08,12.538351058959961,13.399999618530273,13.5600004196167,13.234999656677246,13.5,37537900
2025-12-09,12.865846633911133,13.75,13.989999771118164,13.300000190734863,13.34000015258789,36152000
2025-12-10,12.781633377075195,13.65999984741211,13.979999542236328,13.520000457763672,13.579999923706055,40469800
2025-12-11,12.678707122802734,13.550000190734863,13.569999694824219,13.180000305175781,13.3100004196167,61120400
2025-12-12,12.472851753234863,13.329999923706055,13.699999809265137,13.21500015258789,13.619999885559082,34622900
2025-12-15,11.855292320251465,12.670000076293945,13.279999732971191,12.574000358581543,13.210000038146973,60155600
2025-12-16,12.098573684692383,12.930000305175781,13.024999618530273,12.8149995803833,12.84000015258789,46566700
2025-12-17,11.855292320251465,12.670000076293945,13.345000267028809,12.59000015258789,12.949999809265137,63466700
2025-12-18,11.696224212646484,12.5,13.1899995803833,12.468000411987305,13.0600004196167,48670700
2025-12-19,12.154717445373535,12.989999771118164,13.194999694824219,12.819999694824219,13.010000228881836,44682300
2025-12-22,12.201499938964844,13.039999961853027,13.350000381469727,12.960000038146973,13.270000457763672,36220000
2025-12-23,12.089217185974121,12.920000076293945,13.029999732971191,12.760000228881836,12.920000076293945,38245000
2025-12-24,12.042555809020996,12.130000114440918,12.180000305175781,12.0,12.109999656677246,24081600
2025-12-26,12.072339057922363,12.15999984741211,12.390000343322754,12.020000457763672,12.359999656677246,23735000
2025-12-29,12.012772560119629,12.100000381469727,12.25,12.09000015258789,12.15999984741211,40065600
2025-12-30,12.13190746307373,12.220000267028809,12.444999694824219,12.199999809265137,12.239999771118164,51531200
2025-12-31,12.072339057922363,12.15999984741211,12.369999885559082,12.100000381469727,12.369999885559082,45757200
2026-01-02,12.380105018615723,12.470000267028809,12.670000076293945,12.291999816894531,12.350000381469727,57156900
2026-01-05,12.995636940002441,13.09000015258789,13.1899995803833,12.84000015258789,12.899999618530273,60914000
2026-01-06,12.757366180419922,12.850000381469727,13.109999656677246,12.65999984741211,13.109999656677246,56669900
2026-01-07,12.53895092010498,12.630000114440918,12.781000137329102,12.579999923706055,12.6899995803833,53548100
2026-01-08,12.519095420837402,12.609999656677246,12.699999809265137,12.380000114440918,12.430000305175781,54677700
2026-01-09,12.4297456741333,12.520000457763672,12.776000022888184,12.449999809265137,12.569999694824219,59797000
2026-01-12,12.598518371582031,12.6899995803833,12.819999694824219,12.494999885559082,12.510000228881836,65129700
2026-01-13,13.025420188903809,13.119999885559082,13.130000114440918,12.770000457763672,12.824999809265137,55262600
2026-01-14,13.462248802185059,13.5600004196167,13.600000381469727,13.239999771118164,13.279999732971191,66498400
2026-01-15,13.114771842956543,13.210000038146973,13.470000267028809,13.1899995803833,13.4399995803833,64250800
2026-01-16,13.164410591125488,13.260000228881836,13.300000190734863,13.069999694824219,13.274999618530273,51356300
2026-01-20,12.330464363098145,12.420000076293945,12.65999984741211,12.359999656677246,12.59000015258789,53396600
2026-01-21,12.399959564208984,12.489999771118164,12.555000305175781,12.079999923706055,12.40999984741211,85113000
2026-01-22,12.300681114196777,12.390000343322754,12.470000267028809,12.253999710083008,12.40999984741211,59308600
2026-01-23,12.310608863830566,12.399999618530273,12.649999618530273,12.260000228881836,12.420000076293945,65932900
2026-01-26,12.052483558654785,12.140000343322754,12.3100004196167,12.0600004196167,12.145000457763672,62722000
2026-01-27,12.290754318237305,12.380000114440918,12.399999618530273,12.079999923706055,12.220000267028809,60475500
2026-01-28,12.251041412353516,12.34000015258789,12.539999961853027,12.3100004196167,12.470000267028809,56285400
2026-01-29,11.575943946838379,11.65999984741211,12.15999984741211,11.520000457763672,12.149999618530273,87709500
2026-01-30,11.516375541687012,11.600000381469727,11.720000267028809,11.329999923706055,11.470000267028809,58191400
2026-02-02,10.721458435058594,10.789999961853027,11.0,10.739999771118164,10.800000190734863,80939600
2026-02-03,10.50285530090332,10.569999694824219,10.850000381469727,10.079999923706055,10.850000381469727,104882100
2026-02-04,10.08552360534668,10.149999618530273,10.460000038146973,9.960000038146973,10.399999618530273,67491300
2026-02-05,8.744099617004395,8.800000190734863,9.789999961853027,8.609999656677246,9.680000305175781,104282900
2026-02-06,9.62844467163086,9.6899995803833,9.890000343322754,9.270000457763672,9.270000457763672,70076800
2026-02-09,9.717873573303223,9.779999732971191,9.84000015258789,9.461999893188477,9.529999732971191,82804200
2026-02-10,9.449589729309082,9.510000228881836,9.680000305175781,9.380000114440918,9.569999694824219,61522500
2026-02-11,9.280669212341309,9.34000015258789,9.430000305175781,9.079999923706055,9.399999618530273,84996400
2026-02-12,8.982574462890625,9.039999961853027,9.4350004196167,8.989999771118164,9.390000343322754,61325800
2026-02-13,9.439653396606445,9.5,9.609999656677246,9.229999542236328,9.300000190734863,68805800
2026-02-17,9.300541877746582,9.359999656677246,9.428999900817871,9.1899995803833,9.390000343322754,70300800
2026-02-18,9.101812362670898,9.15999984741211,9.449999809265137,9.09000015258789,9.260000228881836,76844400
2026-02-19,9.211113929748535,9.270000457763672,9.295000076293945,9.0600004196167,9.119999885559082,76054400
2026-02-20,9.300541877746582,9.359999656677246,9.40999984741211,9.194999694824219,9.260000228881836,61141200
2026-02-23,8.853401184082031,8.90999984741211,9.154999732971191,8.819999694824219,9.135000228881836,73329100
2026-02-24,8.843462944030762,8.899999618530273,8.949999809265137,8.675000190734863,8.704999923706055,69341300
2026-02-25,9.489335060119629,9.550000190734863,9.619999885559082,9.140000343322754,9.194999694824219,101186500
2026-02-26,9.260795593261719,9.319999694824219,9.430000305175781,9.180000305175781,9.40999984741211,103772300
2026-02-27,9.002449035644531,9.0600004196167,9.15999984741211,8.989999771118164,9.130000114440918,93444100
2026-03-02,9.48411750793457,9.529999732971191,9.670000076293945,9.039999961853027,9.039999961853027,133364500
2026-03-03,9.354743003845215,9.399999618530273,9.520000457763672,9.114999771118164,9.244999885559082,107639800
2026-03-04,10.021517753601074,10.069999694824219,10.220000267028809,9.829999923706055,9.890000343322754,113133100
2026-03-05,9.762770652770996,9.8100004196167,10.039999961853027,9.729999542236328,9.989999771118164,105372400
2026-03-06,9.344792366027832,9.390000343322754,9.517999649047852,9.319999694824219,9.5,105997700
2026-03-09,9.464214324951172,9.510000228881836,9.579999923706055,9.395000457763672,9.460000038146973,129374000
2026-03-10,9.60353946685791,9.649999618530273,9.899999618530273,9.539999961853027,9.760000228881836,145313100
2026-03-11,9.683154106140137,9.729999542236328,9.84000015258789,9.600000381469727,9.6899995803833,136567800
2026-03-12,9.653299331665039,9.699999809265137,9.734999656677246,9.545000076293945,9.649999618530273,114238000
2026-03-13,9.752819061279297,9.800000190734863,10.199999809265137,9.75,10.069999694824219,131081600
2026-03-16,10.140939712524414,10.1899995803833,10.270000457763672,10.043000221252441,10.180000305175781,121139300
2026-03-17,10.210602760314941,10.260000228881836,10.324999809265137,10.100000381469727,10.149999618530273,116242700
2026-03-18,9.732913970947266,9.779999732971191,9.989999771118164,9.75,9.970000267028809,133484100
2026-03-19,9.623443603515625,9.670000076293945,9.720000267028809,9.460000038146973,9.539999961853027,180064000
2026-03-20,9.623443603515625,9.670000076293945,9.710000038146973,9.550000190734863,9.710000038146973,154506200
2026-03-23,9.673203468322754,9.720000267028809,9.890000343322754,9.630000114440918,9.729999542236328,178351200
2026-03-24,9.504021644592285,9.550000190734863,9.736000061035156,9.472999572753906,9.710000038146973,140420500
2026-03-25,9.703059196472168,9.75,9.904999732971191,9.699999809265137,9.859999656677246,107243200
2026-03-26,9.37464714050293,9.420000076293945,9.602999687194824,9.359999656677246,9.539999961853027,92743700
2026-03-27,9.02633285522461,9.069999694824219,9.170000076293945,9.0,9.170000076293945,116132300
2026-03-30,9.105947494506836,9.149999618530273,9.359999656677246,9.100000381469727,9.329999923706055,93040000
2026-03-31,9.265176773071289,9.3100004196167,9.430000305175781,9.119999885559082,9.170000076293945,127136000
2026-04-01,9.320942878723145,9.359999656677246,9.505999565124512,9.324999809265137,9.420000076293945,111331200
2026-04-02,9.171568870544434,9.210000038146973,9.270000457763672,9.020000457763672,9.079999923706055,136907600
2026-04-06,9.54002571105957,9.579999923706055,9.675000190734863,9.5,9.539999961853027,102665200
2026-04-07,9.430484771728516,9.470000267028809,9.489999771118164,9.289999961853027,9.399999618530273,107655600
2026-04-08,9.759106636047363,9.800000190734863,9.979999542236328,9.699999809265137,9.949999809265137,94928700
2026-04-09,9.858689308166504,9.899999618530273,9.979999542236328,9.680000305175781,9.770000457763672,105567400
2026-04-10,10.018022537231445,10.0600004196167,10.079999923706055,9.869999885559082,9.930000305175781,80914500
2026-04-13,10.027979850769043,10.069999694824219,10.09000015258789,9.720000267028809,9.770000457763672,104875200
2026-04-14,10.147479057312012,10.1899995803833,10.460000038146973,10.145000457763672,10.229999542236328,94054800
2026-04-15,10.257020950317383,10.300000190734863,10.34000015258789,10.100000381469727,10.210000038146973,97629000
2026-04-16,10.30681324005127,10.350000381469727,10.359999656677246,10.050000190734863,10.289999961853027,121825300
2026-04-17,10.585643768310547,10.630000114440918,10.765000343322754,10.46500015258789,10.520000457763672,131006500
2026-04-20,10.416354179382324,10.460000038146973,10.5,10.25,10.329999923706055,107169600
2026-04-21,10.247062683105469,10.289999961853027,10.515000343322754,10.260000228881836,10.430000305175781,122564300
2026-04-22,10.774850845336914,10.819999694824219,10.920000076293945,10.75,10.779999732971191,99528500
2026-04-23,10.635436058044434,10.680000305175781,10.800000190734863,10.555000305175781,10.640999794006348,111601600
2026-04-24,10.605560302734375,10.649999618530273,10.75,10.600000381469727,10.720000267028809,84124900
2026-04-27,10.49601936340332,10.539999961853027,10.739999771118164,10.479999542236328,10.649999618530273,95040900
2026-04-28,10.416354179382324,10.460000038146973,10.479000091552734,10.359999656677246,10.4399995803833,92115700
2026-04-29,10.286895751953125,10.329999923706055,10.550000190734863,10.260000228881836,10.550000190734863,126044500
2026-04-30,10.426311492919922,10.470000267028809,10.510000228881836,10.420000076293945,10.430000305175781,73976600
2026-05-01,10.711553573608398,10.739999771118164,10.824999809265137,10.694000244140625,10.729999542236328,96523400
2026-05-04,10.920998573303223,10.949999809265137,11.0600004196167,10.734999656677246,10.800000190734863,137108100
2026-05-05,11.150389671325684,11.180000305175781,11.1899995803833,11.079999923706055,11.149999618530273,117330200
2026-05-06,11.120468139648438,11.149999618530273,11.229999542236328,11.09000015258789,11.210000038146973,164009400
2026-05-07,10.9309720993042,10.960000038146973,11.071000099182129,10.859999656677246,11.069999694824219,127855000
2026-05-08,10.9309720993042,10.960000038146973,11.0,10.869999885559082,10.890000343322754,115183600
2026-05-11,11.17033576965332,11.199999809265137,11.239999771118164,10.979999542236328,11.085000038146973,148524400
2026-05-12,11.010760307312012,11.039999961853027,11.0600004196167,10.899999618530273,11.010000228881836,123067000
2026-05-13,10.851183891296387,10.880000114440918,10.956000328063965,10.75,10.9399995803833,108069100
2026-05-14,11.1005220413208,11.130000114440918,11.229999542236328,10.859999656677246,10.90999984741211,165097300
2026-05-15,10.781370162963867,10.8100004196167,10.930000305175781,10.729999542236328,10.930000305175781,130727200
2026-05-18,10.462215423583984,10.489999771118164,10.550000190734863,10.369999885559082,10.539999961853027,140126000
2026-05-19,10.452242851257324,10.479999542236328,10.520000457763672,10.385000228881836,10.449999809265137,109714200
2026-05-20,10.571925163269043,10.600000381469727,10.640000343322754,10.489999771118164,10.550000190734863,134759400
2026-05-21,10.571925163269043,10.600000381469727,10.670000076293945,10.460000038146973,10.539999961853027,136044000
2026-05-22,10.322587966918945,10.350000381469727,10.555000305175781,10.319999694824219,10.539999961853027,102872700
2026-05-26,10.342534065246582,10.369999885559082,10.65999984741211,10.319999694824219,10.470000267028809,159994400
2026-05-27,10.182958602905273,10.210000038146973,10.289999961853027,10.15999984741211,10.234999656677246,117147800
2026-05-28,9.983488082885742,10.010000228881836,10.0600004196167,9.880000114440918,9.960000038146973,128749800
2026-05-29,9.993461608886719,10.020000457763672,10.140000343322754,9.869999885559082,9.9399995803833,134285300
2026-06-01,9.727794647216797,9.739999771118164,9.795000076293945,9.600000381469727,9.770000457763672,158490600
2026-06-02,9.158509254455566,9.170000076293945,9.399999618530273,9.031999588012695,9.380000114440918,241204800
2026-06-03,8.888846397399902,8.899999618530273,9.140000343322754,8.875,9.09000015258789,238996600
2026-06-04,8.63916015625,8.649999618530273,8.78499984741211,8.5600004196167,8.600000381469727,270508700
2026-06-05,8.209699630737305,8.220000267028809,8.479999542236328,8.050000190734863,8.449999809265137,278662700
2026-06-08,8.609197616577148,8.619999885559082,8.75,8.609999656677246,8.649999618530273,211132700
2026-06-09,8.429423332214355,8.4399995803833,8.510000228881836,8.260000228881836,8.479999542236328,252401800
2026-06-10,8.41943645477295,8.430000305175781,8.5600004196167,8.364999771118164,8.369999885559082,349694200
2026-06-11,8.629173278808594,8.640000343322754,8.699999809265137,8.470000267028809,8.539999961853027,326178700
2026-06-12,8.63916015625,8.649999618530273,8.770000457763672,8.5600004196167,8.614999771118164,289728800
2026-06-15,9.03865909576416,9.050000190734863,9.15999984741211,9.010000228881836,9.09000015258789,210312000
2026-06-16,8.908822059631348,8.920000076293945,9.010000228881836,8.880000114440918,8.970000267028809,202759000
2026-06-17,8.719059944152832,8.729999542236328,9.039999961853027,8.699999809265137,8.829999923706055,320143300
2026-06-18,8.549273490905762,8.5600004196167,8.75,8.460000038146973,8.75,322602900
2026-06-22,8.749022483825684,8.760000228881836,8.920000076293945,8.729999542236328,8.819999694824219,179896700
2026-06-23,8.459385871887207,8.470000267028809,8.539999961853027,8.413999557495117,8.430000305175781,148301700
2026-06-24,8.139786720275879,8.149999618530273,8.430000305175781,8.010000228881836,8.390000343322754,251570900
2026-06-25,8.04990005493164,8.0600004196167,8.3149995803833,7.869999885559082,8.300000190734863,300539100
2026-06-26,8.109824180603027,8.119999885559082,8.229999542236328,7.989999771118164,8.0,232611400
2026-06-29,8.179736137390137,8.1899995803833,8.239999771118164,7.989999771118164,8.130000114440918,252680100
2026-06-30,7.970000267028809,7.980000019073486,8.029999732971191,7.880000114440918,7.929999828338623,186549500
2026-07-01,8.130000114440918,8.130000114440918,8.210000038146973,7.929999828338623,7.960000038146973,228243400
2026-07-02,8.34000015258789,8.34000015258789,8.449999809265137,8.289999961853027,8.359999656677246,205888400
2026-07-06,8.640000343322754,8.640000343322754,8.680000305175781,8.3100004196167,8.329999923706055,361084100
2026-07-07,8.649999618530273,8.649999618530273,8.720000267028809,8.489999771118164,8.550000190734863,402717100
2026-07-08,8.4399995803833,8.4399995803833,8.460000038146973,8.329999923706055,8.380000114440918,273172100
2026-07-09,8.569999694824219,8.569999694824219,8.609999656677246,8.470000267028809,8.5,326987000
2026-07-10,8.670000076293945,8.670000076293945,8.779999732971191,8.640000343322754,8.699999809265137,270779400
2026-07-13,8.4399995803833,8.4399995803833,8.539999961853027,8.369999885559082,8.470000267028809,277275900
2026-07-14,8.75,8.75,8.819999694824219,8.609999656677246,8.670000076293945,407703000
2026-07-15,8.800000190734863,8.800000190734863,8.899999618530273,8.770000457763672,8.850000381469727,496250000
2026-07-16,8.720000267028809,8.720000267028809,8.800000190734863,8.670000076293945,8.699999809265137,553007500
2026-07-17,8.6899995803833,8.6899995803833,8.739999771118164,8.460000038146973,8.510000228881836,639696400
2026-07-20,8.819999694824219,8.819999694824219,8.920000076293945,8.680000305175781,8.739999771118164,440000000
2026-07-21,9.010000228881836,9.010000228881836,9.079999923706055,8.949999809265137,9.0,442967700
2026-07-22,8.949999809265137,8.949999809265137,9.0,8.880000114440918,8.880000114440918,363300900
2026-07-23,8.770000457763672,8.770000457763672,8.84000015258789,8.75,8.8100004196167,167550100
2026-07-24,8.699999809265137,8.699999809265137,8.729999542236328,8.619999885559082,8.710000038146973,158756700
2026-07-27,8.779999732971191,8.779999732971191,8.899999618530273,8.720000267028809,8.789999961853027,130127400
