Date,Adj Close,Close,High,Low,Open,Volume
2006-06-21,0.9827170968055725,1.128906011581421,1.140625,1.127344012260437,1.1401560306549072,1523200
2006-06-22,0.9595944881439209,1.102344036102295,1.1270309686660767,1.0903129577636719,1.125,13612800
2006-06-23,0.9567383527755737,1.0990630388259888,1.1181249618530273,1.0856250524520874,1.097656011581421,3411200
2006-06-26,0.9602744579315186,1.103124976158142,1.109375,1.09375,1.1015629768371582,3622400
2006-06-27,0.9243661761283875,1.0618749856948853,1.104688048362732,1.0618749856948853,1.104688048362732,6393600
2006-06-28,0.9356557130813599,1.0748440027236938,1.0771880149841309,1.0534379482269287,1.066406011581421,6374400
2006-06-29,0.9922382235527039,1.1398439407348633,1.1398439407348633,1.0832810401916504,1.0882810354232788,11289600
2006-06-30,0.9827170968055725,1.128906011581421,1.1484379768371582,1.1278129816055298,1.1484379768371582,15168000
2006-07-03,0.9941419363021851,1.142030954360962,1.142969012260437,1.1353130340576172,1.1375000476837158,2380800
2006-07-05,0.9549695253372192,1.0970309972763062,1.1215629577636719,1.093906044960022,1.121093988418579,9900800
2006-07-06,0.9493935108184814,1.0906250476837158,1.1109379529953003,1.086719036102295,1.102344036102295,5369600
2006-07-07,0.928583025932312,1.0667190551757812,1.0921880006790161,1.060155987739563,1.071094036102295,4588800
2006-07-10,0.9132134318351746,1.049062967300415,1.0807809829711914,1.039687991142273,1.0765630006790161,7987200
2006-07-11,0.9281745553016663,1.066249966621399,1.0692189931869507,1.033750057220459,1.0412499904632568,10604800
2006-07-12,0.8914507627487183,1.024062991142273,1.0625,1.0187499523162842,1.0596879720687866,14598400
2006-07-13,0.8630226850509644,0.9914060235023499,1.028905987739563,0.989063024520874,1.028905987739563,26745600
2006-07-14,0.8453409671783447,0.971094012260437,0.989844024181366,0.9609379768371582,0.987500011920929,13856000
2006-07-17,0.849420964717865,0.9757810235023499,0.984375,0.9631249904632568,0.978905975818634,9868800
2006-07-18,0.8541818857192993,0.981249988079071,0.987500011920929,0.9484379887580872,0.984375,26054400
2006-07-19,0.8726799488067627,1.002500057220459,1.0167189836502075,0.9782810211181641,0.978905975818634,16940800
2006-07-20,0.848876953125,0.9751560091972351,1.0140630006790161,0.974219024181366,1.0140630006790161,12019200
2006-07-21,0.8296990394592285,0.953125,0.96875,0.9518749713897705,0.9582809805870056,18630400
2006-07-24,0.8603023886680603,0.9882810115814209,0.9915630221366882,0.9607809782028198,0.9607809782028198,15334400
2006-07-25,0.8687357306480408,0.9979689717292786,1.009374976158142,0.9807810187339783,0.9929689764976501,21683200
2006-07-26,0.870503842830658,1.0,1.015468955039978,0.981249988079071,0.9937499761581421,23500800
2006-07-27,0.8616630434989929,0.989844024181366,1.0234379768371582,0.981249988079071,1.0210939645767212,12038400
2006-07-28,0.8960747718811035,1.0293749570846558,1.0293749570846558,0.994530975818634,1.0007810592651367,6752000
2006-07-31,0.8943068981170654,1.027343988418579,1.038280963897705,1.0148439407348633,1.021875023841858,9958400
2006-08-01,0.8637032508850098,0.9921879768371582,1.008594036102295,0.981249988079071,1.008594036102295,15609600
2006-08-02,0.8796170353889465,1.0104689598083496,1.026563048362732,1.0015629529953003,1.003906011581421,13939200
2006-08-03,0.8943068981170654,1.027343988418579,1.037500023841858,0.9921879768371582,0.9929689764976501,19961600
2006-08-04,0.8861460089683533,1.017969012260437,1.0546879768371582,0.9985939860343933,1.0464060306549072,18816000
2006-08-07,0.875400185585022,1.0056250095367432,1.0148439407348633,0.9960939884185791,1.010938048362732,17017600
2006-08-08,0.8643833994865417,0.9929689764976501,1.015625,0.9828130006790161,1.009374976158142,28838400
2006-08-09,0.8639751076698303,0.9925000071525574,1.0343749523162842,0.989063024520874,1.0064059495925903,28825600
2006-08-10,0.874992311000824,1.0051560401916504,1.0128129720687866,0.9828130006790161,0.9932810068130493,23283200
2006-08-11,0.8664238452911377,0.9953129887580872,1.0007810592651367,0.9851559996604919,0.9953129887580872,13305600
2006-08-14,0.8743124008178711,1.0043749809265137,1.03125,1.0018750429153442,1.0076559782028198,19321600
2006-08-15,0.9198779463768005,1.0567189455032349,1.0703129768371582,1.0232809782028198,1.037343978881836,22054400
2006-08-16,0.9636746048927307,1.107030987739563,1.1081249713897705,1.0640629529953003,1.0703129768371582,31040000
2006-08-17,0.9697960019111633,1.114063024520874,1.129688024520874,1.100000023841858,1.1085939407348633,44345600
2006-08-18,0.968435525894165,1.1124999523162842,1.117812991142273,1.089843988418579,1.1101560592651367,16934400
2006-08-21,0.950753927230835,1.0921880006790161,1.1029690504074097,1.086719036102295,1.0943750143051147,16275200
2006-08-22,0.9532015919685364,1.0950000286102295,1.1168750524520874,1.0857809782028198,1.1035939455032349,16268800
2006-08-23,0.9371522665023804,1.0765630006790161,1.1087499856948853,1.068750023841858,1.0978130102157593,18598400
2006-08-24,0.9443605542182922,1.0848439931869507,1.089843988418579,1.067188024520874,1.089063048362732,18432000
2006-08-25,0.9480335116386414,1.089063048362732,1.1060940027236938,1.073438048362732,1.073438048362732,15257600
2006-08-28,0.9616350531578064,1.104688048362732,1.1109379529953003,1.0859379768371582,1.0859379768371582,16588800
2006-08-29,0.9677554965019226,1.111719012260437,1.113281011581421,1.0807809829711914,1.103124976158142,26617600
2006-08-30,0.9763249158859253,1.1215629577636719,1.122655987739563,1.103124976158142,1.1128129959106445,22585600
2006-08-31,0.9752369523048401,1.120313048362732,1.127187967300415,1.113281011581421,1.121093988418579,9395200
2006-09-01,0.9840776920318604,1.1304689645767212,1.136718988418579,1.1201560497283936,1.135938048362732,18496000
2006-09-05,1.0017595291137695,1.1507810354232788,1.1526559591293335,1.115625023841858,1.1318750381469727,21452800
2006-09-06,0.9627230167388916,1.1059379577636719,1.1356250047683716,1.1015629768371582,1.129688024520874,23398400
2006-09-07,0.9541539549827576,1.096094012260437,1.1176559925079346,1.087499976158142,1.100000023841858,27027200
2006-09-08,0.9636746048927307,1.107030987739563,1.1139060258865356,1.09375,1.1015629768371582,13990400
2006-09-11,0.9765963554382324,1.1218750476837158,1.1323440074920654,1.084375023841858,1.0910940170288086,26662400
2006-09-12,1.0145453214645386,1.1654690504074097,1.1715630292892456,1.1234380006790161,1.1257810592651367,19027200
2006-09-13,1.0262418985366821,1.178905963897705,1.1820310354232788,1.158594012260437,1.1687500476837158,22579200
2006-09-14,1.0251542329788208,1.1776560544967651,1.184999942779541,1.1678129434585571,1.1678129434585571,15187200
2006-09-15,1.0350838899612427,1.1890629529953003,1.2754689455032349,1.1823439598083496,1.205469012260437,15891200
2006-09-18,1.0342673063278198,1.1881250143051147,1.2048439979553223,1.176563024520874,1.191406011581421,13184000
2006-09-19,1.0217540264129639,1.1737500429153442,1.192188024520874,1.1543749570846558,1.1875,20812800
2006-09-20,1.052085280418396,1.2085939645767212,1.214843988418579,1.1932810544967651,1.1996879577636719,21785600
2006-09-21,1.0384838581085205,1.1929689645767212,1.221094012260437,1.1875,1.2156250476837158,50976000
2006-09-22,1.0205296277999878,1.1723439693450928,1.1890629529953003,1.1640629768371582,1.1890629529953003,18214400
2006-09-25,1.0582060813903809,1.2156250476837158,1.21875,1.1629689931869507,1.1856249570846558,37670400
2006-09-26,1.0669113397598267,1.2256250381469727,1.2289060354232788,1.2051559686660767,1.212499976158142,24934400
2006-09-27,1.061470627784729,1.2193750143051147,1.2348439693450928,1.2085939645767212,1.2237499952316284,27929600
2006-09-28,1.0677276849746704,1.2265629768371582,1.232030987739563,1.2037500143051147,1.2293750047683716,14444800
2006-09-29,1.0595667362213135,1.2171880006790161,1.2332810163497925,1.2156250476837158,1.2328130006790161,12473600
2006-10-02,1.033722996711731,1.1875,1.219688057899475,1.1821880340576172,1.211719036102295,22822400
2006-10-03,1.041068434715271,1.195937991142273,1.205469012260437,1.169374942779541,1.176563024520874,20364800
2006-10-04,1.088809609413147,1.2507810592651367,1.253906011581421,1.186094045639038,1.193750023841858,27206400
2006-10-05,1.103092074394226,1.2671879529953003,1.269531011581421,1.2478129863739014,1.253906011581421,21580800
2006-10-06,1.0969706773757935,1.2601560354232788,1.269531011581421,1.2504689693450928,1.2520309686660767,21766400
2006-10-09,1.1024110317230225,1.2664060592651367,1.2796880006790161,1.254688024520874,1.259531021118164,12217600
2006-10-10,1.1085327863693237,1.2734379768371582,1.2804689407348633,1.2542190551757812,1.270313024520874,16710400
2006-10-11,1.1044511795043945,1.2687499523162842,1.2843749523162842,1.240468978881836,1.259374976158142,23334400
2006-10-12,1.1411762237548828,1.3109380006790161,1.3109380006790161,1.2779690027236938,1.2828129529953003,26284800
2006-10-13,1.1498814821243286,1.320937991142273,1.3273439407348633,1.303905963897705,1.3109380006790161,21683200
2006-10-16,1.1520581245422363,1.323438048362732,1.3335939645767212,1.3206249475479126,1.324218988418579,17868800
2006-10-17,1.1296143531799316,1.2976560592651367,1.3115630149841309,1.2796880006790161,1.3115630149841309,35289600
2006-10-18,1.1139734983444214,1.2796880006790161,1.313438057899475,1.2725000381469727,1.3120310306549072,36768000
2006-10-19,1.1234941482543945,1.290624976158142,1.300781011581421,1.2687499523162842,1.2737499475479126,36089600
2006-10-20,1.1262141466140747,1.2937500476837158,1.2939059734344482,1.2728129625320435,1.2917189598083496,21696000
2006-10-23,1.1463444232940674,1.3168749809265137,1.3287500143051147,1.2828129529953003,1.2843749523162842,34579200
2006-10-24,1.1354632377624512,1.3043750524520874,1.3200000524520874,1.2876559495925903,1.3132810592651367,31315200
2006-10-25,1.1493375301361084,1.3203129768371582,1.3237500190734863,1.2953130006790161,1.3035939931869507,24864000
2006-10-26,1.1676989793777466,1.341405987739563,1.3485939502716064,1.305469036102295,1.3265630006790161,30323200
2006-10-27,1.1346476078033447,1.3034379482269287,1.3409379720687866,1.2953130006790161,1.3360940217971802,31724800
2006-10-30,1.1479767560958862,1.318750023841858,1.3296879529953003,1.2937500476837158,1.301563024520874,28748800
2006-10-31,1.154778242111206,1.3265630006790161,1.3359379768371582,1.308750033378601,1.332031011581421,27744000
2006-11-01,1.1234941482543945,1.290624976158142,1.337656021118164,1.278749942779541,1.3359379768371582,37939200
2006-11-02,1.124582290649414,1.2918750047683716,1.2979689836502075,1.2745310068130493,1.287500023841858,29440000
2006-11-03,1.1180534362792969,1.2843749523162842,1.301563024520874,1.2649999856948853,1.301563024520874,42656000
2006-11-06,1.1432162523269653,1.3132810592651367,1.330312967300415,1.295469045639038,1.2976560592651367,28524800
2006-11-07,1.1663386821746826,1.339843988418579,1.3548439741134644,1.317188024520874,1.3250000476837158,34387200
2006-11-08,1.182117223739624,1.357969045639038,1.363281011581421,1.3159379959106445,1.3231250047683716,41382400
2006-11-09,1.1656596660614014,1.339063048362732,1.371093988418579,1.3289060592651367,1.367969036102295,32851200
2006-11-10,1.1785798072814941,1.3539060354232788,1.3539060354232788,1.3296879529953003,1.3410940170288086,24953600
2006-11-13,1.197622537612915,1.3757810592651367,1.3826559782028198,1.3493750095367432,1.3524999618530273,28505600
2006-11-14,1.2282270193099976,1.410938024520874,1.410938024520874,1.3645310401916504,1.3781249523162842,32083200
2006-11-15,1.2359797954559326,1.4198440313339233,1.4375,1.4078129529953003,1.4098440408706665,40307200
2006-11-16,1.248629093170166,1.4343750476837158,1.4379689693450928,1.4140629768371582,1.426563024520874,26201600
2006-11-17,1.245908498764038,1.431249976158142,1.431249976158142,1.408750057220459,1.415624976158142,24064000
2006-11-20,1.250669240951538,1.4367189407348633,1.4424999952316284,1.4134379625320435,1.419530987739563,20883200
2006-11-21,1.2540693283081055,1.4406249523162842,1.4426560401916504,1.4278130531311035,1.4382810592651367,25177600
2006-11-22,1.2698472738265991,1.4587500095367432,1.460155963897705,1.427968978881836,1.4462499618530273,20697600
2006-11-24,1.2618223428726196,1.4495309591293335,1.464843988418579,1.435155987739563,1.435155987739563,15078400
2006-11-27,1.2049680948257446,1.3842190504074097,1.4476560354232788,1.3828129768371582,1.435155987739563,55340800
2006-11-28,1.2085037231445312,1.388280987739563,1.396718978881836,1.3648439645767212,1.375,44339200
2006-11-29,1.2282270193099976,1.410938024520874,1.4192190170288086,1.3856250047683716,1.412500023841858,36140800
2006-11-30,1.2244187593460083,1.4065630435943604,1.4234379529953003,1.3946880102157593,1.412500023841858,44883200
2006-12-01,1.2080966234207153,1.3878129720687866,1.413280963897705,1.359531044960022,1.4098440408706665,59769600
2006-12-04,1.2384270429611206,1.4226560592651367,1.433593988418579,1.386875033378601,1.3934379816055298,33427200
2006-12-05,1.2444121837615967,1.4295309782028198,1.4395309686660767,1.417188048362732,1.4309380054473877,24160000
2006-12-06,1.2352995872497559,1.4190629720687866,1.4292190074920654,1.4096879959106445,1.426563024520874,23872000
2006-12-07,1.2051033973693848,1.384374976158142,1.433593988418579,1.383594036102295,1.426563024520874,42233600
2006-12-08,1.2173452377319336,1.3984379768371582,1.419530987739563,1.3701560497283936,1.3757810592651367,46950400
2006-12-11,1.226866364479065,1.4093749523162842,1.425624966621399,1.3878129720687866,1.392969012260437,27724800
2006-12-12,1.2108169794082642,1.3909380435943604,1.4104690551757812,1.375,1.40625,53401600
2006-12-13,1.213944435119629,1.394531011581421,1.408594012260437,1.379688024520874,1.4081250429153442,31980800
2006-12-14,1.2397879362106323,1.424219012260437,1.4382810592651367,1.4007810354232788,1.4021879434585571,39392000
2006-12-15,1.2479488849639893,1.433593988418579,1.454063057899475,1.428905963897705,1.4489059448242188,40691200
2006-12-18,1.2193849086761475,1.4007810354232788,1.453125,1.393125057220459,1.4439059495925903,45081600
2006-12-19,1.2146252393722534,1.395313024520874,1.4089059829711914,1.3653130531311035,1.3815629482269287,58912000
2006-12-20,1.2062410116195679,1.301563024520874,1.34375,1.3003129959106445,1.34375,31494400
2006-12-21,1.1895875930786133,1.283594012260437,1.305469036102295,1.2712500095367432,1.3023439645767212,36409600
2006-12-22,1.1671429872512817,1.259374976158142,1.2804689407348633,1.256250023841858,1.2801560163497925,48979200
2006-12-26,1.172934889793396,1.265625,1.2667189836502075,1.2515629529953003,1.256250023841858,16716800
2006-12-27,1.1843748092651367,1.2779690027236938,1.281093955039978,1.2623440027236938,1.2660939693450928,22560000
2006-12-28,1.1743834018707275,1.2671879529953003,1.2781250476837158,1.2581249475479126,1.274219036102295,18995200
2006-12-29,1.1735138893127441,1.2662500143051147,1.2937500476837158,1.263280987739563,1.2671879529953003,24550400
2007-01-03,1.1772793531417847,1.270313024520874,1.3165630102157593,1.2312500476837158,1.293125033378601,75315200
2007-01-04,1.2195627689361572,1.3159379959106445,1.3251559734344482,1.261718988418579,1.2710939645767212,43257600
2007-01-05,1.201895833015442,1.296875,1.307813048362732,1.282655954360962,1.3021880388259888,34419200
2007-01-08,1.2094261646270752,1.3049999475479126,1.319530963897705,1.2890629768371582,1.307813048362732,32780800
2007-01-09,1.2241969108581543,1.320937991142273,1.330469012260437,1.2909380197525024,1.3128130435943604,50169600
2007-01-10,1.2561988830566406,1.355468988418579,1.355468988418579,1.303905963897705,1.3117189407348633,39436800
2007-01-11,1.2771958112716675,1.3781249523162842,1.3875000476837158,1.354688048362732,1.355468988418579,47155200
2007-01-12,1.2902288436889648,1.3921879529953003,1.395313024520874,1.3717190027236938,1.3754689693450928,38764800
2007-01-16,1.2902288436889648,1.3921879529953003,1.3971879482269287,1.3807810544967651,1.3921879529953003,40505600
2007-01-17,1.2667694091796875,1.3668750524520874,1.3909380435943604,1.361875057220459,1.3909380435943604,31340800
2007-01-18,1.2149288654327393,1.3109380006790161,1.3614059686660767,1.3071880340576172,1.360313057899475,90720000
2007-01-19,1.218549370765686,1.314844012260437,1.3250000476837158,1.303905963897705,1.3067189455032349,59116800
2007-01-22,1.194656252861023,1.2890629768371582,1.321874976158142,1.2796880006790161,1.321874976158142,64390400
2007-01-23,1.189008355140686,1.2829689979553223,1.3070310354232788,1.278905987739563,1.2923439741134644,46195200
2007-01-24,1.2250652313232422,1.321874976158142,1.325780987739563,1.2937500476837158,1.2985939979553223,38483200
2007-01-25,1.1917600631713867,1.285938024520874,1.335155963897705,1.2825000286102295,1.3293750286102295,61868800
2007-01-26,1.1835054159164429,1.2770309448242188,1.2959380149841309,1.2671879529953003,1.2959380149841309,55136000
2007-01-29,1.1904557943344116,1.2845309972763062,1.3017189502716064,1.271718978881836,1.2757810354232788,51174400
2007-01-30,1.1936423778533936,1.2879689931869507,1.2934379577636719,1.278905987739563,1.2868750095367432,24473600
2007-01-31,1.2084124088287354,1.303905963897705,1.3157809972763062,1.2676559686660767,1.2817189693450928,71808000
2007-02-01,1.2098608016967773,1.305469036102295,1.329530954360962,1.296875,1.3198440074920654,55014400
2007-02-02,1.2202867269515991,1.3167190551757812,1.3196879625320435,1.3004690408706665,1.312656044960022,38931200
2007-02-05,1.2160876989364624,1.3121880292892456,1.3240629434585571,1.3032809495925903,1.312343955039978,31225600
2007-02-06,1.2105847597122192,1.306249976158142,1.3179689645767212,1.2815630435943604,1.3151559829711914,49286400
2007-02-07,1.2394014596939087,1.3373440504074097,1.3428130149841309,1.3118749856948853,1.3240629434585571,54099200
2007-02-08,1.2398357391357422,1.3378130197525024,1.3393750190734863,1.3170310258865356,1.328281044960022,28684800
2007-02-09,1.2011724710464478,1.2960939407348633,1.3464059829711914,1.288280963897705,1.3378130197525024,61971200
2007-02-12,1.1916147470474243,1.2857810258865356,1.2960939407348633,1.2796880006790161,1.2948440313339233,40531200
2007-02-13,1.2046476602554321,1.2998440265655518,1.3028130531311035,1.2862499952316284,1.2946879863739014,40096000
2007-02-14,1.24070405960083,1.3387500047683716,1.3445310592651367,1.3049999475479126,1.305469036102295,51052800
2007-02-15,1.253881812095642,1.3529690504074097,1.3529690504074097,1.3354690074920654,1.3404690027236938,27660800
2007-02-16,1.2496830224990845,1.348438024520874,1.3504689931869507,1.3359379768371582,1.3424999713897705,19801600
2007-02-20,1.2641633749008179,1.364063024520874,1.3685940504074097,1.3265630006790161,1.3421880006790161,35174400
2007-02-21,1.272417426109314,1.3729690313339233,1.3742189407348633,1.3504689931869507,1.3539060354232788,71372800
2007-02-22,1.2858842611312866,1.3875000476837158,1.3926559686660767,1.3642189502716064,1.3826559782028198,37625600
2007-02-23,1.2742995023727417,1.375,1.384374976158142,1.363281011581421,1.384374976158142,23622400
2007-02-26,1.2627149820327759,1.3624999523162842,1.3887499570846558,1.3445310592651367,1.3887499570846558,39673600
2007-02-27,1.1410772800445557,1.2312500476837158,1.3264060020446777,1.2293750047683716,1.312656044960022,143776000
2007-02-28,1.165549397468567,1.2576559782028198,1.2820310592651367,1.2265629768371582,1.247655987739563,87148800
2007-03-01,1.153385877609253,1.2445310354232788,1.2714060544967651,1.1934380531311035,1.2195310592651367,109964800
2007-03-02,1.112985372543335,1.2009379863739014,1.2451560497283936,1.2009379863739014,1.2348439693450928,124332800
2007-03-05,1.0976355075836182,1.1843750476837158,1.2237499952316284,1.1832809448242188,1.187343955039978,134688000
2007-03-06,1.1377463340759277,1.2276560068130493,1.2337499856948853,1.203125,1.203125,109542400
2007-03-07,1.1273207664489746,1.216405987739563,1.2335939407348633,1.2151559591293335,1.225780963897705,84012800
2007-03-08,1.148317813873291,1.239063024520874,1.2482810020446777,1.2254689931869507,1.2420309782028198,76480000
2007-03-09,1.1442636251449585,1.2346880435943604,1.2531249523162842,1.2156250476837158,1.252344012260437,65689600
2007-03-12,1.1548341512680054,1.246093988418579,1.2495310306549072,1.2270309925079346,1.2270309925079346,41395200
2007-03-13,1.1111021041870117,1.1989059448242188,1.246093988418579,1.191406011581421,1.2315629720687866,104352000
2007-03-14,1.1419464349746704,1.2321879863739014,1.2321879863739014,1.1817189455032349,1.2004690170288086,152550400
2007-03-15,1.1387603282928467,1.2287499904632568,1.2350000143051147,1.2171880006790161,1.2251559495925903,68441600
2007-03-16,1.1345610618591309,1.2242189645767212,1.2348439693450928,1.2110940217971802,1.2289060354232788,71257600
2007-03-19,1.1574400663375854,1.2489060163497925,1.254688024520874,1.2300000190734863,1.2374999523162842,64025600
2007-03-20,1.172934889793396,1.265625,1.265781044960022,1.2450000047683716,1.2468750476837158,51993600
2007-03-21,1.2163766622543335,1.3125,1.316249966621399,1.252344012260437,1.2671879529953003,119865600
2007-03-22,1.2091370820999146,1.3046879768371582,1.3140629529953003,1.2956249713897705,1.3140629529953003,85292800
2007-03-23,1.1985652446746826,1.2932809591293335,1.3109380006790161,1.2920310497283936,1.3010940551757812,46451200
2007-03-26,1.2078328132629395,1.3032809495925903,1.3082809448242188,1.2673439979553223,1.297031044960022,62470400
2007-03-27,1.1949732303619385,1.2892190217971802,1.300624966621399,1.2860939502716064,1.2999999523162842,41369600
2007-03-28,1.1702077388763428,1.2625000476837158,1.2892190217971802,1.2599999904632568,1.2768750190734863,92390400
2007-03-29,1.1687597036361694,1.260938048362732,1.2782809734344482,1.2362500429153442,1.2782809734344482,134150400
2007-03-30,1.172814965248108,1.2653130292892456,1.2793749570846558,1.2421879768371582,1.2648439407348633,75686400
2007-04-02,1.1684695482254028,1.2606250047683716,1.272655963897705,1.247499942779541,1.269531011581421,63814400
2007-04-03,1.202214002609253,1.297031044960022,1.3037500381469727,1.2743749618530273,1.2764060497283936,67308800
2007-04-04,1.2093113660812378,1.3046879768371582,1.3076560497283936,1.2937500476837158,1.2939059734344482,52313600
2007-04-05,1.2223453521728516,1.318750023841858,1.320937991142273,1.2984379529953003,1.300624966621399,40307200
2007-04-09,1.2164074182510376,1.312343955039978,1.328125,1.3067189455032349,1.328125,51251200
2007-04-10,1.2258214950561523,1.3224999904632568,1.3239059448242188,1.3109380006790161,1.311094045639038,37568000
2007-04-11,1.2007663249969482,1.295469045639038,1.319530963897705,1.2884379625320435,1.319530963897705,65952000
2007-04-12,1.2216213941574097,1.3179689645767212,1.3200000524520874,1.2815630435943604,1.2951560020446777,60236800
2007-04-13,1.2259653806686401,1.3226560354232788,1.3253129720687866,1.2999999523162842,1.314844012260437,52838400
2007-04-16,1.2474004030227661,1.3457809686660767,1.350000023841858,1.332031011581421,1.332031011581421,45024000
2007-04-17,1.2524694204330444,1.3512500524520874,1.3534380197525024,1.339063048362732,1.3485939502716064,48000000
2007-04-18,1.2476903200149536,1.346094012260437,1.3542189598083496,1.3310940265655518,1.3404690027236938,36531200
2007-04-19,1.2487047910690308,1.3471879959106445,1.3553129434585571,1.324218988418579,1.3298439979553223,62374400
2007-04-20,1.267531394958496,1.3674999475479126,1.3779690265655518,1.3526560068130493,1.363124966621399,53209600
2007-04-23,1.268110752105713,1.3681249618530273,1.375,1.360780954360962,1.3674999475479126,29760000
2007-04-24,1.2782495021820068,1.3790630102157593,1.3898439407348633,1.359375,1.3760939836502075,48864000
2007-04-25,1.3150352239608765,1.4187500476837158,1.419374942779541,1.3817189931869507,1.3896880149841309,53702400
2007-04-26,1.3287938833236694,1.433593988418579,1.4390629529953003,1.4198440313339233,1.435155987739563,61510400
2007-04-27,1.3302419185638428,1.435155987739563,1.4362499713897705,1.4178129434585571,1.422031044960022,105958400
2007-04-30,1.295483112335205,1.397655963897705,1.4310940504074097,1.3935940265655518,1.4267189502716064,50624000
2007-05-01,1.3034487962722778,1.40625,1.40625,1.3778129816055298,1.3984379768371582,75372800
2007-05-02,1.3201043605804443,1.424219012260437,1.4334379434585571,1.4035940170288086,1.4035940170288086,49568000
2007-05-03,1.3302419185638428,1.435155987739563,1.4410940408706665,1.4235939979553223,1.4296879768371582,55737600
2007-05-04,1.3334282636642456,1.4385939836502075,1.4509379863739014,1.4235939979553223,1.4440629482269287,54489600
2007-05-07,1.3303873538970947,1.4353129863739014,1.443750023841858,1.4315630197525024,1.4368749856948853,31603200
2007-05-08,1.3296623229980469,1.4345309734344482,1.4429689645767212,1.414687991142273,1.4225000143051147,57024000
2007-05-09,1.3395107984542847,1.4451559782028198,1.4546879529953003,1.4249999523162842,1.426563024520874,56448000
2007-05-10,1.3059108257293701,1.4089059829711914,1.4432810544967651,1.399999976158142,1.4367189407348633,97267200
2007-05-11,1.3366142511367798,1.4420310258865356,1.4424999952316284,1.4068750143051147,1.408594012260437,70611200
2007-05-14,1.3173518180847168,1.4212499856948853,1.4482810497283936,1.4067189693450928,1.4426560401916504,78387200
2007-05-15,1.2983795404434204,1.4007810354232788,1.4370310306549072,1.392969012260437,1.4198440313339233,89324800
2007-05-16,1.3225661516189575,1.4268749952316284,1.428125023841858,1.3887499570846558,1.4065630435943604,71763200
2007-05-17,1.3083736896514893,1.4115630388259888,1.4278130531311035,1.4106249809265137,1.421718955039978,48966400
2007-05-18,1.329807996749878,1.4346879720687866,1.434999942779541,1.4154690504074097,1.421875,54425600
2007-05-21,1.3483456373214722,1.4546879529953003,1.4670310020446777,1.433750033378601,1.4371880292892456,94963200
2007-05-22,1.3499380350112915,1.4564059972763062,1.4704689979553223,1.4454690217971802,1.4539060592651367,48595200
2007-05-23,1.3380626440048218,1.443593978881836,1.4759379625320435,1.4410940408706665,1.4654690027236938,54054400
2007-05-24,1.3002628087997437,1.4028129577636719,1.4559379816055298,1.3903130292892456,1.439844012260437,123494400
2007-05-25,1.3141664266586304,1.4178129434585571,1.424375057220459,1.4021879434585571,1.407655954360962,52275200
2007-05-29,1.3309664726257324,1.4359380006790161,1.4418749809265137,1.4145309925079346,1.421718955039978,60640000
2007-05-30,1.3545725345611572,1.4614059925079346,1.4628130197525024,1.409999966621399,1.415781021118164,72908800
2007-05-31,1.371662974357605,1.4798439741134644,1.4815629720687866,1.4628130197525024,1.4682810306549072,60012800
2007-06-01,1.3705042600631714,1.4785939455032349,1.4959379434585571,1.472499966621399,1.4854689836502075,51859200
2007-06-04,1.3744146823883057,1.4828130006790161,1.4879690408706665,1.4639060497283936,1.4671880006790161,35552000
2007-06-05,1.3762973546981812,1.4848439693450928,1.4848439693450928,1.4564059972763062,1.475000023841858,86380800
2007-06-06,1.3448700904846191,1.4509379863739014,1.471094012260437,1.445937991142273,1.4698439836502075,93094400
2007-06-07,1.2999732494354248,1.402500033378601,1.4634380340576172,1.402500033378601,1.444530963897705,156672000
2007-06-08,1.3348759412765503,1.4401559829711914,1.4426560401916504,1.3960939645767212,1.4075000286102295,104294400
2007-06-11,1.3295179605484009,1.4343750476837158,1.4574999809265137,1.4318749904632568,1.4404690265655518,55513600
2007-06-12,1.3115593194961548,1.4149999618530273,1.447031021118164,1.4126559495925903,1.4184379577636719,96966400
2007-06-13,1.3374837636947632,1.4429689645767212,1.450780987739563,1.4190629720687866,1.426563024520874,89619200
2007-06-14,1.3610906600952148,1.4684380292892456,1.475000023841858,1.4542189836502075,1.4542189836502075,51564800
2007-06-15,1.3867247104644775,1.496093988418579,1.5007810592651367,1.4812500476837158,1.4812500476837158,42892800
2007-06-18,1.385276436805725,1.4945310354232788,1.501405954360962,1.4885940551757812,1.4993749856948853,30707200
2007-06-19,1.3835382461547852,1.4926559925079346,1.5004689693450928,1.4789060354232788,1.4856250286102295,49184000
2007-06-20,1.3587734699249268,1.4659379720687866,1.5032809972763062,1.462499976158142,1.4940630197525024,69433600
2007-06-21,1.384263277053833,1.4934380054473877,1.4956250190734863,1.4518749713897705,1.466405987739563,97856000
2007-06-22,1.357180118560791,1.4642189741134644,1.4900000095367432,1.454530954360962,1.4824999570846558,127193600
2007-06-25,1.350517749786377,1.457031011581421,1.4801559448242188,1.4348440170288086,1.4660940170288086,94553600
2007-06-26,1.3353108167648315,1.4406249523162842,1.4635939598083496,1.4296879768371582,1.4635939598083496,103520000
2007-06-27,1.3657253980636597,1.473438024520874,1.4784380197525024,1.4273439645767212,1.4293750524520874,100000000
2007-06-28,1.3692010641098022,1.477187991142273,1.4957809448242188,1.472656011581421,1.4742189645767212,84198400
2007-06-29,1.3777451515197754,1.4864059686660767,1.4979690313339233,1.4571880102157593,1.491405963897705,98572800
2007-07-02,1.3952703475952148,1.5053130388259888,1.5068750381469727,1.4850000143051147,1.486719012260437,60780800
2007-07-03,1.411345362663269,1.522655963897705,1.5228129625320435,1.5067189931869507,1.5107810497283936,37523200
2007-07-05,1.4274213314056396,1.5399999618530273,1.5512499809265137,1.5214060544967651,1.5228129625320435,69324800
2007-07-06,1.4446558952331543,1.558593988418579,1.5596879720687866,1.5345309972763062,1.5484379529953003,49600000
2007-07-09,1.4459588527679443,1.559999942779541,1.565000057220459,1.548280954360962,1.557813048362732,41664000
2007-07-10,1.4223519563674927,1.5345309972763062,1.5596879720687866,1.5309380292892456,1.5453130006790161,69132800
2007-07-11,1.4463938474655151,1.5604690313339233,1.5604690313339233,1.5231250524520874,1.5264060497283936,72134400
2007-07-12,1.4837590456008911,1.600780963897705,1.607030987739563,1.5604690313339233,1.562656044960022,63712000
2007-07-13,1.5056283473968506,1.6243749856948853,1.6265629529953003,1.6015629768371582,1.6043750047683716,59699200
2007-07-16,1.5040347576141357,1.622655987739563,1.634531021118164,1.6129690408706665,1.621093988418579,57894400
2007-07-17,1.5190969705581665,1.6389060020446777,1.6471879482269287,1.6228129863739014,1.6254689693450928,52633600
2007-07-18,1.5206902027130127,1.640625,1.640625,1.6040630340576172,1.6242189407348633,82022400
2007-07-19,1.5273525714874268,1.6478129625320435,1.6696879863739014,1.6454689502716064,1.6551560163497925,63494400
2007-07-20,1.5144625902175903,1.6339060068130493,1.6503130197525024,1.6106250286102295,1.6459380388259888,92166400
2007-07-23,1.5120009183883667,1.631250023841858,1.645313024520874,1.621093988418579,1.6390630006790161,62291200
2007-07-24,1.4708693027496338,1.5868749618530273,1.632030963897705,1.564687967300415,1.6060940027236938,145600000
2007-07-25,1.4728972911834717,1.589063048362732,1.603281021118164,1.5657809972763062,1.597656011581421,100384000
2007-07-26,1.4403108358383179,1.553905963897705,1.5893750190734863,1.5004689693450928,1.580469012260437,212934400
2007-07-27,1.382959246635437,1.4920309782028198,1.5682810544967651,1.4920309782028198,1.5528130531311035,217145600
2007-07-30,1.4219181537628174,1.5340629816055298,1.5420310497283936,1.4948439598083496,1.5112500190734863,214092800
2007-07-31,1.3613801002502441,1.46875,1.5571880340576172,1.4612499475479126,1.555469036102295,228902400
2007-08-01,1.3778905868530273,1.486562967300415,1.4895310401916504,1.4329689741134644,1.4582810401916504,324076800
2007-08-02,1.4051185846328735,1.5159380435943604,1.519531011581421,1.480625033378601,1.4921879768371582,120908800
2007-08-03,1.3493589162826538,1.4557809829711914,1.5134379863739014,1.4375,1.509374976158142,161267200
2007-08-06,1.3758625984191895,1.484375,1.4918750524520874,1.432813048362732,1.459218978881836,187257600
2007-08-07,1.3928072452545166,1.5026559829711914,1.5078129768371582,1.4590630531311035,1.4807809591293335,139993600
2007-08-08,1.4336493015289307,1.546718955039978,1.556249976158142,1.515625,1.5235940217971802,137734400
2007-08-09,1.3621037006378174,1.4695310592651367,1.550624966621399,1.4600000381469727,1.528905987739563,223526400
2007-08-10,1.3364695310592651,1.4418749809265137,1.4785939455032349,1.4056249856948853,1.4410940408706665,273875200
2007-08-13,1.3538486957550049,1.4606250524520874,1.4807809591293335,1.457031011581421,1.4714059829711914,117228800
2007-08-14,1.3106905221939087,1.4140629768371582,1.4723440408706665,1.412500023841858,1.465000033378601,161376000
2007-08-15,1.2621732950210571,1.361719012260437,1.4315630197525024,1.356874942779541,1.4065630435943604,190828800
2007-08-16,1.2332080602645874,1.330469012260437,1.3606250286102295,1.2715630531311035,1.3501559495925903,437721600
2007-08-17,1.2770906686782837,1.3778129816055298,1.3995310068130493,1.3407809734344482,1.3609379529953003,189926400
2007-08-20,1.2853455543518066,1.386718988418579,1.4046880006790161,1.3673440217971802,1.392969012260437,153952000
2007-08-21,1.3215521574020386,1.425781011581421,1.4287500381469727,1.3849999904632568,1.3926559686660767,120620800
2007-08-22,1.3524011373519897,1.4590630531311035,1.4629689455032349,1.4378130435943604,1.4401559829711914,110560000
2007-08-23,1.3468971252441406,1.453125,1.4740630388259888,1.4353129863739014,1.46875,138361600
2007-08-24,1.3867247104644775,1.496093988418579,1.4968750476837158,1.441406011581421,1.4462499618530273,93126400
2007-08-27,1.3594974279403687,1.4667190313339233,1.493749976158142,1.4659379720687866,1.485780954360962,72812800
2007-08-28,1.3012765645980835,1.403905987739563,1.4684380292892456,1.4034379720687866,1.459375023841858,178016000
2007-08-29,1.3728216886520386,1.4810940027236938,1.484531044960022,1.4215630292892456,1.4226560592651367,131680000
2007-08-30,1.3939658403396606,1.503906011581421,1.5231250524520874,1.461719036102295,1.4760940074920654,196979200
2007-08-31,1.4182969331741333,1.5301560163497925,1.5437500476837158,1.5160939693450928,1.53125,143507200
2007-09-04,1.4678285121917725,1.5835939645767212,1.602344036102295,1.5387500524520874,1.5387500524520874,119251200
2007-09-05,1.4375600814819336,1.5509380102157593,1.5835939645767212,1.5307810306549072,1.5835939645767212,164499200
2007-09-06,1.4337940216064453,1.546875,1.5607810020446777,1.527500033378601,1.5557810068130493,128972800
2007-09-07,1.3864349126815796,1.4957809448242188,1.5139060020446777,1.4721879959106445,1.5110939741134644,201273600
2007-09-10,1.384263277053833,1.4934380054473877,1.5209380388259888,1.4635939598083496,1.5137499570846558,178432000
2007-09-11,1.4193109273910522,1.53125,1.5348440408706665,1.5015629529953003,1.5054689645767212,141196800
2007-09-12,1.4255387783050537,1.5379689931869507,1.5579689741134644,1.521718978881836,1.5257810354232788,114886400
2007-09-13,1.4317668676376343,1.5446879863739014,1.5557810068130493,1.53125,1.553905963897705,111219200
2007-09-14,1.4316213130950928,1.544530987739563,1.5535939931869507,1.5175000429153442,1.5234379768371582,86931200
2007-09-17,1.4075798988342285,1.5185940265655518,1.5401560068130493,1.509374976158142,1.5323439836502075,100806400
2007-09-18,1.4810080528259277,1.5978130102157593,1.600780963897705,1.524062991142273,1.5390629768371582,165324800
2007-09-19,1.489842176437378,1.6073440313339233,1.6332809925079346,1.5948439836502075,1.6165629625320435,145990400
2007-09-20,1.4802830219268799,1.5970309972763062,1.611875057220459,1.5901559591293335,1.5996880531311035,96998400
2007-09-21,1.4982421398162842,1.616405963897705,1.6293749809265137,1.6087499856948853,1.6142189502716064,74963200
2007-09-24,1.5144625902175903,1.6339060068130493,1.6570310592651367,1.6176559925079346,1.6254689693450928,102547200
2007-09-25,1.5408214330673218,1.662343978881836,1.6649999618530273,1.6184380054473877,1.6195310354232788,82636800
2007-09-26,1.5545804500579834,1.6771880388259888,1.6929689645767212,1.6670310497283936,1.6799999475479126,99923200
2007-09-27,1.5750011205673218,1.699218988418579,1.7009379863739014,1.6832809448242188,1.700780987739563,71392000
2007-09-28,1.5655876398086548,1.6890629529953003,1.7034380435943604,1.6707810163497925,1.6964060068130493,90483200
2007-10-01,1.592380166053772,1.7179689407348633,1.734218955039978,1.6915630102157593,1.6917190551757812,89824000
2007-10-02,1.596001148223877,1.7218749523162842,1.7268749475479126,1.705625057220459,1.722656011581421,72844800
2007-10-03,1.571380376815796,1.6953129768371582,1.7276560068130493,1.6906249523162842,1.714843988418579,78572800
2007-10-04,1.578621506690979,1.703125,1.7104690074920654,1.6799999475479126,1.706874966621399,70720000
2007-10-05,1.6516141891479492,1.7818750143051147,1.7818750143051147,1.7270309925079346,1.7323440313339233,120684800
2007-10-08,1.6640701293945312,1.7953130006790161,1.7981250286102295,1.7689059972763062,1.7743749618530273,80102400
2007-10-09,1.6828972101211548,1.8156249523162842,1.8184380531311035,1.7910939455032349,1.806406021118164,99353600
2007-10-10,1.6923110485076904,1.825780987739563,1.825780987739563,1.801563024520874,1.8129689693450928,102982400
2007-10-11,1.6430695056915283,1.772655963897705,1.8501559495925903,1.7376559972763062,1.841405987739563,207078400
2007-10-12,1.69057297706604,1.8239059448242188,1.8239059448242188,1.7723439931869507,1.7804689407348633,105504000
2007-10-15,1.6623324155807495,1.7934379577636719,1.8310940265655518,1.7646880149841309,1.8248440027236938,119532800
2007-10-16,1.6546554565429688,1.785156011581421,1.8032809495925903,1.764219045639038,1.772655963897705,129670400
2007-10-17,1.6899940967559814,1.8232810497283936,1.828281044960022,1.763124942779541,1.8250000476837158,154982400
2007-10-18,1.7014354467391968,1.8356250524520874,1.8431249856948853,1.792188048362732,1.806249976158142,142662400
2007-10-19,1.6200424432754517,1.7478129863739014,1.8357809782028198,1.7420309782028198,1.8356250524520874,293971200
2007-10-22,1.6542218923568726,1.7846879959106445,1.7881250381469727,1.7167190313339233,1.7215629816055298,272115200
2007-10-23,1.711573600769043,1.8465629816055298,1.8609379529953003,1.8037500381469727,1.8206249475479126,173945600
2007-10-24,1.7010005712509155,1.835155963897705,1.8428130149841309,1.752500057220459,1.828281044960022,341177600
2007-10-25,1.6817388534545898,1.8143750429153442,1.844688057899475,1.761718988418579,1.8359379768371582,259436800
2007-10-26,1.7028837203979492,1.8371880054473877,1.8601560592651367,1.8082809448242188,1.8509379625320435,192032000
2007-10-29,1.7195385694503784,1.8551559448242188,1.8670309782028198,1.8359379768371582,1.8565629720687866,182022400
2007-10-30,1.719828486442566,1.855468988418579,1.8821879625320435,1.8387500047683716,1.8431249856948853,148761600
2007-10-31,1.7737044095993042,1.9135940074920654,1.917968988418579,1.8426560163497925,1.8718750476837158,211872000
2007-11-01,1.7205525636672974,1.8562500476837158,1.901563048362732,1.842344045639038,1.890625,318470400
2007-11-02,1.7388010025024414,1.875938057899475,1.878749966621399,1.816406011581421,1.8692189455032349,273952000
2007-11-05,1.717656135559082,1.853124976158142,1.8690630197525024,1.8143750429153442,1.8520309925079346,210304000
2007-11-06,1.745897650718689,1.883594036102295,1.8879690170288086,1.8278130292892456,1.875938057899475,196921600
2007-11-07,1.6642147302627563,1.795469045639038,1.8804689645767212,1.7901560068130493,1.8409379720687866,251430400
2007-11-08,1.545311689376831,1.667188048362732,1.801563024520874,1.6262500286102295,1.801563024520874,478278400
2007-11-09,1.4574006795883179,1.5723439455032349,1.651563048362732,1.5703129768371582,1.620313048362732,403564800
2007-11-12,1.3809317350387573,1.4898439645767212,1.587499976158142,1.4874999523162842,1.566406011581421,346969600
2007-11-13,1.4927382469177246,1.6104689836502075,1.618749976158142,1.531093955039978,1.5384379625320435,286867200
2007-11-14,1.4724628925323486,1.5885939598083496,1.660156011581421,1.5612499713897705,1.660156011581421,293459200
2007-11-15,1.4446558952331543,1.558593988418579,1.6020309925079346,1.5284379720687866,1.566249966621399,276947200
2007-11-16,1.4730422496795654,1.5892189741134644,1.5970309972763062,1.526563048362732,1.578125,282041600
2007-11-19,1.4355318546295166,1.5487500429153442,1.5950000286102295,1.5304689407348633,1.5707809925079346,321907200
2007-11-20,1.4462494850158691,1.5603129863739014,1.6145310401916504,1.4995310306549072,1.5703129768371582,462284800
2007-11-21,1.4019317626953125,1.5125000476837158,1.5759379863739014,1.4943749904632568,1.5340629816055298,405222400
2007-11-23,1.436110496520996,1.549375057220459,1.5615630149841309,1.5257810354232788,1.546875,116320000
2007-11-26,1.3975872993469238,1.5078129768371582,1.587656021118164,1.496093988418579,1.5701559782028198,315123200
2007-11-27,1.4407458305358887,1.5543750524520874,1.5654690265655518,1.5081249475479126,1.5295310020446777,361331200
2007-11-28,1.527207374572754,1.647655963897705,1.6676559448242188,1.5940630435943604,1.6009379625320435,313740800
2007-11-29,1.5387935638427734,1.660156011581421,1.6795309782028198,1.6325000524520874,1.640625,288147200
2007-11-30,1.5273525714874268,1.6478129625320435,1.732030987739563,1.6206250190734863,1.732030987739563,439148800
2007-12-03,1.4994003772735596,1.6176559925079346,1.6570310592651367,1.6120309829711914,1.6290630102157593,186739200
2007-12-04,1.4850633144378662,1.602187991142273,1.618906021118164,1.5840630531311035,1.5907809734344482,284204800
2007-12-05,1.5376347303390503,1.6589059829711914,1.6707810163497925,1.6326559782028198,1.645313024520874,294969600
2007-12-06,1.5719597339630127,1.695937991142273,1.7090630531311035,1.660938024520874,1.6706249713897705,244672000
2007-12-07,1.5825321674346924,1.7073440551757812,1.7265629768371582,1.689844012260437,1.7265629768371582,246080000
2007-12-10,1.5918011665344238,1.717344045639038,1.7293750047683716,1.7060940265655518,1.7100000381469727,188812800
2007-12-11,1.5231519937515259,1.6432809829711914,1.7407809495925903,1.634374976158142,1.722656011581421,340819200
2007-12-12,1.5435733795166016,1.6653130054473877,1.7096879482269287,1.6124999523162842,1.6879689693450928,303686400
2007-12-13,1.5208351612091064,1.640781044960022,1.658750057220459,1.617812991142273,1.640468955039978,317657600
2007-12-14,1.4975180625915527,1.615625023841858,1.6570310592651367,1.6142189502716064,1.6256250143051147,254803200
2007-12-17,1.4288700819015503,1.5415630340576172,1.6135940551757812,1.5367189645767212,1.6084380149841309,345606400
2007-12-18,1.431476354598999,1.544374942779541,1.570937991142273,1.503749966621399,1.570937991142273,362284800
2007-12-19,1.4446558952331543,1.558593988418579,1.564844012260437,1.529844045639038,1.545469045639038,329580800
2007-12-20,1.5044496059417725,1.5403130054473877,1.5415630340576172,1.4859379529953003,1.511718988418579,328115200
2007-12-21,1.5566425323486328,1.59375,1.59375,1.5657809972763062,1.5723439455032349,217875200
2007-12-24,1.574955701828003,1.6124999523162842,1.622499942779541,1.5881249904632568,1.5881249904632568,62067200
2007-12-26,1.5909799337387085,1.628906011581421,1.6349999904632568,1.5948439836502075,1.6082810163497925,111123200
2007-12-27,1.5467228889465332,1.5835939645767212,1.626405954360962,1.5778130292892456,1.6176559925079346,156108800
2007-12-28,1.542449951171875,1.5792189836502075,1.604688048362732,1.5609380006790161,1.5981249809265137,190265600
2007-12-31,1.5142172574996948,1.5503129959106445,1.5810940265655518,1.5462499856948853,1.562656044960022,148998400
2008-01-02,1.4658383131027222,1.5007810592651367,1.5625,1.4815629720687866,1.553125023841858,474828800
2008-01-03,1.4742318391799927,1.509374976158142,1.518125057220459,1.4823440313339233,1.497655987739563,330675200
2008-01-04,1.3466486930847168,1.378749966621399,1.4620310068130493,1.367969036102295,1.460155963897705,620403200
2008-01-07,1.3292512893676758,1.3609379529953003,1.3885940313339233,1.322031021118164,1.3795310258865356,848998400
2008-01-08,1.2680529356002808,1.298280954360962,1.3970309495925903,1.2940629720687866,1.3681249618530273,790464000
2008-01-09,1.3086481094360352,1.339843988418579,1.3506250381469727,1.2684379816055298,1.3004690408706665,1060332800
2008-01-10,1.3094110488891602,1.3406250476837158,1.3743749856948853,1.3129689693450928,1.321094036102295,1146156800
2008-01-11,1.2732418775558472,1.3035939931869507,1.3406250476837158,1.278905987739563,1.3406250476837158,668806400
2008-01-14,1.3065110445022583,1.337656021118164,1.350000023841858,1.3125,1.3284380435943604,574457600
2008-01-15,1.246840476989746,1.276563048362732,1.3224999904632568,1.2581249475479126,1.3132810592651367,679347200
2008-01-16,1.2102137804031372,1.239063024520874,1.288280963897705,1.209375023841858,1.249843955039978,968864000
2008-01-17,1.176944375038147,1.2050000429153442,1.2698440551757812,1.1956249475479126,1.252500057220459,962131200
2008-01-18,1.1705344915390015,1.198438048362732,1.2450000047683716,1.1829689741134644,1.221250057220459,866348800
2008-01-22,1.1068947315216064,1.1332809925079346,1.1714060306549072,1.0523439645767212,1.0712499618530273,1192723200
2008-01-23,1.116661548614502,1.1432809829711914,1.1462500095367432,1.0082809925079346,1.0575000047683716,1652576000
2008-01-24,1.1491690874099731,1.176563024520874,1.1790629625320435,1.1337499618530273,1.144374966621399,814208000
2008-01-25,1.0988062620162964,1.125,1.227187991142273,1.123594045639038,1.227187991142273,944288000
2008-01-28,1.1155943870544434,1.1421879529953003,1.151563048362732,1.107969045639038,1.1279690265655518,713836800
2008-01-29,1.1207826137542725,1.1475000381469727,1.1635940074920654,1.1309380531311035,1.1590629816055298,500620800
2008-01-30,1.1194090843200684,1.1460939645767212,1.196874976158142,1.1376559734344482,1.140625,832857600
2008-01-31,1.145353078842163,1.1726560592651367,1.209375023841858,1.117812991142273,1.1198439598083496,986067200
2008-02-01,1.1827436685562134,1.2109379768371582,1.224843978881836,1.1735939979553223,1.203281044960022,750764800
2008-02-04,1.141385793685913,1.1685940027236938,1.2118749618530273,1.165624976158142,1.2096879482269287,466259200
2008-02-05,1.0870556831359863,1.1129690408706665,1.158437967300415,1.107030987739563,1.134531021118164,784569600
2008-02-06,1.0408141613006592,1.0656249523162842,1.1351560354232788,1.0575000047683716,1.1214059591293335,638035200
2008-02-07,1.0621799230575562,1.087499976158142,1.1139060258865356,1.0332809686660767,1.040781021118164,1040883200
2008-02-08,1.0759153366088867,1.1015629768371582,1.113281011581421,1.0717190504074097,1.084375023841858,685952000
2008-02-11,1.100027084350586,1.1262500286102295,1.1360939741134644,1.1017190217971802,1.1159379482269287,561113600
2008-02-12,1.0919394493103027,1.117969036102295,1.1551560163497925,1.0993750095367432,1.140781044960022,661849600
2008-02-13,1.1308555603027344,1.1578129529953003,1.167968988418579,1.1318750381469727,1.1410939693450928,470393600
2008-02-14,1.0951439142227173,1.121250033378601,1.1662499904632568,1.1176559925079346,1.1662499904632568,708710400
2008-02-15,1.091176152229309,1.1171879768371582,1.1214059591293335,1.0956250429153442,1.1100000143051147,494227200
2008-02-19,1.080798864364624,1.1065629720687866,1.146875023841858,1.0857809782028198,1.142969012260437,607513600
2008-02-20,1.090718150138855,1.1167190074920654,1.126405954360962,1.0846879482269287,1.085155963897705,685689600
2008-02-21,1.0740840435028076,1.0996880531311035,1.1442190408706665,1.0889060497283936,1.1390630006790161,594752000
2008-02-22,1.083545446395874,1.109375,1.109375,1.0603129863739014,1.1048439741134644,707392000
2008-02-25,1.0879707336425781,1.1139060258865356,1.1245310306549072,1.0881249904632568,1.1028130054473877,601376000
2008-02-26,1.09804368019104,1.1242189407348633,1.1457810401916504,1.089843988418579,1.1029690504074097,669926400
2008-02-27,1.1050631999969482,1.1314059495925903,1.1437499523162842,1.1043750047683716,1.109218955039978,607328000
2008-02-28,1.0812556743621826,1.107030987739563,1.146718978881836,1.107030987739563,1.1265629529953003,550195200
2008-02-29,1.0490554571151733,1.0740629434585571,1.107969045639038,1.0618749856948853,1.1014059782028198,793939200
2008-03-03,1.0263152122497559,1.050781011581421,1.0682810544967651,1.032188057899475,1.0651559829711914,770668800
2008-03-04,1.0347089767456055,1.0593750476837158,1.0698440074920654,1.0207810401916504,1.0385940074920654,1067334400
2008-03-05,1.0545494556427002,1.0796879529953003,1.09375,1.0567189455032349,1.0684380531311035,991846400
2008-03-06,1.0008296966552734,1.0246880054473877,1.0815629959106445,1.0221879482269287,1.0726560354232788,798937600
2008-03-07,0.9954884052276611,1.0192190408706665,1.049062967300415,0.989063024520874,1.0140630006790161,1026643200
2008-03-10,0.9558093547821045,0.9785940051078796,1.0248440504074097,0.9784380197525024,1.0192190408706665,865478400
2008-03-11,1.0424925088882446,1.0673439502716064,1.068750023841858,0.9946879744529724,1.0112500190734863,963321600
2008-03-12,1.022195816040039,1.0465630292892456,1.0859379768371582,1.044530987739563,1.0665630102157593,734310400
2008-03-13,1.03867769241333,1.063438057899475,1.0793750286102295,1.0064059495925903,1.0262500047683716,1361625600
2008-03-14,0.9968616962432861,1.0206249952316284,1.082813024520874,1.002187967300415,1.0824999809265137,1296870400
2008-03-17,0.9712228775024414,0.9943749904632568,1.015468955039978,0.9689059853553772,0.9792190194129944,1173900800
2008-03-18,1.055312156677246,1.080469012260437,1.082813024520874,1.0176559686660767,1.025156021118164,964576000
2008-03-19,1.0026614665985107,1.026563048362732,1.0917190313339233,1.0234379768371582,1.0862499475479126,1051552000
2008-03-20,1.0310465097427368,1.0556249618530273,1.066406011581421,1.0192190408706665,1.0318750143051147,781843200
2008-03-24,1.1155943870544434,1.1421879529953003,1.1481250524520874,1.0748440027236938,1.0754690170288086,675667200
2008-03-25,1.1239873170852661,1.1507810354232788,1.163280963897705,1.1239060163497925,1.1440629959106445,666425600
2008-03-26,1.1018586158752441,1.1281249523162842,1.152500033378601,1.1200000047683716,1.1442190408706665,616620800
2008-03-27,1.0792717933654785,1.1050000190734863,1.1354689598083496,1.09375,1.131093978881836,647513600
2008-03-28,1.0629425048828125,1.0882810354232788,1.127500057220459,1.0754690170288086,1.114063024520874,655161600
2008-03-31,1.0675218105316162,1.0929689407348633,1.109375,1.0823440551757812,1.0893750190734863,513881600
2008-04-01,1.1572574377059937,1.1848440170288086,1.1906249523162842,1.128906011581421,1.132030963897705,625817600
2008-04-02,1.165192723274231,1.1929689645767212,1.2104690074920654,1.1665630340576172,1.1918749809265137,643724800
2008-04-03,1.167176604270935,1.1950000524520874,1.204063057899475,1.1645309925079346,1.1675000190734863,605100800
2008-04-04,1.1729763746261597,1.2009379863739014,1.2265629768371582,1.177968978881836,1.2010940313339233,755507200
2008-04-07,1.1664139032363892,1.1942189931869507,1.2295310497283936,1.1904690265655518,1.2145309448242188,670982400
2008-04-08,1.1560362577438354,1.183593988418579,1.1939059495925903,1.165781021118164,1.1785939931869507,531545600
2008-04-09,1.1308555603027344,1.1578129529953003,1.181406021118164,1.1375000476837158,1.1792190074920654,801152000
2008-04-10,1.1577153205871582,1.1853129863739014,1.199218988418579,1.1534379720687866,1.1534379720687866,785804800
2008-04-11,1.0956019163131714,1.1217190027236938,1.1607810258865356,1.110780954360962,1.1565630435943604,1047289600
2008-04-14,1.0797302722930908,1.105468988418579,1.1279690265655518,1.1026560068130493,1.115468978881836,834406400
2008-04-15,1.0812556743621826,1.107030987739563,1.121093988418579,1.0879689455032349,1.117969036102295,934470400
2008-04-16,1.1612242460250854,1.188905954360962,1.1895309686660767,1.136718988418579,1.1385940313339233,908249600
2008-04-17,1.1636666059494019,1.191406011581421,1.196874976158142,1.1528129577636719,1.1751559972763062,775168000
2008-04-18,1.210060477256775,1.2389060258865356,1.252344012260437,1.216249942779541,1.2317190170288086,1033152000
2008-04-21,1.2262376546859741,1.2554689645767212,1.2601560354232788,1.2298439741134644,1.2351560592651367,628748800
2008-04-22,1.2025827169418335,1.2312500476837158,1.2445310354232788,1.199218988418579,1.240625023841858,728972800
2008-04-23,1.2154022455215454,1.2443749904632568,1.2582809925079346,1.225780963897705,1.2384380102157593,718752000
2008-04-24,1.2318840026855469,1.2612500190734863,1.2973439693450928,1.2231249809265137,1.250938057899475,963091200
2008-04-25,1.233104944229126,1.2625000476837158,1.2737499475479126,1.232030987739563,1.2728129625320435,660928000
2008-04-28,1.2373778820037842,1.2668750286102295,1.2878129482269287,1.2623440027236938,1.2690629959106445,462329600
2008-04-29,1.2526394128799438,1.2825000286102295,1.2956249713897705,1.258437991142273,1.2615629434585571,662572800
2008-04-30,1.2338680028915405,1.263280987739563,1.3115630149841309,1.2559380531311035,1.2928129434585571,844825600
2008-05-01,1.3110899925231934,1.342344045639038,1.346250057220459,1.2646880149841309,1.2646880149841309,1120076800
2008-05-02,1.3254348039627075,1.357030987739563,1.3715629577636719,1.3254690170288086,1.3715629577636719,1012832000
2008-05-05,1.3083425760269165,1.3395309448242188,1.363281011581421,1.328281044960022,1.3465629816055298,642604800
2008-05-06,1.3370336294174194,1.368906021118164,1.368906021118164,1.3143750429153442,1.3321880102157593,889068800
2008-05-07,1.2849926948547363,1.3156249523162842,1.3734380006790161,1.2987500429153442,1.3582810163497925,1013568000
2008-05-08,1.286671757698059,1.3173439502716064,1.34375,1.3095309734344482,1.3190629482269287,1090342400
2008-05-09,1.2859090566635132,1.3165630102157593,1.3300000429153442,1.2995309829711914,1.3056249618530273,889708800
2008-05-12,1.3339810371398926,1.3657809495925903,1.3696880340576172,1.3159379959106445,1.3203129768371582,755699200
2008-05-13,1.3417646884918213,1.3737499713897705,1.377344012260437,1.3457809686660767,1.3665629625320435,888793600
2008-05-14,1.3306243419647217,1.3623440265655518,1.410156011581421,1.3606250286102295,1.382030963897705,893184000
2008-05-15,1.3826647996902466,1.415624976158142,1.415624976158142,1.3578130006790161,1.3651560544967651,880646400
2008-05-16,1.3826647996902466,1.415624976158142,1.4201560020446777,1.3832809925079346,1.4187500476837158,776800000
2008-05-19,1.3692351579666138,1.4018750190734863,1.4404690265655518,1.3770309686660767,1.4168750047683716,1040748800
2008-05-20,1.3443589210510254,1.376405954360962,1.3842190504074097,1.352344036102295,1.383437991142273,926176000
2008-05-21,1.2891137599945068,1.3198440074920654,1.3917189836502075,1.303905963897705,1.375938057899475,1023104000
2008-05-22,1.286520004272461,1.317188024520874,1.339063048362732,1.308750033378601,1.3184380531311035,946060800
2008-05-23,1.2822465896606445,1.3128130435943604,1.3212499618530273,1.292188048362732,1.3117189407348633,738931200
2008-05-27,1.3255882263183594,1.3571879863739014,1.3621879816055298,1.3174999952316284,1.3181250095367432,792563200
2008-05-28,1.3410018682479858,1.3729690313339233,1.375938057899475,1.3432810306549072,1.372499942779541,839865600
2008-05-29,1.3654197454452515,1.3979690074920654,1.4093749523162842,1.3698439598083496,1.3709379434585571,882828800
2008-05-30,1.3811395168304443,1.4140629768371582,1.424219012260437,1.3975000381469727,1.4046880006790161,730227200
2008-06-02,1.3501585721969604,1.3823440074920654,1.40625,1.3524999618530273,1.4057810306549072,987193600
2008-06-03,1.333677053451538,1.365468978881836,1.4046880006790161,1.336719036102295,1.3873440027236938,1074073600
2008-06-04,1.356415867805481,1.3887499570846558,1.415624976158142,1.3518749475479126,1.353281021118164,982099200
2008-06-05,1.4076929092407227,1.441249966621399,1.446094036102295,1.3937499523162842,1.4021879434585571,902118400
2008-06-06,1.3144471645355225,1.3457809686660767,1.422813057899475,1.3457809686660767,1.4167189598083496,1139174400
2008-06-09,1.3118529319763184,1.3431249856948853,1.3623440265655518,1.294374942779541,1.3581249713897705,1036710400
2008-06-10,1.294759750366211,1.325624942779541,1.3485939502716064,1.3071880340576172,1.3135939836502075,933209600
2008-06-11,1.2353942394256592,1.2648439407348633,1.3259379863739014,1.261718988418579,1.3221880197525024,1009939200
2008-06-12,1.2376840114593506,1.2671879529953003,1.3026560544967651,1.2426559925079346,1.28125,923110400
2008-06-13,1.2840778827667236,1.314687967300415,1.3203129768371582,1.2671879529953003,1.2807810306549072,803302400
2008-06-16,1.3025437593460083,1.3335939645767212,1.3506250381469727,1.2996879816055298,1.302968978881836,713766400
2008-06-17,1.2961336374282837,1.3270310163497925,1.3529690504074097,1.3204690217971802,1.3471879959106445,659014400
2008-06-18,1.2674425840377808,1.2976560592651367,1.319530963897705,1.2853130102157593,1.3089059591293335,866617600
2008-06-19,1.3033065795898438,1.334375023841858,1.3495310544967651,1.2737499475479126,1.290781021118164,1059968000
2008-06-20,1.239209771156311,1.2687499523162842,1.315000057220459,1.252344012260437,1.314687967300415,1279577600
2008-06-23,1.2115870714187622,1.240468978881836,1.2817189693450928,1.239063024520874,1.2743749618530273,924038400
2008-06-24,1.203999638557434,1.2321879863739014,1.2606250047683716,1.2103129625320435,1.2323440313339233,938208000
2008-06-25,1.2299537658691406,1.2587499618530273,1.293125033378601,1.2378129959106445,1.2417190074920654,971648000
2008-06-26,1.1429293155670166,1.1696879863739014,1.2242189645767212,1.1664060354232788,1.2221879959106445,1457721600
2008-06-27,1.1461352109909058,1.1729689836502075,1.1799999475479126,1.1328129768371582,1.1665630340576172,1126060800
2008-06-30,1.1198749542236328,1.1460939645767212,1.1771880388259888,1.1421879529953003,1.160938024520874,830841600
2008-07-01,1.1491883993148804,1.1760940551757812,1.1773439645767212,1.117969036102295,1.1254689693450928,1242892800
2008-07-02,1.0928518772125244,1.1184380054473877,1.1918749809265137,1.1150000095367432,1.1815630197525024,1203097600
2008-07-03,1.0870494842529297,1.1124999523162842,1.1360939741134644,1.0964059829711914,1.1321879625320435,739436800
2008-07-07,1.1035388708114624,1.1293749809265137,1.1553130149841309,1.094688057899475,1.1360939741134644,1230918400
2008-07-08,1.1426231861114502,1.169374942779541,1.1826560497283936,1.121250033378601,1.131250023841858,1523456000
2008-07-09,1.0991113185882568,1.124843955039978,1.1846879720687866,1.1174999475479126,1.1795309782028198,1279372800
2008-07-10,1.1180431842803955,1.1442190408706665,1.1514060497283936,1.0993750095367432,1.1221879720687866,1150080000
2008-07-11,1.083538293838501,1.1089060306549072,1.1439059972763062,1.0731250047683716,1.121250033378601,1525894400
2008-07-14,1.0678129196166992,1.0928130149841309,1.1393749713897705,1.084375023841858,1.1375000476837158,1135936000
2008-07-15,1.063232183456421,1.0881249904632568,1.1260939836502075,1.0459380149841309,1.0798439979553223,1623366400
2008-07-16,1.1140731573104858,1.1401560306549072,1.1475000381469727,1.0768749713897705,1.0967190265655518,1204550400
2008-07-17,1.1093405485153198,1.1353130340576172,1.1703130006790161,1.1278129816055298,1.1578129529953003,1253017600
2008-07-18,1.09529447555542,1.1209379434585571,1.1364059448242188,1.1123440265655518,1.1364059448242188,938035200
2008-07-21,1.0962107181549072,1.1218750476837158,1.1385940313339233,1.1037499904632568,1.1290630102157593,710099200
2008-07-22,1.09529447555542,1.1209379434585571,1.1209379434585571,1.0724999904632568,1.080312967300415,1166649600
2008-07-23,1.1203333139419556,1.1465630531311035,1.172031044960022,1.114063024520874,1.1198439598083496,1333984000
2008-07-24,1.0820115804672241,1.1073440313339233,1.157655954360962,1.1015629768371582,1.1575000286102295,1001952000
2008-07-25,1.111019492149353,1.1370309591293335,1.1507810354232788,1.1151560544967651,1.1257810592651367,740652800
2008-07-28,1.0772783756256104,1.1024999618530273,1.1520309448242188,1.0871880054473877,1.140781044960022,948441600
2008-07-29,1.109493613243103,1.1354689598083496,1.1520309448242188,1.105468988418579,1.1074999570846558,920275200
2008-07-30,1.1285771131515503,1.1549999713897705,1.1662499904632568,1.1190630197525024,1.1484379768371582,979865600
2008-07-31,1.1247605085372925,1.1510939598083496,1.1815630197525024,1.1262500286102295,1.1315629482269287,1066112000
2008-08-01,1.0975838899612427,1.1232810020446777,1.1529690027236938,1.0950000286102295,1.151563048362732,961113600
2008-08-04,1.0755985975265503,1.100780963897705,1.1207809448242188,1.0901559591293335,1.1200000047683716,695328000
2008-08-05,1.1417078971862793,1.1684379577636719,1.1726560592651367,1.1165629625320435,1.1193749904632568,883315200
2008-08-06,1.1759072542190552,1.2034380435943604,1.214843988418579,1.1520309448242188,1.169530987739563,861612800
2008-08-07,1.1636931896209717,1.1909379959106445,1.216405987739563,1.1770310401916504,1.1904690265655518,841401600
2008-08-08,1.2093428373336792,1.2376559972763062,1.246093988418579,1.1809380054473877,1.1859380006790161,954188800
2008-08-11,1.2320923805236816,1.260938048362732,1.2904690504074097,1.2309379577636719,1.2396880388259888,997164800
2008-08-12,1.2369776964187622,1.2659380435943604,1.2839059829711914,1.25,1.2629690170288086,819052800
2008-08-13,1.2310229539871216,1.2598439455032349,1.2820310592651367,1.2362500429153442,1.2612500190734863,958009600
2008-08-14,1.2604892253875732,1.2899999618530273,1.3001559972763062,1.2489060163497925,1.2507810592651367,985248000
2008-08-15,1.261252522468567,1.290781021118164,1.305469036102295,1.2732809782028198,1.2937500476837158,829344000
2008-08-18,1.2339240312576294,1.2628129720687866,1.292188048362732,1.2360939979553223,1.290781021118164,825510400
2008-08-19,1.2030833959579468,1.2312500476837158,1.2534379959106445,1.2089060544967651,1.2420309782028198,831500800
2008-08-20,1.1962127685546875,1.2242189645767212,1.2506250143051147,1.2087500095367432,1.2409379482269287,1024723200
2008-08-21,1.1820143461227417,1.2096879482269287,1.2264059782028198,1.1903129816055298,1.207813024520874,808377600
2008-08-22,1.2152971029281616,1.243749976158142,1.257030963897705,1.2253129482269287,1.2267190217971802,689868800
2008-08-25,1.17010498046875,1.1974999904632568,1.2328130006790161,1.1892189979553223,1.2289060354232788,795360000
2008-08-26,1.1653721332550049,1.1926560401916504,1.2095309495925903,1.1759380102157593,1.1962499618530273,838393600
2008-08-27,1.1769757270812988,1.204530954360962,1.224843978881836,1.1832809448242188,1.192188024520874,805478400
2008-08-28,1.183388113975525,1.2110940217971802,1.234531044960022,1.2095309495925903,1.2154690027236938,680716800
2008-08-29,1.1462877988815308,1.1731250286102295,1.2064059972763062,1.1642190217971802,1.1995309591293335,879635200
2008-09-02,1.1174325942993164,1.1435940265655518,1.2220309972763062,1.134374976158142,1.2120310068130493,1141542400
2008-09-03,1.0969735383987427,1.122655987739563,1.1493749618530273,1.107030987739563,1.1395310163497925,1236364800
2008-09-04,1.0262850522994995,1.0503129959106445,1.113281011581421,1.0473439693450928,1.109218955039978,1763404800
2008-09-05,1.0227738618850708,1.046718955039978,1.0565630197525024,1.0092190504074097,1.0329689979553223,1602617600
2008-09-08,1.0111701488494873,1.0348440408706665,1.0765630006790161,1.0031249523162842,1.0717190504074097,1637305600
2008-09-09,0.9731541275978088,0.9959380030632019,1.0559380054473877,0.9862499833106995,1.0343749523162842,1255411200
2008-09-10,0.9820088744163513,1.0049999952316284,1.0260939598083496,0.9920309782028198,1.0110939741134644,890912000
2008-09-11,1.0217046737670898,1.0456249713897705,1.0495309829711914,0.9781249761581421,0.9790629744529724,1328108800
2008-09-12,1.0256743431091309,1.0496879816055298,1.050624966621399,1.0125000476837158,1.027343988418579,977753600
2008-09-15,0.9586499333381653,0.9810940027236938,1.0306249856948853,0.9695309996604919,0.9900000095367432,1582764800
2008-09-16,0.9649093151092529,0.987500011920929,1.007030963897705,0.9439060091972351,0.9460939764976501,2132230400
2008-09-17,0.8687242865562439,0.8890630006790161,0.971875011920929,0.885155975818634,0.963280975818634,2326515200
2008-09-18,0.9314730763435364,0.9532809853553772,0.9609379768371582,0.8543750047683716,0.9248440265655518,2372896000
2008-09-19,0.9670472741127014,0.989687979221344,1.046875,0.9704689979553223,1.0434379577636719,1062764800
2008-09-22,0.8939152359962463,0.9148439764976501,1.0007810592651367,0.9140629768371582,0.997655987739563,1072889600
2008-09-23,0.87635737657547,0.8968750238418579,0.9504690170288086,0.8931249976158142,0.9292190074920654,1784864000
2008-09-24,0.8945260643959045,0.9154689908027649,0.9289060235023499,0.895937979221344,0.9070309996604919,1331500800
2008-09-25,0.9036866426467896,0.9248440265655518,0.9631249904632568,0.9189059734344482,0.926563024520874,1528147200
2008-09-26,0.8977320790290833,0.918749988079071,0.9293749928474426,0.8814060091972351,0.8840630054473877,1254144000
2008-09-29,0.7244451642036438,0.7414060235023499,0.8909379839897156,0.731249988079071,0.8845310211181641,2718585600
2008-09-30,0.7997148633003235,0.8184379935264587,0.824999988079071,0.760155975818634,0.7651559710502625,1554534400
2008-10-01,0.7787977457046509,0.7970309853553772,0.8135939836502075,0.7753130197525024,0.8062499761581421,1620377600
2008-10-02,0.7160486578941345,0.7328130006790161,0.7846879959106445,0.7170310020446777,0.7837499976158142,1964652800
2008-10-03,0.6832231879234314,0.6992189884185791,0.7793750166893005,0.6946880221366882,0.7410939931869507,2824569600
2008-10-06,0.6192520260810852,0.6337500214576721,0.6696879863739014,0.5729690194129944,0.6654689908027649,3916358400
2008-10-07,0.5572659969329834,0.5703129768371582,0.6610940098762512,0.5693749785423279,0.6581249833106995,3110828800
2008-10-08,0.5430666208267212,0.5557810068130493,0.6187499761581421,0.5387499928474426,0.5451560020446777,4987097600
2008-10-09,0.501081645488739,0.5128129720687866,0.6026560068130493,0.5060939788818359,0.582813024520874,4425280000
2008-10-10,0.508562445640564,0.5204690098762512,0.5592190027236938,0.455469012260437,0.49265599250793457,4740928000
2008-10-13,0.6336038112640381,0.6484379768371582,0.6484379768371582,0.5537499785423279,0.5684379935264587,2673683200
2008-10-14,0.5748231410980225,0.588280975818634,0.6798440217971802,0.5739060044288635,0.6779689788818359,3801804800
2008-10-15,0.4697823226451874,0.4807809889316559,0.5792189836502075,0.4807809889316559,0.5742189884185791,3394016000
2008-10-16,0.5232193470001221,0.5354689955711365,0.5354689955711365,0.4417189955711365,0.4906249940395355,5613836800
2008-10-17,0.5221503973007202,0.534375011920929,0.581250011920929,0.5089060068130493,0.515625,4111097600
2008-10-20,0.5572659969329834,0.5703129768371582,0.5703129768371582,0.5165629982948303,0.5543749928474426,2546252800
2008-10-21,0.5012340545654297,0.5129690170288086,0.567812979221344,0.5087500214576721,0.5459380149841309,2752345600
2008-10-22,0.46733957529067993,0.4782809913158417,0.5114060044288635,0.450780987739563,0.503125011920929,2978137600
2008-10-23,0.46306467056274414,0.473906010389328,0.49421900510787964,0.42656299471855164,0.4753130078315735,3661382400
2008-10-24,0.4363471567630768,0.4465630054473877,0.4676559865474701,0.39906299114227295,0.3996880054473877,3145766400
2008-10-27,0.41085004806518555,0.4204689860343933,0.46562498807907104,0.41187500953674316,0.4337500035762787,2875110400
2008-10-28,0.49680647253990173,0.508437991142273,0.5140630006790161,0.4246880114078522,0.4489060044288635,3720396800
2008-10-29,0.5021497011184692,0.5139060020446777,0.5518749952316284,0.49265599250793457,0.5145310163497925,3313126400
2008-10-30,0.5282574892044067,0.5406249761581421,0.5514060258865356,0.5167189836502075,0.5392190217971802,3164121600
2008-10-31,0.5310060977935791,0.5434380173683167,0.5639060139656067,0.5193750262260437,0.5279690027236938,2557939200
2008-11-03,0.5334486365318298,0.5459380149841309,0.5535939931869507,0.5332810282707214,0.5428130030632019,1531443200
2008-11-04,0.563830554485321,0.5770310163497925,0.5826560258865356,0.5490630269050598,0.5657809972763062,2004947200
2008-11-05,0.5023030042648315,0.5140630006790161,0.5687500238418579,0.5117189884185791,0.5653129816055298,2146412800
2008-11-06,0.4548206329345703,0.46546900272369385,0.5093749761581421,0.46281298995018005,0.49828100204467773,3151692800
2008-11-07,0.474668025970459,0.4857810139656067,0.4959380030632019,0.46906301379203796,0.4793750047683716,2520390400
2008-11-10,0.4667288661003113,0.4776560068130493,0.5115630030632019,0.4621880054473877,0.5107809901237488,2019488000
2008-11-11,0.44825536012649536,0.45875000953674316,0.47328099608421326,0.4414060115814209,0.463593989610672,2901536000
2008-11-12,0.40291091799736023,0.4123440086841583,0.44453099370002747,0.40968799591064453,0.4396879971027374,2894784000
2008-11-13,0.45008739829063416,0.4606249928474426,0.4625000059604645,0.3701559901237488,0.40921899676322937,4739315200
2008-11-14,0.40581202507019043,0.4153130054473877,0.4596880078315735,0.4124999940395355,0.44093799591064453,4017075200
2008-11-17,0.39008620381355286,0.39921900629997253,0.4229690134525299,0.3946880102157593,0.40156298875808716,3202387200
2008-11-18,0.386574387550354,0.3956249952316284,0.4089060127735138,0.3710939884185791,0.4035939872264862,4219782400
2008-11-19,0.3465738892555237,0.35468798875808716,0.40937501192092896,0.35249999165534973,0.3984380066394806,3621836800
2008-11-20,0.31496983766555786,0.32234400510787964,0.3710939884185791,0.31828099489212036,0.3465630114078522,5974124800
2008-11-21,0.339702844619751,0.3476560115814209,0.3518750071525574,0.30812498927116394,0.33140599727630615,5362598400
2008-11-24,0.38016247749328613,0.3890630006790161,0.3996880054473877,0.35624998807907104,0.3621880114078522,3662035200
2008-11-25,0.37756630778312683,0.3864060044288635,0.4000000059604645,0.36921900510787964,0.39937499165534973,3014950400
2008-11-26,0.4087120592594147,0.4182809889316559,0.41999998688697815,0.377344012260437,0.3799999952316284,2864876800
2008-11-28,0.40367409586906433,0.41312500834465027,0.4154689908027649,0.40531298518180847,0.4110940098762512,649408000
2008-12-01,0.3436727821826935,0.3517189919948578,0.395781010389328,0.3503130078315735,0.395781010389328,2601382400
2008-12-02,0.36565807461738586,0.37421900033950806,0.37562501430511475,0.3485940098762512,0.36015599966049194,2950828800
2008-12-03,0.3839791715145111,0.392969012260437,0.3970310091972351,0.3532809913158417,0.35499998927116394,3620761600
2008-12-04,0.3633677661418915,0.37187498807907104,0.39906299114227295,0.3590629994869232,0.3812499940395355,3048198400
2008-12-05,0.3925290107727051,0.40171900391578674,0.40531298518180847,0.34968799352645874,0.3646880090236664,3368147200
2008-12-08,0.42367488145828247,0.4335939884185791,0.4449999928474426,0.4165630042552948,0.419530987739563,2821516800
2008-12-09,0.4203155040740967,0.43015599250793457,0.4557810127735138,0.4192189872264862,0.42218801379203796,2766342400
2008-12-10,0.4198581278324127,0.4296880066394806,0.4449999928474426,0.42109400033950806,0.43531298637390137,2192640000
2008-12-11,0.39665156602859497,0.4059379994869232,0.43953099846839905,0.40171900391578674,0.42656299471855164,1909267200
2008-12-12,0.41207149624824524,0.4217190146446228,0.427031010389328,0.38843798637390137,0.3946880102157593,2646476800
2008-12-15,0.3977195620536804,0.40703099966049194,0.4246880114078522,0.39500001072883606,0.42359399795532227,1780428800
2008-12-16,0.43512576818466187,0.4453130066394806,0.44874998927116394,0.4140630066394806,0.4453130066394806,2131968000
2008-12-17,0.424896240234375,0.4348439872264862,0.44718798995018005,0.4246880114078522,0.43703100085258484,1832435200
2008-12-18,0.41115492582321167,0.4207809865474701,0.4410940110683441,0.411406010389328,0.43562498688697815,1739680000
2008-12-19,0.41573572158813477,0.4254690110683441,0.4410940110683441,0.42375001311302185,0.4293749928474426,1661164800
2008-12-22,0.39955151081085205,0.4089060127735138,0.42875000834465027,0.3942190110683441,0.4267190098762512,1603526400
2008-12-23,0.3945135772228241,0.4037500023841858,0.4192189872264862,0.3985939919948578,0.4101560115814209,1478828800
2008-12-24,0.39558249711990356,0.4048439860343933,0.40781301259994507,0.4014059901237488,0.4074999988079071,361849600
2008-12-26,0.3958873152732849,0.4051559865474701,0.40828099846839905,0.4012500047683716,0.40828099846839905,294259200
2008-12-29,0.38581135869026184,0.3948439955711365,0.4084379971027374,0.3867189884185791,0.4074999988079071,872089600
2008-12-30,0.4033692479133606,0.4128130078315735,0.4168750047683716,0.39906299114227295,0.3998439908027649,1143532800
2008-12-31,0.4105443060398102,0.42015600204467773,0.4310939908027649,0.4128130078315735,0.41328099370002747,1261484800
2009-01-02,0.44672921299934387,0.4571880102157593,0.4606249928474426,0.4204689860343933,0.4231249988079071,1475475200
2009-01-05,0.44672921299934387,0.4571880102157593,0.4676559865474701,0.44593799114227295,0.45234400033950806,1725651200
2009-01-06,0.4558895230293274,0.46656298637390137,0.47578099370002747,0.4609380066394806,0.465938001871109,2101619200
2009-01-07,0.4303925931453705,0.44046899676322937,0.4542190134525299,0.4335939884185791,0.4515630006790161,1636352000
2009-01-08,0.439705491065979,0.44999998807907104,0.450780987739563,0.43062499165534973,0.4373440146446228,1744870400
2009-01-09,0.42016297578811646,0.4300000071525574,0.45124998688697815,0.4259380102157593,0.45109400153160095,1596710400
2009-01-12,0.4045906662940979,0.4140630066394806,0.43171900510787964,0.40562498569488525,0.4309380054473877,1513324800
2009-01-13,0.4041323959827423,0.41359400749206543,0.42656299471855164,0.40421900153160095,0.4142189919948578,1681273600
2009-01-14,0.37985673546791077,0.38874998688697815,0.40703099966049194,0.3843750059604645,0.40312498807907104,1874438400
2009-01-15,0.39100176095962524,0.4001559913158417,0.40781301259994507,0.3739059865474701,0.3867189884185791,2477337600
2009-01-16,0.40077295899391174,0.4101560115814209,0.4151560068130493,0.3907809853553772,0.41312500834465027,2330841600
2009-01-20,0.362604558467865,0.3710939884185791,0.4099999964237213,0.36937499046325684,0.4064059853553772,2157945600
2009-01-21,0.39039111137390137,0.3995310068130493,0.4012500047683716,0.37281298637390137,0.3812499940395355,2047974400
2009-01-22,0.38214707374572754,0.39109399914741516,0.4023439884185791,0.3762499988079071,0.38328099250793457,2054265600
2009-01-23,0.3836733400821686,0.39265599846839905,0.40546900033950806,0.37296900153160095,0.3778130114078522,2100006400
2009-01-26,0.38947543501853943,0.3985939919948578,0.4123440086841583,0.3895309865474701,0.39531299471855164,1928780800
2009-01-27,0.3958873152732849,0.4051559865474701,0.4115630090236664,0.39921900629997253,0.3996880054473877,1643763200
2009-01-28,0.42230096459388733,0.4321880042552948,0.4414060115814209,0.41843798756599426,0.419063001871109,2317088000
2009-01-29,0.40199440717697144,0.411406010389328,0.4245310127735138,0.408594012260437,0.42234399914741516,1822316800
2009-01-30,0.38672685623168945,0.395781010389328,0.4207809865474701,0.3934380114078522,0.4176560044288635,1857670400
2009-02-02,0.39680397510528564,0.4060940146446228,0.4117189943790436,0.3879689872264862,0.38843798637390137,1807820800
2009-02-03,0.40947622060775757,0.419063001871109,0.421875,0.3960939943790436,0.4076560139656067,1952128000
2009-02-04,0.4097810983657837,0.4193750023841858,0.43953099846839905,0.416718989610672,0.4203130006790161,2168153600
2009-02-05,0.4284079968929291,0.4384379982948303,0.4440630078315735,0.40703099966049194,0.40703099966049194,2627801600
2009-02-06,0.450239896774292,0.4607810080051422,0.46546900272369385,0.43906301259994507,0.4428130090236664,2390707200
2009-02-09,0.4552788734436035,0.465938001871109,0.47031301259994507,0.45625001192092896,0.4620310068130493,1966048000
2009-02-10,0.42107954621315,0.4309380054473877,0.47046899795532227,0.4243749976158142,0.4593749940395355,3138188800
2009-02-11,0.41802605986595154,0.42781299352645874,0.4360939860343933,0.4140630066394806,0.4307810068130493,2021523200
2009-02-12,0.4274914860725403,0.4375,0.43828099966049194,0.4112499952316284,0.4168750047683716,2845056000
2009-02-13,0.4229116141796112,0.43281298875808716,0.44328099489212036,0.4296880066394806,0.43437498807907104,2116345600
2009-02-17,0.39084935188293457,0.4000000059604645,0.4117189943790436,0.3946880102157593,0.4059379994869232,2483891200
2009-02-18,0.38978034257888794,0.39890599250793457,0.4110940098762512,0.3893750011920929,0.40453100204467773,2430355200
2009-02-19,0.3786351680755615,0.38749998807907104,0.40937501192092896,0.3851560056209564,0.40421900153160095,2036998400
2009-02-20,0.3797042667865753,0.38859400153160095,0.3970310091972351,0.37656301259994507,0.37828099727630615,2976972800
2009-02-23,0.3535965085029602,0.3618749976158142,0.3942190110683441,0.35859400033950806,0.39375001192092896,2659417600
2009-02-24,0.3755817413330078,0.3843750059604645,0.39093801379203796,0.3646880090236664,0.3657810091972351,2595270400
2009-02-25,0.3713068962097168,0.3799999952316284,0.3959380090236664,0.3685939908027649,0.3817189931869507,3262988800
2009-02-26,0.35115373134613037,0.359375,0.38984400033950806,0.3590629994869232,0.38468798995018005,2592627200
2009-02-27,0.3438253402709961,0.3518750071525574,0.36406299471855164,0.3487499952316284,0.3517189919948578,2482489600
2009-03-02,0.32214581966400146,0.32968801259994507,0.3515630066394806,0.32515600323677063,0.34171900153160095,2789760000
2009-03-03,0.32153522968292236,0.3290629982948303,0.3425000011920929,0.3240630030632019,0.33515599370002747,2486412800
2009-03-04,0.337870717048645,0.34578099846839905,0.3557809889316559,0.33656299114227295,0.338593989610672,2718470400
2009-03-05,0.3183281719684601,0.325780987739563,0.34421899914741516,0.32343798875808716,0.338593989610672,2543084800
2009-03-06,0.31344249844551086,0.32078099250793457,0.3334380090236664,0.3062500059604645,0.3292190134525299,2782803200
2009-03-09,0.2992440462112427,0.3062500059604645,0.33265599608421326,0.30406299233436584,0.31453099846839905,2662112000
2009-03-10,0.33573365211486816,0.3435940146446228,0.34531301259994507,0.3165630102157593,0.3190630078315735,2659622400
2009-03-11,0.3458098769187927,0.3539060056209564,0.36093801259994507,0.34312498569488525,0.3529689908027649,2692896000
2009-03-12,0.3691699206829071,0.3778130114078522,0.3803130090236664,0.34703099727630615,0.3545309901237488,2623270400
2009-03-13,0.37191763520240784,0.38062500953674316,0.3829689919948578,0.36906298995018005,0.3789060115814209,2145433600
2009-03-16,0.3583296239376068,0.36671900749206543,0.3865630030632019,0.36515599489212036,0.3842189908027649,2177203200
2009-03-17,0.38535305857658386,0.3943749964237213,0.3946880102157593,0.3684380054473877,0.37156298756599426,1769350400
2009-03-18,0.39512425661087036,0.40437498688697815,0.41859400272369385,0.38843798637390137,0.39218801259994507,3108902400
2009-03-19,0.3949718475341797,0.40421900153160095,0.41718798875808716,0.3987500071525574,0.4170309901237488,2050752000
2009-03-20,0.3835209012031555,0.39250001311302185,0.4153130054473877,0.3867189884185791,0.40531298518180847,1976985600
2009-03-23,0.4287128150463104,0.4387499988079071,0.4389060139656067,0.40406298637390137,0.41062501072883606,2146688000
2009-03-24,0.4135977625846863,0.4232810139656067,0.43781301379203796,0.421875,0.4314059913158417,1861984000
2009-03-25,0.41634634137153625,0.4260939955711365,0.4417189955711365,0.4037500023841858,0.42906299233436584,2333324800
2009-03-26,0.44245409965515137,0.4528129994869232,0.453125,0.4339059889316559,0.43812501430511475,2657696000
2009-03-27,0.4247437119483948,0.434688001871109,0.4453130066394806,0.43187499046325684,0.4423440098762512,1868876800
2009-03-30,0.4032159149646759,0.4126560091972351,0.4206250011920929,0.40171900391578674,0.42015600204467773,1966278400
2009-03-31,0.4123762845993042,0.4220309853553772,0.43828099966049194,0.41968798637390137,0.42109400033950806,1843731200
2009-04-01,0.42382726073265076,0.4337500035762787,0.4359380006790161,0.40625,0.4101560115814209,1945958400
2009-04-02,0.4510039687156677,0.46156299114227295,0.4751560091972351,0.44609400629997253,0.4492189884185791,2867379200
2009-04-03,0.467492938041687,0.47843798995018005,0.479218989610672,0.46296900510787964,0.46953099966049194,1767468800
2009-04-06,0.4647442698478699,0.47562500834465027,0.47749999165534973,0.45750001072883606,0.46656298637390137,1833568000
2009-04-07,0.439247190952301,0.4495309889316559,0.4650000035762787,0.44453099370002747,0.4650000035762787,1613017600
2009-04-08,0.4558895230293274,0.46656298637390137,0.471094012260437,0.4528129994869232,0.4593749940395355,1609676800
2009-04-09,0.4832178056240082,0.4945310056209564,0.49656298756599426,0.4801560044288635,0.4829689860343933,1943648000
2009-04-13,0.4819963574409485,0.4932810068130493,0.4984380006790161,0.48234400153160095,0.4898439943790436,1383603200
2009-04-14,0.46962982416152954,0.4806250035762787,0.49265599250793457,0.4748440086841583,0.4870310127735138,1497120000
2009-04-15,0.46901917457580566,0.47999998927116394,0.47999998927116394,0.4625000059604645,0.473906010389328,1583974400
2009-04-16,0.49222591519355774,0.5037500262260437,0.5085939764976501,0.482030987739563,0.4909380078315735,1849260800
2009-04-17,0.49253177642822266,0.5040630102157593,0.5106250047683716,0.4937500059604645,0.5006250143051147,1452729600
2009-04-20,0.4607751965522766,0.4715630114078522,0.49015599489212036,0.4671880006790161,0.48625001311302185,1469632000
2009-04-21,0.47405725717544556,0.48515599966049194,0.4870310127735138,0.4671880006790161,0.46796900033950806,1668038400
2009-04-22,0.47833219170570374,0.489531010389328,0.5106250047683716,0.4768750071525574,0.47999998927116394,2092883200
2009-04-23,0.4882567524909973,0.4996879994869232,0.4996879994869232,0.47984400391578674,0.49531298875808716,1472755200
2009-04-24,0.5044400095939636,0.5162500143051147,0.5226560235023499,0.497188001871109,0.5056250095367432,1593561600
2009-04-27,0.504898190498352,0.5167189836502075,0.5268750190734863,0.505469024181366,0.5068749785423279,1499513600
2009-04-28,0.49787473678588867,0.5095310211181641,0.5224999785423279,0.505312979221344,0.5099999904632568,1285670400
2009-04-29,0.5111575126647949,0.5231249928474426,0.5371879935264587,0.515625,0.5170310139656067,1645292800
2009-04-30,0.5209288001060486,0.5331249833106995,0.5526559948921204,0.5260940194129944,0.536719024181366,1807251200
2009-05-01,0.5236774682998657,0.535938024520874,0.5412499904632568,0.5249999761581421,0.5337499976158142,1289958400
2009-05-04,0.5458151698112488,0.5585939884185791,0.5590630173683167,0.5410940051078796,0.5462499856948853,1297952000
2009-05-05,0.5441356301307678,0.5568749904632568,0.5575000047683716,0.5440629720687866,0.5557810068130493,1117676800
2009-05-06,0.5439831018447876,0.5567190051078796,0.5664060115814209,0.5389059782028198,0.565625011920929,1682528000
2009-05-07,0.5180277824401855,0.5301560163497925,0.5645310282707214,0.5206249952316284,0.5635939836502075,1719552000
2009-05-08,0.5198597311973572,0.5320309996604919,0.546875,0.5207809805870056,0.5356249809265137,1620915200
2009-05-11,0.5230669379234314,0.5353130102157593,0.5460940003395081,0.5140630006790161,0.5168750286102295,1182342400
2009-05-12,0.5100886821746826,0.5220310091972351,0.5390629768371582,0.5090630054473877,0.5378130078315735,1319705600
2009-05-13,0.4818439185619354,0.49312499165534973,0.5134379863739014,0.4925000071525574,0.5129690170288086,1499219200
2009-05-14,0.49222591519355774,0.5037500262260437,0.5139060020446777,0.49562498927116394,0.4962500035762787,1184128000
2009-05-15,0.4911568760871887,0.5026559829711914,0.5174999833106995,0.4998440146446228,0.503125011920929,1045017600
2009-05-18,0.517264723777771,0.5293750166893005,0.5310940146446228,0.5048440098762512,0.5107809901237488,923884800
2009-05-19,0.5232193470001221,0.5354689955711365,0.5454689860343933,0.5214059948921204,0.5270310044288635,1040729600
2009-05-20,0.5189443230628967,0.5310940146446228,0.5551559925079346,0.5284379720687866,0.5395309925079346,1440819200
2009-05-21,0.5000124573707581,0.5117189884185791,0.5301560163497925,0.5015630125999451,0.524062991142273,1177772800
2009-05-22,0.49619588255882263,0.5078129768371582,0.5215629935264587,0.5017189979553223,0.5159379839897156,789382400
2009-05-26,0.534059464931488,0.5465630292892456,0.5473440289497375,0.4973439872264862,0.4975000023841858,1449804800
2009-05-27,0.5252038836479187,0.5375000238418579,0.5585939884185791,0.5350000262260437,0.5429689884185791,1290848000
2009-05-28,0.5394023060798645,0.5520309805870056,0.5548440217971802,0.5284379720687866,0.5459380149841309,1210444800
2009-05-29,0.5511590242385864,0.5640630125999451,0.5651559829711914,0.5451560020446777,0.552344024181366,1094265600
2009-06-01,0.5844419002532959,0.5981249809265137,0.6007810235023499,0.572655975818634,0.5762500166893005,1440185600
2009-06-02,0.5844419002532959,0.5981249809265137,0.6101559996604919,0.588280975818634,0.5903130173683167,1315769600
2009-06-03,0.5829156637191772,0.5965629816055298,0.5965629816055298,0.5820310115814209,0.5942190289497375,1234854400
2009-06-04,0.5946714282035828,0.6085940003395081,0.6095309853553772,0.5956249833106995,0.5976560115814209,1252921600
2009-06-05,0.5961977243423462,0.6101559996604919,0.6196879744529724,0.5976560115814209,0.6157810091972351,1269100800
2009-06-08,0.5916179418563843,0.6054689884185791,0.6150000095367432,0.5879690051078796,0.6018750071525574,1068640000
2009-06-09,0.6015416979789734,0.6156250238418579,0.6225000023841858,0.6059380173683167,0.6118749976158142,1092236800
2009-06-10,0.5968085527420044,0.6107810139656067,0.6232810020446777,0.5934380292892456,0.6228129863739014,1295692800
2009-06-11,0.5961977243423462,0.6101559996604919,0.6246880292892456,0.6087499856948853,0.6087499856948853,1083513600
2009-06-12,0.5919227600097656,0.6057810187339783,0.6073439717292786,0.5904690027236938,0.6057810187339783,968550400
2009-06-15,0.566426694393158,0.5796880125999451,0.5945309996604919,0.5703129768371582,0.5939059853553772,1067923200
2009-06-16,0.5565019845962524,0.5695310235023499,0.5896880030632019,0.5682809948921204,0.5856249928474426,1090803200
2009-06-17,0.5658160448074341,0.5790629982948303,0.5903130173683167,0.5657809972763062,0.5728129744529724,1480448000
2009-06-18,0.5629149079322815,0.5760939717292786,0.5853130221366882,0.5698440074920654,0.5778130292892456,898086400
2009-06-19,0.5755872130393982,0.5890629887580872,0.5962499976158142,0.5820310115814209,0.5851560235023499,957408000
2009-06-22,0.5430666208267212,0.5557810068130493,0.5810940265655518,0.5526559948921204,0.578125,1129862400
2009-06-23,0.5400131344795227,0.5526559948921204,0.5604689717292786,0.5450000166893005,0.5589060187339783,1088000000
2009-06-24,0.5575710535049438,0.5706250071525574,0.5793750286102295,0.5609380006790161,0.5617190003395081,989632000
2009-06-25,0.5803192853927612,0.5939059853553772,0.5953130125999451,0.5609380006790161,0.5642189979553223,1075027200
2009-06-26,0.5824573636054993,0.596094012260437,0.5995309948921204,0.5854690074920654,0.5873439908027649,890060800
2009-06-29,0.584136962890625,0.5978130102157593,0.6078130006790161,0.5876560211181641,0.5976560115814209,800243200
2009-06-30,0.5816941261291504,0.5953130125999451,0.6076560020446777,0.5870310068130493,0.6018750071525574,1058643200
2009-07-01,0.5826097726821899,0.5962499976158142,0.6110939979553223,0.596094012260437,0.6009380221366882,907660800
2009-07-02,0.5575710535049438,0.5706250071525574,0.586562991142273,0.567188024520874,0.586562991142273,689958400
2009-07-06,0.5523805022239685,0.5653129816055298,0.5684379935264587,0.5526559948921204,0.5637500286102295,716096000
2009-07-07,0.5247455835342407,0.5370309948921204,0.5667189955711365,0.5360940098762512,0.5645310282707214,1064294400
2009-07-08,0.5294786691665649,0.5418750047683716,0.5465630292892456,0.5293750166893005,0.5423439741134644,1116870400
2009-07-09,0.5305474400520325,0.5429689884185791,0.5510939955711365,0.5400000214576721,0.5448439717292786,738579200
2009-07-10,0.5358916521072388,0.5484380125999451,0.5548440217971802,0.5373439788818359,0.5398439764976501,918297600
2009-07-13,0.5557389259338379,0.5687500238418579,0.5693749785423279,0.5345309972763062,0.5496879816055298,700371200
2009-07-14,0.5597088932991028,0.5728129744529724,0.5756250023841858,0.5634379982948303,0.567188024520874,594323200
2009-07-15,0.5969616174697876,0.6109380125999451,0.6121879816055298,0.5870310068130493,0.5923439860343933,867648000
2009-07-16,0.6113129258155823,0.6256250143051147,0.6287500262260437,0.6056249737739563,0.6060940027236938,900710400
2009-07-17,0.6178779602050781,0.6323440074920654,0.633437991142273,0.6201559901237488,0.6260939836502075,669363200
2009-07-20,0.6299396753311157,0.6446880102157593,0.6481249928474426,0.6349999904632568,0.6392189860343933,854054400
2009-07-21,0.6397108435630798,0.6546880006790161,0.6546880006790161,0.6356250047683716,0.6503130197525024,904377600
2009-07-22,0.6488714218139648,0.6640629768371582,0.6715630292892456,0.6523439884185791,0.6554690003395081,907430400
2009-07-23,0.6781850457191467,0.6940630078315735,0.6992189884185791,0.6612499952316284,0.6626560091972351,1230208000
2009-07-24,0.6775743961334229,0.6934379935264587,0.6946880221366882,0.6740630269050598,0.6795309782028198,875334400
2009-07-27,0.6786426305770874,0.6945310235023499,0.6967189908027649,0.6776559948921204,0.6932809948921204,850739200
2009-07-28,0.683070719242096,0.6990630030632019,0.7026559710502625,0.6795309782028198,0.6879690289497375,1101216000
2009-07-29,0.6775743961334229,0.6934379935264587,0.6967189908027649,0.6818749904632568,0.6926559805870056,737420800
2009-07-30,0.6853600740432739,0.7014060020446777,0.723438024520874,0.6998440027236938,0.7081249952316284,1027475200
2009-07-31,0.6806280612945557,0.6965630054473877,0.7117189764976501,0.6960939764976501,0.7018749713897705,804672000
2009-08-03,0.7012384533882141,0.7176560163497925,0.7192190289497375,0.7046880125999451,0.7129690051078796,821120000
2009-08-04,0.7007811665534973,0.7171880006790161,0.723438024520874,0.7087500095367432,0.7121880054473877,738816000
2009-08-05,0.6911622881889343,0.7073439955711365,0.721875011920929,0.697655975818634,0.7215629816055298,918073600
2009-08-06,0.6791006326675415,0.6949999928474426,0.7145310044288635,0.6899999976158142,0.7098439931869507,815564800
2009-08-07,0.6946741938591003,0.7109379768371582,0.7190629839897156,0.7023440003395081,0.7139059901237488,834496000
2009-08-10,0.6871922016143799,0.7032809853553772,0.7109379768371582,0.6932809948921204,0.7068750262260437,613286400
2009-08-11,0.67482590675354,0.690625011920929,0.6989060044288635,0.6828129887580872,0.6957809925079346,802438400
2009-08-12,0.6955897808074951,0.7118750214576721,0.7239059805870056,0.6882809996604919,0.6890630125999451,865497600
2009-08-13,0.7026130557060242,0.7190629839897156,0.7220309972763062,0.7032809853553772,0.7198439836502075,734745600
2009-08-14,0.6865816116333008,0.7026559710502625,0.7151560187339783,0.6904690265655518,0.7129690051078796,659929600
2009-08-17,0.6465810537338257,0.661719024181366,0.6804689764976501,0.6614059805870056,0.6804689764976501,836396800
2009-08-18,0.6647496223449707,0.680312991142273,0.6834380030632019,0.6667190194129944,0.6700000166893005,552870400
2009-08-19,0.6740626692771912,0.689844012260437,0.6935939788818359,0.6637499928474426,0.6656249761581421,616915200
2009-08-20,0.690399169921875,0.7065629959106445,0.7092189788818359,0.6870309710502625,0.6895310282707214,541452800
2009-08-21,0.7074987888336182,0.724062979221344,0.7279689908027649,0.706250011920929,0.7153130173683167,713913600
2009-08-24,0.7064298391342163,0.7229689955711365,0.7353129982948303,0.71875,0.7278130054473877,703827200
2009-08-25,0.7111630439758301,0.7278130054473877,0.7418749928474426,0.7239059805870056,0.7278130054473877,714003200
2009-08-26,0.7093310356140137,0.7259380221366882,0.7365630269050598,0.7178130149841309,0.7254689931869507,665760000
2009-08-27,0.7122312784194946,0.728905975818634,0.7314059734344482,0.7029690146446228,0.7259380221366882,697203200
2009-08-28,0.713910698890686,0.7306249737739563,0.7537500262260437,0.7207810282707214,0.7462499737739563,834809600
2009-08-31,0.6987956166267395,0.7151560187339783,0.721875011920929,0.7071880102157593,0.7198439836502075,605267200
2009-09-01,0.6728411316871643,0.6885939836502075,0.7357810139656067,0.6850000023841858,0.7101560235023499,1140915200
2009-09-02,0.6714673042297363,0.6871880292892456,0.6954690217971802,0.6806250214576721,0.6825000047683716,685971200
2009-09-03,0.6806280612945557,0.6965630054473877,0.6989060044288635,0.6800000071525574,0.6942189931869507,508556800
2009-09-04,0.7093310356140137,0.7259380221366882,0.7276560068130493,0.6973440051078796,0.6990630030632019,589465600
2009-09-08,0.7235296368598938,0.7404689788818359,0.7417190074920654,0.7304689884185791,0.7378129959106445,450502400
2009-09-09,0.7355912923812866,0.7528129816055298,0.7603129744529724,0.7351559996604919,0.7406250238418579,695750400
2009-09-10,0.7493314743041992,0.7668750286102295,0.768750011920929,0.7498440146446228,0.7539060115814209,523660800
2009-09-11,0.7505528926849365,0.7681249976158142,0.7721880078315735,0.7576559782028198,0.7689059972763062,577024000
2009-09-14,0.7565074563026428,0.7742189764976501,0.7754690051078796,0.7573440074920654,0.7579690217971802,530265600
2009-09-15,0.7615454792976379,0.7793750166893005,0.7848439812660217,0.7707809805870056,0.7739059925079346,651955200
2009-09-16,0.7838367223739624,0.802187979221344,0.8045309782028198,0.7807809710502625,0.7857810258865356,640851200
2009-09-17,0.7832257747650146,0.801563024520874,0.8114060163497925,0.794530987739563,0.7985939979553223,708736000
2009-09-18,0.7870425581932068,0.8054689764976501,0.8109380006790161,0.7962499856948853,0.8092190027236938,465196800
2009-09-21,0.7904009222984314,0.8089060187339783,0.8140630125999451,0.793749988079071,0.7965630292892456,515968000
2009-09-22,0.7937602400779724,0.8123440146446228,0.8192189931869507,0.8065630197525024,0.8187500238418579,544307200
2009-09-23,0.785515308380127,0.8039060235023499,0.8323439955711365,0.8020309805870056,0.8190630078315735,875520000
2009-09-24,0.7720797657966614,0.7901560068130493,0.8139060139656067,0.7792189717292786,0.8110939860343933,662336000
2009-09-25,0.7586444020271301,0.7764059901237488,0.7906249761581421,0.7723439931869507,0.7793750166893005,590489600
2009-09-28,0.7842939496040344,0.8026559948921204,0.8118749856948853,0.7832810282707214,0.7848439812660217,446092800
2009-09-29,0.7777296900749207,0.7959380149841309,0.8109380006790161,0.7885940074920654,0.802344024181366,533849600
2009-09-30,0.7781867980957031,0.7964059710502625,0.8098440170288086,0.7723439931869507,0.8020309805870056,874406400
2009-10-01,0.7328424453735352,0.75,0.7921879887580872,0.75,0.7910940051078796,764659200
2009-10-02,0.7278045415878296,0.7448440194129944,0.7582809925079346,0.7392190098762512,0.739687979221344,680972800
2009-10-05,0.7398659586906433,0.7571880221366882,0.7640630006790161,0.7434380054473877,0.7528129816055298,556038400
2009-10-06,0.7655154466629028,0.7834380269050598,0.7909380197525024,0.7648440003395081,0.7649999856948853,782726400
2009-10-07,0.7699429392814636,0.7879689931869507,0.7889059782028198,0.7779690027236938,0.7818750143051147,514700800
2009-10-08,0.7769655585289001,0.7951560020446777,0.8092190027236938,0.7917190194129944,0.7976559996604919,578201600
2009-10-09,0.7849045991897583,0.8032810091972351,0.8067190051078796,0.7885940074920654,0.791405975818634,382720000
2009-10-12,0.7887221574783325,0.8071879744529724,0.8189060091972351,0.796875,0.8107810020446777,377670400
2009-10-13,0.788568913936615,0.807030975818634,0.8140630125999451,0.800000011920929,0.8059380054473877,437312000
2009-10-14,0.8102493286132812,0.8292189836502075,0.8317189812660217,0.8184379935264587,0.8274999856948853,567334400
2009-10-15,0.8073481917381287,0.8262500166893005,0.8284379839897156,0.8185939788818359,0.8203129768371582,500947200
2009-10-16,0.7969663739204407,0.815625011920929,0.8229690194129944,0.8040630221366882,0.8204690217971802,632384000
2009-10-19,0.8116230368614197,0.8306249976158142,0.8331249952316284,0.8081250190734863,0.8167189955711365,553945600
2009-10-20,0.8125396966934204,0.8315629959106445,0.8409379720687866,0.8214060068130493,0.8404690027236938,606630400
2009-10-21,0.8093326687812805,0.8282809853553772,0.8543750047683716,0.8256250023841858,0.8309379816055298,752947200
2009-10-22,0.8165086507797241,0.8356249928474426,0.8418750166893005,0.8153129816055298,0.825780987739563,638124800
2009-10-23,0.809943437576294,0.8289059996604919,0.8514059782028198,0.8239060044288635,0.8500000238418579,797702400
2009-10-26,0.8041423559188843,0.8229690194129944,0.8523439764976501,0.8153129816055298,0.8293750286102295,875782400
2009-10-27,0.7803248763084412,0.7985939979553223,0.8273440003395081,0.7920309901237488,0.820937991142273,1075820800
2009-10-28,0.7447514533996582,0.7621880173683167,0.7967190146446228,0.7589060068130493,0.7921879887580872,975084800
2009-10-29,0.7693321704864502,0.7873439788818359,0.7912499904632568,0.7676560282707214,0.7721880078315735,686060800
2009-10-30,0.7282627820968628,0.7453129887580872,0.7900000214576721,0.7440630197525024,0.786562979221344,1137433600
2009-11-02,0.7340640425682068,0.7512500286102295,0.7674999833106995,0.7339059710502625,0.7470309734344482,1087539200
2009-11-03,0.7391019463539124,0.7564060091972351,0.758437991142273,0.7409380078315735,0.7457810044288635,779769600
2009-11-04,0.7415448427200317,0.7589060068130493,0.7784379720687866,0.7570310235023499,0.7646880149841309,772992000
2009-11-05,0.7774237394332886,0.7956249713897705,0.7981250286102295,0.7751560211181641,0.7760940194129944,564224000
2009-11-06,0.7870425581932068,0.8054689764976501,0.8073440194129944,0.7860940098762512,0.7890629768371582,545548800
2009-11-09,0.8207834362983704,0.8399999737739563,0.8399999737739563,0.8162500262260437,0.8173440098762512,539545600
2009-11-10,0.82337886095047,0.8426560163497925,0.8495309948921204,0.8357809782028198,0.8379690051078796,562867200
2009-11-11,0.8346772789955139,0.8542190194129944,0.8642190098762512,0.8440629839897156,0.856249988079071,626726400
2009-11-12,0.825975239276886,0.8453130125999451,0.8653129935264587,0.841405987739563,0.8559380173683167,650150400
2009-11-13,0.8398677110671997,0.8595309853553772,0.8637499809265137,0.8446879982948303,0.8500000238418579,488224000
2009-11-16,0.8569675087928772,0.8770310282707214,0.8843749761581421,0.8637499809265137,0.8667190074920654,540908800
2009-11-17,0.8615480661392212,0.8817189931869507,0.8820310235023499,0.8681250214576721,0.8720309734344482,521804800
2009-11-18,0.8526926636695862,0.872655987739563,0.878125011920929,0.8606250286102295,0.8768749833106995,541766400
2009-11-19,0.8252110481262207,0.8445309996604919,0.8610939979553223,0.832813024520874,0.8607810139656067,722201600
2009-11-20,0.818035900592804,0.8371880054473877,0.8404690027236938,0.8299999833106995,0.8354690074920654,402931200
2009-11-23,0.8427689075469971,0.862500011920929,0.8717190027236938,0.852187991142273,0.852187991142273,552499200
2009-11-24,0.8374251127243042,0.857030987739563,0.8631250262260437,0.8470309972763062,0.862500011920929,463801600
2009-11-25,0.8444485664367676,0.8642190098762512,0.8659380078315735,0.8578130006790161,0.8626559972763062,264486400
2009-11-27,0.8192575573921204,0.8384379744529724,0.8506249785423279,0.814844012260437,0.817969024181366,394336000
2009-11-30,0.820172905921936,0.8393750190734863,0.8424999713897705,0.8232809901237488,0.8342189788818359,459718400
2009-12-01,0.837578296661377,0.8571879863739014,0.8685939908027649,0.852187991142273,0.8526560068130493,465657600
2009-12-02,0.8404785394668579,0.8601559996604919,0.8759379982948303,0.8565629720687866,0.8629689812660217,475456000
2009-12-03,0.8336082696914673,0.8531249761581421,0.8764060139656067,0.852187991142273,0.8668749928474426,494963200
2009-12-04,0.8418533802032471,0.8615630269050598,0.885155975818634,0.84375,0.8745309710502625,768160000
2009-12-07,0.8336082696914673,0.8531249761581421,0.8679689764976501,0.8498439788818359,0.8600000143051147,384108800
2009-12-08,0.82337886095047,0.8426560163497925,0.8567190170288086,0.8289059996604919,0.8443750143051147,519616000
2009-12-09,0.8398677110671997,0.8595309853553772,0.8614060282707214,0.8306249976158142,0.841405987739563,546700800
2009-12-10,0.8484174609184265,0.8682810068130493,0.8778129816055298,0.8662499785423279,0.8662499785423279,416896000
2009-12-11,0.8423106670379639,0.8620309829711914,0.8795310258865356,0.8550000190734863,0.877344012260437,403827200
2009-12-14,0.8577316403388977,0.8778129816055298,0.8799999952316284,0.864063024520874,0.8734380006790161,308512000
2009-12-15,0.8487235307693481,0.8685939908027649,0.8826559782028198,0.8631250262260437,0.872655987739563,294547200
2009-12-16,0.8510138988494873,0.8709380030632019,0.8837500214576721,0.8676559925079346,0.875,326617600
2009-12-17,0.8305547833442688,0.8500000238418579,0.8645309805870056,0.8471879959106445,0.8632810115814209,382662400
2009-12-18,0.8565101027488708,0.8765630125999451,0.877344012260437,0.859375,0.864844024181366,371008000
2009-12-21,0.87635737657547,0.8968750238418579,0.903124988079071,0.8853129744529724,0.8853129744529724,373286400
2009-12-22,0.8867393136024475,0.9075000286102295,0.9112499952316284,0.8998439908027649,0.9018750190734863,303424000
2009-12-23,0.8992594480514526,0.9203130006790161,0.9209380149841309,0.9064059853553772,0.9112499952316284,303033600
2009-12-24,0.9157482981681824,0.9371880292892456,0.9375,0.9225000143051147,0.9234380125999451,163264000
2009-12-28,0.9249088764190674,0.9465630054473877,0.9503129720687866,0.9357810020446777,0.9415630102157593,257932800
2009-12-29,0.9177327752113342,0.9392189979553223,0.9487500190734863,0.9381250143051147,0.9470310211181641,185433600
2009-12-30,0.9230767488479614,0.9446880221366882,0.9484379887580872,0.9367190003395081,0.9375,328441600
2009-12-31,0.9081141948699951,0.9293749928474426,0.9493749737739563,0.9251559972763062,0.9484379887580872,245497600
2010-01-04,0.9323895573616028,0.9542189836502075,0.9570310115814209,0.9485939741134644,0.9504690170288086,328230400
2010-01-05,0.9330002665519714,0.9548439979553223,0.9582809805870056,0.9445310235023499,0.9540629982948303,325196800
2010-01-06,0.9227707386016846,0.9443749785423279,0.9603130221366882,0.940625011920929,0.9539059996604919,440864000
2010-01-07,0.9229233860969543,0.9445310235023499,0.9482809901237488,0.9342190027236938,0.9456250071525574,328576000
2010-01-08,0.9378860592842102,0.9598439931869507,0.9601560235023499,0.9350000023841858,0.9393749833106995,322451200
2010-01-11,0.9310157895088196,0.9528130292892456,0.9640629887580872,0.9424999952316284,0.9626560211181641,412710400
2010-01-12,0.9078091382980347,0.9290630221366882,0.9432809948921204,0.9182810187339783,0.9404690265655518,566784000
2010-01-13,0.9294885396957397,0.9512500166893005,0.9570310115814209,0.9214059710502625,0.934374988079071,566483200
2010-01-14,0.9307097792625427,0.9524999856948853,0.9582809805870056,0.9460939764976501,0.9471880197525024,367180800
2010-01-15,0.9099459648132324,0.9312499761581421,0.9595310091972351,0.9231250286102295,0.9556249976158142,603424000
2010-01-19,0.9384965896606445,0.9604690074920654,0.9624999761581421,0.9345309734344482,0.9348440170288086,341350400
2010-01-20,0.9122364521026611,0.9335939884185791,0.9479690194129944,0.9131249785423279,0.9473440051078796,603532800
2010-01-21,0.8943737149238586,0.9153130054473877,0.950780987739563,0.9081249833106995,0.9385939836502075,999916800
2010-01-22,0.842921257019043,0.8626559972763062,0.9151560068130493,0.8575000166893005,0.9096879959106445,964006400
2010-01-25,0.8478068709373474,0.8676559925079346,0.8790630102157593,0.8604689836502075,0.8712499737739563,584448000
2010-01-26,0.8496388792991638,0.869530975818634,0.8904690146446228,0.8578130006790161,0.8668749928474426,503206400
2010-01-27,0.8623111844062805,0.8824999928474426,0.8885939717292786,0.8557810187339783,0.8668749928474426,632224000
2010-01-28,0.8192575573921204,0.8384379744529724,0.8728129863739014,0.8285940289497375,0.8712499737739563,932531200
2010-01-29,0.7899436950683594,0.8084380030632019,0.8556249737739563,0.802187979221344,0.8503130078315735,986380800
2010-02-01,0.8064327836036682,0.8253129720687866,0.8267189860343933,0.8118749856948853,0.8128129839897156,573958400
2010-02-02,0.8212419152259827,0.8404690027236938,0.8456249833106995,0.817188024520874,0.8282809853553772,474022400
2010-02-03,0.830707311630249,0.8501560091972351,0.8532810211181641,0.8317189812660217,0.8329690098762512,507424000
2010-02-04,0.7835308909416199,0.8018749952316284,0.8410940170288086,0.8010939955711365,0.8379690051078796,839059200
2010-02-05,0.7946758270263672,0.8132809996604919,0.8154690265655518,0.7820309996604919,0.8059380054473877,1072064000
2010-02-08,0.7845996022224426,0.8029689788818359,0.8218749761581421,0.8014060258865356,0.8125,682425600
2010-02-09,0.8007829189300537,0.8195310235023499,0.8339059948921204,0.8059380054473877,0.8214060068130493,816217600
2010-02-10,0.7974244952201843,0.8160939812660217,0.8268749713897705,0.8054689764976501,0.8195310235023499,485977600
2010-02-11,0.8207834362983704,0.8399999737739563,0.8445309996604919,0.8059380054473877,0.8159379959106445,557747200
2010-02-12,0.8247535228729248,0.8440629839897156,0.8481249809265137,0.8217189908027649,0.8251559734344482,661081600
2010-02-16,0.8455174565315247,0.8653129935264587,0.8664060235023499,0.8470309972763062,0.8553130030632019,337004800
2010-02-17,0.8545244932174683,0.8745309710502625,0.8748440146446228,0.8628129959106445,0.8725000023841858,354073600
2010-02-18,0.8655173182487488,0.8857809901237488,0.8890630006790161,0.8703129887580872,0.8735939860343933,313619200
2010-02-19,0.8644493222236633,0.8846880197525024,0.893750011920929,0.8767189979553223,0.8829690217971802,400153600
2010-02-22,0.860785186290741,0.8809379935264587,0.8928130269050598,0.875,0.8926560282707214,348697600
2010-02-23,0.8389521241188049,0.8585940003395081,0.8814060091972351,0.8504689931869507,0.879688024520874,473395200
2010-02-24,0.855441153049469,0.8754690289497375,0.8829690217971802,0.864687979221344,0.8673440217971802,398432000
2010-02-25,0.8572733402252197,0.877344012260437,0.8793749809265137,0.8454689979553223,0.857030987739563,528851200
2010-02-26,0.8623111844062805,0.8824999928474426,0.8856250047683716,0.8675000071525574,0.8753129839897156,403936000
2010-03-01,0.8865869045257568,0.9073439836502075,0.9107810258865356,0.8890630006790161,0.8890630006790161,348070400
2010-03-02,0.8919307589530945,0.9128130078315735,0.9248440265655518,0.9092190265655518,0.9132810235023499,506035200
2010-03-03,0.8940679430961609,0.9150000214576721,0.9237499833106995,0.9082810282707214,0.9175000190734863,345363200
2010-03-04,0.8997166156768799,0.9207810163497925,0.9231250286102295,0.9070309996604919,0.9167190194129944,292128000
2010-03-05,0.9262825846672058,0.9479690194129944,0.9515630006790161,0.9309380054473877,0.9356250166893005,413708800
2010-03-08,0.9305575489997864,0.9523440003395081,0.9567189812660217,0.9489060044288635,0.9496880173683167,282956800
2010-03-09,0.9432297945022583,0.9653130173683167,0.973438024520874,0.9467189908027649,0.9467189908027649,471680000
2010-03-10,0.9560546875,0.9784380197525024,0.9829689860343933,0.9634379744529724,0.9635940194129944,436076800
2010-03-11,0.9629248380661011,0.9854689836502075,0.9857810139656067,0.9706249833106995,0.9745309948921204,371385600
2010-03-12,0.9642985463142395,0.9868749976158142,0.9925000071525574,0.9784380197525024,0.9925000071525574,391430400
2010-03-15,0.9603294730186462,0.9828130006790161,0.9868749976158142,0.9679690003395081,0.9818750023841858,318368000
2010-03-16,0.9720853567123413,0.9948440194129944,0.9967190027236938,0.981249988079071,0.9871879816055298,357785600
2010-03-17,0.9755971431732178,0.9984380006790161,1.0087499618530273,0.9931250214576721,0.9962499737739563,386912000
2010-03-18,0.982466995716095,1.0054689645767212,1.0078129768371582,0.9962499737739563,1.0010939836502075,339347200
2010-03-19,0.9711687564849854,0.9939060211181641,1.0129690170288086,0.9865630269050598,0.9939060211181641,445228800
2010-03-22,0.9885743260383606,1.011718988418579,1.019531011581421,0.9837499856948853,0.9859380125999451,368710400
2010-03-23,1.0027726888656616,1.0262500047683716,1.0271879434585571,1.0053130388259888,1.015625,371296000
2010-03-24,0.9931541681289673,1.0164060592651367,1.0220309495925903,1.0112500190734863,1.021875023841858,317388800
2010-03-25,0.9888792037963867,1.0120309591293335,1.0401560068130493,1.010938048362732,1.0323439836502075,499904000
2010-03-26,0.9923909306526184,1.015625,1.0285940170288086,1.003906011581421,1.0207810401916504,408416000
2010-03-29,1.0012463331222534,1.0246880054473877,1.0317189693450928,1.0192190408706665,1.024999976158142,274681600
2010-03-30,1.0076584815979004,1.03125,1.0378129482269287,1.0175000429153442,1.0296880006790161,277843200
2010-03-31,0.9991089701652527,1.0225000381469727,1.0331250429153442,1.0173439979553223,1.024219036102295,349491200
2010-04-01,0.9981929063796997,1.0215630531311035,1.0440629720687866,1.0054689645767212,1.0292190313339233,415923200
2010-04-05,1.0159028768539429,1.039687991142273,1.0446879863739014,1.0204689502716064,1.0253130197525024,266483200
2010-04-06,1.0215522050857544,1.045469045639038,1.0521880388259888,1.0307810306549072,1.034999966621399,311129600
2010-04-07,1.017735481262207,1.0415630340576172,1.0512499809265137,1.029844045639038,1.0435940027236938,550726400
2010-04-08,1.0206358432769775,1.044530987739563,1.0487500429153442,1.024062991142273,1.0353130102157593,359904000
2010-04-09,1.0333080291748047,1.0575000047683716,1.058593988418579,1.0410939455032349,1.046875,287219200
2010-04-12,1.0348351001739502,1.0590629577636719,1.0651559829711914,1.0543750524520874,1.0592190027236938,269728000
2010-04-13,1.0455219745635986,1.0700000524520874,1.0715630054473877,1.050781011581421,1.0571880340576172,307072000
2010-04-14,1.0707132816314697,1.0957809686660767,1.096094012260437,1.078281044960022,1.080625057220459,381024000
2010-04-15,1.0800272226333618,1.1053129434585571,1.1081249713897705,1.0940630435943604,1.0943750143051147,393657600
2010-04-16,1.054530143737793,1.0792189836502075,1.1050000190734863,1.064687967300415,1.097656011581421,999302400
2010-04-19,1.0526982545852661,1.0773439407348633,1.084375023841858,1.0514060258865356,1.0714060068130493,598419200
2010-04-20,1.063690423965454,1.0885939598083496,1.093593955039978,1.0745309591293335,1.0889060497283936,424723200
2010-04-21,1.0755985975265503,1.100780963897705,1.1076560020446777,1.0873440504074097,1.102344036102295,548140800
2010-04-22,1.086897373199463,1.1123440265655518,1.1146880388259888,1.0670310258865356,1.0796879529953003,721132800
2010-04-23,1.0962107181549072,1.1218750476837158,1.1240630149841309,1.1035939455032349,1.1124999523162842,537888000
2010-04-26,1.0908664464950562,1.116405963897705,1.1279690265655518,1.1126559972763062,1.122655987739563,439411200
2010-04-27,1.0459800958633423,1.0704690217971802,1.1176559925079346,1.0640629529953003,1.1085939407348633,973030400
2010-04-28,1.0468955039978027,1.0714060068130493,1.0821880102157593,1.0540629625320435,1.0812499523162842,747993600
2010-04-29,1.0821645259857178,1.1074999570846558,1.1121879816055298,1.0814059972763062,1.0814059972763062,405158400
2010-04-30,1.0412471294403076,1.0656249523162842,1.1109379529953003,1.062656044960022,1.1065629720687866,484979200
2010-05-03,1.0691865682601929,1.0942189693450928,1.1045310497283936,1.0726560354232788,1.0728130340576172,361849600
2010-05-04,1.0046051740646362,1.0281250476837158,1.0674999952316284,1.013280987739563,1.066406011581421,715129600
2010-05-05,0.9948338866233826,1.018125057220459,1.031093955039978,0.9950000047683716,1.0087499618530273,731417600
2010-05-06,0.9290303587913513,0.950780987739563,1.0237499475479126,0.7521880269050598,1.0059380531311035,1123078400
2010-05-07,0.8842965960502625,0.9049999713897705,0.9589059948921204,0.8642190098762512,0.9353129863739014,1490803200
2010-05-10,0.9725437164306641,0.9953129887580872,0.997655987739563,0.9778130054473877,0.9817190170288086,589920000
2010-05-11,0.9714744687080383,0.9942190051078796,1.021875023841858,0.9725000262260437,0.9773439764976501,573747200
2010-05-12,1.0076584815979004,1.03125,1.0331250429153442,1.0012500286102295,1.0042190551757812,476441600
2010-05-13,0.9762077331542969,0.9990630149841309,1.0390629768371582,0.9942190051078796,1.0231250524520874,530073600
2010-05-14,0.9395656585693359,0.961562991142273,0.9851559996604919,0.9378129839897156,0.984375,768224000
2010-05-17,0.9453668594360352,0.9674999713897705,0.9745309948921204,0.9254689812660217,0.9654690027236938,538035200
2010-05-18,0.9192591905593872,0.9407809972763062,0.9870309829711914,0.9315630197525024,0.9826560020446777,705484800
2010-05-19,0.9030760526657104,0.924219012260437,0.9481250047683716,0.9042189717292786,0.9331250190734863,779827200
2010-05-20,0.8378833532333374,0.8575000166893005,0.8934379816055298,0.8523439764976501,0.8892189860343933,1186252800
2010-05-21,0.855135440826416,0.8751559853553772,0.8873440027236938,0.8228129744529724,0.8289059996604919,1011052800
2010-05-24,0.8473497629165649,0.8671879768371582,0.893750011920929,0.8671879768371582,0.8739060163497925,668179200
2010-05-25,0.8493342399597168,0.8692190051078796,0.8717190027236938,0.8125,0.8299999833106995,869248000
2010-05-26,0.8287226557731628,0.8481249809265137,0.9029690027236938,0.846875011920929,0.8807809948921204,659609600
2010-05-27,0.8937629461288452,0.914687991142273,0.9148439764976501,0.8842189908027649,0.8879690170288086,600940800
2010-05-28,0.882311999797821,0.9029690027236938,0.9185940027236938,0.887499988079071,0.9170309901237488,505446400
2010-06-01,0.8653647899627686,0.8856250047683716,0.9290630221366882,0.8843749761581421,0.8976560235023499,613779200
2010-06-02,0.9078091382980347,0.9290630221366882,0.9296879768371582,0.8848440051078796,0.8970310091972351,454592000
2010-06-03,0.9238399267196655,0.9454690217971802,0.9498440027236938,0.921875,0.9337499737739563,489971200
2010-06-04,0.8630744218826294,0.8832809925079346,0.9301559925079346,0.875,0.9067190289497375,932800000
2010-06-07,0.8308605551719666,0.8503130078315735,0.8956249952316284,0.8471879959106445,0.8909379839897156,568774400
2010-06-08,0.8273488879203796,0.8467190265655518,0.8573439717292786,0.8232809901237488,0.8529689908027649,793881600
2010-06-09,0.8126921057701111,0.8317189812660217,0.8737499713897705,0.8267189860343933,0.8576560020446777,502067200
2010-06-10,0.8589528799057007,0.8790630102157593,0.8809379935264587,0.8476560115814209,0.8529689908027649,377747200
2010-06-11,0.8749837279319763,0.8954690098762512,0.8976560235023499,0.8618749976158142,0.8623440265655518,392499200
2010-06-14,0.8751358985900879,0.8956249952316284,0.925000011920929,0.892969012260437,0.9125000238418579,416998400
2010-06-15,0.9217017889022827,0.9432809948921204,0.945937991142273,0.9034379720687866,0.9048439860343933,344870400
2010-06-16,0.9305575489997864,0.9523440003395081,0.9606249928474426,0.9350000023841858,0.9382809996604919,455020800
2010-06-17,0.9359015226364136,0.957813024520874,0.9628130197525024,0.9409379959106445,0.9617189764976501,422809600
2010-06-18,0.9384965896606445,0.9604690074920654,0.9726560115814209,0.9534379839897156,0.9620310068130493,312044800
2010-06-21,0.9249088764190674,0.9465630054473877,0.9865630269050598,0.9315630197525024,0.9832810163497925,515155200
2010-06-22,0.906740128993988,0.9279689788818359,0.9645310044288635,0.9245309829711914,0.9506250023841858,460352000
2010-06-23,0.9003273248672485,0.9214059710502625,0.9370309710502625,0.9057809710502625,0.9301559925079346,485587200
2010-06-24,0.872235119342804,0.8926560282707214,0.9181249737739563,0.8862500190734863,0.9121879935264587,555456000
2010-06-25,0.8687242865562439,0.8890630006790161,0.9046880006790161,0.8765630125999451,0.8982809782028198,475219200
2010-06-28,0.8633803725242615,0.8835939764976501,0.8999999761581421,0.8710939884185791,0.8899999856948853,369177600
2010-06-29,0.7968137860298157,0.8154690265655518,0.8571879863739014,0.8029689788818359,0.856249988079071,779296000
2010-06-30,0.7725380063056946,0.7906249761581421,0.825780987739563,0.786719024181366,0.8100000023841858,528710400
2010-07-01,0.7679583430290222,0.785938024520874,0.7987499833106995,0.755312979221344,0.7943750023841858,787232000
2010-07-02,0.7635298371315002,0.7814059853553772,0.7960940003395081,0.7668750286102295,0.7881249785423279,488972800
2010-07-06,0.767500102519989,0.7854689955711365,0.8137500286102295,0.7724999785423279,0.8037499785423279,528659200
2010-07-07,0.8162038326263428,0.8353130221366882,0.8373439908027649,0.7892190217971802,0.7907810211181641,507372800
2010-07-08,0.8247535228729248,0.8440629839897156,0.8517190217971802,0.824999988079071,0.8487499952316284,404166400
2010-07-09,0.8412426710128784,0.8609380125999451,0.8610939979553223,0.8403130173683167,0.8443750143051147,346713600
2010-07-12,0.845822274684906,0.8656250238418579,0.8765630125999451,0.8545309901237488,0.8595309853553772,376147200
2010-07-13,0.8665862083435059,0.8868749737739563,0.8949999809265137,0.8679689764976501,0.880469024181366,490700800
2010-07-14,0.8766634464263916,0.8971880078315735,0.9070309996604919,0.8843749761581421,0.8917189836502075,426745600
2010-07-15,0.8788003325462341,0.8993750214576721,0.903905987739563,0.8746880292892456,0.8931249976158142,472128000
2010-07-16,0.8304024934768677,0.8498439788818359,0.8946880102157593,0.8475000262260437,0.8918750286102295,554016000
2010-07-19,0.8438379764556885,0.8635939955711365,0.8668749928474426,0.8398439884185791,0.8545309901237488,374937600
2010-07-20,0.8632277846336365,0.883437991142273,0.8842189908027649,0.8301560282707214,0.8348439931869507,453990400
2010-07-21,0.8407843112945557,0.8604689836502075,0.9037500023841858,0.857030987739563,0.9035940170288086,551955200
2010-07-22,0.8829227685928345,0.9035940170288086,0.911719024181366,0.8831250071525574,0.8845310211181641,441241600
2010-07-23,0.894220232963562,0.9151560068130493,0.916405975818634,0.888280987739563,0.8920310139656067,457235200
2010-07-26,0.9081141948699951,0.9293749928474426,0.9309380054473877,0.9090629816055298,0.9182810187339783,417894400
2010-07-27,0.9075032472610474,0.9287499785423279,0.9412500262260437,0.9210940003395081,0.9396880269050598,385216000
2010-07-28,0.8936097025871277,0.9145309925079346,0.9357810020446777,0.9078130125999451,0.927344024181366,337273600
2010-07-29,0.8801740407943726,0.900780975818634,0.9285939931869507,0.8828129768371582,0.924219012260437,471974400
2010-07-30,0.8846023678779602,0.9053130149841309,0.9160940051078796,0.8757809996604919,0.887499988079071,494995200
2010-08-02,0.9169695973396301,0.9384379982948303,0.9434379935264587,0.9206249713897705,0.9275000095367432,276499200
2010-08-03,0.9097936153411865,0.9310939908027649,0.9399999976158142,0.921875,0.9368749856948853,295987200
2010-08-04,0.9282673001289368,0.949999988079071,0.9515630006790161,0.9317190051078796,0.9395310282707214,324870400
2010-08-05,0.9238399267196655,0.9454690217971802,0.9485939741134644,0.9328129887580872,0.9407809972763062,214611200
2010-08-06,0.9207863211631775,0.9423440098762512,0.945937991142273,0.9135940074920654,0.924219012260437,395404800
2010-08-09,0.932542085647583,0.9543750286102295,0.9593750238418579,0.9434379935264587,0.9518749713897705,227161600
2010-08-10,0.9180378317832947,0.9395310282707214,0.9493749737739563,0.9226559996604919,0.9401559829711914,435065600
2010-08-11,0.8671968579292297,0.887499988079071,0.9079689979553223,0.8795310258865356,0.9079689979553223,441561600
2010-08-12,0.852540135383606,0.8725000023841858,0.880469024181366,0.8496879935264587,0.8540629744529724,439008000
2010-08-13,0.8406320214271545,0.8603129982948303,0.8735939860343933,0.8603129982948303,0.8668749928474426,275264000
2010-08-16,0.8438379764556885,0.8635939955711365,0.8754690289497375,0.8443750143051147,0.8512499928474426,314867200
2010-08-17,0.8652123808860779,0.8854690194129944,0.9012500047683716,0.872655987739563,0.8757809996604919,326419200
2010-08-18,0.8716243505477905,0.8920310139656067,0.903124988079071,0.8753129839897156,0.8828129768371582,334668800
2010-08-19,0.8455174565315247,0.8653129935264587,0.8889060020446777,0.8535940051078796,0.8821880221366882,435212800
2010-08-20,0.8476545214653015,0.8675000071525574,0.8717190027236938,0.8531249761581421,0.8626559972763062,342144000
2010-08-23,0.831013023853302,0.8504689931869507,0.8839060068130493,0.8503130078315735,0.8801559805870056,343635200
2010-08-24,0.800936222076416,0.8196880221366882,0.8370310068130493,0.8120309710502625,0.8326560258865356,515264000
2010-08-25,0.8151348233222961,0.8342189788818359,0.8418750166893005,0.8048440217971802,0.8076559901237488,487040000
2010-08-26,0.7963555455207825,0.8149999976158142,0.8442190289497375,0.8129690289497375,0.8410940170288086,465657600
2010-08-27,0.8163562417030334,0.8354690074920654,0.8379690051078796,0.7932810187339783,0.8268749713897705,565452800
2010-08-30,0.7986458539962769,0.8173440098762512,0.8412500023841858,0.8168749809265137,0.8270310163497925,343564800
2010-08-31,0.7942185401916504,0.8128129839897156,0.825780987739563,0.8012499809265137,0.8085939884185791,620857600
2010-09-01,0.8397152423858643,0.859375,0.8653129935264587,0.8342189788818359,0.8349999785423279,467296000
2010-09-02,0.8592578172683716,0.8793749809265137,0.879688024520874,0.8584380149841309,0.8626559972763062,312345600
2010-09-03,0.8885716199874878,0.909375011920929,0.909375011920929,0.8904690146446228,0.8973439931869507,395308800
2010-09-07,0.8754420280456543,0.895937979221344,0.9087499976158142,0.892969012260437,0.900780975818634,337491200
2010-09-08,0.8962058424949646,0.9171879887580872,0.9251559972763062,0.9006249904632568,0.9012500047683716,337536000
2010-09-09,0.902923583984375,0.9240630269050598,0.9353129863739014,0.9203130006790161,0.9339060187339783,295078400
2010-09-10,0.9094879627227783,0.9307810068130493,0.9337499737739563,0.9176560044288635,0.9268749952316284,242131200
2010-09-13,0.9355954527854919,0.9574999809265137,0.9617189764976501,0.9451559782028198,0.9460939764976501,272281600
2010-09-14,0.9430766105651855,0.9651560187339783,0.9750000238418579,0.9503129720687866,0.9546880125999451,358387200
2010-09-15,0.9551379680633545,0.9775000214576721,0.9792190194129944,0.9545310139656067,0.9604690074920654,304512000
2010-09-16,0.9624664783477783,0.9850000143051147,0.9865630269050598,0.96875,0.9746879935264587,286163200
2010-09-17,0.9687259793281555,0.9914060235023499,0.9981250166893005,0.9821879863739014,0.9978129863739014,450144000
2010-09-20,1.0024681091308594,1.0259380340576172,1.0303130149841309,0.9970309734344482,0.9992190003395081,360742400
2010-09-21,1.0001777410507202,1.0235940217971802,1.040624976158142,1.0175000429153442,1.0268750190734863,645292800
2010-09-22,0.9968180656433105,1.0201560258865356,1.0343749523162842,1.009374976158142,1.0175000429153442,479168000
2010-09-23,0.9960549473762512,1.019374966621399,1.0401560068130493,1.0053130388259888,1.0076559782028198,544032000
2010-09-24,1.0362087488174438,1.0604690313339233,1.0621880292892456,1.039844036102295,1.043125033378601,392294400
2010-09-27,1.0255212783813477,1.0495309829711914,1.064844012260437,1.0481250286102295,1.0604690313339233,381331200
2010-09-28,1.027048945426941,1.0510940551757812,1.0559380054473877,1.015781044960022,1.0548440217971802,636076800
2010-09-29,1.0210938453674316,1.0449999570846558,1.055312991142273,1.0378129482269287,1.045469045639038,341593600
2010-09-30,1.0120856761932373,1.0357810258865356,1.068750023841858,1.0223439931869507,1.0567189455032349,517926400
2010-10-01,1.009948968887329,1.033594012260437,1.055469036102295,1.0239059925079346,1.0528130531311035,369107200
2010-10-04,0.987811267375946,1.010938048362732,1.0346879959106445,0.9993749856948853,1.027343988418579,388454400
2010-10-05,1.035292387008667,1.0595309734344482,1.063905954360962,1.0325000286102295,1.0340629816055298,366233600
2010-10-06,1.018803596496582,1.0426559448242188,1.0620310306549072,1.0284379720687866,1.0573439598083496,479635200
2010-10-07,1.0244532823562622,1.0484379529953003,1.0549999475479126,1.0320310592651367,1.0542190074920654,370163200
2010-10-08,1.036971926689148,1.0612499713897705,1.068750023841858,1.0357810258865356,1.050624966621399,446214400
2010-10-11,1.0400257110595703,1.0643750429153442,1.0750000476837158,1.0581250190734863,1.0645309686660767,250835200
2010-10-12,1.0552932024002075,1.0800000429153442,1.0834380388259888,1.042968988418579,1.0612499713897705,415667200
2010-10-13,1.0716301202774048,1.0967190265655518,1.1065629720687866,1.0860940217971802,1.091405987739563,349728000
2010-10-14,1.067507028579712,1.0924999713897705,1.1017190217971802,1.0814059972763062,1.097656011581421,357203200
2010-10-15,1.112546682357788,1.1385940313339233,1.1385940313339233,1.1015629768371582,1.1195310354232788,483948800
2010-10-18,1.1093405485153198,1.1353130340576172,1.1484379768371582,1.131250023841858,1.1399999856948853,383520000
2010-10-19,1.0829272270202637,1.1082810163497925,1.127344012260437,1.091405987739563,1.1082810163497925,562809600
2010-10-20,1.0988056659698486,1.1245310306549072,1.1414060592651367,1.1112500429153442,1.115468978881836,411257600
2010-10-21,1.1032336950302124,1.1290630102157593,1.1481250524520874,1.1074999570846558,1.1390630006790161,427968000
2010-10-22,1.1185014247894287,1.1446880102157593,1.1470309495925903,1.1260939836502075,1.1301560401916504,251724800
2010-10-25,1.1276620626449585,1.1540629863739014,1.1706249713897705,1.1534379720687866,1.1534379720687866,336550400
2010-10-26,1.1343791484832764,1.160938024520874,1.1670310497283936,1.1346880197525024,1.1432809829711914,317593600
2010-10-27,1.1424707174301147,1.1692190170288086,1.1706249713897705,1.1457810401916504,1.150156021118164,347468800
2010-10-28,1.146898865699768,1.1737500429153442,1.180312991142273,1.153905987739563,1.1787500381469727,349484800
2010-10-29,1.1430820226669312,1.1698440313339233,1.1821880340576172,1.167968988418579,1.1725000143051147,281113600
2010-11-01,1.1433868408203125,1.1701560020446777,1.1940629482269287,1.1596879959106445,1.1775000095367432,355564800
2010-11-02,1.167357325553894,1.1946879625320435,1.201719045639038,1.186094045639038,1.190000057220459,269388800
2010-11-03,1.1788073778152466,1.2064059972763062,1.207031011581421,1.1760940551757812,1.1978130340576172,482003200
2010-11-04,1.2065949440002441,1.2348439693450928,1.2445310354232788,1.228124976158142,1.2334380149841309,448454400
2010-11-05,1.2068994045257568,1.2351560592651367,1.2420309782028198,1.2285939455032349,1.236562967300415,332531200
2010-11-08,1.2099533081054688,1.238281011581421,1.2420309782028198,1.2253129482269287,1.2312500476837158,171699200
2010-11-09,1.194685935974121,1.222656011581421,1.2526559829711914,1.2143750190734863,1.2481249570846558,302252800
2010-11-10,1.1908690929412842,1.21875,1.2400000095367432,1.209218978881836,1.2287499904632568,310252800
2010-11-11,1.1937702894210815,1.2217190265655518,1.2260940074920654,1.1890629529953003,1.2000000476837158,301350400
2010-11-12,1.153616189956665,1.1806249618530273,1.2192189693450928,1.1637500524520874,1.2096879482269287,396966400
2010-11-15,1.146440029144287,1.173280954360962,1.1985939741134644,1.1721880435943604,1.1939059495925903,227020800
2010-11-16,1.1079660654067993,1.1339060068130493,1.1696879863739014,1.1245310306549072,1.1553130149841309,441824000
2010-11-17,1.1140731573104858,1.1401560306549072,1.1526559591293335,1.1298439502716064,1.1354689598083496,332787200
2010-11-18,1.1497994661331177,1.1767189502716064,1.1931250095367432,1.1643749475479126,1.1654690504074097,310598400
2010-11-19,1.1514791250228882,1.1784379482269287,1.1846879720687866,1.1645309925079346,1.1739059686660767,284230400
2010-11-22,1.1716325283050537,1.1990629434585571,1.1990629434585571,1.165624976158142,1.1696879863739014,387603200
2010-11-23,1.1349902153015137,1.1615630388259888,1.177968978881836,1.1475000381469727,1.1748440265655518,390035200
2010-11-24,1.1797243356704712,1.2073440551757812,1.2134380340576172,1.1825000047683716,1.183750033378601,253817600
2010-11-26,1.1638458967208862,1.1910940408706665,1.2076560258865356,1.1870310306549072,1.1931250095367432,118848000
2010-11-29,1.1633872985839844,1.1906249523162842,1.1971880197525024,1.1610939502716064,1.1879689693450928,345734400
2010-11-30,1.1334632635116577,1.159999966621399,1.1754690408706665,1.151563048362732,1.1649999618530273,450963200
2010-12-01,1.181556224822998,1.209218978881836,1.2217190265655518,1.1942189931869507,1.1957809925079346,319737600
2010-12-02,1.2064428329467773,1.2346880435943604,1.238124966621399,1.2112499475479126,1.2134380340576172,276473600
2010-12-03,1.211938738822937,1.2403130531311035,1.243749976158142,1.2240630388259888,1.2240630388259888,241017600
2010-12-06,1.2108701467514038,1.2392189502716064,1.2445310354232788,1.2323440313339233,1.240625023841858,209593600
2010-12-07,1.2133126258850098,1.2417190074920654,1.2698440551757812,1.2384380102157593,1.2689059972763062,341574400
2010-12-08,1.222778081893921,1.251405954360962,1.2534379959106445,1.231874942779541,1.2479690313339233,271334400
2010-12-09,1.2238471508026123,1.252500057220459,1.2671879529953003,1.2445310354232788,1.2651560306549072,268787200
2010-12-10,1.2401838302612305,1.2692190408706665,1.271718978881836,1.2510939836502075,1.2596880197525024,274688000
2010-12-13,1.231938362121582,1.2607810497283936,1.2803130149841309,1.2589060068130493,1.2793749570846558,296960000
2010-12-14,1.2345348596572876,1.2634379863739014,1.274999976158142,1.257030963897705,1.2660939693450928,254560000
2010-12-15,1.2249161005020142,1.2535940408706665,1.2790629863739014,1.247499942779541,1.2637499570846558,233241600
2010-12-16,1.2423205375671387,1.2714060544967651,1.276563048362732,1.2495310306549072,1.2556250095367432,231820800
2010-12-17,1.2461384534835815,1.2753130197525024,1.282655954360962,1.2704689502716064,1.2759380340576172,209881600
2010-12-20,1.248733639717102,1.2779690027236938,1.2865630388259888,1.2589060068130493,1.2792190313339233,289990400
2010-12-21,1.2618627548217773,1.2914060354232788,1.2920310497283936,1.2804689407348633,1.287343978881836,141920000
2010-12-22,1.263084053993225,1.2926559448242188,1.2957810163497925,1.287500023841858,1.2910939455032349,129344000
2010-12-23,1.2563668489456177,1.2857810258865356,1.2914060354232788,1.2795310020446777,1.2870310544967651,136089600
2010-12-27,1.2565200328826904,1.285938024520874,1.290781021118164,1.2604689598083496,1.2804689407348633,159072000
2010-12-28,1.2528557777404785,1.282188057899475,1.2940629720687866,1.2760939598083496,1.2915630340576172,108262400
2010-12-29,1.257893681526184,1.287343978881836,1.2923439741134644,1.2848440408706665,1.2890629768371582,81356800
2010-12-30,1.2514811754226685,1.2807810306549072,1.2878129482269287,1.276563048362732,1.2878129482269287,109811200
2010-12-31,1.243237018585205,1.2723439931869507,1.2792190313339233,1.2603130340576172,1.2781250476837158,111283200
2011-01-03,1.2814052104949951,1.3114060163497925,1.329063057899475,1.2953130006790161,1.2956249713897705,231584000
2011-01-04,1.2791156768798828,1.3090629577636719,1.3228130340576172,1.2932809591293335,1.3217190504074097,282304000
2011-01-05,1.3014062643051147,1.331874966621399,1.3323440551757812,1.3003129959106445,1.3021880388259888,259660800
2011-01-06,1.3093451261520386,1.340000033378601,1.342344045639038,1.329063057899475,1.3345309495925903,214099200
2011-01-07,1.307665467262268,1.3382810354232788,1.345937967300415,1.3120310306549072,1.344688057899475,232908800
2011-01-10,1.3163689374923706,1.3471879959106445,1.352187991142273,1.324218988418579,1.3309379816055298,214297600
2011-01-11,1.3198795318603516,1.350780963897705,1.3612500429153442,1.3417190313339233,1.3589060306549072,201600000
2011-01-12,1.3385063409805298,1.3698439598083496,1.3709379434585571,1.3534380197525024,1.3642189502716064,180627200
2011-01-13,1.341559886932373,1.3729690313339233,1.378906011581421,1.3639060258865356,1.3721879720687866,200313600
2011-01-14,1.360796570777893,1.3926559686660767,1.3932809829711914,1.3659379482269287,1.372499942779541,199692800
2011-01-18,1.3681249618530273,1.400156021118164,1.4034379720687866,1.3673440217971802,1.368906021118164,229184000
2011-01-19,1.3374377489089966,1.368749976158142,1.4053130149841309,1.3587499856948853,1.403905987739563,280384000
2011-01-20,1.3165215253829956,1.3473440408706665,1.3609379529953003,1.327968955039978,1.3567190170288086,308268800
2011-01-21,1.296826720237732,1.3271880149841309,1.3665629625320435,1.3264060020446777,1.3621879816055298,219827200
2011-01-24,1.3333148956298828,1.3645310401916504,1.3650000095367432,1.328125,1.3314059972763062,240300800
2011-01-25,1.3362160921096802,1.3674999475479126,1.3692189455032349,1.3454689979553223,1.3514059782028198,267814400
2011-01-26,1.3517894744873047,1.383437991142273,1.3903130292892456,1.3643749952316284,1.3734380006790161,258854400
2011-01-27,1.3679726123809814,1.399999976158142,1.4078129529953003,1.3873440027236938,1.391563057899475,253420800
2011-01-28,1.2985053062438965,1.3289060592651367,1.401563048362732,1.316406011581421,1.3984379768371582,471219200
2011-01-31,1.3114830255508423,1.3421880006790161,1.3492189645767212,1.312656044960022,1.3324999809265137,261798400
2011-02-01,1.3597286939620972,1.391563057899475,1.3982809782028198,1.3590630292892456,1.3610939979553223,277062400
2011-02-02,1.355453610420227,1.3871879577636719,1.397655963897705,1.3817189931869507,1.3854689598083496,237203200
2011-02-03,1.359423041343689,1.3912500143051147,1.3959380388259888,1.360313057899475,1.3823440074920654,224467200
2011-02-04,1.3759117126464844,1.4081250429153442,1.4095309972763062,1.3848439455032349,1.393125057220459,207417600
2011-02-07,1.3891948461532593,1.421718955039978,1.4364060163497925,1.4090629816055298,1.413280963897705,230598400
2011-02-08,1.408889651298523,1.4418749809265137,1.4418749809265137,1.4167189598083496,1.4212499856948853,187001600
2011-02-09,1.4026302099227905,1.4354690313339233,1.4440629482269287,1.425781011581421,1.4343750476837158,212659200
2011-02-10,1.4076684713363647,1.4406249523162842,1.4429689645767212,1.4129689931869507,1.417968988418579,349913600
2011-02-11,1.4267526865005493,1.460155963897705,1.4614059925079346,1.4267189502716064,1.4309380054473877,282272000
2011-02-14,1.4336235523223877,1.4671880006790161,1.4706250429153442,1.457031011581421,1.4596879482269287,137292800
2011-02-15,1.4301117658615112,1.4635939598083496,1.4659379720687866,1.449375033378601,1.4612499475479126,176262400
2011-02-16,1.4490435123443604,1.482969045639038,1.4898439645767212,1.4693750143051147,1.469688057899475,256160000
2011-02-17,1.447822093963623,1.4817190170288086,1.486562967300415,1.4651559591293335,1.467344045639038,205248000
2011-02-18,1.4418675899505615,1.4756250381469727,1.4860939979553223,1.4631249904632568,1.4814059734344482,169043200
2011-02-22,1.3565216064453125,1.388280987739563,1.443750023841858,1.3842190504074097,1.436094045639038,346508800
2011-02-23,1.3345361948013306,1.3657809495925903,1.3978129625320435,1.3443750143051147,1.386875033378601,460089600
2011-02-24,1.3475146293640137,1.3790630102157593,1.388124942779541,1.3453129529953003,1.3717190027236938,402124800
2011-02-25,1.3858357667922974,1.4182809591293335,1.4221880435943604,1.392969012260437,1.3949999809265137,247705600
2011-02-28,1.3928589820861816,1.4254690408706665,1.4381250143051147,1.4078129529953003,1.4298440217971802,274624000
2011-03-01,1.3484301567077637,1.3799999952316284,1.4368749856948853,1.371250033378601,1.434999942779541,545312000
2011-03-02,1.3615607023239136,1.3934379816055298,1.4110939502716064,1.3756250143051147,1.377344012260437,486470400
2011-03-03,1.4149969816207886,1.4481250047683716,1.4524999856948853,1.4190629720687866,1.4190629720687866,271564800
2011-03-04,1.399424433708191,1.4321880340576172,1.4479689598083496,1.4145309925079346,1.4474999904632568,289286400
2011-03-07,1.3632398843765259,1.3951560258865356,1.446874976158142,1.368906021118164,1.4443750381469727,308518400
2011-03-08,1.3734688758850098,1.4056249856948853,1.417968988418579,1.3737499713897705,1.3898439407348633,315264000
2011-03-09,1.3542325496673584,1.385938048362732,1.3982809782028198,1.3714059591293335,1.3949999809265137,336588800
2011-03-10,1.3133151531219482,1.3440630435943604,1.3612500429153442,1.332031011581421,1.3550000190734863,515859200
2011-03-11,1.3282769918441772,1.359375,1.3676559925079346,1.3265630006790161,1.328125,324524800
2011-03-14,1.318658471107483,1.3495310544967651,1.3648439645767212,1.329530954360962,1.345155954360962,322336000
2011-03-15,1.2827798128128052,1.3128130435943604,1.3274999856948853,1.2628129720687866,1.2707810401916504,474329600
2011-03-16,1.2209457159042358,1.2495310306549072,1.3045309782028198,1.2303129434585571,1.2899999618530273,709523200
2011-03-17,1.2421681880950928,1.2712500095367432,1.2981250286102295,1.269531011581421,1.287500023841858,315584000
2011-03-18,1.2371301651000977,1.2660939693450928,1.300781011581421,1.2637499570846558,1.300781011581421,273683200
2011-03-21,1.282474398612976,1.3125,1.3270310163497925,1.299375057220459,1.303905963897705,217376000
2011-03-22,1.2809479236602783,1.3109380006790161,1.3190629482269287,1.3032809495925903,1.317188024520874,159833600
2011-03-23,1.2937729358673096,1.3240629434585571,1.3312499523162842,1.2823439836502075,1.2996879816055298,208262400
2011-03-24,1.3427811861038208,1.3742189407348633,1.3765629529953003,1.3293750286102295,1.3429689407348633,195564800
2011-03-25,1.3461401462554932,1.3776559829711914,1.3959380388259888,1.3739060163497925,1.3795310258865356,219187200
2011-03-28,1.3301091194152832,1.3612500429153442,1.3901560306549072,1.3612500429153442,1.3893749713897705,147897600
2011-03-29,1.3562169075012207,1.3879690170288086,1.3879690170288086,1.3481249809265137,1.3564059734344482,122169600
2011-03-30,1.3694998025894165,1.401563048362732,1.4059380292892456,1.3889060020446777,1.4007810354232788,169632000
2011-03-31,1.3736214637756348,1.4057810306549072,1.408437967300415,1.3925000429153442,1.3970309495925903,144960000
2011-04-01,1.3746901750564575,1.4068750143051147,1.428905963897705,1.399062991142273,1.4207810163497925,171475200
2011-04-04,1.3664463758468628,1.3984379768371582,1.4176559448242188,1.385938048362732,1.4145309925079346,168844800
2011-04-05,1.3580491542816162,1.3898439407348633,1.408594012260437,1.3849999904632568,1.3923439979553223,168787200
2011-04-06,1.364614486694336,1.3965630531311035,1.4203130006790161,1.3809380531311035,1.4114060401916504,207411200
2011-04-07,1.3640037775039673,1.3959380388259888,1.4137500524520874,1.3754689693450928,1.3959380388259888,231155200
2011-04-08,1.3507204055786133,1.3823440074920654,1.4118750095367432,1.3671879768371582,1.4082809686660767,157676800
2011-04-11,1.3417125940322876,1.3731249570846558,1.3987499475479126,1.3634380102157593,1.3925000429153442,182732800
2011-04-12,1.3238495588302612,1.3548439741134644,1.3673440217971802,1.3434380292892456,1.3609379529953003,247161600
2011-04-13,1.3456822633743286,1.377187967300415,1.3837499618530273,1.3553129434585571,1.3729690313339233,251180800
2011-04-14,1.339880347251892,1.371250033378601,1.375156044960022,1.346250057220459,1.3574999570846558,211500800
2011-04-15,1.3356056213378906,1.3668750524520874,1.377344012260437,1.3489060401916504,1.3609379529953003,192992000
2011-04-18,1.3163689374923706,1.3471879959106445,1.3482810258865356,1.302968978881836,1.3401559591293335,336262400
2011-04-19,1.3330103158950806,1.3642189502716064,1.3642189502716064,1.3407809734344482,1.3545310497283936,183955200
2011-04-20,1.3924003839492798,1.4249999523162842,1.4282809495925903,1.408750057220459,1.4120310544967651,226995200
2011-04-21,1.4145385026931763,1.4476560354232788,1.4550000429153442,1.439844012260437,1.4550000429153442,168262400
2011-04-25,1.422630786895752,1.4559379816055298,1.4574999809265137,1.4456249475479126,1.4510940313339233,126009600
2011-04-26,1.437592625617981,1.471250057220459,1.4823440313339233,1.456874966621399,1.4632810354232788,147200000
2011-04-27,1.4577460289001465,1.4918750524520874,1.4954689741134644,1.4642189741134644,1.477344036102295,159257600
2011-04-28,1.4540818929672241,1.488124966621399,1.4918750524520874,1.4746880531311035,1.4834380149841309,193920000
2011-04-29,1.4528605937957764,1.486875057220459,1.4950000047683716,1.4795310497283936,1.4824999570846558,131334400
2011-05-02,1.4466005563735962,1.480468988418579,1.4984380006790161,1.4723440408706665,1.490468978881836,219321600
2011-05-03,1.431638240814209,1.4651559591293335,1.4809379577636719,1.4478130340576172,1.4785939455032349,240217600
2011-05-04,1.4285846948623657,1.4620310068130493,1.474843978881836,1.4364060163497925,1.4671880006790161,283552000
2011-05-05,1.411332607269287,1.4443750381469727,1.4795310497283936,1.4353129863739014,1.447031021118164,299654400
2011-05-06,1.4223251342773438,1.455625057220459,1.4910939931869507,1.447031021118164,1.4745310544967651,284672000
2011-05-09,1.4325543642044067,1.4660940170288086,1.4765629768371582,1.4481250047683716,1.4589060544967651,155622400
2011-05-10,1.456066370010376,1.4901560544967651,1.4943749904632568,1.4695310592651367,1.4742189645767212,228844800
2011-05-11,1.4346916675567627,1.4682810306549072,1.4965629577636719,1.4481250047683716,1.4859379529953003,284064000
2011-05-12,1.4508757591247559,1.4848439693450928,1.4893749952316284,1.442188024520874,1.4573440551757812,236800000
2011-05-13,1.4172872304916382,1.4504690170288086,1.4835939407348633,1.4496879577636719,1.4785939455032349,263264000
2011-05-16,1.3679726123809814,1.399999976158142,1.4456249475479126,1.3937499523162842,1.4378130435943604,279456000
2011-05-17,1.3749961853027344,1.407188057899475,1.4089059829711914,1.3804689645767212,1.385938048362732,345625600
2011-05-18,1.3992711305618286,1.4320310354232788,1.436094045639038,1.4006249904632568,1.4043749570846558,196480000
2011-05-19,1.406905174255371,1.439844012260437,1.446094036102295,1.4226560592651367,1.4409379959106445,259456000
2011-05-20,1.3855304718017578,1.417968988418579,1.439687967300415,1.4142190217971802,1.436094045639038,274259200
2011-05-23,1.3459876775741577,1.377500057220459,1.3875000476837158,1.363281011581421,1.3803130388259888,307392000
2011-05-24,1.3287353515625,1.3598439693450928,1.383437991142273,1.359218955039978,1.3829690217971802,289401600
2011-05-25,1.3386589288711548,1.3700000047683716,1.382030963897705,1.3542189598083496,1.3551559448242188,205920000
2011-05-26,1.355758786201477,1.3875000476837158,1.3942190408706665,1.3609379529953003,1.3614059686660767,232396800
2011-05-27,1.3690416812896729,1.4010939598083496,1.4032809734344482,1.3887499570846558,1.3917189836502075,130086400
2011-05-31,1.4114853143692017,1.444530963897705,1.4450000524520874,1.412343978881836,1.4267189502716064,182912000
2011-06-01,1.3507204055786133,1.3823440074920654,1.4457809925079346,1.381250023841858,1.438905954360962,361216000
2011-06-02,1.3571323156356812,1.3889060020446777,1.3987499475479126,1.373594045639038,1.3878129720687866,296288000
2011-06-03,1.3168261051177979,1.347656011581421,1.3778129816055298,1.3432810306549072,1.3571879863739014,244384000
2011-06-06,1.2939252853393555,1.324218988418579,1.3553129434585571,1.3240629434585571,1.3415629863739014,275699200
2011-06-07,1.2902615070343018,1.3204690217971802,1.3421880006790161,1.318593978881836,1.3321880102157593,183795200
2011-06-08,1.2707186937332153,1.3004690408706665,1.318593978881836,1.2937500476837158,1.314844012260437,291296000
2011-06-09,1.2743828296661377,1.3042190074920654,1.3176560401916504,1.2932809591293335,1.3003129959106445,167129600
2011-06-10,1.2368242740631104,1.265781044960022,1.2987500429153442,1.263124942779541,1.2934379577636719,212140800
2011-06-13,1.2349920272827148,1.2639060020446777,1.2785940170288086,1.256250023841858,1.2687499523162842,286105600
2011-06-14,1.2659854888916016,1.2956249713897705,1.303905963897705,1.283750057220459,1.2840629816055298,162387200
2011-06-15,1.2215567827224731,1.250156044960022,1.2889059782028198,1.243906021118164,1.2735940217971802,301126400
2011-06-16,1.211174726486206,1.2395310401916504,1.258594036102295,1.2174999713897705,1.2506250143051147,307782400
2011-06-17,1.2029305696487427,1.2310940027236938,1.2651560306549072,1.2242189645767212,1.2615629434585571,244172800
2011-06-20,1.214686632156372,1.2431249618530273,1.2517189979553223,1.2243750095367432,1.2251559495925903,181664000
2011-06-21,1.2664439678192139,1.2960939407348633,1.2996879816055298,1.2423440217971802,1.2531249523162842,245536000
2011-06-22,1.249496340751648,1.278749942779541,1.3009380102157593,1.277500033378601,1.2862499952316284,193638400
2011-06-23,1.272702932357788,1.3025000095367432,1.3032809495925903,1.2426559925079346,1.251405954360962,350662400
2011-06-24,1.2282744646072388,1.257030963897705,1.2920310497283936,1.252187967300415,1.2889059782028198,237824000
2011-06-27,1.2681232690811157,1.297813057899475,1.3095309734344482,1.2545310258865356,1.2592190504074097,214291200
2011-06-28,1.3047655820846558,1.3353129625320435,1.3360940217971802,1.299219012260437,1.3032809495925903,187424000
2011-06-29,1.3162153959274292,1.3470309972763062,1.3518749475479126,1.3274999856948853,1.3428130149841309,217228800
2011-06-30,1.3501100540161133,1.3817189931869507,1.3840630054473877,1.354688048362732,1.3564059734344482,181779200
2011-07-01,1.3914849758148193,1.424062967300415,1.4271880388259888,1.3760939836502075,1.384531021118164,223680000
2011-07-05,1.4046149253845215,1.4375,1.4404690265655518,1.4201560020446777,1.4260940551757812,235436800
2011-07-06,1.4127063751220703,1.4457809925079346,1.4518749713897705,1.4253129959106445,1.4353129863739014,225888000
2011-07-07,1.453471064567566,1.4874999523162842,1.4948439598083496,1.464843988418579,1.4684380292892456,203776000
2011-07-08,1.4444628953933716,1.478281021118164,1.4785939455032349,1.4454690217971802,1.461719036102295,202688000
2011-07-11,1.3937746286392212,1.4264060258865356,1.4621880054473877,1.414844036102295,1.4473439455032349,306022400
2011-07-12,1.3705676794052124,1.4026559591293335,1.4306249618530273,1.4007810354232788,1.4249999523162842,287379200
2011-07-13,1.3824772834777832,1.414844036102295,1.4434380531311035,1.4049999713897705,1.4235939979553223,294278400
2011-07-14,1.3507204055786133,1.3823440074920654,1.4357810020446777,1.3718750476837158,1.4231250286102295,309606400
2011-07-15,1.386293649673462,1.4187500476837158,1.4189059734344482,1.393125057220459,1.4129689931869507,222656000
2011-07-18,1.3719427585601807,1.4040629863739014,1.4159380197525024,1.3765629529953003,1.4043749570846558,257024000
2011-07-19,1.4346916675567627,1.4682810306549072,1.4706250429153442,1.430469036102295,1.4321880340576172,157337600
2011-07-20,1.421256184577942,1.454530954360962,1.4850000143051147,1.4504690170288086,1.4835939407348633,195539200
2011-07-21,1.4420198202133179,1.475780963897705,1.4907809495925903,1.4424999952316284,1.4581249952316284,167936000
2011-07-22,1.4707229137420654,1.5051560401916504,1.509374976158142,1.471250057220459,1.4735939502716064,166470400
2011-07-25,1.4656848907470703,1.5,1.5153130292892456,1.4754689931869507,1.4815629720687866,201280000
2011-07-26,1.4708764553070068,1.5053130388259888,1.5168750286102295,1.4909379482269287,1.4965629577636719,184896000
2011-07-27,1.396523356437683,1.4292190074920654,1.4889060258865356,1.4215630292892456,1.486719012260437,263609600
2011-07-28,1.4009509086608887,1.433750033378601,1.4698439836502075,1.4190629720687866,1.4292190074920654,285440000
2011-07-29,1.3910269737243652,1.4235939979553223,1.4537500143051147,1.3965630531311035,1.4104690551757812,242419200
2011-08-01,1.3809494972229004,1.413280963897705,1.4642189741134644,1.3765629529953003,1.456874966621399,297760000
2011-08-02,1.3096511363983154,1.3403129577636719,1.4103130102157593,1.3370310068130493,1.3984379768371582,391955200
2011-08-03,1.332857608795166,1.364063024520874,1.3682810068130493,1.2960939407348633,1.3442189693450928,579257600
2011-08-04,1.2107175588607788,1.239063024520874,1.330469012260437,1.239063024520874,1.3260940313339233,667404800
2011-08-05,1.1943806409835815,1.2223440408706665,1.277500033378601,1.153905987739563,1.266563057899475,1010163200
2011-08-08,1.054530143737793,1.0792189836502075,1.1903129816055298,1.076719045639038,1.1485940217971802,886297600
2011-08-09,1.1520899534225464,1.1790629625320435,1.1809380054473877,1.0476560592651367,1.1053129434585571,622208000
2011-08-10,1.0577361583709717,1.0824999809265137,1.159999966621399,1.0801559686660767,1.1260939836502075,704128000
2011-08-11,1.1507154703140259,1.1776560544967651,1.203125,1.103124976158142,1.1129690408706665,532646400
2011-08-12,1.1699527502059937,1.1973439455032349,1.2128130197525024,1.167968988418579,1.192188024520874,450003200
2011-08-15,1.2043042182922363,1.2324999570846558,1.2332810163497925,1.1967190504074097,1.2076560258865356,247948800
2011-08-16,1.183998942375183,1.211719036102295,1.232969045639038,1.1801559925079346,1.2085939645767212,391424000
2011-08-17,1.1710219383239746,1.198438048362732,1.235780954360962,1.1734379529953003,1.2159379720687866,366169600
2011-08-18,1.056972861289978,1.0817190408706665,1.1337499618530273,1.0598440170288086,1.1331249475479126,450176000
2011-08-19,1.0183466672897339,1.042188048362732,1.1112500429153442,1.0403130054473877,1.0590629577636719,312012800
2011-08-22,1.024910569190979,1.0489059686660767,1.0924999713897705,1.0428129434585571,1.0907809734344482,410553600
2011-08-23,1.1082717180252075,1.1342190504074097,1.1356250047683716,1.0548440217971802,1.0637500286102295,473881600
2011-08-24,1.1253713369369507,1.1517189741134644,1.157655954360962,1.1109379529953003,1.131093978881836,455878400
2011-08-25,1.0899509191513062,1.115468978881836,1.1626559495925903,1.1071879863739014,1.1510939598083496,446668800
2011-08-26,1.1430820226669312,1.1698440313339233,1.1795309782028198,1.0859379768371582,1.1085939407348633,427737600
2011-08-29,1.2091901302337646,1.2374999523162842,1.2389060258865356,1.1943750381469727,1.194530963897705,255494400
2011-08-30,1.2236944437026978,1.252344012260437,1.267969012260437,1.2134380340576172,1.227187991142273,342342400
2011-08-31,1.229343295097351,1.2581249475479126,1.2879689931869507,1.2359379529953003,1.2675000429153442,412832000
2011-09-01,1.2052212953567505,1.2334380149841309,1.283437967300415,1.2292189598083496,1.2635940313339233,249267200
2011-09-02,1.1488827466964722,1.175781011581421,1.200780987739563,1.1629689931869507,1.1907809972763062,272672000
2011-09-06,1.1493414640426636,1.1762499809265137,1.1796879768371582,1.1157809495925903,1.1214059591293335,393312000
2011-09-07,1.207053303718567,1.235313057899475,1.236562967300415,1.2034380435943604,1.2090630531311035,299020800
2011-09-08,1.1959071159362793,1.2239060401916504,1.2598439455032349,1.2167190313339233,1.2237499952316284,375699200
2011-09-09,1.1427757740020752,1.169530987739563,1.2174999713897705,1.1557810306549072,1.206874966621399,420704000
2011-09-12,1.173158884048462,1.200624942779541,1.2009379863739014,1.143125057220459,1.1446880102157593,431276800
2011-09-13,1.2032358646392822,1.2314059734344482,1.2370309829711914,1.1971880197525024,1.2090630531311035,350265600
2011-09-14,1.2377406358718872,1.2667189836502075,1.2951560020446777,1.2200000286102295,1.2443749904632568,341222400
2011-09-15,1.2743828296661377,1.3042190074920654,1.308750033378601,1.2685940265655518,1.2948440313339233,423833600
2011-09-16,1.2960624694824219,1.3264060020446777,1.3309379816055298,1.305469036102295,1.3121880292892456,379180800
2011-09-19,1.298963189125061,1.3293750286102295,1.3432810306549072,1.2739059925079346,1.2962499856948853,399872000
2011-09-20,1.287818193435669,1.3179689645767212,1.3642189502716064,1.312343955039978,1.3431249856948853,384742400
2011-09-21,1.2424739599227905,1.2715630531311035,1.3448439836502075,1.2715630531311035,1.330312967300415,447129600
2011-09-22,1.1621659994125366,1.1893750429153442,1.229688048362732,1.1518750190734863,1.205469012260437,821017600
2011-09-23,1.1861356496810913,1.2139060497283936,1.224843978881836,1.167968988418579,1.1699999570846558,474790400
2011-09-26,1.2133126258850098,1.2417190074920654,1.2467190027236938,1.1725000143051147,1.227187991142273,395289600
2011-09-27,1.2386558055877686,1.2676559686660767,1.3068749904632568,1.251405954360962,1.2848440408706665,387289600
2011-09-28,1.2020142078399658,1.2301559448242188,1.2964060306549072,1.2254689931869507,1.278905987739563,356844800
2011-09-29,1.1742277145385742,1.201719045639038,1.2712500095367432,1.1604690551757812,1.2671879529953003,512838400
2011-09-30,1.1137681007385254,1.1398439407348633,1.1940629482269287,1.1384379863739014,1.1714060306549072,522976000
2011-10-03,1.0555987358093262,1.080312967300415,1.1553130149841309,1.0796879529953003,1.1193749904632568,422918400
2011-10-04,1.0988056659698486,1.1245310306549072,1.129688024520874,1.0370310544967651,1.058750033378601,844800000
2011-10-05,1.155295968055725,1.1823439598083496,1.1892189979553223,1.102344036102295,1.1196880340576172,623596800
2011-10-06,1.1934642791748047,1.2214059829711914,1.222499966621399,1.1690629720687866,1.1807810068130493,403289600
2011-10-07,1.1785023212432861,1.2060940265655518,1.2331249713897705,1.1907809972763062,1.221250057220459,429734400
2011-10-10,1.259115219116211,1.2885940074920654,1.2890629768371582,1.2435940504074097,1.2467190027236938,199020800
2011-10-11,1.274993658065796,1.3048440217971802,1.3137500286102295,1.2793749570846558,1.2831250429153442,214009600
2011-10-12,1.289650321006775,1.3198440074920654,1.3492189645767212,1.3181250095367432,1.331874966621399,263923200
2011-10-13,1.3137725591659546,1.3445310592651367,1.3478130102157593,1.3125,1.314844012260437,256140800
2011-10-14,1.36110258102417,1.392969012260437,1.394531011581421,1.363281011581421,1.3782809972763062,201920000
2011-10-17,1.3214069604873657,1.352344036102295,1.3896880149841309,1.336719036102295,1.3804689645767212,243449600
2011-10-18,1.352246880531311,1.3839060068130493,1.3987499475479126,1.321874976158142,1.3473440408706665,351449600
2011-10-19,1.3001848459243774,1.330625057220459,1.3778129816055298,1.3223439455032349,1.3704689741134644,264595200
2011-10-20,1.2885812520980835,1.318750023841858,1.3334380388259888,1.2806249856948853,1.3287500143051147,275187200
2011-10-21,1.3197271823883057,1.3506250381469727,1.3676559925079346,1.3268749713897705,1.3457809686660767,198899200
2011-10-24,1.3742320537567139,1.406406044960022,1.4143749475479126,1.357969045639038,1.3610939979553223,256755200
2011-10-25,1.3211007118225098,1.3520309925079346,1.3987499475479126,1.3456250429153442,1.3964060544967651,262771200
2011-10-26,1.3172844648361206,1.3481249809265137,1.3718750476837158,1.299219012260437,1.3671879768371582,344857600
2011-10-27,1.390721082687378,1.423280954360962,1.4387500286102295,1.3846880197525024,1.4129689931869507,324787200
2011-10-28,1.3936221599578857,1.4262499809265137,1.4299999475479126,1.4054689407348633,1.4054689407348633,178976000
2011-10-31,1.3476670980453491,1.3792190551757812,1.4121880531311035,1.3770309686660767,1.4006249904632568,198496000
2011-11-01,1.2766731977462769,1.3065630197525024,1.332031011581421,1.292188048362732,1.3135939836502075,396505600
2011-11-02,1.2972835302352905,1.3276560306549072,1.3409379720687866,1.3049999475479126,1.3335939645767212,259494400
2011-11-03,1.3517894744873047,1.383437991142273,1.3878129720687866,1.319530963897705,1.350780963897705,260204800
2011-11-04,1.338354229927063,1.3696880340576172,1.381250023841858,1.3421880006790161,1.3692189455032349,168108800
2011-11-07,1.356827735900879,1.3885940313339233,1.3914060592651367,1.340000033378601,1.3668750524520874,202124800
2011-11-08,1.3879735469818115,1.420469045639038,1.4259380102157593,1.3781249523162842,1.408437967300415,266240000
2011-11-09,1.29209303855896,1.3223439455032349,1.3698439598083496,1.312656044960022,1.3650000095367432,295443200
2011-11-10,1.2885812520980835,1.318750023841858,1.3495310544967651,1.294530987739563,1.3479690551757812,219596800
2011-11-11,1.336674451828003,1.367969036102295,1.3768750429153442,1.3392189741134644,1.3429689407348633,183942400
2011-11-14,1.3214069604873657,1.352344036102295,1.3765629529953003,1.3421880006790161,1.3620309829711914,161331200
2011-11-15,1.3501100540161133,1.3817189931869507,1.392969012260437,1.3415629863739014,1.343593955039978,155987200
2011-11-16,1.304307222366333,1.3348439931869507,1.3823440074920654,1.331874966621399,1.363124966621399,224742400
2011-11-17,1.2465956211090088,1.2757810354232788,1.3307809829711914,1.2578129768371582,1.330312967300415,349638400
2011-11-18,1.2253741025924683,1.2540630102157593,1.2776559591293335,1.2503130435943604,1.275156021118164,234368000
2011-11-21,1.1789608001708984,1.2065629959106445,1.2243750095367432,1.1810940504074097,1.2220309972763062,320736000
2011-11-22,1.1849145889282227,1.212656021118164,1.221250057220459,1.1859380006790161,1.1998440027236938,261612800
2011-11-23,1.1313261985778809,1.1578129529953003,1.1989059448242188,1.1578129529953003,1.1965630054473877,258707200
2011-11-25,1.1149896383285522,1.1410939693450928,1.175781011581421,1.1410939693450928,1.1495310068130493,103091200
2011-11-28,1.1916323900222778,1.2195310592651367,1.2235939502716064,1.1956249475479126,1.1965630054473877,236576000
2011-11-29,1.1774338483810425,1.2050000429153442,1.2376559972763062,1.1989059448242188,1.2179689407348633,238483200
2011-11-30,1.264305830001831,1.2939059734344482,1.2965630292892456,1.2626559734344482,1.2701560258865356,223404800
2011-12-01,1.2820161581039429,1.3120310306549072,1.3189059495925903,1.2926559448242188,1.2937500476837158,221132800
2011-12-02,1.272702932357788,1.3025000095367432,1.3389060497283936,1.3025000095367432,1.3389060497283936,166988800
2011-12-05,1.3020168542861938,1.3324999809265137,1.350780963897705,1.318593978881836,1.344688057899475,181081600
2011-12-06,1.2957576513290405,1.3260940313339233,1.3429689407348633,1.3170310258865356,1.3356250524520874,179238400
2011-12-07,1.29697847366333,1.3273439407348633,1.337656021118164,1.2920310497283936,1.318750023841858,205849600
2011-12-08,1.2525501251220703,1.2818750143051147,1.3298439979553223,1.2767189741134644,1.3098440170288086,259174400
2011-12-09,1.29209303855896,1.3223439455032349,1.330312967300415,1.2868750095367432,1.2879689931869507,206336000
2011-12-12,1.2638484239578247,1.2934379577636719,1.2959380149841309,1.2704689502716064,1.294374942779541,189075200
2011-12-13,1.2346874475479126,1.2635940313339233,1.3200000524520874,1.253906011581421,1.3098440170288086,244780800
2011-12-14,1.1975867748260498,1.2256250381469727,1.2567189931869507,1.2103129625320435,1.2540630102157593,289203200
2011-12-15,1.189953088760376,1.2178130149841309,1.2484380006790161,1.2143750190734863,1.2473440170288086,205100800
2011-12-16,1.2007925510406494,1.2289060354232788,1.2635940313339233,1.2262500524520874,1.2315629720687866,219481600
2011-12-19,1.1794183254241943,1.207031011581421,1.2450000047683716,1.1995309591293335,1.2398439645767212,152716800
2011-12-20,1.2481228113174438,1.277343988418579,1.2801560163497925,1.243906021118164,1.2451560497283936,204902400
2011-12-21,1.2116328477859497,1.2400000095367432,1.2623440027236938,1.211562991142273,1.2620309591293335,263955200
2011-12-22,1.2323967218399048,1.2612500190734863,1.2628129720687866,1.242969036102295,1.2459379434585571,125043200
2011-12-23,1.2540773153305054,1.283437967300415,1.2839059829711914,1.261718988418579,1.2664060592651367,83904000
2011-12-27,1.261405348777771,1.2909380197525024,1.2995309829711914,1.277343988418579,1.2799999713897705,79788800
2011-12-28,1.2345348596572876,1.2634379863739014,1.2914060354232788,1.2549999952316284,1.2884379625320435,158092800
2011-12-29,1.2496486902236938,1.278905987739563,1.2815630435943604,1.2578129768371582,1.2659380435943604,126259200
2011-12-30,1.2436950206756592,1.2728129625320435,1.2854690551757812,1.271875023841858,1.2737499475479126,80992000
2012-01-03,1.2890397310256958,1.3192189931869507,1.3340630531311035,1.3145309686660767,1.321094036102295,189516800
2012-01-04,1.3001848459243774,1.330625057220459,1.3353129625320435,1.305312991142273,1.3157809972763062,125881600
2012-01-05,1.3223224878311157,1.353281021118164,1.3557809591293335,1.316406011581421,1.3268749713897705,145849600
2012-01-06,1.330720067024231,1.361875057220459,1.368749976158142,1.3440630435943604,1.3543750047683716,173971200
2012-01-09,1.3230867385864258,1.3540630340576172,1.3709379434585571,1.3454689979553223,1.3698439598083496,169088000
2012-01-10,1.3421708345413208,1.373594045639038,1.3910939693450928,1.3667190074920654,1.3837499618530273,133561600
2012-01-11,1.3482780456542969,1.3798439502716064,1.3853130340576172,1.3629690408706665,1.3732810020446777,140518400
2012-01-12,1.3592703342437744,1.3910939693450928,1.3935940265655518,1.3651560544967651,1.3857810497283936,197670400
2012-01-13,1.34965181350708,1.381250023841858,1.3814059495925903,1.356874942779541,1.3762500286102295,193600000
2012-01-17,1.3717893362045288,1.403905987739563,1.417188048362732,1.3949999809265137,1.4054689407348633,157452800
2012-01-18,1.4084312915802002,1.441406011581421,1.4424999952316284,1.4056249856948853,1.4115630388259888,211724800
2012-01-19,1.4270581007003784,1.4604690074920654,1.4656250476837158,1.4504690170288086,1.4551559686660767,187814400
2012-01-20,1.4232418537139893,1.4565629959106445,1.4573440551757812,1.445937991142273,1.4479689598083496,153158400
2012-01-23,1.423546314239502,1.456874966621399,1.4770309925079346,1.4401559829711914,1.4571880102157593,231923200
2012-01-24,1.4185086488723755,1.451719045639038,1.459375023841858,1.438438057899475,1.4448440074920654,178534400
2012-01-25,1.4536234140396118,1.4876559972763062,1.495313048362732,1.4595309495925903,1.4809379577636719,227187200
2012-01-26,1.4430891275405884,1.4768749475479126,1.506093978881836,1.4637500047683716,1.5007810592651367,326771200
2012-01-27,1.4533185958862305,1.4873440265655518,1.4918750524520874,1.470155954360962,1.471094012260437,177049600
2012-01-30,1.45499849319458,1.489063024520874,1.492969036102295,1.4500000476837158,1.4620310068130493,263756800
2012-01-31,1.4585089683532715,1.4926559925079346,1.5089060068130493,1.4737499952316284,1.5028129816055298,220172800
2012-02-01,1.4814106225967407,1.5160939693450928,1.5278129577636719,1.4993749856948853,1.5082809925079346,232448000
2012-02-02,1.4916402101516724,1.526563048362732,1.5360939502716064,1.5145310163497925,1.526563048362732,187366400
2012-02-03,1.5322513580322266,1.5681250095367432,1.5715630054473877,1.5496879816055298,1.5543750524520874,146758400
2012-02-06,1.5308778285980225,1.5667190551757812,1.5667190551757812,1.5487500429153442,1.556249976158142,149721600
2012-02-07,1.5368319749832153,1.5728130340576172,1.577968955039978,1.549375057220459,1.5628130435943604,227776000
2012-02-08,1.5510308742523193,1.5873440504074097,1.5885939598083496,1.5609380006790161,1.5729689598083496,241804800
2012-02-09,1.5748482942581177,1.611719012260437,1.6151560544967651,1.582031011581421,1.600000023841858,231404800
2012-02-10,1.5527104139328003,1.589063048362732,1.597656011581421,1.5776560306549072,1.589063048362732,180582400
2012-02-13,1.5800389051437378,1.6170309782028198,1.6223440170288086,1.598438024520874,1.6129690408706665,171155200
2012-02-14,1.5887418985366821,1.625938057899475,1.6268750429153442,1.6003129482269287,1.609531044960022,185171200
2012-02-15,1.5658401250839233,1.6024999618530273,1.6598440408706665,1.5989060401916504,1.6421879529953003,352332800
2012-02-16,1.609963059425354,1.647655963897705,1.6514060497283936,1.5968749523162842,1.6057809591293335,299283200
2012-02-17,1.6000394821166992,1.6375000476837158,1.6506249904632568,1.623594045639038,1.6489059925079346,151673600
2012-02-21,1.6079785823822021,1.6456249952316284,1.6607810258865356,1.625938057899475,1.6409380435943604,133996800
2012-02-22,1.5942384004592896,1.6315629482269287,1.6496880054473877,1.6270309686660767,1.6403130292892456,163104000
2012-02-23,1.6156126260757446,1.6534379720687866,1.6565630435943604,1.6201560497283936,1.6353130340576172,223916800
2012-02-24,1.6262993812561035,1.6643749475479126,1.6703130006790161,1.65625,1.662343978881836,208902400
2012-02-27,1.6302696466445923,1.6684379577636719,1.6796879768371582,1.6315629482269287,1.6454689502716064,242604800
2012-02-28,1.6632473468780518,1.7021880149841309,1.7021880149841309,1.667968988418579,1.6714060306549072,276857600
2012-02-29,1.6496591567993164,1.6882810592651367,1.7167190313339233,1.6767189502716064,1.705312967300415,336422400
2012-03-01,1.6739343404769897,1.7131249904632568,1.7174999713897705,1.6906249523162842,1.7003129720687866,221427200
2012-03-02,1.6721022129058838,1.7112499475479126,1.722656011581421,1.700624942779541,1.7095309495925903,209164800
2012-03-05,1.6385141611099243,1.6768749952316284,1.7134380340576172,1.6654690504074097,1.7089060544967651,258227200
2012-03-06,1.605688452720642,1.6432809829711914,1.6510939598083496,1.625938057899475,1.6454689502716064,280025600
2012-03-07,1.6293529272079468,1.6675000190734863,1.675781011581421,1.6535940170288086,1.6573439836502075,201158400
2012-03-08,1.665232539176941,1.7042189836502075,1.7137500047683716,1.6807810068130493,1.6870310306549072,167379200
2012-03-09,1.6792784929275513,1.718593955039978,1.7245310544967651,1.707813024520874,1.7087500095367432,130419200
2012-03-12,1.6806519031524658,1.7200000286102295,1.7232810258865356,1.7026560306549072,1.716405987739563,174617600
2012-03-13,1.742333173751831,1.7831250429153442,1.7842190265655518,1.7317190170288086,1.7392189502716064,242240000
2012-03-14,1.7559210062026978,1.797031044960022,1.8098440170288086,1.7745310068130493,1.7878129482269287,280025600
2012-03-15,1.764165997505188,1.805469036102295,1.8140629529953003,1.7890629768371582,1.8071880340576172,218937600
2012-03-16,1.7612649202346802,1.8025000095367432,1.8125,1.795469045639038,1.8120310306549072,168396800
2012-03-19,1.7888988256454468,1.8307809829711914,1.8378130197525024,1.8012499809265137,1.8089059591293335,168576000
2012-03-20,1.7940901517868042,1.8360940217971802,1.8403129577636719,1.8009380102157593,1.8106249570846558,205926400
2012-03-21,1.795005440711975,1.8370310068130493,1.856874942779541,1.8317190408706665,1.836562991142273,150438400
2012-03-22,1.786609411239624,1.8284380435943604,1.8371880054473877,1.8132810592651367,1.8135939836502075,252243200
2012-03-23,1.7861509323120117,1.827968955039978,1.834218978881836,1.8059380054473877,1.8332810401916504,216089600
2012-03-26,1.8473734855651855,1.890625,1.890625,1.8478130102157593,1.8506250381469727,201772800
2012-03-27,1.851954698562622,1.895313024520874,1.9112499952316284,1.8909380435943604,1.8925000429153442,175948800
2012-03-28,1.837297797203064,1.8803130388259888,1.912343978881836,1.8582810163497925,1.8982809782028198,252966400
2012-03-29,1.825388789176941,1.8681249618530273,1.879688024520874,1.839843988418579,1.8628129959106445,182297600
2012-03-30,1.8160754442214966,1.8585939407348633,1.8842190504074097,1.8442189693450928,1.8831249475479126,156454400
2012-04-02,1.853176236152649,1.8965630531311035,1.9020309448242188,1.8482810258865356,1.8543750047683716,183846400
2012-04-03,1.8534806966781616,1.896875023841858,1.9137500524520874,1.875,1.9009380340576172,242092800
2012-04-04,1.803250789642334,1.8454689979553223,1.8698439598083496,1.823438048362732,1.867812991142273,292652800
2012-04-05,1.8240145444869995,1.8667190074920654,1.8709379434585571,1.8353129625320435,1.8384380340576172,162201600
2012-04-09,1.7976019382476807,1.8396879434585571,1.8542189598083496,1.8145309686660767,1.8196879625320435,327385600
2012-04-10,1.7382107973098755,1.778905987739563,1.8514059782028198,1.7692190408706665,1.8382810354232788,407417600
2012-04-11,1.7565317153930664,1.7976560592651367,1.8206249475479126,1.7879689931869507,1.8117189407348633,331948800
2012-04-12,1.7951595783233643,1.8371880054473877,1.8417190313339233,1.799219012260437,1.8040629625320435,291372800
2012-04-13,1.7418749332427979,1.782655954360962,1.8264060020446777,1.7807810306549072,1.8245309591293335,288684800
2012-04-16,1.7047754526138306,1.7446880340576172,1.8018749952316284,1.7315629720687866,1.8009380102157593,237664000
2012-04-17,1.771646499633789,1.8131250143051147,1.824375033378601,1.7520309686660767,1.7581249475479126,135564800
2012-04-18,1.7617230415344238,1.802968978881836,1.8253129720687866,1.7937500476837158,1.8023439645767212,158099200
2012-04-19,1.7253859043121338,1.765781044960022,1.834375023841858,1.7504689693450928,1.7909380197525024,250995200
2012-04-20,1.713629961013794,1.753749966621399,1.797813057899475,1.7482810020446777,1.7820310592651367,215340800
2012-04-23,1.6843163967132568,1.7237499952316284,1.7267190217971802,1.690000057220459,1.7218749523162842,222835200
2012-04-24,1.6641632318496704,1.703125,1.7289060354232788,1.6885939836502075,1.7156250476837158,221664000
2012-04-25,1.752562403678894,1.7935940027236938,1.7951560020446777,1.7676559686660767,1.7723439931869507,207820800
2012-04-26,1.773478627204895,1.815000057220459,1.8221880197525024,1.7879689931869507,1.7915630340576172,102976000
2012-04-27,1.794548749923706,1.836562991142273,1.847499966621399,1.8106249570846558,1.829530954360962,129600000
2012-04-30,1.7693564891815186,1.8107810020446777,1.832031011581421,1.8070310354232788,1.8240629434585571,117510400
2012-05-01,1.7745476961135864,1.8160940408706665,1.8564059734344482,1.8001559972763062,1.805469036102295,133696000
2012-05-02,1.7827919721603394,1.8245309591293335,1.8284380435943604,1.7892190217971802,1.7973439693450928,118969600
2012-05-03,1.7456926107406616,1.7865630388259888,1.830625057220459,1.777343988418579,1.8284380435943604,190444800
2012-05-04,1.6591250896453857,1.6979689598083496,1.7590630054473877,1.6979689598083496,1.7543749809265137,221401600
2012-05-07,1.6614155769348145,1.7003129720687866,1.717344045639038,1.6767189502716064,1.6778130531311035,171616000
2012-05-08,1.648895263671875,1.6875,1.6998440027236938,1.6337499618530273,1.6785939931869507,222617600
2012-05-09,1.6433992385864258,1.6818749904632568,1.6964060068130493,1.6356250047683716,1.6489059925079346,248121600
2012-05-10,1.6311852931976318,1.669374942779541,1.694530963897705,1.6589059829711914,1.693750023841858,356230400
2012-05-11,1.6321016550064087,1.6703130006790161,1.7059379816055298,1.6565630435943604,1.658437967300415,95542400
2012-05-14,1.602177381515503,1.6396880149841309,1.6653130054473877,1.6340630054473877,1.6425000429153442,108832000
2012-05-15,1.5905739068984985,1.6278129816055298,1.6749999523162842,1.622499942779541,1.6503130197525024,141740800
2012-05-16,1.568893551826477,1.605625033378601,1.6493749618530273,1.600000023841858,1.640625,125353600
2012-05-17,1.502632737159729,1.5378129482269287,1.611875057220459,1.5378129482269287,1.6071879863739014,112902400
2012-05-18,1.4647693634033203,1.4990630149841309,1.5556249618530273,1.454063057899475,1.5471880435943604,150716800
2012-05-21,1.54354989528656,1.5796879529953003,1.5846879482269287,1.5003130435943604,1.5031249523162842,112732800
2012-05-22,1.5408014059066772,1.5768749713897705,1.6037499904632568,1.555312991142273,1.5893750190734863,88070400
2012-05-23,1.5493513345718384,1.5856250524520874,1.5918749570846558,1.5243749618530273,1.5528130531311035,185600000
2012-05-24,1.5291980504989624,1.565000057220459,1.5921880006790161,1.5399999618530273,1.591249942779541,102384000
2012-05-25,1.5230909585952759,1.558750033378601,1.5724999904632568,1.5503129959106445,1.5656249523162842,51385600
2012-05-29,1.5612603425979614,1.5978130102157593,1.6134380102157593,1.5703129768371582,1.5878130197525024,117417600
2012-05-30,1.5359156131744385,1.571874976158142,1.5834380388259888,1.5525000095367432,1.5703129768371582,105878400
2012-05-31,1.522786021232605,1.5584379434585571,1.5759379863739014,1.534999966621399,1.5678130388259888,114307200
2012-06-01,1.4409518241882324,1.4746880531311035,1.5206249952316284,1.4743750095367432,1.503749966621399,135331200
2012-06-04,1.4623268842697144,1.4965629577636719,1.5018750429153442,1.456874966621399,1.4840630292892456,117708800
2012-06-05,1.4751516580581665,1.5096880197525024,1.5153130292892456,1.4859379529953003,1.4878129959106445,101417600
2012-06-06,1.54385507106781,1.5800000429153442,1.5815629959106445,1.5296880006790161,1.533750057220459,126076800
2012-06-07,1.5301144123077393,1.5659379959106445,1.611875057220459,1.5637500286102295,1.611875057220459,93830400
2012-06-08,1.5612603425979614,1.5978130102157593,1.6006250381469727,1.551563024520874,1.5606249570846558,80960000
2012-06-11,1.5114880800247192,1.546875,1.6228129863739014,1.5409380197525024,1.620313048362732,118960000
2012-06-12,1.54354989528656,1.5796879529953003,1.5815629959106445,1.5368750095367432,1.5565630197525024,100153600
2012-06-13,1.522786021232605,1.5584379434585571,1.5953129529953003,1.5475000143051147,1.570937991142273,91203200
2012-06-14,1.5343893766403198,1.5703129768371582,1.5821880102157593,1.5418750047683716,1.5575000047683716,118316800
2012-06-15,1.5719468593597412,1.6087499856948853,1.613124966621399,1.5774999856948853,1.5787500143051147,77667200
2012-06-18,1.6015667915344238,1.6390630006790161,1.6471879482269287,1.5906250476837158,1.5971879959106445,103148800
2012-06-19,1.6342387199401855,1.6725000143051147,1.6865630149841309,1.6534379720687866,1.6556249856948853,104080000
2012-06-20,1.6388192176818848,1.6771880388259888,1.689687967300415,1.6509380340576172,1.6787500381469727,182857600
2012-06-21,1.5554583072662354,1.5918749570846558,1.676563024520874,1.5887500047683716,1.6709380149841309,151052800
2012-06-22,1.5875204801559448,1.6246880292892456,1.6293749809265137,1.5940630435943604,1.6015629768371582,86742400
2012-06-25,1.5258396863937378,1.5615630149841309,1.5990630388259888,1.5537500381469727,1.5987499952316284,129110400
2012-06-26,1.5466035604476929,1.582813024520874,1.5909379720687866,1.558750033378601,1.5715630054473877,109488000
2012-06-27,1.564618706703186,1.6012500524520874,1.6150000095367432,1.5906250476837158,1.5950000286102295,77593600
2012-06-28,1.5310298204421997,1.5668749809265137,1.5796879529953003,1.5328129529953003,1.5774999856948853,136025600
2012-06-29,1.6256886720657349,1.6637500524520874,1.6640629768371582,1.6168750524520874,1.6246880292892456,102950400
2012-07-02,1.6360708475112915,1.674375057220459,1.6753129959106445,1.649062991142273,1.6687500476837158,70396800
2012-07-03,1.662941813468933,1.7018749713897705,1.7018749713897705,1.6706249713897705,1.6753129959106445,44665600
2012-07-05,1.664773941040039,1.7037500143051147,1.720937967300415,1.6806249618530273,1.6981250047683716,105907200
2012-07-06,1.622941255569458,1.660938024520874,1.691249966621399,1.6378129720687866,1.689687967300415,104723200
2012-07-09,1.6183606386184692,1.65625,1.669374942779541,1.6390630006790161,1.6565630435943604,89248000
2012-07-10,1.5859931707382202,1.6231249570846558,1.681249976158142,1.6106250286102295,1.672813057899475,134803200
2012-07-11,1.5676724910736084,1.6043750047683716,1.627187967300415,1.5784380435943604,1.618749976158142,131379200
2012-07-12,1.5398858785629272,1.5759379863739014,1.5878130197525024,1.5459380149841309,1.5812499523162842,124108800
2012-07-13,1.5844674110412598,1.6215629577636719,1.629688024520874,1.5812499523162842,1.5821880102157593,109612800
2012-07-16,1.5765278339385986,1.6134380102157593,1.6290630102157593,1.6009379625320435,1.6150000095367432,98345600
2012-07-17,1.591489315032959,1.628749966621399,1.640625,1.584375023841858,1.6325000524520874,126051200
2012-07-18,1.635460376739502,1.6737500429153442,1.683750033378601,1.6228129863739014,1.6228129863739014,146134400
2012-07-19,1.6708811521530151,1.7100000381469727,1.7215629816055298,1.6909379959106445,1.6962499618530273,137782400
2012-07-20,1.6284375190734863,1.6665630340576172,1.7103129625320435,1.6643749475479126,1.7096879482269287,107200000
2012-07-23,1.5899633169174194,1.627187967300415,1.636875033378601,1.5759379863739014,1.6012500524520874,109763200
2012-07-24,1.5627869367599487,1.5993750095367432,1.6356250047683716,1.5793750286102295,1.6318750381469727,125699200
2012-07-25,1.541106939315796,1.5771880149841309,1.598438024520874,1.5590629577636719,1.5768749713897705,126812800
2012-07-26,1.5808027982711792,1.617812991142273,1.6387499570846558,1.5996880531311035,1.6253130435943604,124224000
2012-07-27,1.6601941585540771,1.6990629434585571,1.7018749713897705,1.6337499618530273,1.642812967300415,124211200
2012-07-30,1.6550027132034302,1.693750023841858,1.7193750143051147,1.6825000047683716,1.705625057220459,121913600
2012-07-31,1.6522550582885742,1.6909379959106445,1.712499976158142,1.6893750429153442,1.6987500190734863,140627200
2012-08-01,1.643705129623413,1.6821880340576172,1.7171880006790161,1.6703130006790161,1.7168749570846558,114822400
2012-08-02,1.6324065923690796,1.6706249713897705,1.704063057899475,1.6465630531311035,1.65625,141529600
2012-08-03,1.6925610303878784,1.7321879863739014,1.7487499713897705,1.7134380340576172,1.722499966621399,130505600
2012-08-06,1.7197370529174805,1.7599999904632568,1.7756249904632568,1.7440630197525024,1.752500057220459,85302400
2012-08-07,1.7487459182739258,1.789687991142273,1.8037500381469727,1.7699999809265137,1.776563048362732,83692800
2012-08-08,1.7453866004943848,1.7862499952316284,1.7959380149841309,1.7746880054473877,1.7793749570846558,70172800
2012-08-09,1.7560746669769287,1.7971880435943604,1.803125023841858,1.7809380292892456,1.7884379625320435,61443200
2012-08-10,1.759738564491272,1.8009380102157593,1.801563024520874,1.7771879434585571,1.7862499952316284,64825600
2012-08-13,1.7673718929290771,1.808750033378601,1.8090629577636719,1.78125,1.801563024520874,57510400
2012-08-14,1.7695096731185913,1.8109380006790161,1.830312967300415,1.8009380102157593,1.8231250047683716,74710400
2012-08-15,1.7783647775650024,1.8200000524520874,1.8246879577636719,1.8071880340576172,1.807813048362732,48051200
2012-08-16,1.8198919296264648,1.8624999523162842,1.8718750476837158,1.8293750286102295,1.834375023841858,93657600
2012-08-17,1.8357707262039185,1.878749966621399,1.879688024520874,1.8628129959106445,1.870313048362732,49180800
2012-08-20,1.8418774604797363,1.8849999904632568,1.8853130340576172,1.861875057220459,1.8762500286102295,58902400
2012-08-21,1.8278312683105469,1.8706250190734863,1.9103130102157593,1.8553129434585571,1.8975000381469727,115910400
2012-08-22,1.841572642326355,1.8846880197525024,1.892812967300415,1.8515629768371582,1.8600000143051147,102854400
2012-08-23,1.8125638961791992,1.8550000190734863,1.8799999952316284,1.8450000286102295,1.8690630197525024,95843200
2012-08-24,1.8333276510238647,1.8762500286102295,1.8862500190734863,1.840000033378601,1.8456250429153442,82118400
2012-08-27,1.8397401571273804,1.8828129768371582,1.8984379768371582,1.875,1.894374966621399,62364800
2012-08-28,1.8397401571273804,1.8828129768371582,1.8934379816055298,1.8674999475479126,1.879688024520874,64476800
2012-08-29,1.8394345045089722,1.8825000524520874,1.892812967300415,1.8674999475479126,1.8837499618530273,46963200
2012-08-30,1.8027927875518799,1.8450000286102295,1.868749976158142,1.8396879434585571,1.8671879768371582,57337600
2012-08-31,1.8281371593475342,1.8709379434585571,1.8853130340576172,1.832813024520874,1.872499942779541,103340800
2012-09-04,1.8235561847686768,1.8662500381469727,1.879688024520874,1.8293750286102295,1.8646880388259888,80265600
2012-09-05,1.818976879119873,1.861562967300415,1.8803130388259888,1.8518749475479126,1.8637499809265137,62284800
2012-09-06,1.8986730575561523,1.9431250095367432,1.9450000524520874,1.884374976158142,1.884374976158142,106201600
2012-09-07,1.8934824466705322,1.9378130435943604,1.9456249475479126,1.9284379482269287,1.9359380006790161,64566400
2012-09-10,1.8464581966400146,1.8896880149841309,1.9368749856948853,1.886875033378601,1.930312991142273,68544000
2012-09-11,1.8403515815734863,1.883437991142273,1.9040629863739014,1.877187967300415,1.8899999856948853,70592000
2012-09-12,1.851954698562622,1.895313024520874,1.9040629863739014,1.871250033378601,1.8971879482269287,87795200
2012-09-13,1.8992834091186523,1.943750023841858,1.961562991142273,1.893125057220459,1.8987499475479126,103171200
2012-09-14,1.9350100755691528,1.9803129434585571,1.9943749904632568,1.9584380388259888,1.961562991142273,109203200
2012-09-17,1.936231017112732,1.9815629720687866,1.9824999570846558,1.9678130149841309,1.9821879863739014,50809600
2012-09-18,1.9398952722549438,1.985313057899475,1.986562967300415,1.971250057220459,1.9715629816055298,46108800
2012-09-19,1.94600248336792,1.9915629625320435,2.002500057220459,1.9731249809265137,1.9856250286102295,58841600
2012-09-20,1.9429489374160767,1.9884380102157593,1.9912500381469727,1.962499976158142,1.9715629816055298,72864000
2012-09-21,1.9444754123687744,1.9900000095367432,2.0112500190734863,1.9856250286102295,2.0065629482269287,48915200
2012-09-24,1.9188259840011597,1.9637500047683716,1.972499966621399,1.9481250047683716,1.955625057220459,54489600
2012-09-25,1.8660005331039429,1.9096879959106445,1.9846880435943604,1.908437967300415,1.9774999618530273,75536000
2012-09-26,1.8369916677474976,1.8799999952316284,1.9068750143051147,1.8600000143051147,1.9049999713897705,82028800
2012-09-27,1.8864585161209106,1.9306249618530273,1.939687967300415,1.8825000524520874,1.8884379863739014,69936000
2012-09-28,1.8574509620666504,1.9009380340576172,1.9296879768371582,1.8956249952316284,1.9175000190734863,87712000
2012-10-01,1.8489010334014893,1.8921879529953003,1.9409379959106445,1.8815629482269287,1.9187500476837158,85872000
2012-10-02,1.8617262840270996,1.9053130149841309,1.9209380149841309,1.875,1.909999966621399,83744000
2012-10-03,1.8827946186065674,1.9268749952316284,1.934999942779541,1.8987499475479126,1.915624976158142,98425600
2012-10-04,1.8968406915664673,1.941249966621399,1.9524999856948853,1.922813057899475,1.9359380006790161,70044800
2012-10-05,1.8757721185684204,1.9196879863739014,1.9668749570846558,1.9115630388259888,1.9600000381469727,76176000
2012-10-08,1.8440152406692505,1.8871879577636719,1.90625,1.877187967300415,1.899062991142273,70921600
2012-10-09,1.785692811012268,1.8274999856948853,1.8765629529953003,1.8174999952316284,1.875,123305600
2012-10-10,1.7673718929290771,1.808750033378601,1.8350000381469727,1.8012499809265137,1.8250000476837158,108448000
2012-10-11,1.7536312341690063,1.7946879863739014,1.8368749618530273,1.7937500476837158,1.8346879482269287,87644800
2012-10-12,1.75271475315094,1.7937500476837158,1.815000057220459,1.787500023841858,1.7975000143051147,90560000
2012-10-15,1.7774487733840942,1.8190629482269287,1.8250000476837158,1.7862499952316284,1.8084379434585571,91878400
2012-10-16,1.8290528059005737,1.8718750476837158,1.875938057899475,1.8253129720687866,1.8253129720687866,92608000
2012-10-17,1.8278312683105469,1.8706250190734863,1.881250023841858,1.847499966621399,1.8518749475479126,83411200
2012-10-18,1.7859987020492554,1.8278130292892456,1.8693749904632568,1.8125,1.8574999570846558,110323200
2012-10-19,1.699889898300171,1.7396880388259888,1.8237500190734863,1.7346880435943604,1.8228130340576172,127084800
2012-10-22,1.7182111740112305,1.758437991142273,1.765625,1.729688048362732,1.7362500429153442,131088000
2012-10-23,1.6840113401412964,1.723438024520874,1.7531249523162842,1.712499976158142,1.7287499904632568,132508800
2012-10-24,1.6693545579910278,1.7084380388259888,1.747499942779541,1.7059379816055298,1.7424999475479126,101766400
2012-10-25,1.6714917421340942,1.7106250524520874,1.7403130531311035,1.7003129720687866,1.735313057899475,99580800
2012-10-26,1.6812630891799927,1.7206250429153442,1.7350000143051147,1.6846879720687866,1.7109379768371582,95478400
2012-10-31,1.6601941585540771,1.6990629434585571,1.7218749523162842,1.6875,1.7181249856948853,69708800
2012-11-01,1.7078288793563843,1.7478129863739014,1.7543749809265137,1.7112499475479126,1.719688057899475,67859200
2012-11-02,1.6669117212295532,1.7059379816055298,1.765625,1.7059379816055298,1.763124942779541,92390400
2012-11-05,1.6925610303878784,1.7321879863739014,1.739063024520874,1.7034380435943604,1.709375023841858,62732800
2012-11-06,1.699889898300171,1.7396880388259888,1.7628129720687866,1.7259379625320435,1.7387499809265137,109587200
2012-11-07,1.6183606386184692,1.65625,1.7059379816055298,1.642812967300415,1.7034380435943604,175779200
2012-11-08,1.570725679397583,1.6074999570846558,1.6737500429153442,1.6065629720687866,1.665624976158142,129654400
2012-11-09,1.5826351642608643,1.6196880340576172,1.6531250476837158,1.6050000190734863,1.6074999570846558,151385600
2012-11-12,1.5798864364624023,1.6168750524520874,1.6409380435943604,1.6087499856948853,1.6375000476837158,78038400
2012-11-13,1.5600391626358032,1.5965629816055298,1.625938057899475,1.5859379768371582,1.5909379720687866,107510400
2012-11-14,1.5215648412704468,1.5571880340576172,1.6137499809265137,1.5528130531311035,1.610313057899475,147760000
2012-11-15,1.5102661848068237,1.5456249713897705,1.5700000524520874,1.5356249809265137,1.5606249570846558,160185600
2012-11-16,1.5230909585952759,1.558750033378601,1.5690629482269287,1.5106250047683716,1.5487500429153442,165094400
2012-11-19,1.5963753461837769,1.6337499618530273,1.6365629434585571,1.59375,1.59375,113724800
2012-11-20,1.5972917079925537,1.6346880197525024,1.6399999856948853,1.6040630340576172,1.634374976158142,117488000
2012-11-21,1.604925274848938,1.6425000429153442,1.646875023841858,1.6256250143051147,1.6384379863739014,79276800
2012-11-23,1.6525598764419556,1.691249966621399,1.6918749809265137,1.6590629816055298,1.6628129482269287,61795200
2012-11-26,1.66904878616333,1.7081249952316284,1.7081249952316284,1.6731250286102295,1.684999942779541,81590400
2012-11-27,1.655919075012207,1.6946879625320435,1.7174999713897705,1.6890629529953003,1.704063057899475,105158400
2012-11-28,1.6843163967132568,1.7237499952316284,1.7265629768371582,1.6575000286102295,1.6793750524520874,120524800
2012-11-29,1.7041643857955933,1.7440630197525024,1.756250023841858,1.7274999618530273,1.740625023841858,120460800
2012-11-30,1.7001945972442627,1.7400000095367432,1.747499942779541,1.7287499904632568,1.7456250190734863,78684800
2012-12-03,1.6943933963775635,1.7340630292892456,1.7687499523162842,1.7309379577636719,1.7662500143051147,84460800
2012-12-04,1.6873695850372314,1.7268749475479126,1.736562967300415,1.7074999809265137,1.7321879863739014,87072000
2012-12-05,1.651949405670166,1.6906249523162842,1.7253129482269287,1.6725000143051147,1.7253129482269287,128528000
2012-12-06,1.6730186939239502,1.7121880054473877,1.7215629816055298,1.671875,1.6818749904632568,95811200
2012-12-07,1.6528656482696533,1.6915630102157593,1.7337499856948853,1.6809380054473877,1.7300000190734863,84918400
2012-12-10,1.6632473468780518,1.7021880149841309,1.7200000286102295,1.6831250190734863,1.6843750476837158,68291200
2012-12-11,1.7069122791290283,1.7468750476837158,1.765625,1.7231249809265137,1.7259379625320435,106784000
2012-12-12,1.6977518796920776,1.7374999523162842,1.7653130292892456,1.729688048362732,1.7637499570846558,97667200
2012-12-13,1.6717971563339233,1.7109379768371582,1.7565629482269287,1.6965630054473877,1.7334380149841309,109872000
2012-12-14,1.640651822090149,1.6790629625320435,1.699375033378601,1.6678129434585571,1.6903129816055298,83673600
2012-12-17,1.6855378150939941,1.725000023841858,1.725000023841858,1.6775000095367432,1.6809380054473877,72534400
2012-12-18,1.7353105545043945,1.7759380340576172,1.78125,1.731874942779541,1.746250033378601,193382400
2012-12-19,1.7200430631637573,1.7603130340576172,1.787500023841858,1.759374976158142,1.7862499952316284,87712000
2012-12-20,1.718821406364441,1.7590630054473877,1.7687499523162842,1.7431249618530273,1.7668750286102295,94310400
2012-12-21,1.6849268674850464,1.7243750095367432,1.7278130054473877,1.691249966621399,1.7065629959106445,89622400
2012-12-24,1.6757667064666748,1.715000033378601,1.719688057899475,1.7087500095367432,1.714063048362732,17148800
2012-12-26,1.6492235660552979,1.6853129863739014,1.7193750143051147,1.672813057899475,1.7134380340576172,36294400
2012-12-27,1.643107295036316,1.6790629625320435,1.6906249523162842,1.6362500190734863,1.6862499713897705,121686400
2012-12-28,1.6109968423843384,1.6462500095367432,1.6790629625320435,1.6449999809265137,1.6534379720687866,83398400
2012-12-31,1.6761345863342285,1.7128130197525024,1.722499966621399,1.635938048362732,1.640625,182608000
2013-01-02,1.7843904495239258,1.823438048362732,1.8253129720687866,1.7862499952316284,1.7984379529953003,169932800
2013-01-03,1.7678769826889038,1.8065630197525024,1.8321880102157593,1.7946879863739014,1.8240629434585571,78960000
2013-01-04,1.7550328969955444,1.7934379577636719,1.8065630197525024,1.784999966621399,1.806249976158142,59609600
2013-01-07,1.7583966255187988,1.796875,1.800624966621399,1.7731250524520874,1.783750057220459,80233600
2013-01-08,1.753503680229187,1.7918750047683716,1.8037500381469727,1.769374966621399,1.7934379577636719,89875200
2013-01-09,1.761454463005066,1.7999999523162842,1.8109380006790161,1.7903130054473877,1.7925000190734863,70227200
2013-01-10,1.7831674814224243,1.8221880197525024,1.8284380435943604,1.7893749475479126,1.8250000476837158,109206400
2013-01-11,1.788976788520813,1.828125,1.829063057899475,1.8131250143051147,1.8206249475479126,52985600
2013-01-14,1.772158145904541,1.8109380006790161,1.8215630054473877,1.7956249713897705,1.8081250190734863,67878400
2013-01-15,1.7553380727767944,1.7937500476837158,1.7984379529953003,1.7771879434585571,1.7937500476837158,75315200
2013-01-16,1.7687938213348389,1.8075000047683716,1.8193750381469727,1.7918750047683716,1.799062967300415,72732800
2013-01-17,1.7850021123886108,1.8240629434585571,1.8387500047683716,1.816249966621399,1.823438048362732,87804800
2013-01-18,1.778579592704773,1.8174999952316284,1.8200000524520874,1.7999999523162842,1.8128130435943604,60041600
2013-01-22,1.7850021123886108,1.8240629434585571,1.8246879577636719,1.7981250286102295,1.8206249475479126,73785600
2013-01-23,1.8027390241622925,1.8421880006790161,1.8550000190734863,1.8371880054473877,1.8428130149841309,91958400
2013-01-24,1.7556445598602295,1.7940629720687866,1.8271880149841309,1.7878129482269287,1.7953130006790161,96988800
2013-01-25,1.7733818292617798,1.8121880292892456,1.821874976158142,1.797813057899475,1.8056249618530273,78489600
2013-01-28,1.7807204723358154,1.8196879625320435,1.831874966621399,1.8081250190734863,1.8128130435943604,92531200
2013-01-29,1.7739932537078857,1.8128130435943604,1.8278130292892456,1.7912499904632568,1.814687967300415,95520000
2013-01-30,1.775521993637085,1.8143750429153442,1.8378130197525024,1.8040629625320435,1.8259379863739014,96940800
2013-01-31,1.7651240825653076,1.8037500381469727,1.8300000429153442,1.801563024520874,1.8112499713897705,74070400
2013-02-01,1.806408405303955,1.845937967300415,1.8528130054473877,1.815000057220459,1.8300000429153442,76403200
2013-02-04,1.7431058883666992,1.78125,1.8356250524520874,1.78125,1.824375033378601,115728000
2013-02-05,1.7972345352172852,1.836562991142273,1.8456250429153442,1.7893749475479126,1.7965630292892456,73308800
2013-02-06,1.7837787866592407,1.8228130340576172,1.8393750190734863,1.8118749856948853,1.8228130340576172,75728000
2013-02-07,1.7874484062194824,1.8265630006790161,1.8300000429153442,1.785938024520874,1.8262499570846558,79718400
2013-02-08,1.8238393068313599,1.8637499809265137,1.871250033378601,1.8431249856948853,1.8453129529953003,64883200
2013-02-11,1.8241455554962158,1.864063024520874,1.867812991142273,1.852187991142273,1.8650000095367432,52332800
2013-02-12,1.809160590171814,1.8487499952316284,1.8668750524520874,1.845937967300415,1.860313057899475,54332800
2013-02-13,1.8220049142837524,1.861875057220459,1.875938057899475,1.8509379625320435,1.859375,42649600
2013-02-14,1.8198643922805786,1.8596880435943604,1.8665629625320435,1.8431249856948853,1.84375,46646400
2013-02-15,1.81099534034729,1.8506250381469727,1.8696880340576172,1.8396879434585571,1.8600000143051147,61129600
2013-02-19,1.836377739906311,1.8765629529953003,1.877187967300415,1.8565629720687866,1.8574999570846558,40140800
2013-02-20,1.779802918434143,1.818750023841858,1.8768750429153442,1.818750023841858,1.8768750429153442,81913600
2013-02-21,1.741577386856079,1.7796880006790161,1.808750033378601,1.766563057899475,1.8049999475479126,129289600
2013-02-22,1.7761330604553223,1.815000057220459,1.8153129816055298,1.7865630388259888,1.799062967300415,61004800
2013-02-25,1.7317917346954346,1.7696880102157593,1.8512500524520874,1.7675000429153442,1.8393750190734863,153708800
2013-02-26,1.7443292140960693,1.7825000286102295,1.7903130054473877,1.752187967300415,1.774999976158142,128537600
2013-02-27,1.779497504234314,1.8184380531311035,1.8418749570846558,1.778749942779541,1.783437967300415,130291200
2013-02-28,1.7736868858337402,1.8125,1.8471879959106445,1.8125,1.8196879625320435,98643200
2013-03-01,1.788060188293457,1.8271880149841309,1.8337500095367432,1.7825000286102295,1.8003129959106445,65846400
2013-03-04,1.804573893547058,1.8440630435943604,1.8440630435943604,1.8109380006790161,1.8153129816055298,86352000
2013-03-05,1.8590078353881836,1.8996880054473877,1.9031250476837158,1.8659379482269287,1.8668750524520874,97840000
2013-03-06,1.8486101627349854,1.8890630006790161,1.9112499952316284,1.8837499618530273,1.9112499952316284,56294400
2013-03-07,1.8590078353881836,1.8996880054473877,1.9049999713897705,1.8862500190734863,1.8921879529953003,45395200
2013-03-08,1.8611479997634888,1.9018750190734863,1.917188048362732,1.8887499570846558,1.910938024520874,46614400
2013-03-11,1.8739917278289795,1.9149999618530273,1.9153130054473877,1.886875033378601,1.8987499475479126,42518400
2013-03-12,1.8608425855636597,1.901563048362732,1.9118750095367432,1.8825000524520874,1.9034379720687866,64576000
2013-03-13,1.8544200658798218,1.8949999809265137,1.909999966621399,1.8828129768371582,1.9034379720687866,63180800
2013-03-14,1.8675700426101685,1.908437967300415,1.9159380197525024,1.899999976158142,1.908437967300415,52873600
2013-03-15,1.857173204421997,1.8978129625320435,1.9128129482269287,1.8878129720687866,1.909999966621399,66950400
2013-03-18,1.8473867177963257,1.8878129720687866,1.903749942779541,1.8537499904632568,1.8628129959106445,54707200
2013-03-19,1.842187523841858,1.8825000524520874,1.907188057899475,1.8481249809265137,1.9003130197525024,110000000
2013-03-20,1.8652044534683228,1.9018750190734863,1.9112499952316284,1.8862500190734863,1.9031250476837158,52937600
2013-03-21,1.8256694078445435,1.861562967300415,1.8781249523162842,1.8515629768371582,1.8700000047683716,88086400
2013-03-22,1.8596878051757812,1.8962500095367432,1.8987499475479126,1.8715629577636719,1.875,46230400
2013-03-25,1.845284104347229,1.8815629482269287,1.9159380197525024,1.8643749952316284,1.907188057899475,86172800
2013-03-26,1.8667374849319458,1.9034379720687866,1.9034379720687866,1.8884379863739014,1.896875023841858,44544000
2013-03-27,1.8713338375091553,1.9081250429153442,1.9103130102157593,1.8718750476837158,1.877500057220459,47273600
2013-03-28,1.8814479112625122,1.9184379577636719,1.9215630292892456,1.8984379768371582,1.9075000286102295,45878400
2013-04-01,1.8544782400131226,1.8909380435943604,1.9231250286102295,1.881250023841858,1.9199999570846558,71558400
2013-04-02,1.883899450302124,1.9209380149841309,1.932813048362732,1.9056249856948853,1.908437967300415,70921600
2013-04-03,1.849574327468872,1.885938048362732,1.9278130531311035,1.8765629529953003,1.9221880435943604,86080000
2013-04-04,1.8511066436767578,1.8875000476837158,1.895313024520874,1.8662500381469727,1.8840630054473877,59216000
2013-04-05,1.8195397853851318,1.8553129434585571,1.8606250286102295,1.8181250095367432,1.8271880149841309,86979200
2013-04-08,1.8391543626785278,1.8753130435943604,1.8753130435943604,1.8453129529953003,1.8553129434585571,45264000
2013-04-09,1.8624464273452759,1.899062991142273,1.9143749475479126,1.8668750524520874,1.8846880197525024,86963200
2013-04-10,1.9360005855560303,1.9740630388259888,1.9787499904632568,1.9112499952316284,1.9112499952316284,57779200
2013-04-11,1.9323228597640991,1.9703129529953003,1.9809379577636719,1.9600000381469727,1.9631249904632568,64160000
2013-04-12,1.930789828300476,1.96875,1.9718749523162842,1.939687967300415,1.9634380340576172,55929600
2013-04-15,1.8550914525985718,1.891563057899475,1.9603129625320435,1.8875000476837158,1.9546879529953003,69660800
2013-04-16,1.9047399759292603,1.942188024520874,1.945937991142273,1.9049999713897705,1.9137500524520874,45411200
2013-04-17,1.830265998840332,1.8662500381469727,1.908437967300415,1.84375,1.9065630435943604,122806400
2013-04-18,1.778778076171875,1.8137500286102295,1.8762500286102295,1.7981250286102295,1.875938057899475,109776000
2013-04-19,1.8281211853027344,1.864063024520874,1.871250033378601,1.8156249523162842,1.820937991142273,109193600
2013-04-22,1.8633651733398438,1.899999976158142,1.914687991142273,1.863124966621399,1.8765629529953003,65868800
2013-04-23,1.8995290994644165,1.9368749856948853,1.9509379863739014,1.9028129577636719,1.9246879816055298,91984000
2013-04-24,1.8979973793029785,1.9353129863739014,1.9503129720687866,1.9190629720687866,1.928125023841858,90688000
2013-04-25,1.9182249307632446,1.9559379816055298,1.9715629816055298,1.9456249475479126,1.9456249475479126,83571200
2013-04-26,1.9074978828430176,1.9450000524520874,1.955312967300415,1.9278130531311035,1.9462499618530273,78204800
2013-04-29,1.9421298503875732,1.9803129434585571,1.9950000047683716,1.955625057220459,1.956874966621399,71712000
2013-04-30,1.969099760055542,2.007812976837158,2.009687900543213,1.9706250429153442,1.9846880435943604,83516800
2013-05-01,1.9525498151779175,1.9909379482269287,2.0165629386901855,1.9824999570846558,2.009687900543213,114310400
2013-05-02,2.0009727478027344,2.0403130054473877,2.04843807220459,1.9934380054473877,1.9968750476837158,46361600
2013-05-03,2.048475980758667,2.088749885559082,2.1006250381469727,2.077500104904175,2.078749895095825,60713600
2013-05-06,2.0634937286376953,2.104063034057617,2.11093807220459,2.0924999713897705,2.095937967300415,60169600
2013-05-07,2.061041831970215,2.101562976837158,2.114687919616699,2.0865631103515625,2.111562967300415,57040000
2013-05-08,2.081575393676758,2.122499942779541,2.125624895095825,2.093125104904175,2.098750114440918,41248000
2013-05-09,2.077591896057129,2.1184380054473877,2.1449999809265137,2.108438014984131,2.1128129959106445,60803200
2013-05-10,2.0996572971343994,2.1409380435943604,2.143749952316284,2.1178131103515625,2.124687910079956,49872000
2013-05-13,2.106706142425537,2.148124933242798,2.1575000286102295,2.130625009536743,2.135313034057617,40915200
2013-05-14,2.1278536319732666,2.1696879863739014,2.182499885559082,2.1468749046325684,2.1475000381469727,43753600
2013-05-15,2.1361279487609863,2.1781249046325684,2.182499885559082,2.150624990463257,2.160938024520874,35145600
2013-05-16,2.1324501037597656,2.174375057220459,2.203125,2.171250104904175,2.1828129291534424,50179200
2013-05-17,2.171372652053833,2.2140629291534424,2.2171878814697266,2.182188034057617,2.1940629482269287,71779200
2013-05-20,2.1652438640594482,2.207813024520874,2.2228128910064697,2.1912500858306885,2.202812910079956,60352000
2013-05-21,2.169226884841919,2.2118749618530273,2.2296879291534424,2.1912500858306885,2.2068750858306885,64400000
2013-05-22,2.134596347808838,2.176563024520874,2.2537500858306885,2.1518750190734863,2.21875,166185600
2013-05-23,2.1211113929748535,2.1628129482269287,2.1784379482269287,2.128124952316284,2.135624885559082,130096000
2013-05-24,2.1208043098449707,2.1624999046325684,2.1624999046325684,2.1234378814697266,2.134999990463257,66115200
2013-05-28,2.1477737426757812,2.190000057220459,2.2281250953674316,2.177187919616699,2.2118749618530273,82128000
2013-05-29,2.1269335746765137,2.168750047683716,2.184999942779541,2.1443750858306885,2.1728129386901855,99123200
2013-05-30,2.1489996910095215,2.1912500858306885,2.2118749618530273,2.170938014984131,2.170938014984131,67289600
2013-05-31,2.1091582775115967,2.150624990463257,2.207813024520874,2.148437976837158,2.1753129959106445,79737600
2013-06-03,2.118046522140503,2.1596879959106445,2.1600000858306885,2.104063034057617,2.1543750762939453,107315200
2013-06-04,2.095980167388916,2.137187957763672,2.184999942779541,2.119374990463257,2.166249990463257,124944000
2013-06-05,2.0426535606384277,2.082813024520874,2.1387500762939453,2.078125,2.1237499713897705,97526400
2013-06-06,2.0576696395874023,2.0981249809265137,2.100938081741333,2.047499895095825,2.0868749618530273,89244800
2013-06-07,2.115900754928589,2.1575000286102295,2.1628129482269287,2.1078128814697266,2.119374990463257,77740800
2013-06-10,2.118964910507202,2.1606249809265137,2.180000066757202,2.150938034057617,2.166874885559082,56844800
2013-06-11,2.0763659477233887,2.117187976837158,2.155625104904175,2.1024999618530273,2.117187976837158,88905600
2013-06-12,2.0279428958892822,2.067812919616699,2.143125057220459,2.061875104904175,2.1415629386901855,96025600
2013-06-13,2.077591896057129,2.1184380054473877,2.1287500858306885,2.0509378910064697,2.0625,83049600
2013-06-14,2.0521533489227295,2.0924999713897705,2.125,2.085937976837158,2.1206250190734863,57596800
2013-06-17,2.089850902557373,2.1309380531311035,2.15625,2.1106250286102295,2.125624895095825,72758400
2013-06-18,2.124481678009033,2.166249990463257,2.1753129959106445,2.137500047683716,2.137813091278076,67235200
2013-06-19,2.076978921890259,2.1178131103515625,2.1728129386901855,2.114687919616699,2.168750047683716,101926400
2013-06-20,1.9755350351333618,2.0143749713897705,2.0840630531311035,2.004688024520874,2.070312976837158,160064000
2013-06-21,1.9583725929260254,1.9968750476837158,2.027812957763672,1.964063048362732,2.01718807220459,88009600
2013-06-24,1.9188377857208252,1.9565629959106445,1.9874999523162842,1.924375057220459,1.9646879434585571,106896000
2013-06-25,1.9455007314682007,1.9837499856948853,2.0012500286102295,1.9612499475479126,1.9950000047683716,76316800
2013-06-26,1.9785997867584229,2.0174999237060547,2.027812957763672,2.005000114440918,2.0184381008148193,72160000
2013-06-27,1.9982140064239502,2.0374999046325684,2.0634379386901855,2.0356249809265137,2.040937900543213,68038400
2013-06-28,2.0000531673431396,2.039375066757202,2.067188024520874,2.015625,2.023750066757202,78371200
2013-07-01,2.0288617610931396,2.0687499046325684,2.1006250381469727,2.0637500286102295,2.0709381103515625,81539200
2013-07-02,2.0294744968414307,2.0693750381469727,2.0950000286102295,2.0481250286102295,2.065624952316284,44448000
2013-07-03,2.0466368198394775,2.0868749618530273,2.105937957763672,2.052187919616699,2.054687976837158,27404800
2013-07-05,2.0763659477233887,2.117187976837158,2.119062900543213,2.0768749713897705,2.11093807220459,59292800
2013-07-08,2.080043315887451,2.1209380626678467,2.140625,2.1071879863739014,2.140312910079956,38166400
2013-07-09,2.105480432510376,2.1468749046325684,2.156874895095825,2.122499942779541,2.1409380435943604,36035200
2013-07-10,2.13091778755188,2.1728129386901855,2.1781249046325684,2.142812967300415,2.143125057220459,37033600
2013-07-11,2.2188756465911865,2.262500047683716,2.262500047683716,2.2168750762939453,2.21875,54336000
2013-07-12,2.235119581222534,2.2790629863739014,2.28125,2.25,2.262813091278076,43164800
2013-07-15,2.245540142059326,2.2896881103515625,2.291563034057617,2.270937919616699,2.283437967300415,40771200
2013-07-16,2.2397162914276123,2.283750057220459,2.296250104904175,2.2715630531311035,2.2925000190734863,49744000
2013-07-17,2.249830484390259,2.294063091278076,2.305000066757202,2.2815630435943604,2.296875,46243200
2013-07-18,2.238490343093872,2.2825000286102295,2.305000066757202,2.275624990463257,2.2928130626678467,57660800
2013-07-19,2.193131446838379,2.2362499237060547,2.244374990463257,2.2221879959106445,2.2437500953674316,56723200
2013-07-22,2.203859567642212,2.247188091278076,2.2584381103515625,2.234999895095825,2.2540628910064697,34041600
2013-07-23,2.1735172271728516,2.216249942779541,2.257499933242798,2.2118749618530273,2.257499933242798,45657600
2013-07-24,2.1866962909698486,2.2296879291534424,2.260624885559082,2.2196879386901855,2.2590630054473877,46150400
2013-07-25,2.2127466201782227,2.2562499046325684,2.262500047683716,2.226875066757202,2.2512500286102295,41510400
2013-07-26,2.236652135848999,2.280625104904175,2.2815630435943604,2.2321879863739014,2.2406249046325684,33664000
2013-07-29,2.2286832332611084,2.2725000381469727,2.2921879291534424,2.2609379291534424,2.2721879482269287,46835200
2013-07-30,2.251361846923828,2.2956249713897705,2.315624952316284,2.280313014984131,2.289062976837158,51635200
2013-07-31,2.26116943359375,2.3056249618530273,2.3318750858306885,2.296875,2.3056249618530273,55315200
2013-08-01,2.3059146404266357,2.351249933242798,2.359062910079956,2.3324999809265137,2.3371880054473877,42681600
2013-08-02,2.3328845500946045,2.3787500858306885,2.379688024520874,2.3424999713897705,2.354374885559082,36521600
2013-08-05,2.336256504058838,2.382188081741333,2.385624885559082,2.367187976837158,2.3731250762939453,27232000
2013-08-06,2.3083670139312744,2.353749990463257,2.379688024520874,2.3343749046325684,2.375,50659200
2013-08-07,2.2997848987579346,2.3450000286102295,2.3524999618530273,2.3109378814697266,2.340938091278076,64249600
2013-08-08,2.3206253051757812,2.3662500381469727,2.378124952316284,2.3368749618530273,2.371562957763672,55721600
2013-08-09,2.303769588470459,2.349062919616699,2.3759379386901855,2.335313081741333,2.361562967300415,40556800
2013-08-12,2.3123512268066406,2.3578128814697266,2.367500066757202,2.32968807220459,2.330312967300415,65683200
2013-08-13,2.338095188140869,2.3840630054473877,2.3965630531311035,2.3315629959106445,2.364375114440918,70147200
2013-08-14,2.3218512535095215,2.367500066757202,2.390312910079956,2.3612499237060547,2.3837499618530273,71340800
2013-08-15,2.2446200847625732,2.288749933242798,2.3165628910064697,2.2746880054473877,2.3165628910064697,57756800
2013-08-16,2.2403290271759033,2.284374952316284,2.3081250190734863,2.2774999141693115,2.2881250381469727,57670400
2013-08-19,2.233280658721924,2.2771880626678467,2.3240630626678467,2.275938034057617,2.286875009536743,57177600
2013-08-20,2.2528953552246094,2.2971880435943604,2.318125009536743,2.2815630435943604,2.286562919616699,45008000
2013-08-21,2.237264394760132,2.28125,2.3215630054473877,2.264688014984131,2.2831249237060547,63923200
2013-08-22,2.279557943344116,2.3243749141693115,2.3284380435943604,2.299062967300415,2.3006250858306885,55203200
2013-08-23,2.312044382095337,2.3575000762939453,2.362499952316284,2.3415629863739014,2.359062910079956,61897600
2013-08-26,2.312657117843628,2.3581249713897705,2.3943750858306885,2.3496880531311035,2.359999895095825,78521600
2013-08-27,2.2170372009277344,2.260624885559082,2.3259379863739014,2.252500057220459,2.3037500381469727,118259200
2013-08-28,2.2369580268859863,2.280937910079956,2.299375057220459,2.257499933242798,2.258125066757202,59622400
2013-08-29,2.267299175262451,2.311875104904175,2.3340630531311035,2.2721879482269287,2.278125047683716,64089600
2013-08-30,2.2375712394714355,2.2815630435943604,2.3162500858306885,2.266249895095825,2.3162500858306885,68828800
2013-09-03,2.260863780975342,2.3053131103515625,2.3399999141693115,2.2874999046325684,2.320312976837158,62048000
2013-09-04,2.3117384910583496,2.3571879863739014,2.364063024520874,2.3106250762939453,2.323124885559082,65494400
2013-09-05,2.319706439971924,2.3653130531311035,2.378124952316284,2.358438014984131,2.3596880435943604,45568000
2013-09-06,2.324916124343872,2.3706250190734863,2.3946878910064697,2.317500114440918,2.380000114440918,91158400
2013-09-09,2.3782429695129395,2.424999952316284,2.434062957763672,2.390312910079956,2.390312910079956,49776000
2013-09-10,2.4024548530578613,2.449687957763672,2.456249952316284,2.432499885559082,2.453749895095825,70390400
2013-09-11,2.393566608428955,2.440624952316284,2.443125009536743,2.411562919616699,2.4181249141693115,46428800
2013-09-12,2.388969898223877,2.4359378814697266,2.452188014984131,2.427187919616699,2.43906307220459,51107200
2013-09-13,2.3932607173919678,2.4403131008148193,2.444688081741333,2.414375066757202,2.4437499046325684,32937600
2013-09-16,2.3794684410095215,2.4262499809265137,2.480937957763672,2.416249990463257,2.479063034057617,38761600
2013-09-17,2.411954879760742,2.4593749046325684,2.4646880626678467,2.436875104904175,2.436875104904175,35030400
2013-09-18,2.469266176223755,2.517812967300415,2.527812957763672,2.456249952316284,2.4668750762939453,45824000
2013-09-19,2.480605363845825,2.5293750762939453,2.541249990463257,2.5218749046325684,2.5331249237060547,30729600
2013-09-20,2.4628303050994873,2.5112500190734863,2.546875,2.5093750953674316,2.5421879291534424,37628800
2013-09-23,2.452409505844116,2.500624895095825,2.538749933242798,2.478749990463257,2.5353128910064697,39772800
2013-09-24,2.453329086303711,2.50156307220459,2.528438091278076,2.484999895095825,2.5115630626678467,33462400
2013-09-25,2.4386188983917236,2.486562967300415,2.512187957763672,2.4749999046325684,2.5043749809265137,54444800
2013-09-26,2.474783182144165,2.523437976837158,2.5353128910064697,2.503124952316284,2.5043749809265137,40940800
2013-09-27,2.469266176223755,2.517812967300415,2.525938034057617,2.486875057220459,2.4959380626678467,52864000
2013-09-30,2.451490640640259,2.499687910079956,2.51718807220459,2.4484379291534424,2.4649999141693115,79593600
2013-10-01,2.5063493251800537,2.5556249618530273,2.5578129291534424,2.5018749237060547,2.505000114440918,49129600
2013-10-02,2.503591537475586,2.5528130531311035,2.5606250762939453,2.5159380435943604,2.520625114440918,52505600
2013-10-03,2.445974588394165,2.494062900543213,2.5581250190734863,2.4671878814697266,2.5471880435943604,59833600
2013-10-04,2.4867348670959473,2.5356249809265137,2.543437957763672,2.489063024520874,2.4928131103515625,39856000
2013-10-07,2.445667266845703,2.4937500953674316,2.533750057220459,2.4906249046325684,2.4934380054473877,51856000
2013-10-08,2.3543381690979004,2.400624990463257,2.4978129863739014,2.3968749046325684,2.494999885559082,89462400
2013-10-09,2.337175130844116,2.383125066757202,2.411250114440918,2.344374895095825,2.4096879959106445,85142400
2013-10-10,2.434021472930908,2.481874942779541,2.494374990463257,2.4337499141693115,2.4337499141693115,87622400
2013-10-11,2.474169969558716,2.522813081741333,2.5265629291534424,2.471250057220459,2.471874952316284,66112000
2013-10-14,2.5081875324249268,2.557499885559082,2.5578129291534424,2.4878129959106445,2.491563081741333,57417600
2013-10-15,2.4894936084747314,2.538438081741333,2.5784380435943604,2.5325000286102295,2.5537500381469727,113964800
2013-10-16,2.5455775260925293,2.5956249237060547,2.598438024520874,2.5581250190734863,2.5603129863739014,88153600
2013-10-17,2.5746939182281494,2.6253130435943604,2.627187967300415,2.5684380531311035,2.5715630054473877,78169600
2013-10-18,2.657747745513916,2.7100000381469727,2.7121880054473877,2.658437967300415,2.6728129386901855,86137600
2013-10-21,2.668781042098999,2.721250057220459,2.7353129386901855,2.706249952316284,2.7206249237060547,74185600
2013-10-22,2.6733782291412354,2.725938081741333,2.759687900543213,2.6962499618530273,2.7412500381469727,107747200
2013-10-23,2.6454877853393555,2.697499990463257,2.713749885559082,2.671250104904175,2.703749895095825,109894400
2013-10-24,2.6675541400909424,2.7200000286102295,2.731874942779541,2.692500114440918,2.7009379863739014,60364800
2013-10-25,2.704638719558716,2.757812976837158,2.783750057220459,2.733750104904175,2.7718749046325684,95027200
2013-10-28,2.7073960304260254,2.760624885559082,2.7690629959106445,2.73593807220459,2.7593750953674316,82665600
2013-10-29,2.7150590419769287,2.7684381008148193,2.78281307220459,2.7456250190734863,2.7771880626678467,132425600
2013-10-30,2.7104616165161133,2.7637500762939453,2.797499895095825,2.7378129959106445,2.789062976837158,137129600
2013-10-31,2.6982016563415527,2.7512500286102295,2.7853128910064697,2.731250047683716,2.7509379386901855,118224000
2013-11-01,2.699122428894043,2.752187967300415,2.775938034057617,2.725938081741333,2.7674999237060547,85600000
2013-11-04,2.7055578231811523,2.7587499618530273,2.770313024520874,2.7409379482269287,2.770313024520874,39737600
2013-11-05,2.7132198810577393,2.7665629386901855,2.789062976837158,2.723438024520874,2.7371881008148193,54521600
2013-11-06,2.7116873264312744,2.765000104904175,2.791249990463257,2.747499942779541,2.788438081741333,71820800
2013-11-07,2.6102445125579834,2.661562919616699,2.773437976837158,2.656874895095825,2.7643749713897705,105452800
2013-11-08,2.6807336807250977,2.733438014984131,2.733750104904175,2.665937900543213,2.6787500381469727,87696000
2013-11-11,2.672457695007324,2.7249999046325684,2.7384378910064697,2.7059381008148193,2.721874952316284,56755200
2013-11-12,2.6795074939727783,2.7321879863739014,2.740000009536743,2.7043750286102295,2.7068750858306885,93792000
2013-11-13,2.745093822479248,2.799062967300415,2.799062967300415,2.6962499618530273,2.697499990463257,95593600
2013-11-14,2.7601094245910645,2.8143749237060547,2.8193750381469727,2.772813081741333,2.781874895095825,94236800
2013-11-15,2.7708375453948975,2.825313091278076,2.8265628814697266,2.802500009536743,2.8168749809265137,82048000
2013-11-18,2.7199623584747314,2.773437976837158,2.835937976837158,2.7609379291534424,2.8237500190734863,99974400
2013-11-19,2.7012670040130615,2.7543749809265137,2.794063091278076,2.7456250190734863,2.7690629959106445,126345600
2013-11-20,2.6908469200134277,2.7437500953674316,2.7906250953674316,2.7253129482269287,2.770313024520874,172729600
2013-11-21,2.7417213916778564,2.7956249713897705,2.801875114440918,2.759687900543213,2.7618749141693115,127251200
2013-11-22,2.772982358932495,2.827500104904175,2.8293750286102295,2.802500009536743,2.8078129291534424,128771200
2013-11-25,2.785240411758423,2.8399999141693115,2.8531250953674316,2.8265628814697266,2.8481249809265137,93516800
2013-11-26,2.814356565475464,2.869688034057617,2.8840630054473877,2.8293750286102295,2.8421878814697266,91990400
2013-11-27,2.8529727458953857,2.9090631008148193,2.911875009536743,2.877187967300415,2.882188081741333,97398400
2013-11-29,2.8845388889312744,2.9412500858306885,2.952812910079956,2.9284379482269287,2.931562900543213,46563200
2013-12-02,2.8698275089263916,2.9262499809265137,2.960313081741333,2.919063091278076,2.9518749713897705,75283200
2013-12-03,2.865231513977051,2.921562910079956,2.938124895095825,2.900312900543213,2.92343807220459,88048000
2013-12-04,2.8707478046417236,2.927187919616699,2.947187900543213,2.879688024520874,2.898750066757202,92038400
2013-12-05,2.865537405014038,2.921875,2.9393749237060547,2.905625104904175,2.934375047683716,84457600
2013-12-06,2.905686140060425,2.962812900543213,2.9749999046325684,2.934375047683716,2.9696879386901855,95856000
2013-12-09,2.9283652305603027,2.98593807220459,2.999063014984131,2.976249933242798,2.984375,94905600
2013-12-10,2.9249935150146484,2.9825000762939453,2.9934380054473877,2.970937967300415,2.9753129482269287,74976000
2013-12-11,2.8502135276794434,2.90625,2.990000009536743,2.8975000381469727,2.9821879863739014,106236800
2013-12-12,2.8364224433898926,2.89218807220459,2.921875,2.8865630626678467,2.9090631008148193,103916800
2013-12-13,2.827228307723999,2.882812976837158,2.919374942779541,2.8712499141693115,2.916249990463257,64057600
2013-12-16,2.858181953430176,2.914375066757202,2.947499990463257,2.9071879386901855,2.911562919616699,57100800
2013-12-17,2.848069190979004,2.9040629863739014,2.9281249046325684,2.89218807220459,2.916249990463257,43561600
2013-12-18,2.914266586303711,2.9715631008148193,2.9753129482269287,2.825624942779541,2.9096879959106445,166835200
2013-12-19,2.895266056060791,2.952188014984131,2.960313081741333,2.927187919616699,2.958750009536743,114192000
2013-12-20,2.953495979309082,3.0115630626678467,3.025624990463257,2.960937976837158,2.9621880054473877,93168000
2013-12-23,3.016016960144043,3.075313091278076,3.0762500762939453,3.044374942779541,3.0612499713897705,67436800
2013-12-24,3.020000696182251,3.0793750286102295,3.0824999809265137,3.0665628910064697,3.0784380435943604,31331200
2013-12-26,3.038696765899658,3.098438024520874,3.103749990463257,3.078125,3.088438034057617,61670400
2013-12-27,3.0230650901794434,3.0824999809265137,3.1096880435943604,3.0759379863739014,3.1053130626678467,75680000
2013-12-30,3.0138704776763916,3.073124885559082,3.0821878910064697,3.056874990463257,3.0734379291534424,55686400
2013-12-31,3.0524864196777344,3.112499952316284,3.112499952316284,3.082813024520874,3.082813024520874,55052800
2014-01-02,3.00559663772583,3.064687967300415,3.086250066757202,3.0471880435943604,3.0850000381469727,70310400
2014-01-03,2.962996006011963,3.021250009536743,3.070312976837158,3.0190629959106445,3.065624952316284,92188800
2014-01-06,2.9387855529785156,2.996562957763672,3.028125047683716,2.975938081741333,3.0218749046325684,131728000
2014-01-07,2.992418050765991,3.0512499809265137,3.061563014984131,3.014688014984131,3.0243749618530273,132166400
2014-01-08,3.007742166519165,3.0668749809265137,3.082813024520874,3.040937900543213,3.0528130531311035,117705600
2014-01-09,2.9862890243530273,3.0450000762939453,3.0896880626678467,3.0250000953674316,3.0871880054473877,109100800
2014-01-10,3.00559663772583,3.064687967300415,3.0718750953674316,3.015000104904175,3.062187910079956,104531200
2014-01-13,2.914573907852173,2.971874952316284,3.077812910079956,2.9509379863739014,3.054687976837158,146083200
2014-01-14,3.028275728225708,3.087812900543213,3.0915629863739014,2.994374990463257,2.994374990463257,113846400
2014-01-15,3.0763914585113525,3.1368749141693115,3.150624990463257,3.1071879863739014,3.1112499237060547,104457600
2014-01-16,3.079763650894165,3.140312910079956,3.148124933242798,3.1231250762939453,3.1318750381469727,72393600
2014-01-17,3.0435993671417236,3.103437900543213,3.137813091278076,3.088438034057617,3.1206250190734863,73616000
2014-01-21,3.0895702838897705,3.150312900543213,3.152812957763672,3.0978128910064697,3.1434381008148193,81907200
2014-01-22,3.1076526641845703,3.168750047683716,3.181562900543213,3.1475000381469727,3.1653130054473877,69168000
2014-01-23,3.085280179977417,3.145937919616699,3.1471879482269287,3.101249933242798,3.1465630531311035,101129600
2014-01-24,2.959625244140625,3.017812967300415,3.1231250762939453,3.017812967300415,3.1153130531311035,152416000
2014-01-27,2.9066052436828613,2.963749885559082,3.030937910079956,2.9175000190734863,3.023124933242798,204976000
2014-01-28,2.902313709259033,2.9593749046325684,2.9643750190734863,2.921875,2.9309380054473877,94243200
2014-01-29,2.8407135009765625,2.8965630531311035,2.950624942779541,2.8834381103515625,2.9071879386901855,196211200
2014-01-30,2.940624237060547,2.9984378814697266,3.0215630531311035,2.9600000381469727,2.9671878814697266,97337600
2014-01-31,2.9280588626861572,2.9856250286102295,3.0143749713897705,2.929063081741333,2.9359378814697266,121593600
2014-02-03,2.796581268310547,2.851562976837158,3.0012500286102295,2.833437919616699,2.976562976837158,177078400
2014-02-04,2.8342764377593994,2.890000104904175,2.9131250381469727,2.8603129386901855,2.877187967300415,121347200
2014-02-05,2.819566011428833,2.875,2.895625114440918,2.8103129863739014,2.8706250190734863,108406400
2014-02-06,2.8888297080993652,2.945625066757202,2.95468807220459,2.890625,2.8915629386901855,83212800
2014-02-07,2.9921116828918457,3.0509378910064697,3.056562900543213,2.9640629291534424,2.9825000762939453,109321600
2014-02-10,3.027355432510376,3.0868749618530273,3.090625047683716,3.0481250286102295,3.049375057220459,87689600
2014-02-11,3.096005916595459,3.156874895095825,3.1703128814697266,3.0946879386901855,3.0999999046325684,117619200
2014-02-12,3.1082653999328613,3.169374942779541,3.184375047683716,3.1515629291534424,3.171250104904175,98265600
2014-02-13,3.153623342514038,3.215625047683716,3.221874952316284,3.1231250762939453,3.1231250762939453,104150400
2014-02-14,3.1677215099334717,3.2300000190734863,3.244374990463257,3.1962499618530273,3.213438034057617,84371200
2014-02-18,3.1986756324768066,3.2615630626678467,3.273750066757202,3.2249999046325684,3.2378129959106445,64608000
2014-02-19,3.155156373977661,3.2171878814697266,3.2637500762939453,3.203125,3.247499942779541,115001600
2014-02-20,3.1809000968933105,3.2434380054473877,3.258125066757202,3.1940629482269287,3.220937967300415,111888000
2014-02-21,3.1720118522644043,3.234375,3.276249885559082,3.2300000190734863,3.266249895095825,91769600
2014-02-24,3.210014581680298,3.273124933242798,3.3012499809265137,3.2456250190734863,3.2512500286102295,70592000
2014-02-25,3.2002077102661133,3.263124942779541,3.294374942779541,3.2437500953674316,3.280313014984131,112841600
2014-02-26,3.194997787475586,3.257812976837158,3.302187919616699,3.2328128814697266,3.283437967300415,116316800
2014-02-27,3.2372913360595703,3.3009378910064697,3.306874990463257,3.249375104904175,3.259687900543213,82201600
2014-02-28,3.228403329849243,3.291874885559082,3.338124990463257,3.2356250286102295,3.299062967300415,106700800
2014-03-03,3.1812057495117188,3.2437500953674316,3.260624885559082,3.1859378814697266,3.229374885559082,104294400
2014-03-04,3.2624218463897705,3.3265628814697266,3.338749885559082,3.3084380626678467,3.31406307220459,130777600
2014-03-05,3.280503749847412,3.3450000286102295,3.356250047683716,3.3237500190734863,3.3371880054473877,85004800
2014-03-06,3.2728424072265625,3.3371880054473877,3.364687919616699,3.314687967300415,3.358750104904175,90723200
2014-03-07,3.2409701347351074,3.304687976837158,3.3659379482269287,3.2721879482269287,3.36093807220459,124304000
2014-03-10,3.245872735977173,3.309688091278076,3.3143749237060547,3.268749952316284,3.302500009536743,77929600
2014-03-11,3.219515562057495,3.28281307220459,3.34375,3.2634379863739014,3.327188014984131,135974400
2014-03-12,3.2418880462646484,3.3056249618530273,3.309688091278076,3.228749990463257,3.2537500858306885,110128000
2014-03-13,3.1520915031433105,3.2140629291534424,3.333750009536743,3.1834380626678467,3.3321878910064697,176160000
2014-03-14,3.1067333221435547,3.1678130626678467,3.220937967300415,3.1671879291534424,3.1912500858306885,129161600
2014-03-17,3.1634302139282227,3.2256250381469727,3.2768750190734863,3.2065629959106445,3.2090630531311035,93056000
2014-03-18,3.239130735397339,3.3028130531311035,3.309375047683716,3.231250047683716,3.2321879863739014,108176000
2014-03-19,3.205418109893799,3.2684381008148193,3.311563014984131,3.223438024520874,3.305000066757202,128336000
2014-03-20,3.2210476398468018,3.284374952316284,3.304063081741333,3.2328128814697266,3.246875047683716,98176000
2014-03-21,3.1425905227661133,3.2043750286102295,3.325313091278076,3.193125009536743,3.320312976837158,169881600
2014-03-24,3.0898773670196533,3.150624990463257,3.233438014984131,3.0918750762939453,3.228749990463257,196688000
2014-03-25,3.107959508895874,3.169063091278076,3.2221879959106445,3.1178131103515625,3.182499885559082,171043200
2014-03-26,3.0279691219329834,3.0875000953674316,3.2146880626678467,3.0868749618530273,3.2018749713897705,162048000
2014-03-27,2.9942567348480225,3.0531249046325684,3.106874942779541,3.020313024520874,3.0809381008148193,136320000
2014-03-28,3.0068225860595703,3.0659379959106445,3.1318750381469727,3.0481250286102295,3.072813034057617,103923200
2014-03-31,3.0478899478912354,3.1078128814697266,3.148750066757202,3.1050000190734863,3.1112499237060547,107219200
2014-04-01,3.1542370319366455,3.216249942779541,3.2206249237060547,3.1368749141693115,3.137500047683716,111977600
2014-04-02,3.171093225479126,3.233438014984131,3.250624895095825,3.2043750286102295,3.244062900543213,107459200
2014-04-03,3.121443748474121,3.1828129291534424,3.2503130435943604,3.1468749046325684,3.2412500381469727,103200000
2014-04-04,2.952883243560791,3.0109379291534424,3.230937957763672,2.996875047683716,3.2228128910064697,228656000
2014-04-07,2.9001693725585938,2.9571878910064697,3.0296878814697266,2.914062976837158,2.9756250381469727,183072000
2014-04-08,2.951045274734497,3.0090630054473877,3.01718807220459,2.9415628910064697,2.9618749618530273,135984000
2014-04-09,3.053100109100342,3.1131250858306885,3.116563081741333,3.016249895095825,3.0321879386901855,105782400
2014-04-10,2.8646180629730225,2.920938014984131,3.1162500381469727,2.903438091278076,3.114375114440918,244662400
2014-04-11,2.7981128692626953,2.8531250953674316,2.943125009536743,2.838438034057617,2.8678131103515625,173683200
2014-04-14,2.8407135009765625,2.8965630531311035,2.926563024520874,2.842813014984131,2.900624990463257,149254400
2014-04-15,2.8587944507598877,2.9149999618530273,2.948124885559082,2.793750047683716,2.915937900543213,180780800
2014-04-16,2.9332685470581055,2.9909379482269287,2.9928131103515625,2.918437957763672,2.9668750762939453,89075200
2014-04-17,2.935108184814453,2.9928131103515625,3.022813081741333,2.955312967300415,2.971250057220459,69481600
2014-04-21,2.979546070098877,3.0381250381469727,3.038438081741333,2.9803130626678467,3.0084381103515625,70403200
2014-04-22,3.027663230895996,3.0871880054473877,3.100938081741333,3.0481250286102295,3.056874990463257,55772800
2014-04-23,2.9731106758117676,3.0315630435943604,3.088124990463257,3.027812957763672,3.0865631103515625,64211200
2014-04-24,3.031033754348755,3.090625047683716,3.132812976837158,3.023750066757202,3.132812976837158,94345600
2014-04-25,2.9332685470581055,2.9909379482269287,3.059375047683716,2.976562976837158,3.052500009536743,84854400
2014-04-28,2.9544150829315186,3.012500047683716,3.0537500381469727,2.9153130054473877,3.0174999237060547,147641600
2014-04-29,2.998854160308838,3.0578129291534424,3.0687499046325684,2.999063014984131,3.028749942779541,62643200
2014-04-30,3.0147907733917236,3.0740630626678467,3.0793750286102295,3.0140628814697266,3.0315630435943604,65504000
2014-05-01,3.0340988636016846,3.09375,3.12656307220459,3.0684380531311035,3.0815629959106445,69664000
2014-05-02,3.0224525928497314,3.0818750858306885,3.124063014984131,3.0662500858306885,3.111562967300415,92012800
2014-05-05,3.053100109100342,3.1131250858306885,3.114063024520874,3.0296878814697266,3.0450000762939453,59558400
2014-05-06,2.973416328430176,3.031874895095825,3.106563091278076,3.0293750762939453,3.104374885559082,79705600
2014-05-07,2.9553346633911133,3.0134379863739014,3.0506250858306885,2.9437499046325684,3.045938014984131,105225600
2014-05-08,2.9507369995117188,3.0087499618530273,3.080625057220459,2.9796879291534424,2.9928131103515625,110300800
2014-05-09,2.973416328430176,3.031874895095825,3.034374952316284,2.965312957763672,3.0034379959106445,88915200
2014-05-12,3.0687296390533447,3.1290628910064697,3.132188081741333,3.061875104904175,3.067188024520874,48515200
2014-05-13,3.072713851928711,3.133125066757202,3.1571879386901855,3.1231250762939453,3.1362500190734863,48579200
2014-05-14,3.0405352115631104,3.1003129482269287,3.1393749713897705,3.0875000953674316,3.1156249046325684,37392000
2014-05-15,2.994563579559326,3.0534379482269287,3.11093807220459,3.0140628814697266,3.1003129482269287,81430400
2014-05-16,3.033179759979248,3.092813014984131,3.0965631008148193,3.020313024520874,3.059375047683716,52339200
2014-05-19,3.077004909515381,3.137500047683716,3.1449999809265137,3.06406307220459,3.075624942779541,45942400
2014-05-20,3.054020404815674,3.114063024520874,3.155313014984131,3.0868749618530273,3.1318750381469727,58121600
2014-05-21,3.1116366386413574,3.1728129386901855,3.174999952316284,3.1206250190734863,3.124063014984131,44745600
2014-05-22,3.1370739936828613,3.1987500190734863,3.2171878814697266,3.1700000762939453,3.1787500381469727,46982400
2014-05-23,3.1842708587646484,3.246875047683716,3.247499942779541,3.1918749809265137,3.206249952316284,26233600
2014-05-27,3.2645676136016846,3.328749895095825,3.328749895095825,3.2696878910064697,3.276249885559082,33321600
2014-05-28,3.242807626724243,3.306562900543213,3.3350000381469727,3.3012499809265137,3.3243749141693115,55068800
2014-05-29,3.2835683822631836,3.3481249809265137,3.3496880531311035,3.3165628910064697,3.330625057220459,39878400
2014-05-30,3.285714626312256,3.3503129482269287,3.3606250286102295,3.315000057220459,3.3506250381469727,32217600
2014-06-02,3.2774393558502197,3.3418750762939453,3.359375,3.3009378910064697,3.3578128814697266,31388800
2014-06-03,3.275906562805176,3.340312957763672,3.3503129482269287,3.3125,3.320625066757202,26681600
2014-06-04,3.297973871231079,3.3628129959106445,3.375,3.313124895095825,3.323124885559082,28883200
2014-06-05,3.3546712398529053,3.4206249713897705,3.4334380626678467,3.3478128910064697,3.3703129291534424,39452800
2014-06-06,3.392674207687378,3.4593749046325684,3.4593749046325684,3.4328129291534424,3.447499990463257,36284800
2014-06-09,3.3874642848968506,3.4540629386901855,3.4721879959106445,3.4356250762939453,3.4621880054473877,30595200
2014-06-10,3.3978841304779053,3.4646880626678467,3.4700000286102295,3.4409379959106445,3.4487500190734863,30547200
2014-06-11,3.3960459232330322,3.462812900543213,3.4746880531311035,3.436563014984131,3.442188024520874,36630400
2014-06-12,3.338120698928833,3.403749942779541,3.458125114440918,3.378124952316284,3.450624942779541,58752000
2014-06-13,3.35620379447937,3.4221880435943604,3.43906307220459,3.3924999237060547,3.431562900543213,37555200
2014-06-16,3.3614132404327393,3.427500009536743,3.447813034057617,3.395625114440918,3.411250114440918,28521600
2014-06-17,3.3647849559783936,3.4309380054473877,3.449687957763672,3.410938024520874,3.424375057220459,31670400
2014-06-18,3.4058525562286377,3.4728128910064697,3.479063034057617,3.400312900543213,3.43906307220459,36428800
2014-06-19,3.3984968662261963,3.465312957763672,3.484999895095825,3.434688091278076,3.4800000190734863,31721600
2014-06-20,3.4049324989318848,3.471874952316284,3.478749990463257,3.4549999237060547,3.469374895095825,25084800
2014-06-23,3.406771421432495,3.473750114440918,3.476249933242798,3.4540629386901855,3.471874952316284,27811200
2014-06-24,3.400642156600952,3.4674999713897705,3.5321879386901855,3.447813034057617,3.473750114440918,60083200
2014-06-25,3.4445388317108154,3.5065629482269287,3.5174999237060547,3.445312976837158,3.4465630054473877,47814400
2014-06-26,3.4473016262054443,3.5093750953674316,3.512500047683716,3.455625057220459,3.509687900543213,55641600
2014-06-27,3.4761576652526855,3.538749933242798,3.540937900543213,3.4987499713897705,3.4987499713897705,41836800
2014-06-30,3.4902777671813965,3.5531249046325684,3.569688081741333,3.5346879959106445,3.536875009536743,30547200
2014-07-01,3.5673282146453857,3.6315629482269287,3.648437976837158,3.5734379291534424,3.575313091278076,32204800
2014-07-02,3.5780725479125977,3.6424999237060547,3.6524999141693115,3.6278131008148193,3.6340630054473877,34329600
2014-07-03,3.6201279163360596,3.6853129863739014,3.6859378814697266,3.645937919616699,3.6649999618530273,32624000
2014-07-07,3.5992531776428223,3.664062976837158,3.688124895095825,3.651249885559082,3.6787500381469727,54601600
2014-07-08,3.5142221450805664,3.577500104904175,3.6549999713897705,3.546562910079956,3.6518750190734863,67916800
2014-07-09,3.56579327583313,3.630000114440918,3.6365630626678467,3.574687957763672,3.595937967300415,50086400
2014-07-10,3.5436904430389404,3.6075000762939453,3.6362500190734863,3.528125047683716,3.538749933242798,43686400
2014-07-11,3.5857462882995605,3.650312900543213,3.6518750190734863,3.6028130054473877,3.6234378814697266,36265600
2014-07-14,3.6327133178710938,3.698124885559082,3.7125000953674316,3.6731250286102295,3.6856250762939453,27360000
2014-07-15,3.60754132270813,3.672499895095825,3.71875,3.6181249618530273,3.708750009536743,59190400
2014-07-16,3.6348626613616943,3.700313091278076,3.731250047683716,3.692500114440918,3.7231249809265137,27206400
2014-07-17,3.5390875339508057,3.6028130054473877,3.705625057220459,3.5784380435943604,3.6787500381469727,64441600
2014-07-18,3.6474480628967285,3.713124990463257,3.719374895095825,3.630312919616699,3.640625,43590400
2014-07-21,3.639160394668579,3.70468807220459,3.717813014984131,3.671562910079956,3.6984379291534424,24688000
2014-07-22,3.688582181930542,3.755000114440918,3.7640628814697266,3.7328128814697266,3.739375114440918,25222400
2014-07-23,3.7337076663970947,3.8009378910064697,3.809375047683716,3.7659380435943604,3.7799999713897705,31715200
2014-07-24,3.7263405323028564,3.793437957763672,3.823124885559082,3.7815630435943604,3.8137500286102295,40937600
2014-07-25,3.693493366241455,3.759999990463257,3.772813081741333,3.723750114440918,3.755625009536743,31808000
2014-07-28,3.697791576385498,3.7643749713897705,3.783437967300415,3.7068750858306885,3.768749952316284,30073600
2014-07-29,3.6867406368255615,3.753124952316284,3.7971880435943604,3.7453129291534424,3.7796878814697266,57894400
2014-07-30,3.7149815559387207,3.781874895095825,3.807499885559082,3.7528131008148193,3.791563034057617,38521600
2014-07-31,3.5633366107940674,3.627500057220459,3.7300000190734863,3.616874933242798,3.72031307220459,63817600
2014-08-01,3.5378594398498535,3.601562976837158,3.6524999141693115,3.552500009536743,3.6137499809265137,73062400
2014-08-04,3.5842113494873047,3.648750066757202,3.6781249046325684,3.5896880626678467,3.619062900543213,44748800
2014-08-05,3.5311057567596436,3.5946879386901855,3.641249895095825,3.5603129863739014,3.6203129291534424,69804800
2014-08-06,3.5240447521209717,3.5875000953674316,3.6312499046325684,3.544374942779541,3.54843807220459,53731200
2014-08-07,3.5031704902648926,3.5662500858306885,3.6343750953674316,3.5403130054473877,3.6187500953674316,58691200
2014-08-08,3.5519793033599854,3.6159379482269287,3.624375104904175,3.545938014984131,3.577812910079956,47734400
2014-08-11,3.594956159591675,3.6596879959106445,3.681874990463257,3.640312910079956,3.64218807220459,29232000
2014-08-12,3.5897371768951416,3.6543750762939453,3.674375057220459,3.6184380054473877,3.650624990463257,34995200
2014-08-13,3.668015241622925,3.734062910079956,3.73593807220459,3.681562900543213,3.6875,31372800
2014-08-14,3.7057719230651855,3.7725000381469727,3.772813081741333,3.7331249713897705,3.742187976837158,34316800
2014-08-15,3.7401530742645264,3.807499885559082,3.8259379863739014,3.7378129959106445,3.8134379386901855,49251200
2014-08-18,3.7994000911712646,3.8678131103515625,3.874063014984131,3.8371880054473877,3.844374895095825,27491200
2014-08-19,3.8411478996276855,3.9103128910064697,3.914375066757202,3.8812499046325684,3.885624885559082,18812800
2014-08-20,3.8432962894439697,3.9124999046325684,3.9256250858306885,3.897813081741333,3.9024999141693115,22620800
2014-08-21,3.8564958572387695,3.9259378910064697,3.931562900543213,3.9021880626678467,3.916249990463257,18966400
2014-08-22,3.8672401905059814,3.936875104904175,3.953125,3.911562919616699,3.9284379482269287,24585600
2014-08-25,3.895481824874878,3.965625047683716,3.9878129959106445,3.9465630054473877,3.9749999046325684,31219200
2014-08-26,3.9046900272369385,3.9749999046325684,3.9825000762939453,3.955625057220459,3.9771881103515625,18704000
2014-08-27,3.9049980640411377,3.9753129482269287,3.983750104904175,3.958125114440918,3.9756250381469727,14576000
2014-08-28,3.893639087677002,3.963749885559082,3.974375009536743,3.940000057220459,3.948124885559082,24307200
2014-08-29,3.9249508380889893,3.9956250190734863,3.9959380626678467,3.95468807220459,3.9831249713897705,16944000
2014-09-02,3.9473602771759033,4.01843786239624,4.019999980926514,3.9853129386901855,4.015313148498535,28064000
2014-09-03,3.9010069370269775,3.971250057220459,4.038125038146973,3.9565629959106445,4.038125038146973,42441600
2014-09-04,3.8905704021453857,3.960624933242798,4.028749942779541,3.943125009536743,3.989375114440918,43699200
2014-09-05,3.934159994125366,4.005000114440918,4.006875038146973,3.934688091278076,3.976562976837158,33385600
2014-09-08,3.946746587753296,4.017813205718994,4.036874771118164,3.981563091278076,4.002500057220459,44963200
2014-09-09,3.88228178024292,3.952188014984131,4.0478129386901855,3.936563014984131,4.014688014984131,57907200
2014-09-10,3.9424490928649902,4.0134382247924805,4.018750190734863,3.9393749237060547,3.9615631103515625,34265600
2014-09-11,3.9393787384033203,4.010313034057617,4.0134382247924805,3.9509379863739014,3.9803130626678467,48048000
2014-09-12,3.8976306915283203,3.967813014984131,4.003749847412109,3.9434380531311035,4.002500057220459,78454400
2014-09-15,3.820887565612793,3.889688014984131,3.9771881103515625,3.867187976837158,3.9756250381469727,77958400
2014-09-16,3.8881144523620605,3.958125114440918,3.973438024520874,3.8553130626678467,3.8612499237060547,62556800
2014-09-17,3.902235269546509,3.9725000858306885,4.007812976837158,3.9262499809265137,3.9574999809265137,39696000
2014-09-18,3.9587173461914062,4.03000020980835,4.030624866485596,3.9871881008148193,3.994999885559082,21830400
2014-09-19,3.951657772064209,4.022812843322754,4.06531286239624,3.9928131103515625,4.062812805175781,42764800
2014-09-22,3.881054639816284,3.9509379863739014,4.006563186645508,3.915937900543213,4.004063129425049,46976000
2014-09-23,3.8595666885375977,3.929063081741333,3.963749885559082,3.9124999046325684,3.919374942779541,50550400
2014-09-24,3.941835641860962,4.012813091278076,4.015625,3.9100000858306885,3.9334380626678467,39996800
2014-09-25,3.7766830921173096,3.8446879386901855,3.996875047683716,3.8415629863739014,3.9862499237060547,67840000
2014-09-26,3.858952045440674,3.9284379482269287,3.9387500286102295,3.856250047683716,3.866563081741333,47913600
2014-09-29,3.847593307495117,3.916874885559082,3.9359378814697266,3.843125104904175,3.8475000858306885,60716800
2014-09-30,3.8592588901519775,3.9287500381469727,3.9668750762939453,3.8893749713897705,3.937187910079956,63036800
2014-10-01,3.7343215942382812,3.801563024520874,3.9106249809265137,3.775938034057617,3.90625,88470400
2014-10-02,3.731865882873535,3.799062967300415,3.8237500190734863,3.70468807220459,3.8003129959106445,98915200
2014-10-03,3.806767225265503,3.8753130435943604,3.90625,3.8187499046325684,3.8415629863739014,50595200
2014-10-06,3.7901906967163086,3.858438014984131,3.9178130626678467,3.835313081741333,3.895937919616699,48710400
2014-10-07,3.6830556392669678,3.749375104904175,3.84375,3.7478129863739014,3.820312976837158,69747200
2014-10-08,3.8294835090637207,3.898437976837158,3.9175000190734863,3.707813024520874,3.755312919616699,66444800
2014-10-09,3.7008612155914307,3.7674999237060547,3.903125047683716,3.755625009536743,3.8843750953674316,121603200
2014-10-10,3.5154495239257812,3.578749895095825,3.7659380435943604,3.578125,3.721874952316284,78640000
2014-10-13,3.4070892333984375,3.468437910079956,3.6203129291534424,3.461250066757202,3.5662500858306885,134067200
2014-10-14,3.4055542945861816,3.4668750762939453,3.5559380054473877,3.4484379291534424,3.512187957763672,141110400
2014-10-15,3.3644189834594727,3.424999952316284,3.450624942779541,3.2640628814697266,3.3621881008148193,159776000
2014-10-16,3.319908618927002,3.379688024520874,3.4375,3.2765629291534424,3.2796878814697266,155302400
2014-10-17,3.4086227416992188,3.4700000286102295,3.533437967300415,3.4284379482269287,3.46875,133523200
2014-10-20,3.509310483932495,3.572499990463257,3.577500104904175,3.4543750286102295,3.465625047683716,66249600
2014-10-21,3.692880392074585,3.7593750953674316,3.7593750953674316,3.642812967300415,3.6596879959106445,92204800
2014-10-22,3.6535868644714355,3.719374895095825,3.7928130626678467,3.715938091278076,3.7796878814697266,67129600
2014-10-23,3.7656328678131104,3.833437919616699,3.8737499713897705,3.7825000286102295,3.791874885559082,80630400
2014-10-24,3.823035955429077,3.8918750286102295,3.8990631103515625,3.8190629482269287,3.8450000286102295,64921600
2014-10-27,3.83316707611084,3.9021880626678467,3.914375066757202,3.8475000858306885,3.87656307220459,57811200
2014-10-28,3.946439504623413,4.017499923706055,4.01843786239624,3.931562900543213,3.931874990463257,61228800
2014-10-29,3.9160499572753906,3.986562967300415,4.011875152587891,3.9309380054473877,3.9906249046325684,96761600
2014-10-30,3.935081720352173,4.0059380531311035,4.022812843322754,3.934375047683716,3.9518749713897705,63936000
2014-10-31,4.041600227355957,4.114375114440918,4.14218807220459,4.088125228881836,4.137813091278076,64524800
2014-11-03,4.0649309158325195,4.138124942779541,4.159999847412109,4.1178131103515625,4.122499942779541,32784000
2014-11-04,4.039758682250977,4.112500190734863,4.132500171661377,4.054999828338623,4.11218786239624,56838400
2014-11-05,4.037303924560547,4.110000133514404,4.1646881103515625,4.082812786102295,4.163750171661377,55926400
2014-11-06,4.06431770324707,4.137499809265137,4.13937520980835,4.07687520980835,4.109375,49459200
2014-11-07,4.055107116699219,4.128125190734863,4.155313014984131,4.087500095367432,4.150625228881836,41660800
2014-11-10,4.086112022399902,4.1596879959106445,4.1696882247924805,4.111875057220459,4.132812976837158,31795200
2014-11-11,4.109442234039307,4.183437824249268,4.183437824249268,4.1384382247924805,4.1621880531311035,36137600
2014-11-12,4.124790191650391,4.199062824249268,4.207812786102295,4.150000095367432,4.151249885559082,28262400
2014-11-13,4.1591715812683105,4.234063148498535,4.2665629386901855,4.196249961853027,4.215938091278076,47875200
2014-11-14,4.184035778045654,4.259375095367432,4.260313034057617,4.205313205718994,4.2321882247924805,24310400
2014-11-17,4.158250331878662,4.23312520980835,4.259687900543213,4.1959381103515625,4.241562843322754,30188800
2014-11-18,4.223021507263184,4.299063205718994,4.309688091278076,4.242499828338623,4.242499828338623,21846400
2014-11-19,4.184035778045654,4.259375095367432,4.289374828338623,4.22156286239624,4.289374828338623,36588800
2014-11-20,4.221795082092285,4.2978129386901855,4.304687976837158,4.216875076293945,4.224999904632568,19459200
2014-11-21,4.2374491691589355,4.31374979019165,4.381563186645508,4.287813186645508,4.375312805175781,39462400
2014-11-24,4.304983615875244,4.382500171661377,4.385313034057617,4.330625057220459,4.337812900543213,25868800
2014-11-25,4.31787633895874,4.395625114440918,4.42062520980835,4.372188091278076,4.3940629959106445,30569600
2014-11-26,4.374053001403809,4.452813148498535,4.457812786102295,4.394688129425049,4.403438091278076,28668800
2014-11-28,4.4130377769470215,4.492499828338623,4.513124942779541,4.47156286239624,4.476562976837158,15664000
2014-12-01,4.312350749969482,4.389999866485596,4.484375,4.35812520980835,4.468124866485596,47571200
2014-12-02,4.346730709075928,4.425000190734863,4.441563129425049,4.381875038146973,4.3990631103515625,30246400
2014-12-03,4.364229679107666,4.442812919616699,4.453750133514404,4.388124942779541,4.437812805175781,32976000
2014-12-04,4.357475280761719,4.435937881469727,4.471875190734863,4.400938034057617,4.433750152587891,40777600
2014-12-05,4.359622478485107,4.438125133514404,4.465312957763672,4.419063091278076,4.452499866485596,26636800
2014-12-08,4.294853210449219,4.372188091278076,4.453750133514404,4.328125,4.418125152587891,37024000
2014-12-09,4.326471328735352,4.404375076293945,4.4071879386901855,4.241875171661377,4.270625114440918,54467200
2014-12-10,4.188332557678223,4.263750076293945,4.406562805175781,4.246874809265137,4.387813091278076,53939200
2014-12-11,4.228548049926758,4.304687976837158,4.404687881469727,4.286250114440918,4.286874771118164,34550400
2014-12-12,4.136455535888672,4.210937976837158,4.3184380531311035,4.209374904632568,4.220624923706055,48355200
2014-12-15,4.052037239074707,4.125,4.28406286239624,4.097813129425049,4.254063129425049,73699200
2014-12-16,3.9185049533843994,3.989063024520874,4.191249847412109,3.987499952316284,4.0684380531311035,75068800
2014-12-17,4.057871341705322,4.1309380531311035,4.15749979019165,3.984375,3.994688034057617,80835200
2014-12-18,4.2583231925964355,4.335000038146973,4.335625171661377,4.230000019073486,4.254687786102295,61945600
2014-12-19,4.286871433258057,4.364062786102295,4.406875133514404,4.322187900543213,4.341249942779541,48790400
2014-12-22,4.31635856628418,4.3915629386901855,4.393125057220459,4.350313186645508,4.356249809265137,38771200
2014-12-23,4.288100719451904,4.3628129959106445,4.423749923706055,4.349062919616699,4.42343807220459,27267200
2014-12-24,4.293015480041504,4.3678131103515625,4.400000095367432,4.364062786102295,4.369688034057617,8214400
2014-12-26,4.3538312911987305,4.429687976837158,4.446562767028809,4.390937805175781,4.392813205718994,16185600
2014-12-29,4.351986408233643,4.4278130531311035,4.445624828338623,4.415937900543213,4.420312881469727,20131200
2014-12-30,4.290250301361084,4.364999771118164,4.420938014984131,4.3546881675720215,4.397812843322754,28761600
2014-12-31,4.199948787689209,4.273125171661377,4.415312767028809,4.264062881469727,4.378749847412109,36044800
2015-01-02,4.182441711425781,4.255312919616699,4.353750228881836,4.209688186645508,4.315625190734863,49910400
2015-01-05,4.05497407913208,4.125625133514404,4.223124980926514,4.102812767028809,4.2140631675720215,56867200
2015-01-06,3.948087215423584,4.01687479019165,4.150938034057617,3.979063034057617,4.138124942779541,52531200
2015-01-07,4.0466814041137695,4.117187976837158,4.136875152587891,4.048749923706055,4.069375038146973,52400000
2015-01-08,4.201485633850098,4.274687767028809,4.2921881675720215,4.1803131103515625,4.190000057220459,52544000
2015-01-09,4.147427082061768,4.2196879386901855,4.305624961853027,4.171563148498535,4.3003129959106445,55964800
2015-01-12,4.062038898468018,4.132812976837158,4.242187976837158,4.1103129386901855,4.2378129959106445,41520000
2015-01-13,4.055896282196045,4.12656307220459,4.299063205718994,4.062812805175781,4.2115631103515625,75494400
2015-01-14,4.015661239624023,4.085625171661377,4.124688148498535,4.011250019073486,4.044063091278076,73990400
2015-01-15,3.909693717956543,3.9778130054473877,4.1334381103515625,3.9668750762939453,4.121250152587891,57065600
2015-01-16,4.001838207244873,4.071562767028809,4.079999923706055,3.9540629386901855,3.962812900543213,70736000
2015-01-20,4.063573837280273,4.134375095367432,4.153124809265137,4.026875019073486,4.119688034057617,62960000
2015-01-21,4.104731559753418,4.176249980926514,4.213125228881836,4.079999923706055,4.109687805175781,58675200
2015-01-22,4.256464004516602,4.330625057220459,4.338749885559082,4.134062767028809,4.207188129425049,63420800
2015-01-23,4.274892330169678,4.349374771118164,4.375625133514404,4.304999828338623,4.33093786239624,55900800
2015-01-26,4.266293525695801,4.340624809265137,4.355312824249268,4.29562520980835,4.340312957763672,45145600
2015-01-27,4.04760217666626,4.118124961853027,4.206874847412109,4.0865631103515625,4.203750133514404,64156800
2015-01-28,4.003372669219971,4.073124885559082,4.254063129425049,4.070000171661377,4.247188091278076,67196800
2015-01-29,4.076783657073975,4.147812843322754,4.163437843322754,3.994374990463257,4.063125133514404,60240000
2015-01-30,4.017194747924805,4.087187767028809,4.20468807220459,4.074062824249268,4.143125057220459,50736000
2015-02-02,4.085381984710693,4.156562805175781,4.163437843322754,3.9778130054473877,4.1021881103515625,51113600
2015-02-03,4.163704872131348,4.236249923706055,4.240938186645508,4.131249904632568,4.185625076293945,51491200
2015-02-04,4.154183864593506,4.226562976837158,4.28406286239624,4.181875228881836,4.1984381675720215,57708800
2015-02-05,4.226977825164795,4.300624847412109,4.305937767028809,4.227812767028809,4.24875020980835,41363200
2015-02-06,4.175683498382568,4.248437881469727,4.334374904632568,4.218124866485596,4.316249847412109,41513600
2015-02-09,4.148655891418457,4.220938205718994,4.2609381675720215,4.20187520980835,4.215312957763672,32976000
2015-02-10,4.278271675109863,4.352812767028809,4.364062786102295,4.254063129425049,4.268750190734863,37068800
2015-02-11,4.310216903686523,4.385313034057617,4.403438091278076,4.34656286239624,4.3603129386901855,40476800
2015-02-12,4.40850305557251,4.4853129386901855,4.489375114440918,4.4278130531311035,4.440625190734863,42793600
2015-02-13,4.483754634857178,4.561874866485596,4.56374979019165,4.495625019073486,4.513124942779541,52553600
2015-02-17,4.4926629066467285,4.5709381103515625,4.57687520980835,4.540937900543213,4.561874866485596,30774400
2015-02-18,4.505868911743164,4.584374904632568,4.588438034057617,4.5478129386901855,4.560625076293945,27852800
2015-02-19,4.5497918128967285,4.629063129425049,4.634375095367432,4.5759382247924805,4.578437805175781,37606400
2015-02-20,4.610300064086914,4.690625190734863,4.6959381103515625,4.5946879386901855,4.623437881469727,42032000
2015-02-23,4.6210503578186035,4.701562881469727,4.702188014984131,4.665312767028809,4.687812805175781,28160000
2015-02-24,4.626885890960693,4.707499980926514,4.71750020980835,4.661250114440918,4.6884379386901855,33712000
2015-02-25,4.6029276847839355,4.683125019073486,4.728125095367432,4.663437843322754,4.692812919616699,32339200
2015-02-26,4.649616241455078,4.730625152587891,4.735000133514404,4.667500019073486,4.691563129425049,29814400
2015-02-27,4.609070777893066,4.689374923706055,4.732812881469727,4.674375057220459,4.7271881103515625,25292800
2015-03-02,4.6920013427734375,4.773749828338623,4.776249885559082,4.70437479019165,4.705313205718994,36713600
2015-03-03,4.645927429199219,4.726874828338623,4.754063129425049,4.668749809265137,4.743750095367432,48896000
2015-03-04,4.6124491691589355,4.692812919616699,4.710312843322754,4.640625,4.698124885559082,41088000
2015-03-05,4.626577377319336,4.707188129425049,4.736249923706055,4.6696882247924805,4.716249942779541,34275200
2015-03-06,4.51969051361084,4.598437786102295,4.713749885559082,4.577499866485596,4.696562767028809,46400000
2015-03-09,4.544877052307129,4.624063014984131,4.649687767028809,4.5815629959106445,4.619062900543213,29580800
2015-03-10,4.381780624389648,4.458125114440918,4.5625,4.45593786239624,4.56125020980835,58320000
2015-03-11,4.328646183013916,4.4040632247924805,4.478750228881836,4.400625228881836,4.468438148498535,43008000
2015-03-12,4.3873090744018555,4.463749885559082,4.472499847412109,4.39187479019165,4.3965630531311035,39644800
2015-03-13,4.346765995025635,4.422500133514404,4.488749980926514,4.367499828338623,4.45468807220459,60326400
2015-03-16,4.461332321166992,4.539062976837158,4.539062976837158,4.4459381103515625,4.45437479019165,39872000
2015-03-17,4.472390174865723,4.5503129959106445,4.56406307220459,4.491250038146973,4.5109381675720215,30633600
2015-03-18,4.561769485473633,4.641250133514404,4.680624961853027,4.479374885559082,4.525000095367432,36582400
2015-03-19,4.5740556716918945,4.653749942779541,4.678438186645508,4.637499809265137,4.650938034057617,28147200
2015-03-20,4.637020587921143,4.717813014984131,4.759687900543213,4.713438034057617,4.728437900543213,28662400
2015-03-23,4.613983631134033,4.694375038146973,4.7353129386901855,4.692187786102295,4.710000038146973,28208000
2015-03-24,4.58112096786499,4.660937786102295,4.736875057220459,4.65906286239624,4.693124771118164,28886400
2015-03-25,4.3708882331848145,4.444687843322754,4.681875228881836,4.441874980926514,4.675000190734863,73417600
2015-03-26,4.34169340133667,4.414999961853027,4.465000152587891,4.342813014984131,4.374063014984131,73030400
2015-03-27,4.377036094665527,4.4509382247924805,4.47031307220459,4.400312900543213,4.4121880531311035,38044800
2015-03-30,4.483672142028809,4.559374809265137,4.559374809265137,4.504687786102295,4.505000114440918,51913600
2015-03-31,4.380723476409912,4.45468807220459,4.545000076293945,4.453437805175781,4.527187824249268,37097600
2015-04-01,4.335548400878906,4.408750057220459,4.45593786239624,4.351562976837158,4.453125,47820800
2015-04-02,4.339850425720215,4.413125038146973,4.441563129425049,4.387499809265137,4.417500019073486,29948800
2015-04-06,4.4111456871032715,4.48562479019165,4.510000228881836,4.348750114440918,4.361563205718994,45132800
2015-04-07,4.395780086517334,4.46999979019165,4.5446882247924805,4.46999979019165,4.4821882247924805,31840000
2015-04-08,4.465540885925293,4.540937900543213,4.553124904632568,4.4721879959106445,4.474062919616699,44048000
2015-04-09,4.5214715003967285,4.597813129425049,4.600313186645508,4.5059380531311035,4.5371880531311035,32569600
2015-04-10,4.55773401260376,4.634687900543213,4.635624885559082,4.5734381675720215,4.59531307220459,26812800
2015-04-13,4.5343780517578125,4.61093807220459,4.6884379386901855,4.601562976837158,4.642813205718994,33088000
2015-04-14,4.509178638458252,4.585312843322754,4.6284379959106445,4.533438205718994,4.602499961853027,32924800
2015-04-15,4.562036037445068,4.639062881469727,4.661250114440918,4.598750114440918,4.610000133514404,32646400
2015-04-16,4.550973892211914,4.62781286239624,4.644374847412109,4.6046881675720215,4.616875171661377,25638400
2015-04-17,4.410839557647705,4.4853129386901855,4.56531286239624,4.445312976837158,4.540937900543213,56896000
2015-04-20,4.542060852050781,4.618750095367432,4.633124828338623,4.526249885559082,4.529375076293945,42476800
2015-04-21,4.579553127288818,4.656875133514404,4.6875,4.648125171661377,4.670000076293945,31036800
2015-04-22,4.629029750823975,4.707188129425049,4.723124980926514,4.621562957763672,4.681562900543213,38540800
2015-04-23,4.666213035583496,4.744999885559082,4.78406286239624,4.6753129959106445,4.677499771118164,35187200
2015-04-24,4.789754390716553,4.870625019073486,4.884062767028809,4.828437805175781,4.84375,35782400
2015-04-27,4.767934322357178,4.848437786102295,4.926249980926514,4.827188014984131,4.909375190734863,44921600
2015-04-28,4.7455010414123535,4.825624942779541,4.872499942779541,4.746562957763672,4.854063034057617,40409600
2015-04-29,4.6886491775512695,4.767813205718994,4.82937479019165,4.714687824249268,4.771249771118164,52985600
2015-04-30,4.537759304046631,4.614375114440918,4.75156307220459,4.568749904632568,4.714375019073486,66310400
2015-05-01,4.661297798156738,4.739999771118164,4.743750095367432,4.651875019073486,4.652187824249268,50771200
2015-05-04,4.673898220062256,4.75281286239624,4.8125,4.74875020980835,4.770312786102295,32883200
2015-05-05,4.52546501159668,4.601874828338623,4.733749866485596,4.59499979019165,4.718124866485596,56124800
2015-05-06,4.4649248123168945,4.540312767028809,4.640625,4.474062919616699,4.614687919616699,69468800
2015-05-07,4.513481140136719,4.589687824249268,4.614687919616699,4.525938034057617,4.53281307220459,59894400
2015-05-08,4.62441873550415,4.702499866485596,4.723750114440918,4.67062520980835,4.6828131675720215,46412800
2015-05-11,4.586927890777588,4.664374828338623,4.728125095367432,4.660937786102295,4.710000038146973,33456000
2015-05-12,4.5485148429870605,4.625312805175781,4.671249866485596,4.541250228881836,4.61093807220459,35318400
2015-05-13,4.566030979156494,4.643125057220459,4.712812900543213,4.630000114440918,4.665937900543213,33769600
2015-05-14,4.698174953460693,4.777500152587891,4.786874771118164,4.684374809265137,4.717187881469727,39398400
2015-05-15,4.700327396392822,4.779687881469727,4.816249847412109,4.756249904632568,4.804687976837158,25430400
2015-05-18,4.740584373474121,4.820624828338623,4.838438034057617,4.755000114440918,4.760624885559082,19603200
2015-05-19,4.727984428405762,4.8078131675720215,4.84499979019165,4.7946882247924805,4.82968807220459,23190400
2015-05-20,4.733209609985352,4.813125133514404,4.872499942779541,4.765625,4.814374923706055,20947200
2015-05-21,4.784221649169922,4.864999771118164,4.877500057220459,4.785624980926514,4.800624847412109,15408000
2015-05-22,4.778076171875,4.858749866485596,4.890625,4.847499847412109,4.854374885559082,16776000
2015-05-26,4.663756370544434,4.742499828338623,4.846875190734863,4.704999923706055,4.831874847412109,20833600
2015-05-27,4.813723564147949,4.894999980926514,4.905624866485596,4.75124979019165,4.773125171661377,19657600
2015-05-28,4.792826175689697,4.87375020980835,4.898749828338623,4.844375133514404,4.878125190734863,13361600
2015-05-29,4.738740921020508,4.818749904632568,4.880624771118164,4.794374942779541,4.866250038146973,20968000
2015-06-01,4.7651686668396,4.845624923706055,4.873125076293945,4.770625114440918,4.865624904632568,24211200
2015-06-02,4.736281871795654,4.816249847412109,4.863124847412109,4.765625,4.810625076293945,18238400
2015-06-03,4.763940334320068,4.844375133514404,4.881249904632568,4.822500228881836,4.859375,20905600
2015-06-04,4.695101737976074,4.774374961853027,4.851874828338623,4.741250038146973,4.788125038146973,28294400
2015-06-05,4.6705169677734375,4.749374866485596,4.78125,4.693124771118164,4.761250019073486,30273600
2015-06-08,4.576479911804199,4.653749942779541,4.75,4.633124828338623,4.743124961853027,25294400
2015-06-09,4.5617289543151855,4.638750076293945,4.670000076293945,4.566874980926514,4.630000114440918,36558400
2015-06-10,4.679736614227295,4.758749961853027,4.789999961853027,4.658750057220459,4.668125152587891,29083200
2015-06-11,4.6963300704956055,4.775625228881836,4.819375038146973,4.758749961853027,4.796875,23548800
2015-06-12,4.619503974914551,4.697500228881836,4.745625019073486,4.68625020980835,4.725625038146973,21289600
2015-06-15,4.575864791870117,4.653124809265137,4.664999961853027,4.573750019073486,4.627500057220459,30616000
2015-06-16,4.621960639953613,4.699999809265137,4.716249942779541,4.637499809265137,4.639999866485596,19147200
2015-06-17,4.647776126861572,4.726250171661377,4.757500171661377,4.668749809265137,4.716875076293945,30118400
2015-06-18,4.7799201011657715,4.86062479019165,4.879374980926514,4.756875038146973,4.760000228881836,37004800
2015-06-19,4.734437465667725,4.814374923706055,4.87624979019165,4.813125133514404,4.869999885559082,21691200
2015-06-22,4.804504871368408,4.885624885559082,4.916250228881836,4.865624904632568,4.890625,25342400
2015-06-23,4.8131103515625,4.894374847412109,4.903124809265137,4.855625152587891,4.897500038146973,18539200
2015-06-24,4.765782833099365,4.846250057220459,4.924375057220459,4.841875076293945,4.882500171661377,20600000
2015-06-25,4.7430419921875,4.823124885559082,4.891250133514404,4.809374809265137,4.880000114440918,18832000
2015-06-26,4.685266971588135,4.76437520980835,4.84375,4.724999904632568,4.821875095367432,24121600
2015-06-29,4.465847492218018,4.541250228881836,4.708125114440918,4.533124923706055,4.653749942779541,60380800
2015-06-30,4.495964527130127,4.571875095367432,4.623125076293945,4.540625095367432,4.606249809265137,41563200
2015-07-01,4.564187526702881,4.641250133514404,4.676249980926514,4.599374771118164,4.660624980926514,35521600
2015-07-02,4.56787633895874,4.644999980926514,4.675000190734863,4.615624904632568,4.663125038146973,24888000
2015-07-06,4.54636287689209,4.623125076293945,4.673749923706055,4.565625190734863,4.585625171661377,30097600
2015-07-07,4.564187526702881,4.641250133514404,4.653124809265137,4.461249828338623,4.629374980926514,45302400
2015-07-08,4.407459735870361,4.481874942779541,4.587500095367432,4.466249942779541,4.576250076293945,34675200
2015-07-09,4.401312351226807,4.475625038146973,4.60812520980835,4.473124980926514,4.598750114440918,33920000
2015-07-10,4.538987159729004,4.615624904632568,4.646874904632568,4.563125133514404,4.595624923706055,30080000
2015-07-13,4.693257808685303,4.772500038146973,4.78249979019165,4.691874980926514,4.693749904632568,35947200
2015-07-14,4.755949974060059,4.836249828338623,4.862500190734863,4.783124923706055,4.785624980926514,27507200
2015-07-15,4.767012596130371,4.847499847412109,4.883749961853027,4.819375038146973,4.854374885559082,28744000
2015-07-16,4.899771213531494,4.982500076293945,4.984375,4.90749979019165,4.925000190734863,29054400
2015-07-17,5.04236364364624,5.127500057220459,5.127500057220459,5.048749923706055,5.0625,26270400
2015-07-20,5.081085205078125,5.166874885559082,5.203750133514404,5.120625019073486,5.15749979019165,32852800
2015-07-21,5.071250915527344,5.156875133514404,5.183750152587891,5.129374980926514,5.168125152587891,21862400
2015-07-22,4.961233615875244,5.045000076293945,5.090624809265137,5.000625133514404,5.000625133514404,25454400
2015-07-23,4.919439315795898,5.002500057220459,5.084374904632568,4.978750228881836,5.054375171661377,23305600
2015-07-24,4.826016902923584,4.90749979019165,5.0625,4.891250133514404,5.056875228881836,25414400
2015-07-27,4.7430419921875,4.823124885559082,4.89187479019165,4.803750038146973,4.849374771118164,33828800
2015-07-28,4.82478666305542,4.90625,4.926249980926514,4.790625095367432,4.868124961853027,35726400
2015-07-29,4.864736557006836,4.946875095367432,4.965624809265137,4.891250133514404,4.926875114440918,22785600
2015-07-30,4.908376693725586,4.991250038146973,5.007500171661377,4.863124847412109,4.920000076293945,29233600
2015-07-31,4.896697998046875,4.979374885559082,5.026875019073486,4.958749771118164,5.023125171661377,24971200
2015-08-03,4.869654655456543,4.95187520980835,5.007500171661377,4.883124828338623,4.980625152587891,31363200
2015-08-04,4.8469133377075195,4.928750038146973,4.959374904632568,4.887499809265137,4.944375038146973,29428800
2015-08-05,4.9206695556640625,5.003749847412109,5.070624828338623,4.973750114440918,4.983749866485596,31587200
2015-08-06,4.767012596130371,4.847499847412109,5.026249885559082,4.800000190734863,5.011250019073486,33689600
2015-08-07,4.751032829284668,4.831250190734863,4.855000019073486,4.753125190734863,4.821249961853027,34811200
2015-08-10,4.8585920333862305,4.940625190734863,4.962500095367432,4.889999866485596,4.889999866485596,28721600
2015-08-11,4.7368950843811035,4.816874980926514,4.928124904632568,4.761250019073486,4.887499809265137,34705600
2015-08-12,4.7651686668396,4.845624923706055,4.866875171661377,4.646874904632568,4.74875020980835,45950400
2015-08-13,4.747959613800049,4.828125,4.903749942779541,4.81125020980835,4.857500076293945,27896000
2015-08-14,4.763324737548828,4.84375,4.859375,4.789999961853027,4.809374809265137,22438400
2015-08-17,4.842611312866211,4.924375057220459,4.928750038146973,4.798749923706055,4.821875095367432,23760000
2015-08-18,4.795900821685791,4.876874923706055,4.92062520980835,4.862500190734863,4.913125038146973,18832000
2015-08-19,4.731365203857422,4.81125020980835,4.897500038146973,4.755000114440918,4.847499847412109,43784000
2015-08-20,4.471993923187256,4.547500133514404,4.753749847412109,4.543749809265137,4.721875190734863,57112000
2015-08-21,4.0884690284729,4.15749979019165,4.492499828338623,4.15749979019165,4.419374942779541,72264000
2015-08-24,3.780543565750122,3.844374895095825,4.15625,3.4375,3.4906249046325684,62776000
2015-08-25,3.7362911701202393,3.799375057220459,4.160624980926514,3.7950000762939453,4.112500190734863,48299200
2015-08-26,4.110595226287842,4.179999828338623,4.195624828338623,3.862499952316284,4.018125057220459,62598400
2015-08-27,4.317110061645508,4.389999866485596,4.398125171661377,4.200624942779541,4.300624847412109,77176000
2015-08-28,4.322026252746582,4.394999980926514,4.421249866485596,4.32687520980835,4.351250171661377,35776000
2015-08-31,4.210777759552002,4.281875133514404,4.388750076293945,4.260000228881836,4.341875076293945,33188800
2015-09-01,3.956325054168701,4.023125171661377,4.196875095367432,3.9781250953674316,4.072500228881836,52409600
2015-09-02,4.170828342437744,4.241250038146973,4.241250038146973,4.068124771118164,4.15500020980835,34131200
2015-09-03,4.12534761428833,4.195000171661377,4.329999923706055,4.175000190734863,4.276249885559082,30068800
2015-09-04,4.02885103225708,4.096875190734863,4.153749942779541,4.050624847412109,4.081250190734863,36164800
2015-09-08,4.255032539367676,4.32687520980835,4.337500095367432,4.221250057220459,4.257500171661377,26227200
2015-09-09,4.161608695983887,4.231874942779541,4.432499885559082,4.208749771118164,4.431250095367432,33084800
2015-09-10,4.248271465301514,4.320000171661377,4.378125190734863,4.213749885559082,4.220624923706055,32974400
2015-09-11,4.2962117195129395,4.368750095367432,4.368750095367432,4.258749961853027,4.281875133514404,22892800
2015-09-14,4.2697834968566895,4.341875076293945,4.402500152587891,4.310625076293945,4.401249885559082,16958400
2015-09-15,4.368736267089844,4.442500114440918,4.472499847412109,4.333749771118164,4.362500190734863,25451200
2015-09-16,4.419750690460205,4.494375228881836,4.503749847412109,4.416250228881836,4.448124885559082,29134400
2015-09-17,4.424054145812988,4.49875020980835,4.632500171661377,4.461249828338623,4.491250038146973,47859200
2015-09-18,4.301130294799805,4.37375020980835,4.476250171661377,4.357500076293945,4.362500190734863,29516800
2015-09-21,4.326328277587891,4.399374961853027,4.46875,4.320624828338623,4.419374942779541,30708800
2015-09-22,4.197872638702393,4.268750190734863,4.293749809265137,4.18625020980835,4.261250019073486,33185600
2015-09-23,4.200331211090088,4.271249771118164,4.311874866485596,4.230625152587891,4.287499904632568,22238400
2015-09-24,4.1745171546936035,4.244999885559082,4.273125171661377,4.118124961853027,4.18625020980835,38792000
2015-09-25,4.100761413574219,4.170000076293945,4.340000152587891,4.118124961853027,4.333749771118164,32265600
2015-09-28,3.867204427719116,3.932499885559082,4.138750076293945,3.9081249237060547,4.131249904632568,42627200
2015-09-29,3.8290984630584717,3.893749952316284,4.031875133514404,3.8343749046325684,3.953125,44256000
2015-09-30,3.998120069503784,4.065625190734863,4.078750133514404,3.9706249237060547,4.001874923706055,46081600
2015-10-01,4.034997940063477,4.103125095367432,4.105625152587891,3.976249933242798,4.080625057220459,33644800
2015-10-02,4.176360130310059,4.246874809265137,4.250625133514404,3.9668750762939453,3.992500066757202,46131200
2015-10-05,4.299900054931641,4.372499942779541,4.393750190734863,4.293125152587891,4.308125019073486,42155200
2015-10-06,4.259334564208984,4.331250190734863,4.378749847412109,4.261875152587891,4.352499961853027,29628800
2015-10-07,4.307275295257568,4.380000114440918,4.400000095367432,4.270625114440918,4.383124828338623,43841600
2015-10-08,4.34169340133667,4.414999961853027,4.429999828338623,4.263124942779541,4.346250057220459,47060800
2015-10-09,4.377956867218018,4.45187520980835,4.472499847412109,4.396249771118164,4.421249866485596,32612800
2015-10-12,4.40315580368042,4.477499961853027,4.492499828338623,4.441249847412109,4.473750114440918,16592000
2015-10-13,4.342308044433594,4.415625095367432,4.515625,4.410624980926514,4.423749923706055,32056000
2015-10-14,4.332475185394287,4.405624866485596,4.462500095367432,4.366875171661377,4.418125152587891,24844800
2015-10-15,4.474452495574951,4.550000190734863,4.550000190734863,4.425000190734863,4.4375,32547200
2015-10-16,4.513787746429443,4.590000152587891,4.591875076293945,4.525625228881836,4.566874980926514,21331200
2015-10-19,4.5648016929626465,4.64187479019165,4.645625114440918,4.554999828338623,4.574375152587891,21553600
2015-10-20,4.517477035522461,4.59375,4.64187479019165,4.5625,4.62624979019165,18777600
2015-10-21,4.460315704345703,4.535624980926514,4.646874904632568,4.531875133514404,4.634375095367432,21136000
2015-10-22,4.64285945892334,4.721250057220459,4.726874828338623,4.591249942779541,4.614375114440918,37652800
2015-10-23,4.902228832244873,4.985000133514404,5.022500038146973,4.923749923706055,4.96999979019165,33454400
2015-10-26,4.909605503082275,4.992499828338623,5.009375095367432,4.940000057220459,4.974374771118164,19278400
2015-10-27,4.926199913024902,5.009375095367432,5.024374961853027,4.962500095367432,4.962500095367432,15944000
2015-10-28,5.009174346923828,5.09375,5.09375,4.947500228881836,5.03000020980835,28817600
2015-10-29,4.993810653686523,5.078125,5.094375133514404,5.036250114440918,5.044374942779541,17475200
2015-10-30,4.95017147064209,5.033750057220459,5.099374771118164,5.03125,5.081250190734863,21201600
2015-11-02,5.063260555267334,5.148749828338623,5.15625,5.037499904632568,5.060625076293945,16329600
2015-11-03,5.0970659255981445,5.183125019073486,5.216249942779541,5.110000133514404,5.125,13467200
2015-11-04,5.098294734954834,5.184374809265137,5.221250057220459,5.13937520980835,5.215000152587891,21131200
2015-11-05,5.063875675201416,5.149374961853027,5.215624809265137,5.099999904632568,5.1875,16120000
2015-11-06,5.076168537139893,5.161874771118164,5.17312479019165,5.068124771118164,5.131249904632568,25353600
2015-11-09,4.96860933303833,5.052499771118164,5.134375095367432,4.986875057220459,5.121874809265137,22112000
2015-11-10,4.938492774963379,5.021874904632568,5.033750057220459,4.966875076293945,4.996874809265137,16998400
2015-11-11,4.928658962249756,5.011875152587891,5.099374771118164,4.994999885559082,5.053124904632568,16364800
2015-11-12,4.831547737121582,4.913125038146973,5.017499923706055,4.90749979019165,4.96875,22065600
2015-11-13,4.6434736251831055,4.721875190734863,4.883124828338623,4.715624809265137,4.87375020980835,30329600
2015-11-16,4.775615692138672,4.856249809265137,4.85812520980835,4.691874980926514,4.710625171661377,21680000
2015-11-17,4.781764030456543,4.862500190734863,4.932499885559082,4.837500095367432,4.875,30881600
2015-11-18,4.96246337890625,5.046249866485596,5.058750152587891,4.891250133514404,4.900625228881836,26038400
2015-11-19,4.971067905426025,5.054999828338623,5.101874828338623,5.038125038146973,5.053124904632568,22539200
2015-11-20,5.036831378936768,5.121874809265137,5.131249904632568,5.093124866485596,5.101874828338623,16281600
2015-11-23,5.00978946685791,5.094375133514404,5.164999961853027,5.051249980926514,5.124374866485596,14972800
2015-11-24,5.003642559051514,5.088125228881836,5.108749866485596,4.977499961853027,5.027500152587891,19467200
2015-11-25,5.008559226989746,5.093124866485596,5.112500190734863,5.073124885559082,5.098124980926514,13878400
2015-11-27,5.024538993835449,5.109375,5.128749847412109,5.074999809265137,5.113749980926514,6292800
2015-11-30,4.997494697570801,5.081874847412109,5.137499809265137,5.048749923706055,5.134375095367432,17892800
2015-12-01,5.097679615020752,5.183750152587891,5.183750152587891,5.109375,5.120625019073486,19022400
2015-12-02,5.037446022033691,5.122499942779541,5.23562479019165,5.103750228881836,5.191249847412109,16875200
2015-12-03,4.864123344421387,4.946249961853027,5.161874771118164,4.885000228881836,5.146249771118164,26660800
2015-12-04,5.088459491729736,5.174375057220459,5.192500114440918,4.954999923706055,4.971250057220459,25499200
2015-12-07,5.0448222160339355,5.130000114440918,5.185625076293945,5.080625057220459,5.180624961853027,14718400
2015-12-08,5.046665668487549,5.131875038146973,5.161874771118164,5.017499923706055,5.023749828338623,18996800
2015-12-09,4.892395496368408,4.974999904632568,5.13937520980835,4.912499904632568,5.084374904632568,30688000
2015-12-10,4.934804439544678,5.018125057220459,5.083749771118164,4.966249942779541,4.997499942779541,25616000
2015-12-11,4.709852695465088,4.789374828338623,4.926249980926514,4.78000020980835,4.903749942779541,33006400
2015-12-14,4.782993316650391,4.863749980926514,4.863749980926514,4.664999961853027,4.804375171661377,38403200
2015-12-15,4.838308334350586,4.920000076293945,5.002500057220459,4.905624866485596,4.944375038146973,23908800
2015-12-16,4.974140644073486,5.058125019073486,5.078750133514404,4.877500057220459,4.982500076293945,32404800
2015-12-17,4.836465835571289,4.918125152587891,5.109375,4.914999961853027,5.109375,29236800
2015-12-18,4.656994819641113,4.73562479019165,4.904375076293945,4.730000019073486,4.880000114440918,34099200
2015-12-21,4.752875804901123,4.833125114440918,4.833749771118164,4.746874809265137,4.815000057220459,27478400
2015-12-22,4.8147454261779785,4.893125057220459,4.905624866485596,4.829999923706055,4.879374980926514,15635200
2015-12-23,4.8873138427734375,4.966875076293945,4.970624923706055,4.925624847412109,4.941249847412109,13251200
2015-12-24,4.883622169494629,4.963125228881836,4.990624904632568,4.957499980926514,4.962500095367432,7520000
2015-12-28,4.874398231506348,4.953750133514404,4.956250190734863,4.866250038146973,4.938125133514404,18648000
2015-12-29,5.027530193328857,5.109375,5.132500171661377,5.011250019073486,5.013750076293945,15214400
2015-12-30,4.9408159255981445,5.021249771118164,5.105625152587891,5.018750190734863,5.099999904632568,10608000
2015-12-31,4.819047451019287,4.897500038146973,5.000625133514404,4.893750190734863,4.981249809265137,20696000
2016-01-04,4.617948532104492,4.693124771118164,4.696249961853027,4.567500114440918,4.678750038146973,35806400
2016-01-05,4.593347549438477,4.668125152587891,4.746250152587891,4.628125190734863,4.730000019073486,26548800
2016-01-06,4.5103254318237305,4.583749771118164,4.633749961853027,4.508749961853027,4.508749961853027,27740800
2016-01-07,4.229274272918701,4.29812479019165,4.5,4.290625095367432,4.386875152587891,48697600
2016-01-08,4.155476093292236,4.223124980926514,4.409999847412109,4.215000152587891,4.364375114440918,42179200
2016-01-11,4.184996604919434,4.253125190734863,4.307499885559082,4.121874809265137,4.284375190734863,41776000
2016-01-12,4.282164096832275,4.351874828338623,4.391250133514404,4.226874828338623,4.331250190734863,38926400
2016-01-13,3.9838953018188477,4.048749923706055,4.402500152587891,4.033750057220459,4.381875038146973,50889600
2016-01-14,4.151173114776611,4.21875,4.290625095367432,3.9493749141693115,4.080625057220459,68628800
2016-01-15,3.89410662651062,3.9574999809265137,4.04562520980835,3.8499999046325684,3.9356250762939453,65014400
2016-01-19,3.9107112884521484,3.974375009536743,4.075624942779541,3.880625009536743,4.065625190734863,39897600
2016-01-20,3.8885715007781982,3.9518749713897705,4.033750057220459,3.674999952316284,3.853749990463257,71588800
2016-01-21,3.897796154022217,3.961250066757202,4.074375152587891,3.8768749237060547,3.9800000190734863,39494400
2016-01-22,4.119807720184326,4.186874866485596,4.18874979019165,4.088749885559082,4.109375,30761600
2016-01-25,3.9998860359191895,4.065000057220459,4.202499866485596,4.054375171661377,4.161874771118164,21739200
2016-01-26,4.070608139038086,4.136875152587891,4.167500019073486,4.025625228881836,4.093124866485596,21836800
2016-01-27,3.8664321899414062,3.929374933242798,4.120625019073486,3.8943750858306885,4.087500095367432,35966400
2016-01-28,3.9734396934509277,4.038125038146973,4.06125020980835,3.903749942779541,4.054375171661377,42700800
2016-01-29,4.140102863311768,4.207499980926514,4.209374904632568,4.033750057220459,4.038125038146973,38099200
2016-02-01,4.156705379486084,4.224374771118164,4.261250019073486,4.135000228881836,4.164374828338623,38388800
2016-02-02,3.9808194637298584,4.04562520980835,4.193124771118164,4.021249771118164,4.190625190734863,40942400
2016-02-03,3.944535970687866,4.008749961853027,4.097499847412109,3.8681249618530273,4.097499847412109,61872000
2016-02-04,3.9433059692382812,4.007500171661377,4.068749904632568,3.911875009536743,3.9856250286102295,38441600
2016-02-05,3.6665608882904053,3.726249933242798,3.976875066757202,3.6968750953674316,3.976875066757202,68220800
2016-02-08,3.5552480220794678,3.6131250858306885,3.6443750858306885,3.476875066757202,3.5893750190734863,89908800
2016-02-09,3.5312631130218506,3.588749885559082,3.698124885559082,3.505000114440918,3.515625,62656000
2016-02-10,3.5613980293273926,3.619374990463257,3.765625,3.612499952316284,3.676875114440918,52228800
2016-02-11,3.554633140563965,3.612499952316284,3.663749933242798,3.505000114440918,3.5243749618530273,64488000
2016-02-12,3.6567208766937256,3.716249942779541,3.7231249809265137,3.619999885559082,3.6893749237060547,37144000
2016-02-16,3.81600284576416,3.878124952316284,3.878124952316284,3.7793750762939453,3.823124885559082,39641600
2016-02-17,3.993734836578369,4.058750152587891,4.070624828338623,3.9206249713897705,3.942500114440918,51164800
2016-02-18,3.9051766395568848,3.96875,4.084374904632568,3.955625057220459,4.082499980926514,37030400
2016-02-19,3.927931070327759,3.991874933242798,4.01437520980835,3.911250114440918,3.9331250190734863,21908800
2016-02-22,4.054003715515137,4.119999885559082,4.126874923706055,4.056875228881836,4.065000057220459,25412800
2016-02-23,3.9205503463745117,3.984375,4.09375,3.978749990463257,4.070000171661377,24014400
2016-02-24,3.9955790042877197,4.060625076293945,4.068749904632568,3.8418750762939453,3.8924999237060547,47172800
2016-02-25,4.071838855743408,4.138124942779541,4.138124942779541,4.003749847412109,4.078125,36518400
2016-02-26,4.0626139640808105,4.128749847412109,4.203750133514404,4.110000133514404,4.198750019073486,28660800
2016-02-29,3.9900429248809814,4.054999828338623,4.181875228881836,4.054999828338623,4.121250152587891,23267200
2016-03-01,4.244034290313721,4.313125133514404,4.315625190734863,4.107500076293945,4.128125190734863,29036800
2016-03-02,4.248340606689453,4.317500114440918,4.318749904632568,4.25124979019165,4.303750038146973,33582400
2016-03-03,4.233580112457275,4.302499771118164,4.3125,4.241250038146973,4.308750152587891,27324800
2016-03-04,4.237270355224609,4.306250095367432,4.36062479019165,4.25,4.308750152587891,27908800
2016-03-07,4.186224937438965,4.254374980926514,4.310625076293945,4.190625190734863,4.261875152587891,33275200
2016-03-08,4.11304235458374,4.179999828338623,4.266250133514404,4.165625095367432,4.191249847412109,31656000
2016-03-09,4.167161464691162,4.235000133514404,4.23562479019165,4.166250228881836,4.216875076293945,33705600
2016-03-10,4.156705379486084,4.224374771118164,4.318124771118164,4.115624904632568,4.275000095367432,51094400
2016-03-11,4.298768043518066,4.368750095367432,4.368750095367432,4.286874771118164,4.315625190734863,34801600
2016-03-14,4.311684608459473,4.381875038146973,4.404375076293945,4.335000038146973,4.335625171661377,36288000
2016-03-15,4.309838771820068,4.380000114440918,4.388124942779541,4.324999809265137,4.349999904632568,18264000
2016-03-16,4.3860979080200195,4.457499980926514,4.480625152587891,4.356874942779541,4.356874942779541,26411200
2016-03-17,4.381176948547363,4.452499866485596,4.472499847412109,4.399374961853027,4.429375171661377,22763200
2016-03-18,4.397781848907471,4.469375133514404,4.488749980926514,4.421249866485596,4.472499847412109,19916800
2016-03-21,4.42976188659668,4.501874923706055,4.506875038146973,4.445000171661377,4.451250076293945,18492800
2016-03-22,4.454361915588379,4.526875019073486,4.54812479019165,4.447500228881836,4.447500228881836,20251200
2016-03-23,4.376872539520264,4.448124885559082,4.510000228881836,4.431250095367432,4.506875038146973,19715200
2016-03-24,4.379332065582275,4.450624942779541,4.453125,4.389999866485596,4.401249885559082,31988800
2016-03-28,4.3682637214660645,4.439374923706055,4.476874828338623,4.422500133514404,4.476874828338623,21395200
2016-03-29,4.502331733703613,4.575624942779541,4.585625171661377,4.40625,4.421875,26508800
2016-03-30,4.552759170532227,4.626874923706055,4.681250095367432,4.605625152587891,4.633124828338623,21083200
2016-03-31,4.5386152267456055,4.612500190734863,4.651249885559082,4.596875190734863,4.621874809265137,21683200
2016-04-01,4.632093906402588,4.707499980926514,4.711874961853027,4.542500019073486,4.554999828338623,27049600
2016-04-04,4.595193386077881,4.670000076293945,4.713749885559082,4.651875019073486,4.704999923706055,15491200
2016-04-05,4.51216983795166,4.585625171661377,4.634375095367432,4.571249961853027,4.598124980926514,22894400
2016-04-06,4.657306671142578,4.73312520980835,4.734375,4.591249942779541,4.591249942779541,24446400
2016-04-07,4.517090320587158,4.590624809265137,4.693749904632568,4.556875228881836,4.679999828338623,25952000
2016-04-08,4.517090320587158,4.590624809265137,4.675000190734863,4.557499885559082,4.653124809265137,20640000
2016-04-11,4.4820356369018555,4.554999828338623,4.673749923706055,4.553750038146973,4.630000114440918,21836800
2016-04-12,4.558908462524414,4.633124828338623,4.648125171661377,4.505000114440918,4.558750152587891,22438400
2016-04-13,4.674527645111084,4.750625133514404,4.763750076293945,4.690625190734863,4.702499866485596,29584000
2016-04-14,4.673911094665527,4.75,4.784375190734863,4.724999904632568,4.752500057220459,17824000
2016-04-15,4.649313449859619,4.724999904632568,4.761250019073486,4.702499866485596,4.741250038146973,13128000
2016-04-18,4.698512077331543,4.775000095367432,4.777500152587891,4.693124771118164,4.698750019073486,15134400
2016-04-19,4.640702247619629,4.716249942779541,4.804999828338623,4.664999961853027,4.786874771118164,15326400
2016-04-20,4.646237373352051,4.721875190734863,4.767499923706055,4.684999942779541,4.715624809265137,16120000
2016-04-21,4.6486968994140625,4.724374771118164,4.758124828338623,4.684374809265137,4.721875190734863,15380800
2016-04-22,4.5103254318237305,4.583749771118164,4.644999980926514,4.511875152587891,4.605625152587891,20971200
2016-04-25,4.509709358215332,4.583125114440918,4.583125114440918,4.538125038146973,4.553124904632568,20844800
2016-04-26,4.468505382537842,4.541250228881836,4.616250038146973,4.510624885559082,4.599999904632568,21633600
2016-04-27,4.3916335105896,4.463125228881836,4.485000133514404,4.391250133514404,4.445000171661377,35660800
2016-04-28,4.289544105529785,4.359375,4.527500152587891,4.336874961853027,4.474374771118164,28190400
2016-04-29,4.240959644317627,4.309999942779541,4.373125076293945,4.244375228881836,4.351874828338623,34160000
2016-05-02,4.319679260253906,4.389999866485596,4.403124809265137,4.297500133514404,4.32687520980835,20142400
2016-05-03,4.241574764251709,4.310625076293945,4.367499828338623,4.287499904632568,4.328125,17856000
2016-05-04,4.186224937438965,4.254374980926514,4.288750171661377,4.233749866485596,4.260000228881836,22870400
2016-05-05,4.185611724853516,4.253749847412109,4.302499771118164,4.23562479019165,4.28125,14476800
2016-05-06,4.228660583496094,4.297500133514404,4.297500133514404,4.201250076293945,4.214375019073486,18067200
2016-05-09,4.250800609588623,4.320000171661377,4.359375,4.293125152587891,4.29562520980835,18638400
2016-05-10,4.367647647857666,4.43874979019165,4.443124771118164,4.336249828338623,4.353125095367432,12568000
2016-05-11,4.290159702301025,4.360000133514404,4.45187520980835,4.355625152587891,4.425624847412109,14916800
2016-05-12,4.250800609588623,4.320000171661377,4.387499809265137,4.258749961853027,4.382500171661377,32142400
2016-05-13,4.221278667449951,4.289999961853027,4.364375114440918,4.271874904632568,4.31374979019165,16592000
2016-05-16,4.323369026184082,4.393750190734863,4.425624847412109,4.292500019073486,4.300000190734863,16824000
2016-05-17,4.216361045837402,4.284999847412109,4.411250114440918,4.260624885559082,4.387499809265137,19136000
2016-05-18,4.245881080627441,4.315000057220459,4.361249923706055,4.247499942779541,4.26687479019165,26556800
2016-05-19,4.202831268310547,4.271249771118164,4.300000190734863,4.206874847412109,4.281875133514404,20454400
2016-05-20,4.291388511657715,4.361249923706055,4.397500038146973,4.29812479019165,4.304999828338623,15123200
2016-05-23,4.279703617095947,4.349374771118164,4.404375076293945,4.34375,4.368124961853027,12968000
2016-05-24,4.454361915588379,4.526875019073486,4.535624980926514,4.396874904632568,4.396874904632568,18547200
2016-05-25,4.5183210372924805,4.591875076293945,4.617499828338623,4.545000076293945,4.559374809265137,18772800
2016-05-26,4.543534755706787,4.617499828338623,4.628749847412109,4.578125,4.605000019073486,11008000
2016-05-27,4.590274333953857,4.664999961853027,4.666250228881836,4.621874809265137,4.623125076293945,11939200
2016-05-31,4.608724594116211,4.683750152587891,4.696875095367432,4.636875152587891,4.679999828338623,12563200
2016-06-01,4.606263160705566,4.681250095367432,4.70437479019165,4.648125171661377,4.651875019073486,13427200
2016-06-02,4.628403186798096,4.703750133514404,4.703750133514404,4.613749980926514,4.663125038146973,9129600
2016-06-03,4.582893371582031,4.65749979019165,4.6875,4.598124980926514,4.684374809265137,15198400
2016-06-06,4.614258289337158,4.689374923706055,4.715624809265137,4.659375190734863,4.675624847412109,11830400
2016-06-07,4.595808506011963,4.67062520980835,4.705625057220459,4.663750171661377,4.696249961853027,8638400
2016-06-08,4.608107566833496,4.683125019073486,4.702499866485596,4.650625228881836,4.678750038146973,10907200
2016-06-09,4.592118740081787,4.666874885559082,4.678124904632568,4.628125190734863,4.648749828338623,15601600
2016-06-10,4.489415168762207,4.5625,4.600625038146973,4.530624866485596,4.582499980926514,18483200
2016-06-13,4.411312580108643,4.48312520980835,4.559999942779541,4.474999904632568,4.511875152587891,24073600
2016-06-14,4.415618419647217,4.487500190734863,4.51687479019165,4.420000076293945,4.466875076293945,19985600
2016-06-15,4.388557434082031,4.460000038146973,4.517499923706055,4.446875095367432,4.507500171661377,15638400
2016-06-16,4.41500186920166,4.486875057220459,4.491875171661377,4.359375,4.414999961853027,27001600
2016-06-17,4.312914848327637,4.383124828338623,4.46875,4.360000133514404,4.46875,24080000
2016-06-20,4.362727642059326,4.433750152587891,4.523125171661377,4.428750038146973,4.484375,17139200
2016-06-21,4.391017436981201,4.462500095367432,4.479374885559082,4.430624961853027,4.449999809265137,15651200
2016-06-22,4.369479656219482,4.438125133514404,4.516250133514404,4.431250095367432,4.466249942779541,18288000
2016-06-23,4.492547988891602,4.563125133514404,4.565625190734863,4.470624923706055,4.506249904632568,17403200
2016-06-24,4.127654552459717,4.192500114440918,4.374374866485596,4.171875,4.235000133514404,44379200
2016-06-27,3.96828293800354,4.030624866485596,4.137499809265137,3.9862499237060547,4.137499809265137,34388800
2016-06-28,4.13503885269165,4.199999809265137,4.20187520980835,4.109375,4.11062479019165,25536000
2016-06-29,4.279641628265381,4.346875190734863,4.363749980926514,4.261250019073486,4.262499809265137,23608000
2016-06-30,4.378711700439453,4.447500228881836,4.453125,4.332499980926514,4.363124847412109,19667200
2016-07-01,4.422399997711182,4.491875171661377,4.525000095367432,4.441874980926514,4.446249961853027,17614400
2016-07-05,4.367019176483154,4.435625076293945,4.454999923706055,4.389999866485596,4.449375152587891,14720000
2016-07-06,4.437782287597656,4.507500171661377,4.512499809265137,4.367499828338623,4.395625114440918,21640000
2016-07-07,4.466088771820068,4.536250114440918,4.555624961853027,4.494375228881836,4.515625,22222400
2016-07-08,4.603922367095947,4.676249980926514,4.680624961853027,4.569375038146973,4.581250190734863,23932800
2016-07-11,4.658071041107178,4.731249809265137,4.763124942779541,4.704999923706055,4.704999923706055,16667200
2016-07-12,4.702375888824463,4.776249885559082,4.800624847412109,4.766250133514404,4.787499904632568,12889600
2016-07-13,4.682070255279541,4.755624771118164,4.803124904632568,4.753125190734863,4.801875114440918,13334400
2016-07-14,4.741140842437744,4.815625190734863,4.835000038146973,4.794374942779541,4.815625190734863,13686400
2016-07-15,4.72760534286499,4.801875114440918,4.84499979019165,4.78125,4.838749885559082,11956800
2016-07-18,4.790367603302002,4.865624904632568,4.881249904632568,4.806250095367432,4.806250095367432,10432000
2016-07-19,4.754680156707764,4.82937479019165,4.858749866485596,4.813125133514404,4.833749771118164,15460800
2016-07-20,4.866669178009033,4.943124771118164,4.960625171661377,4.871250152587891,4.883749961853027,15251200
2016-07-21,4.845132827758789,4.921249866485596,4.96750020980835,4.893125057220459,4.950624942779541,10196800
2016-07-22,4.8832831382751465,4.960000038146973,4.971250057220459,4.898125171661377,4.926875114440918,7872000
2016-07-25,4.885745525360107,4.962500095367432,4.962500095367432,4.928124904632568,4.948750019073486,7715200
2016-07-26,4.898051738739014,4.974999904632568,5.008124828338623,4.922500133514404,4.958125114440918,17550400
2016-07-27,4.960816383361816,5.038750171661377,5.066249847412109,4.998125076293945,5.055624961853027,19049600
2016-07-28,4.998966217041016,5.077499866485596,5.088125228881836,5.025000095367432,5.056875228881836,16355200
2016-07-29,5.018041610717773,5.096875190734863,5.124374866485596,5.066249847412109,5.098124980926514,13929600
2016-08-01,5.070345401763916,5.150000095367432,5.176249980926514,5.09250020980835,5.104374885559082,17864000
2016-08-02,4.9934282302856445,5.071875095367432,5.14187479019165,5.006875038146973,5.136250019073486,23694400
2016-08-03,5.028502464294434,5.107500076293945,5.107500076293945,5.059999942779541,5.063125133514404,13172800
2016-08-04,5.056192398071289,5.135624885559082,5.144374847412109,5.078750133514404,5.105625152587891,14243200
2016-08-05,5.15218448638916,5.23312520980835,5.255624771118164,5.176249980926514,5.189374923706055,18352000
2016-08-08,5.142339706420898,5.223124980926514,5.241250038146973,5.188125133514404,5.237500190734863,9110400
2016-08-09,5.165722370147705,5.246874809265137,5.276875019073486,5.223124980926514,5.228125095367432,12280000
2016-08-10,5.139261245727539,5.21999979019165,5.255000114440918,5.191874980926514,5.25,10563200
2016-08-11,5.182335376739502,5.263750076293945,5.285624980926514,5.232500076293945,5.252500057220459,10595200
2016-08-12,5.18910551071167,5.270625114440918,5.270625114440918,5.23312520980835,5.244375228881836,12123200
2016-08-15,5.233408451080322,5.315625190734863,5.338125228881836,5.28125,5.28249979019165,11044800
2016-08-16,5.176183223724365,5.257500171661377,5.29562520980835,5.253749847412109,5.293749809265137,10518400
2016-08-17,5.191566467285156,5.273125171661377,5.276249885559082,5.199999809265137,5.258124828338623,19310400
2016-08-18,5.196488380432129,5.278124809265137,5.289374828338623,5.245625019073486,5.266250133514404,12105600
2016-08-19,5.19218111038208,5.273749828338623,5.296249866485596,5.230625152587891,5.260624885559082,13158400
2016-08-22,5.198336124420166,5.28000020980835,5.29812479019165,5.239375114440918,5.256249904632568,9748800
2016-08-23,5.216178894042969,5.29812479019165,5.340624809265137,5.29562520980835,5.318749904632568,10059200
2016-08-24,5.1478776931762695,5.228750228881836,5.306250095367432,5.196875095367432,5.293125152587891,14985600
2016-08-25,5.130646705627441,5.211249828338623,5.244999885559082,5.190625190734863,5.202499866485596,9433600
2016-08-26,5.146645545959473,5.227499961853027,5.295000076293945,5.166874885559082,5.21750020980835,21740800
2016-08-29,5.161414623260498,5.242499828338623,5.270625114440918,5.230625152587891,5.231249809265137,7222400
2016-08-30,5.127570629119873,5.208125114440918,5.254374980926514,5.172500133514404,5.224999904632568,12595200
2016-08-31,5.114035129547119,5.194375038146973,5.207499980926514,5.153749942779541,5.191249847412109,12654400
2016-09-01,5.1404924392700195,5.221250057220459,5.235000133514404,5.150000095367432,5.201250076293945,18008000
2016-09-02,5.1731061935424805,5.254374980926514,5.296249866485596,5.21750020980835,5.273125171661377,9112000
2016-09-06,5.238329887390137,5.320624828338623,5.321875095367432,5.252500057220459,5.272500038146973,11809600
2016-09-07,5.246945858001709,5.32937479019165,5.345624923706055,5.288125038146973,5.329999923706055,9542400
2016-09-08,5.183567523956299,5.264999866485596,5.298749923706055,5.239375114440918,5.296249866485596,17118400
2016-09-09,4.920820236206055,4.998125076293945,5.200624942779541,4.998125076293945,5.176249980926514,28272000
2016-09-12,5.094958782196045,5.175000190734863,5.192500114440918,4.942500114440918,4.945000171661377,32851200
2016-09-13,5.00758171081543,5.086249828338623,5.15625,5.038125038146973,5.125,27662400
2016-09-14,5.058038711547852,5.137499809265137,5.190000057220459,5.096250057220459,5.097499847412109,26166400
2016-09-15,5.2143330574035645,5.296249866485596,5.307499885559082,5.135624885559082,5.139999866485596,21566400
2016-09-16,5.207563400268555,5.289374828338623,5.298749923706055,5.238749980926514,5.28249979019165,19907200
2016-09-19,5.1607985496521,5.241875171661377,5.348750114440918,5.221875190734863,5.314374923706055,20796800
2016-09-20,5.179873943328857,5.261250019073486,5.303750038146973,5.243124961853027,5.278749942779541,12260800
2016-09-21,5.280173301696777,5.363124847412109,5.378125190734863,5.244375228881836,5.303750038146973,24152000
2016-09-22,5.366321563720703,5.450624942779541,5.461874961853027,5.416874885559082,5.428750038146973,14419200
2016-09-23,5.296172142028809,5.379374980926514,5.434999942779541,5.365624904632568,5.433125019073486,18270400
2016-09-26,5.208795070648193,5.290625095367432,5.331874847412109,5.275000095367432,5.320000171661377,13180800
2016-09-27,5.309709548950195,5.393125057220459,5.398125171661377,5.274374961853027,5.286874771118164,18976000
2016-09-28,5.330015182495117,5.413750171661377,5.418749809265137,5.357500076293945,5.40500020980835,15054400
2016-09-29,5.249406814575195,5.331874847412109,5.413750171661377,5.287499904632568,5.395625114440918,25457600
2016-09-30,5.325092315673828,5.408750057220459,5.444375038146973,5.349999904632568,5.361875057220459,20096000
2016-10-03,5.312170505523682,5.395625114440918,5.409375190734863,5.355625152587891,5.393750190734863,14316800
2016-10-04,5.298018455505371,5.381249904632568,5.45187520980835,5.339375019073486,5.423749923706055,25336000
2016-10-05,5.333091735839844,5.416874885559082,5.45187520980835,5.40625,5.40749979019165,11352000
2016-10-06,5.329400539398193,5.413125038146973,5.431875228881836,5.36062479019165,5.403749942779541,15828800
2016-10-07,5.3054022789001465,5.388750076293945,5.434999942779541,5.336249828338623,5.421875,18608000
2016-10-10,5.368782043457031,5.453125,5.478750228881836,5.438125133514404,5.438125133514404,10912000
2016-10-11,5.2143330574035645,5.296249866485596,5.447500228881836,5.253125190734863,5.443124771118164,19296000
2016-10-12,5.2106404304504395,5.292500019073486,5.32687520980835,5.260000228881836,5.304375171661377,9936000
2016-10-13,5.1731061935424805,5.254374980926514,5.28125,5.158124923706055,5.21999979019165,17497600
2016-10-14,5.181105136871338,5.262499809265137,5.345624923706055,5.258124828338623,5.300000190734863,15888000
2016-10-17,5.1546454429626465,5.23562479019165,5.276249885559082,5.223750114440918,5.260000228881836,11208000
2016-10-18,5.2457146644592285,5.328125,5.376874923706055,5.322500228881836,5.356249809265137,12230400
2016-10-19,5.242639064788818,5.324999809265137,5.341875076293945,5.308750152587891,5.318124771118164,8024000
2016-10-20,5.23279333114624,5.315000057220459,5.335625171661377,5.253125190734863,5.31125020980835,14680000
2016-10-21,5.272173881530762,5.355000019073486,5.359375,5.286874771118164,5.321875095367432,10553600
2016-10-24,5.398317813873291,5.48312520980835,5.488124847412109,5.42062520980835,5.421875,12548800
2016-10-25,5.360782623291016,5.445000171661377,5.489999771118164,5.429999828338623,5.48562479019165,15875200
2016-10-26,5.291249752044678,5.374374866485596,5.431875228881836,5.343124866485596,5.375625133514404,17249600
2016-10-27,5.244483947753906,5.32687520980835,5.425624847412109,5.308750152587891,5.420000076293945,15204800
2016-10-28,5.171874046325684,5.253125190734863,5.348124980926514,5.224374771118164,5.288750171661377,25560000
2016-10-31,5.162030220031738,5.243124961853027,5.294374942779541,5.241875171661377,5.291874885559082,12478400
2016-11-01,5.088191032409668,5.168125152587891,5.26437520980835,5.07687520980835,5.262499809265137,19878400
2016-11-02,5.003889560699463,5.082499980926514,5.181250095367432,5.058750152587891,5.159999847412109,18243200
2016-11-03,4.907896041870117,4.985000133514404,5.099999904632568,4.973124980926514,5.066874980926514,12520000
2016-11-04,4.870361328125,4.946875095367432,5.025000095367432,4.929999828338623,4.957499980926514,16256000
2016-11-07,5.106035232543945,5.18625020980835,5.193124771118164,5.09375,5.104374885559082,17072000
2016-11-08,5.171874046325684,5.253125190734863,5.297500133514404,5.148125171661377,5.171249866485596,19294400
2016-11-09,5.2155632972717285,5.297500133514404,5.315000057220459,5.116875171661377,5.121250152587891,27628800
2016-11-10,5.0463480949401855,5.125625133514404,5.361875057220459,4.987500190734863,5.34250020980835,45632000
2016-11-11,5.05188512802124,5.131249904632568,5.151875019073486,5.046875,5.080625057220459,24038400
2016-11-14,4.950969696044922,5.028749942779541,5.14187479019165,4.974374771118164,5.135624885559082,27435200
2016-11-15,5.088805675506592,5.168749809265137,5.199375152587891,5.088749885559082,5.100625038146973,20566400
2016-11-16,5.147261619567871,5.228125095367432,5.23312520980835,5.118750095367432,5.121874809265137,11209600
2016-11-17,5.221100807189941,5.303124904632568,5.304375171661377,5.200624942779541,5.222499847412109,14073600
2016-11-18,5.183567523956299,5.264999866485596,5.333749771118164,5.254374980926514,5.310625076293945,9241600
2016-11-21,5.288173675537109,5.371250152587891,5.381249904632568,5.284999847412109,5.288750171661377,13617600
2016-11-22,5.322631359100342,5.40625,5.431250095367432,5.377500057220459,5.411874771118164,14211200
2016-11-23,5.279557704925537,5.362500190734863,5.380000114440918,5.3125,5.368124961853027,13320000
2016-11-25,5.312170505523682,5.395625114440918,5.398749828338623,5.36062479019165,5.371250152587891,5251200
2016-11-28,5.289403915405273,5.372499942779541,5.419374942779541,5.358749866485596,5.378125190734863,12137600
2016-11-29,5.324476718902588,5.408124923706055,5.458125114440918,5.349999904632568,5.376874923706055,12667200
2016-11-30,5.191566467285156,5.273125171661377,5.42312479019165,5.271249771118164,5.416250228881836,18036800
2016-12-01,5.017427444458008,5.096250057220459,5.273125171661377,5.077499866485596,5.273125171661377,20212800
2016-12-02,5.032810211181641,5.111875057220459,5.153749942779541,5.070624828338623,5.100625038146973,18075200
2016-12-05,5.110342502593994,5.190625190734863,5.231874942779541,5.118750095367432,5.166250228881836,12681600
2016-12-06,5.1368021965026855,5.21750020980835,5.234375,5.173749923706055,5.214375019073486,14288000
2016-12-07,5.265405654907227,5.348124980926514,5.360000133514404,5.163750171661377,5.194375038146973,17998400
2016-12-08,5.28325080871582,5.366250038146973,5.393125057220459,5.331250190734863,5.353125095367432,17940800
2016-12-09,5.365705966949463,5.449999809265137,5.45437479019165,5.40625,5.408124923706055,17382400
2016-12-12,5.316477298736572,5.400000095367432,5.423749923706055,5.356249809265137,5.401249885559082,12670400
2016-12-13,5.451235771179199,5.536874771118164,5.595624923706055,5.434374809265137,5.435625076293945,25563200
2016-12-14,5.42662239074707,5.511875152587891,5.585625171661377,5.48312520980835,5.546249866485596,23904000
2016-12-15,5.443851947784424,5.529375076293945,5.59499979019165,5.502500057220459,5.525000095367432,20779200
2016-12-16,5.407547950744629,5.492499828338623,5.571875095367432,5.468124866485596,5.553750038146973,14985600
2016-12-19,5.450621604919434,5.536250114440918,5.601874828338623,5.488124847412109,5.501874923706055,13302400
2016-12-20,5.493078708648682,5.57937479019165,5.596875190734863,5.557499885559082,5.567500114440918,11360000
2016-12-21,5.481319427490234,5.56374979019165,5.581250190734863,5.539374828338623,5.576250076293945,5710400
2016-12-22,5.449916362762451,5.531875133514404,5.565625190734863,5.489999771118164,5.564374923706055,10484800
2016-12-23,5.4560723304748535,5.538125038146973,5.541874885559082,5.503125190734863,5.51437520980835,4673600
2016-12-27,5.516416549682617,5.599374771118164,5.659375190734863,5.557499885559082,5.5625,7228800
2016-12-28,5.428980827331543,5.510624885559082,5.628749847412109,5.5,5.618750095367432,12851200
2016-12-29,5.410508632659912,5.491875171661377,5.529375076293945,5.459374904632568,5.504374980926514,8950400
2016-12-30,5.302753448486328,5.382500171661377,5.512499809265137,5.349374771118164,5.510624885559082,16683200
2017-01-03,5.394498825073242,5.475625038146973,5.51687479019165,5.416874885559082,5.45437479019165,13486400
2017-01-04,5.45114803314209,5.533124923706055,5.553124904632568,5.485000133514404,5.485000133514404,9744000
2017-01-05,5.512106895446777,5.59499979019165,5.602499961853027,5.527500152587891,5.527500152587891,9990400
2017-01-06,5.608776569366455,5.693124771118164,5.722499847412109,5.578750133514404,5.606249809265137,13712000
2017-01-09,5.646337032318115,5.731249809265137,5.750625133514404,5.695624828338623,5.699375152587891,12824000
2017-01-10,5.670966148376465,5.756249904632568,5.788750171661377,5.708125114440918,5.732500076293945,11523200
2017-01-11,5.69744348526001,5.783124923706055,5.784375190734863,5.699999809265137,5.755000114440918,19227200
2017-01-12,5.680202484130859,5.765625,5.773749828338623,5.660624980926514,5.741250038146973,15232000
2017-01-13,5.720843315124512,5.806875228881836,5.826250076293945,5.775000095367432,5.776249885559082,12737600
2017-01-17,5.685128211975098,5.770625114440918,5.793125152587891,5.737500190734863,5.773125171661377,10734400
2017-01-18,5.710988998413086,5.796875,5.803750038146973,5.758749961853027,5.786874771118164,11449600
2017-01-19,5.701752662658691,5.787499904632568,5.848750114440918,5.764999866485596,5.806250095367432,12588800
2017-01-20,5.726998805999756,5.813125133514404,5.868124961853027,5.783750057220459,5.838749885559082,15254400
2017-01-23,5.735618591308594,5.821875095367432,5.836874961853027,5.749374866485596,5.803124904632568,12027200
2017-01-24,5.813817501068115,5.901249885559082,5.918749809265137,5.826250076293945,5.84375,12608000
2017-01-25,5.929577827453613,6.018750190734863,6.021874904632568,5.965624809265137,5.973124980926514,12539200
2017-01-26,5.938813209533691,6.028124809265137,6.056250095367432,6.010624885559082,6.034375190734863,11788800
2017-01-27,5.96159553527832,6.051249980926514,6.064374923706055,6.016250133514404,6.053124904632568,9688000
2017-01-30,5.872313976287842,5.960625171661377,6.012499809265137,5.893125057220459,6.011875152587891,16958400
2017-01-31,5.847684860229492,5.935625076293945,5.9375,5.866875171661377,5.918125152587891,14944000
2017-02-01,5.927114009857178,6.016250133514404,6.038750171661377,5.962500095367432,6.01437520980835,19384000
2017-02-02,5.916646957397461,6.005624771118164,6.039374828338623,5.961249828338623,5.994999885559082,12419200
2017-02-03,5.947433948516846,6.036874771118164,6.050624847412109,6.006249904632568,6.019374847412109,13200000
2017-02-06,5.963442325592041,6.053124904632568,6.054999828338623,6.008749961853027,6.01437520980835,9465600
2017-02-07,6.006545543670654,6.096875190734863,6.121874809265137,6.068124771118164,6.074999809265137,13507200
2017-02-08,6.029327869415283,6.119999885559082,6.133749961853027,6.057499885559082,6.07937479019165,9296000
2017-02-09,6.071197509765625,6.162499904632568,6.1875,6.122499942779541,6.130624771118164,15824000
2017-02-10,6.109988689422607,6.20187520980835,6.21875,6.167500019073486,6.183750152587891,17462400
2017-02-13,6.179568290710449,6.272500038146973,6.286874771118164,6.234375,6.239375114440918,14137600
2017-02-14,6.2189764976501465,6.3125,6.31374979019165,6.235000133514404,6.275000095367432,14966400
2017-02-15,6.290402412414551,6.385000228881836,6.391250133514404,6.296875,6.301249980926514,14771200
2017-02-16,6.288554668426514,6.383124828338623,6.418749809265137,6.350625038146973,6.394374847412109,16126400
2017-02-17,6.343354225158691,6.43874979019165,6.43874979019165,6.362500190734863,6.365624904632568,10902400
2017-02-21,6.403697967529297,6.5,6.508124828338623,6.455625057220459,6.461249828338623,18315200
2017-02-22,6.409238338470459,6.505624771118164,6.513750076293945,6.46750020980835,6.488124847412109,13968000
2017-02-23,6.363059043884277,6.458749771118164,6.523125171661377,6.404375076293945,6.522500038146973,18371200
2017-02-24,6.382762908935547,6.478750228881836,6.478750228881836,6.39187479019165,6.400625228881836,17516800
2017-02-27,6.400618553161621,6.496874809265137,6.496874809265137,6.433750152587891,6.456250190734863,14411200
2017-02-28,6.359981536865234,6.455625057220459,6.498125076293945,6.420000076293945,6.490624904632568,14988800
2017-03-01,6.497905731201172,6.595624923706055,6.619375228881836,6.513124942779541,6.534999847412109,15451200
2017-03-02,6.433868408203125,6.530624866485596,6.59375,6.51437520980835,6.59375,11808000
2017-03-03,6.4560346603393555,6.553124904632568,6.556250095367432,6.48562479019165,6.51687479019165,13326400
2017-03-06,6.4283270835876465,6.525000095367432,6.545000076293945,6.471250057220459,6.508124828338623,11216000
2017-03-07,6.4024658203125,6.49875020980835,6.557499885559082,6.478750228881836,6.496874809265137,10406400
2017-03-08,6.425864219665527,6.522500038146973,6.563125133514404,6.494999885559082,6.505000114440918,8952000
2017-03-09,6.434484958648682,6.53125,6.550000190734863,6.463125228881836,6.520625114440918,12166400
2017-03-10,6.489901542663574,6.587500095367432,6.608749866485596,6.53249979019165,6.589375019073486,11372800
2017-03-13,6.509604454040527,6.607500076293945,6.61062479019165,6.574999809265137,6.581250190734863,6617600
2017-03-14,6.475739479064941,6.573124885559082,6.583749771118164,6.523125171661377,6.578125,9457600
2017-03-15,6.556400775909424,6.65500020980835,6.685625076293945,6.561874866485596,6.602499961853027,13812800
2017-03-16,6.5514750480651855,6.650000095367432,6.681875228881836,6.618750095367432,6.681250095367432,11846400
2017-03-17,6.53916072845459,6.637499809265137,6.676875114440918,6.636875152587891,6.659375190734863,7243200
2017-03-20,6.553322792053223,6.651875019073486,6.683750152587891,6.618750095367432,6.638124942779541,8475200
2017-03-21,6.358748435974121,6.45437479019165,6.715624809265137,6.444375038146973,6.70187520980835,17296000
2017-03-22,6.44182825088501,6.537499904632568,6.550000190734863,6.435625076293945,6.456874847412109,13499200
2017-03-23,6.411650657653809,6.506875038146973,6.556250095367432,6.481874942779541,6.520625114440918,11168000
2017-03-24,6.430126190185547,6.525625228881836,6.595624923706055,6.480625152587891,6.543125152587891,12824000
2017-03-27,6.455991744995117,6.551875114440918,6.573124885559082,6.40749979019165,6.438125133514404,11979200
2017-03-28,6.5329742431640625,6.630000114440918,6.669374942779541,6.523125171661377,6.54812479019165,12640000
2017-03-29,6.5939435958862305,6.691874980926514,6.695624828338623,6.625625133514404,6.639999866485596,8689600
2017-03-30,6.612419128417969,6.710625171661377,6.726874828338623,6.674375057220459,6.688125133514404,10065600
2017-03-31,6.605644702911377,6.703750133514404,6.738749980926514,6.678750038146973,6.693124771118164,11584000
2017-04-03,6.595791816711426,6.693749904632568,6.745625019073486,6.622499942779541,6.714375019073486,11862400
2017-04-04,6.614266872406006,6.712500095367432,6.716249942779541,6.652500152587891,6.655624866485596,6385600
2017-04-05,6.563766002655029,6.661250114440918,6.810625076293945,6.635624885559082,6.73312520980835,16068800
2017-04-06,6.569925308227539,6.667500019073486,6.70187520980835,6.633124828338623,6.676875114440918,12670400
2017-04-07,6.563150405883789,6.660624980926514,6.699999809265137,6.612500190734863,6.659999847412109,10004800
2017-04-10,6.569309234619141,6.666874885559082,6.718124866485596,6.630000114440918,6.67312479019165,8843200
2017-04-11,6.513266563415527,6.610000133514404,6.669374942779541,6.510000228881836,6.648125171661377,16848000
2017-04-12,6.459070682525635,6.554999828338623,6.613749980926514,6.538750171661377,6.605000019073486,12068800
2017-04-13,6.404261589050293,6.499374866485596,6.609375,6.497499942779541,6.535624980926514,13960000
2017-04-17,6.508955955505371,6.605625152587891,6.60812520980835,6.531875133514404,6.536250114440918,8764800
2017-04-18,6.492327690124512,6.588749885559082,6.624374866485596,6.553750038146973,6.561874866485596,12592000
2017-04-19,6.51080322265625,6.607500076293945,6.684999942779541,6.587500095367432,6.640625,13726400
2017-04-20,6.614266872406006,6.712500095367432,6.744999885559082,6.639999866485596,6.659999847412109,13692800
2017-04-21,6.614266872406006,6.712500095367432,6.731874942779541,6.679375171661377,6.726874828338623,10641600
2017-04-24,6.773772239685059,6.874374866485596,6.885624885559082,6.839375019073486,6.856874942779541,11488000
2017-04-25,6.872308731079102,6.974374771118164,6.996250152587891,6.908750057220459,6.918125152587891,8708800
2017-04-26,6.852602958679199,6.95437479019165,7.010000228881836,6.945000171661377,6.978750228881836,11865600
2017-04-27,6.932662487030029,7.035624980926514,7.035624980926514,6.979374885559082,6.987500190734863,9142400
2017-04-28,6.957295894622803,7.060625076293945,7.096875190734863,7.038125038146973,7.091875076293945,9145600
2017-05-01,7.074925899505615,7.179999828338623,7.203750133514404,7.103125095367432,7.106874942779541,8368000
2017-05-02,7.103870391845703,7.209374904632568,7.215000152587891,7.166874885559082,7.205625057220459,8174400
2017-05-03,7.057679653167725,7.162499904632568,7.181250095367432,7.12375020980835,7.179375171661377,9921600
2017-05-04,7.062607765197754,7.167500019073486,7.183750152587891,7.116875171661377,7.163125038146973,9598400
2017-05-05,7.113107681274414,7.21875,7.21875,7.149374961853027,7.203750133514404,8523200
2017-05-08,7.143900394439697,7.25,7.25,7.198750019073486,7.223124980926514,6856000
2017-05-09,7.194399833679199,7.301249980926514,7.331250190734863,7.259375095367432,7.268125057220459,9747200
2017-05-10,7.200558662414551,7.307499885559082,7.31374979019165,7.257500171661377,7.308750152587891,7777600
2017-05-11,7.188857078552246,7.29562520980835,7.29812479019165,7.199999809265137,7.269999980926514,12984000
2017-05-12,7.221498012542725,7.328750133514404,7.331874847412109,7.291250228881836,7.300624847412109,6872000
2017-05-15,7.265841007232666,7.37375020980835,7.381875038146973,7.323750019073486,7.333125114440918,7286400
2017-05-16,7.3286566734313965,7.4375,7.4375,7.369999885559082,7.408124923706055,7971200
2017-05-17,6.952984809875488,7.056250095367432,7.34250020980835,7.054375171661377,7.317500114440918,24633600
2017-05-18,7.071230411529541,7.176249980926514,7.224999904632568,7.035624980926514,7.054375171661377,22795200
2017-05-19,7.134664058685303,7.240624904632568,7.300000190734863,7.224374771118164,7.227499961853027,13368000
2017-05-22,7.254754543304443,7.362500190734863,7.369375228881836,7.266250133514404,7.269374847412109,8078400
2017-05-23,7.266455173492432,7.374374866485596,7.406875133514404,7.341249942779541,7.406875133514404,10201600
2017-05-24,7.335431098937988,7.444375038146973,7.449999809265137,7.377500057220459,7.42062520980835,10771200
2017-05-25,7.456754207611084,7.567500114440918,7.606249809265137,7.46750020980835,7.5,13491200
2017-05-26,7.482620716094971,7.59375,7.599374771118164,7.551875114440918,7.570000171661377,7923200
2017-05-30,7.496784687042236,7.60812520980835,7.625,7.57937479019165,7.583125114440918,5656000
2017-05-31,7.487546920776367,7.598750114440918,7.658750057220459,7.523749828338623,7.65625,12798400
2017-06-01,7.55282735824585,7.664999961853027,7.664999961853027,7.568749904632568,7.632500171661377,13092800
2017-06-02,7.716644763946533,7.831250190734863,7.836249828338623,7.688125133514404,7.715624809265137,8580800
2017-06-05,7.715412139892578,7.829999923706055,7.85812520980835,7.808750152587891,7.833125114440918,7500800
2017-06-06,7.658754348754883,7.772500038146973,7.861249923706055,7.748125076293945,7.811874866485596,11993600
2017-06-07,7.713565349578857,7.828125,7.840624809265137,7.739999771118164,7.806250095367432,12206400
2017-06-08,7.731424331665039,7.846250057220459,7.868124961853027,7.759375095367432,7.863749980926514,14518400
2017-06-09,7.3428215980529785,7.45187520980835,7.879374980926514,7.243124961853027,7.86062479019165,39006400
2017-06-12,7.261529445648193,7.369375228881836,7.394374847412109,7.181875228881836,7.327499866485596,40088000
2017-06-13,7.379157543182373,7.488749980926514,7.508749961853027,7.37624979019165,7.451250076293945,23492800
2017-06-14,7.313261032104492,7.421875,7.550000190734863,7.303750038146973,7.550000190734863,21617600
2017-06-15,7.244899749755859,7.352499961853027,7.371874809265137,7.181250095367432,7.271874904632568,27932800
2017-06-16,7.1925530433654785,7.299375057220459,7.353750228881836,7.237500190734863,7.351250171661377,17182400
2017-06-19,7.423499584197998,7.533750057220459,7.54812479019165,7.410624980926514,7.429375171661377,18313600
2017-06-20,7.309564113616943,7.418125152587891,7.537499904632568,7.411874771118164,7.518750190734863,13609600
2017-06-21,7.452267646789551,7.5625,7.565625190734863,7.439374923706055,7.448124885559082,18323200
2017-06-22,7.446725845336914,7.556875228881836,7.612500190734863,7.518750190734863,7.581874847412109,15884800
2017-06-23,7.50153923034668,7.612500190734863,7.633749961853027,7.49875020980835,7.540625095367432,11470400
2017-06-26,7.434406757354736,7.544374942779541,7.726250171661377,7.511250019073486,7.698124885559082,20366400
2017-06-27,7.164647579193115,7.270625114440918,7.502500057220459,7.268750190734863,7.48562479019165,32388800
2017-06-28,7.364194869995117,7.473124980926514,7.488124847412109,7.238124847412109,7.320624828338623,24598400
2017-06-29,7.111065864562988,7.216249942779541,7.414374828338623,7.074375152587891,7.409375190734863,39684800
2017-06-30,7.102442264556885,7.207499980926514,7.293125152587891,7.175624847412109,7.258749961853027,19865600
2017-07-03,6.966330051422119,7.069375038146973,7.303124904632568,7.059374809265137,7.283124923706055,14022400
2017-07-05,7.101827144622803,7.206874847412109,7.244999885559082,7.064374923706055,7.109375,15768000
2017-07-06,6.9718732833862305,7.074999809265137,7.15749979019165,7.025625228881836,7.095624923706055,21062400
2017-07-07,7.117222785949707,7.222499847412109,7.265625,7.121874809265137,7.121874809265137,13872000
2017-07-10,7.215765476226807,7.322500228881836,7.356874942779541,7.20187520980835,7.237500190734863,14107200
2017-07-11,7.255184173583984,7.362500190734863,7.380000114440918,7.248125076293945,7.297500133514404,15385600
2017-07-12,7.430711269378662,7.540625095367432,7.553750038146973,7.458749771118164,7.487500190734863,13705600
2017-07-13,7.4615068435668945,7.571875095367432,7.605000019073486,7.526249885559082,7.554375171661377,11862400
2017-07-14,7.574830532073975,7.686874866485596,7.707499980926514,7.590000152587891,7.634375095367432,13230400
2017-07-17,7.582836627960205,7.695000171661377,7.747499942779541,7.666250228881836,7.702499866485596,6811200
2017-07-18,7.686306953430176,7.800000190734863,7.800000190734863,7.637499809265137,7.683750152587891,7520000
2017-07-19,7.774994373321533,7.889999866485596,7.911250114440918,7.838749885559082,7.84250020980835,7757600
2017-07-20,7.79470157623291,7.909999847412109,7.9375,7.837500095367432,7.929999828338623,9481600
2017-07-21,7.783616542816162,7.898749828338623,7.900000095367432,7.818749904632568,7.84499979019165,5974400
2017-07-24,7.852595329284668,7.96875,7.983749866485596,7.880000114440918,7.898749828338623,6931200
2017-07-25,7.819337368011475,7.934999942779541,7.96750020980835,7.888750076293945,7.917500019073486,6710400
2017-07-26,7.867377281188965,7.983749866485596,7.989999771118164,7.948750019073486,7.972499847412109,5128800
2017-07-27,7.774994373321533,7.889999866485596,8.101249694824219,7.698750019073486,8.087499618530273,22096000
2017-07-28,7.754054069519043,7.868750095367432,7.893750190734863,7.761250019073486,7.786250114440918,9999200
2017-07-31,7.685072898864746,7.798749923706055,7.929999828338623,7.767499923706055,7.909999847412109,9078400
2017-08-01,7.718333721160889,7.832499980926514,7.857500076293945,7.791250228881836,7.847499847412109,6574400
2017-08-02,7.7602128982543945,7.875,7.93874979019165,7.732500076293945,7.93625020980835,11362400
2017-08-03,7.7084784507751465,7.822500228881836,7.894999980926514,7.788750171661377,7.894999980926514,10845600
2017-08-04,7.728185653686523,7.84250020980835,7.877500057220459,7.78000020980835,7.84499979019165,8856000
2017-08-07,7.821801662445068,7.9375,7.941249847412109,7.849999904632568,7.868750095367432,6524800
2017-08-08,7.799629211425781,7.914999961853027,8.038749694824219,7.867499828338623,7.908750057220459,12042400
2017-08-09,7.7774577140808105,7.892499923706055,7.897500038146973,7.747499942779541,7.787499904632568,17067200
2017-08-10,7.439949989318848,7.550000190734863,7.8125,7.538750171661377,7.806250095367432,24116800
2017-08-11,7.552042484283447,7.663750171661377,7.699999809265137,7.538750171661377,7.573750019073486,15600000
2017-08-14,7.74789571762085,7.862500190734863,7.887499809265137,7.783750057220459,7.784999847412109,13187200
2017-08-15,7.757749080657959,7.872499942779541,7.903749942779541,7.832499980926514,7.897500038146973,9633600
2017-08-16,7.787310600280762,7.902500152587891,7.974999904632568,7.849999904632568,7.90749979019165,11654400
2017-08-17,7.46951150894165,7.579999923706055,7.862500190734863,7.577499866485596,7.84250020980835,19133600
2017-08-18,7.449803352355957,7.559999942779541,7.668749809265137,7.505000114440918,7.585000038146973,19329600
2017-08-21,7.441181659698486,7.551249980926514,7.596250057220459,7.451250076293945,7.567500114440918,11562400
2017-08-22,7.662901401519775,7.776249885559082,7.791250228881836,7.622499942779541,7.62624979019165,10056800
2017-08-23,7.605008125305176,7.71750020980835,7.753749847412109,7.684999942779541,7.697500228881836,9434400
2017-08-24,7.565590858459473,7.677499771118164,7.769999980926514,7.586249828338623,7.753749847412109,11104000
2017-08-25,7.531101703643799,7.642499923706055,7.768750190734863,7.621250152587891,7.730000019073486,12544000
2017-08-28,7.569287300109863,7.681250095367432,7.721250057220459,7.637499809265137,7.684999942779541,6819200
2017-08-29,7.632106304168701,7.744999885559082,7.771249771118164,7.537499904632568,7.554999828338623,7864800
2017-08-30,7.814411163330078,7.929999828338623,7.949999809265137,7.74875020980835,7.760000228881836,12700800
2017-08-31,7.959760665893555,8.077500343322754,8.0962495803833,7.962500095367432,7.96875,10594400
2017-09-01,7.958528995513916,8.076250076293945,8.138750076293945,8.03125,8.117500305175781,7959200
2017-09-05,7.811945915222168,7.927499771118164,8.05875015258789,7.808750152587891,8.020000457763672,16024800
2017-09-06,7.857522487640381,7.973750114440918,8.011249542236328,7.861249923706055,7.972499847412109,8940800
2017-09-07,7.895708084106445,8.012499809265137,8.052499771118164,7.952499866485596,8.005000114440918,7624000
2017-09-08,7.761443138122559,7.87624979019165,7.996250152587891,7.856249809265137,7.989999771118164,7356000
2017-09-11,7.9289655685424805,8.046250343322754,8.078749656677246,7.992499828338623,7.992499828338623,7383200
2017-09-12,7.973309516906738,8.0912504196167,8.113750457763672,8.017499923706055,8.100000381469727,10645600
2017-09-13,7.995484352111816,8.113750457763672,8.114999771118164,8.037500381469727,8.0649995803833,5560800
2017-09-14,7.899403095245361,8.016249656677246,8.09749984741211,8.007499694824219,8.052499771118164,7819200
2017-09-15,7.94990873336792,8.067500114440918,8.130000114440918,7.988749980926514,8.017499923706055,7004000
2017-09-18,7.9326629638671875,8.050000190734863,8.138750076293945,8.001250267028809,8.083749771118164,6916000
2017-09-19,7.959760665893555,8.077500343322754,8.098750114440918,8.022500038146973,8.079999923706055,4793600
2017-09-20,7.912952899932861,8.029999732971191,8.085000038146973,7.901249885559082,8.072500228881836,10851200
2017-09-21,7.809484958648682,7.925000190734863,8.016249656677246,7.872499942779541,8.016249656677246,8819200
2017-09-22,7.797166347503662,7.912499904632568,7.931250095367432,7.860000133514404,7.875,5692800
2017-09-25,7.634570121765137,7.747499942779541,7.856249809265137,7.666250228881836,7.846250057220459,12168000
2017-09-26,7.671525001525879,7.784999847412109,7.852499961853027,7.730000019073486,7.820000171661377,8515200
2017-09-27,7.808252334594727,7.923749923706055,7.981249809265137,7.824999809265137,7.863749980926514,12598400
2017-09-28,7.80086088180542,7.916250228881836,7.931250095367432,7.848750114440918,7.887499809265137,8776800
2017-09-29,7.910489082336426,8.02750015258789,8.039999961853027,7.90625,7.945000171661377,9125600
2017-10-02,7.92157506942749,8.038749694824219,8.107500076293945,7.972499847412109,8.053750038146973,8859200
2017-10-03,7.96099328994751,8.078749656677246,8.09375,8.0287504196167,8.0600004196167,6309600
2017-10-04,7.972079753875732,8.09000015258789,8.125,8.032500267028809,8.047499656677246,6527200
2017-10-05,8.129748344421387,8.25,8.255000114440918,8.131250381469727,8.146249771118164,8244800
2017-10-06,8.146991729736328,8.267499923706055,8.268750190734863,8.192500114440918,8.192500114440918,7084000
2017-10-09,8.132208824157715,8.2524995803833,8.306249618530273,8.231249809265137,8.295000076293945,4552000
2017-10-10,8.143296241760254,8.263750076293945,8.322500228881836,8.188750267028809,8.305000305175781,6088000
2017-10-11,8.192567825317383,8.313750267028809,8.313750267028809,8.234999656677246,8.256250381469727,4819200
2017-10-12,8.161772727966309,8.282500267028809,8.3462495803833,8.263750076293945,8.28499984741211,6525600
2017-10-13,8.220897674560547,8.342499732971191,8.362500190734863,8.328749656677246,8.34749984741211,4937600
2017-10-16,8.277559280395508,8.399999618530273,8.40250015258789,8.351249694824219,8.381250381469727,5237600
2017-10-17,8.296036720275879,8.418749809265137,8.421250343322754,8.367500305175781,8.393750190734863,4802400
2017-10-18,8.277559280395508,8.399999618530273,8.4375,8.376250267028809,8.4350004196167,4096800
2017-10-19,8.215970993041992,8.337499618530273,8.337499618530273,8.220000267028809,8.30875015258789,8650400
2017-10-20,8.257852554321289,8.380000114440918,8.417499542236328,8.359999656677246,8.407500267028809,5980800
2017-10-23,8.150686264038086,8.271249771118164,8.414999961853027,8.248749732971191,8.413749694824219,10334400
2017-10-24,8.181482315063477,8.302499771118164,8.332500457763672,8.237500190734863,8.296250343322754,10473600
2017-10-25,8.114964485168457,8.234999656677246,8.319999694824219,8.112500190734863,8.265000343322754,9878400
2017-10-26,8.068157196044922,8.1875,8.263750076293945,8.178750038146973,8.227499961853027,7840000
2017-10-27,8.523916244506836,8.649999618530273,8.6875,8.430000305175781,8.448749542236328,13812000
2017-10-30,8.570723533630371,8.697500228881836,8.762499809265137,8.448749542236328,8.448749542236328,8524000
2017-10-31,8.632312774658203,8.760000228881836,8.78499984741211,8.701250076293945,8.75,5910400
2017-11-01,8.628618240356445,8.756250381469727,8.838749885559082,8.6899995803833,8.824999809265137,8323200
2017-11-02,8.58919906616211,8.7162504196167,8.739999771118164,8.602499961853027,8.732500076293945,8817600
2017-11-03,8.751795768737793,8.881250381469727,8.888750076293945,8.72249984741211,8.786250114440918,10007200
2017-11-06,8.813384056091309,8.943750381469727,8.951250076293945,8.866250038146973,8.8725004196167,4132000
2017-11-07,8.823237419128418,8.953749656677246,8.977499961853027,8.893750190734863,8.932499885559082,7084800
2017-11-08,8.895913124084473,9.02750015258789,9.03125,8.928750038146973,8.949999809265137,4901600
2017-11-09,8.797369956970215,8.927499771118164,8.9399995803833,8.7475004196167,8.881250381469727,10623200
2017-11-10,8.799834251403809,8.930000305175781,8.943750381469727,8.858750343322754,8.890000343322754,5646400
2017-11-13,8.818310737609863,8.948749542236328,8.97249984741211,8.862500190734863,8.862500190734863,4464800
2017-11-14,8.757954597473145,8.887499809265137,8.904999732971191,8.800000190734863,8.881250381469727,7810400
2017-11-15,8.666802406311035,8.795000076293945,8.8462495803833,8.708749771118164,8.8100004196167,8024000
2017-11-16,8.892219543457031,9.023750305175781,9.063750267028809,8.890000343322754,8.891249656677246,9411200
2017-11-17,8.824468612670898,8.954999923706055,9.038749694824219,8.938750267028809,9.02750015258789,5201600
2017-11-20,8.809688568115234,8.9399995803833,8.981249809265137,8.916250228881836,8.96875,4398400
2017-11-21,8.996920585632324,9.130000114440918,9.138750076293945,9.016249656677246,9.017499923706055,5812800
2017-11-22,9.02155590057373,9.154999732971191,9.170000076293945,9.114999771118164,9.149999618530273,4404000
2017-11-24,9.0880708694458,9.22249984741211,9.223750114440918,9.162500381469727,9.170000076293945,4624800
2017-11-27,9.078215599060059,9.212499618530273,9.251250267028809,9.170000076293945,9.212499618530273,7015200
2017-11-28,9.123791694641113,9.258749961853027,9.267499923706055,9.15250015258789,9.25374984741211,11962400
2017-11-29,8.810919761657715,8.94124984741211,9.233750343322754,8.848750114440918,9.233750343322754,19259200
2017-11-30,8.9525728225708,9.085000038146973,9.114999771118164,8.96875,9.008749961853027,13880000
2017-12-01,8.876203536987305,9.007499694824219,9.092499732971191,8.738750457763672,8.967499732971191,17671200
2017-12-04,8.67172908782959,8.800000190734863,9.131250381469727,8.779999732971191,9.12125015258789,17936000
2017-12-05,8.67419147491455,8.802499771118164,9.006250381469727,8.723750114440918,8.7837495803833,14808800
2017-12-06,8.753026008605957,8.882499694824219,8.912500381469727,8.720000267028809,8.737500190734863,10258400
2017-12-07,8.814615249633789,8.944999694824219,8.99625015258789,8.863750457763672,8.885000228881836,9636800
2017-12-08,8.892219543457031,9.023750305175781,9.117500305175781,8.994999885559082,9.073749542236328,8942400
2017-12-11,9.030176162719727,9.163749694824219,9.166250228881836,9.0287504196167,9.029999732971191,7212800
2017-12-12,9.004310607910156,9.137499809265137,9.1899995803833,9.100000381469727,9.154999732971191,6592800
2017-12-13,9.036338806152344,9.170000076293945,9.228750228881836,9.146249771118164,9.207500457763672,7186400
2017-12-14,9.022787094116211,9.15625,9.244999885559082,9.137499809265137,9.204999923706055,7492000
2017-12-15,9.219869613647461,9.356249809265137,9.383749961853027,9.197500228881836,9.227499961853027,10990400
2017-12-18,9.378772735595703,9.517499923706055,9.536250114440918,9.452500343322754,9.483750343322754,9395200
2017-12-19,9.272838592529297,9.40999984741211,9.5,9.356249809265137,9.483750343322754,9002400
2017-12-20,9.249432563781738,9.386249542236328,9.477499961853027,9.311249732971191,9.475000381469727,11491200
2017-12-21,9.250667572021484,9.387499809265137,9.46875,9.364999771118164,9.407500267028809,6385600
2017-12-22,9.22849178314209,9.364999771118164,9.369999885559082,9.3149995803833,9.354999542236328,6430400
2017-12-26,9.1287202835083,9.263750076293945,9.28499984741211,9.193750381469727,9.267499923706055,5585600
2017-12-27,9.129952430725098,9.265000343322754,9.3125,9.243749618530273,9.256250381469727,4949600
2017-12-28,9.148427963256836,9.2837495803833,9.319999694824219,9.262499809265137,9.31624984741211,6582400
2017-12-29,9.03264331817627,9.166250228881836,9.300000190734863,9.15999984741211,9.298749923706055,9567200
2018-01-02,9.345513343811035,9.483750343322754,9.492500305175781,9.217499732971191,9.257499694824219,10641600
2018-01-03,9.527817726135254,9.668749809265137,9.6875,9.50374984741211,9.507499694824219,10131200
2018-01-04,9.562305450439453,9.703749656677246,9.762499809265137,9.682499885559082,9.742500305175781,8392000
2018-01-05,9.752002716064453,9.896249771118164,9.911250114440918,9.761249542236328,9.792499542236328,9568800
2018-01-08,9.824673652648926,9.970000267028809,9.984999656677246,9.891249656677246,9.90250015258789,9283200
2018-01-09,9.833296775817871,9.978750228881836,10.032500267028809,9.916250228881836,10.015000343322754,9404000
2018-01-10,9.77910041809082,9.923749923706055,9.930000305175781,9.795000076293945,9.87874984741211,10728800
2018-01-11,9.914594650268555,10.061249732971191,10.061249732971191,9.931249618530273,9.962499618530273,11340800
2018-01-12,10.055018424987793,10.203749656677246,10.228750228881836,10.021249771118164,10.041250228881836,10579200
2018-01-16,9.998356819152832,10.146249771118164,10.447500228881836,10.0912504196167,10.338749885559082,19343200
2018-01-17,10.213916778564453,10.364999771118164,10.398750305175781,10.148750305175781,10.242500305175781,12359200
2018-01-18,10.217612266540527,10.368749618530273,10.417499542236328,10.28499984741211,10.336250305175781,10056000
2018-01-19,10.282898902893066,10.4350004196167,10.4662504196167,10.333749771118164,10.4350004196167,10224000
2018-01-22,10.500923156738281,10.65625,10.65625,10.4037504196167,10.421250343322754,9268000
2018-01-23,10.672139167785645,10.829999923706055,10.852499961853027,10.713749885559082,10.725000381469727,10878400
2018-01-24,10.541570663452148,10.697500228881836,10.926250457763672,10.568750381469727,10.875,22814400
2018-01-25,10.528020858764648,10.68375015258789,10.8412504196167,10.612500190734863,10.829999923706055,12841600
2018-01-26,10.835967063903809,10.99625015258789,10.9975004196167,10.760000228881836,10.798749923706055,9285600
2018-01-29,10.738654136657715,10.897500038146973,11.001250267028809,10.853750228881836,10.954999923706055,13812000
2018-01-30,10.566206932067871,10.72249984741211,10.80875015258789,10.608750343322754,10.698749542236328,14988800
2018-01-31,10.64380931854248,10.801250457763672,10.87874984741211,10.671250343322754,10.84000015258789,11579200
2018-02-01,10.46766471862793,10.6225004196167,10.84375,10.553750038146973,10.640000343322754,12460800
2018-02-02,10.043933868408203,10.192500114440918,10.585000038146973,10.181249618530273,10.542499542236328,31801600
2018-02-05,9.266679763793945,9.4037504196167,10.336250305175781,9.382499694824219,10.001250267028809,34402400
2018-02-06,9.73845100402832,9.882499694824219,9.911250114440918,9.032500267028809,9.125,32716000
2018-02-07,9.489632606506348,9.630000114440918,10.041250228881836,9.630000114440918,9.827500343322754,20606400
2018-02-08,8.69882869720459,8.827500343322754,9.699999809265137,8.819999694824219,9.677499771118164,23687200
2018-02-09,8.984601974487305,9.117500305175781,9.25,8.4350004196167,9.069999694824219,38595200
2018-02-12,9.312255859375,9.449999809265137,9.569999694824219,9.161250114440918,9.307499885559082,21568800
2018-02-13,9.396016120910645,9.53499984741211,9.578749656677246,9.307499885559082,9.345000267028809,11773600
2018-02-14,9.755694389343262,9.899999618530273,9.927499771118164,9.425000190734863,9.427499771118164,20396000
2018-02-15,10.105521202087402,10.255000114440918,10.256250381469727,9.866250038146973,10.071249961853027,22069600
2018-02-16,10.03038215637207,10.178750038146973,10.391249656677246,10.137499809265137,10.198749542236328,18961600
2018-02-20,10.055018424987793,10.203749656677246,10.381250381469727,10.087499618530273,10.100000381469727,14119200
2018-02-21,9.995891571044922,10.143750190734863,10.508749961853027,10.141249656677246,10.300000190734863,19419200
2018-02-22,10.006978034973145,10.154999732971191,10.34375,10.095000267028809,10.243749618530273,16747200
2018-02-23,10.40237808227539,10.556249618530273,10.556249618530273,10.226249694824219,10.300000190734863,13585600
2018-02-26,10.675833702087402,10.833749771118164,10.833749771118164,10.643750190734863,10.6537504196167,13797600
2018-02-27,10.409771919250488,10.563750267028809,10.880000114440918,10.563750267028809,10.845000267028809,26056000
2018-02-28,10.279202461242676,10.431249618530273,10.758749961853027,10.422499656677246,10.692500114440918,15216000
2018-03-01,9.954012870788574,10.101249694824219,10.537500381469727,9.9087495803833,10.446249961853027,31126400
2018-03-02,10.127695083618164,10.27750015258789,10.3125,9.78125,9.8462495803833,19491200
2018-03-05,10.34694766998291,10.5,10.556249618530273,10.108750343322754,10.18375015258789,18609600
2018-03-06,10.433173179626465,10.587499618530273,10.664999961853027,10.46500015258789,10.603750228881836,18846400
2018-03-07,10.47998332977295,10.635000228881836,10.65625,10.396249771118164,10.427499771118164,16130400
2018-03-08,10.597001075744629,10.75374984741211,10.770000457763672,10.641249656677246,10.720000267028809,11268800
2018-03-09,10.99979305267334,11.162500381469727,11.162500381469727,10.8774995803833,10.912500381469727,15151200
2018-03-12,11.100799560546875,11.265000343322754,11.3412504196167,11.1850004196167,11.233750343322754,15638400
2018-03-13,10.827342987060547,10.987500190734863,11.4350004196167,10.925000190734863,11.381250381469727,20951200
2018-03-14,10.818720817565918,10.978750228881836,11.112500190734863,10.881250381469727,11.092499732971191,17603200
2018-03-15,10.789159774780273,10.948749542236328,11.086250305175781,10.875,10.9975004196167,15205600
2018-03-16,10.737421989440918,10.896249771118164,11.039999961853027,10.881250381469727,10.987500190734863,12656000
2018-03-19,10.281664848327637,10.43375015258789,10.701250076293945,10.238750457763672,10.701250076293945,23240000
2018-03-20,10.339559555053711,10.492500305175781,10.538749694824219,10.366250038146973,10.422499656677246,10019200
2018-03-21,10.243480682373047,10.395000457763672,10.630000114440918,10.3100004196167,10.442500114440918,15803200
2018-03-22,9.733524322509766,9.8774995803833,10.255000114440918,9.862500190734863,10.116250038146973,26274400
2018-03-23,9.216175079345703,9.352499961853027,9.914999961853027,9.352499961853027,9.862500190734863,25210400
2018-03-26,9.90966796875,10.056249618530273,10.081250190734863,9.4375,9.734999656677246,24511200
2018-03-27,9.255596160888672,9.392499923706055,10.203749656677246,9.234999656677246,10.201250076293945,25253600
2018-03-28,9.053579330444336,9.1875,9.477499961853027,9.045000076293945,9.302499771118164,31148800
2018-03-29,9.386160850524902,9.524999618530273,9.703749656677246,9.114999771118164,9.289999961853027,18369600
2018-04-02,8.846641540527344,8.977499961853027,9.473750114440918,8.77750015258789,9.386249542236328,24124000
2018-04-03,9.036338806152344,9.170000076293945,9.248749732971191,8.850000381469727,9.141249656677246,24143200
2018-04-04,9.27037525177002,9.407500267028809,9.516249656677246,8.796250343322754,8.821249961853027,27109600
2018-04-05,9.42065143585205,9.5600004196167,9.677499771118164,9.430000305175781,9.642499923706055,24580000
2018-04-06,8.966121673583984,9.098750114440918,9.542499542236328,8.9975004196167,9.362500190734863,20556000
2018-04-09,9.07082462310791,9.204999923706055,9.577500343322754,9.182499885559082,9.24625015258789,15968000
2018-04-10,9.46992301940918,9.609999656677246,9.678750038146973,9.368749618530273,9.49625015258789,16132800
2018-04-11,9.371380805969238,9.510000228881836,9.712499618530273,9.487500190734863,9.507499694824219,13467200
2018-04-12,9.585710525512695,9.727499961853027,9.798749923706055,9.612500190734863,9.631250381469727,13984000
2018-04-13,9.495790481567383,9.636249542236328,9.857500076293945,9.555000305175781,9.833749771118164,13190400
2018-04-16,9.63005542755127,9.772500038146973,9.848750114440918,9.648750305175781,9.761249542236328,8600800
2018-04-17,10.04023551940918,10.188750267028809,10.241250038146973,9.94124984741211,9.973750114440918,10188800
2018-04-18,10.087041854858398,10.236249923706055,10.311249732971191,10.102499961853027,10.207500457763672,9190400
2018-04-19,9.915825843811035,10.0625,10.182499885559082,9.979999542236328,10.142499923706055,12736800
2018-04-20,9.593101501464844,9.734999656677246,10.010000228881836,9.662500381469727,9.9975004196167,16163200
2018-04-23,9.541365623474121,9.682499885559082,9.898750305175781,9.574999809265137,9.823749542236328,13684800
2018-04-24,9.136110305786133,9.271249771118164,9.801250457763672,9.143750190734863,9.771249771118164,21473600
2018-04-25,9.164441108703613,9.300000190734863,9.367500305175781,9.037500381469727,9.303750038146973,17077600
2018-04-26,9.533976554870605,9.675000190734863,9.739999771118164,9.46875,9.529999732971191,13362400
2018-04-27,9.549988746643066,9.69124984741211,9.963749885559082,9.582500457763672,9.958749771118164,17289600
2018-04-30,9.410796165466309,9.550000190734863,9.854999542236328,9.505000114440918,9.737500190734863,15795200
2018-05-01,9.617734909057617,9.760000228881836,9.772500038146973,9.458749771118164,9.505000114440918,15316000
2018-05-02,9.514265060424805,9.654999732971191,9.862500190734863,9.632499694824219,9.805000305175781,12085600
2018-05-03,9.508108139038086,9.648750305175781,9.71875,9.342499732971191,9.561249732971191,18940000
2018-05-04,9.866557121276855,10.012499809265137,10.05875015258789,9.551250457763672,9.568750381469727,12237600
2018-05-07,10.021759986877441,10.170000076293945,10.243749618530273,10.092499732971191,10.108750343322754,11336000
2018-05-08,9.999589920043945,10.147500038146973,10.198749542236328,10.010000228881836,10.133749961853027,11168000
2018-05-09,10.231161117553711,10.382499694824219,10.393750190734863,10.125,10.199999809265137,10900000
2018-05-10,10.438102722167969,10.592499732971191,10.606249809265137,10.430000305175781,10.443750381469727,13800800
2018-05-11,10.418392181396484,10.572500228881836,10.619999885559082,10.477499961853027,10.551250457763672,11444800
2018-05-14,10.449187278747559,10.603750228881836,10.738750457763672,10.571249961853027,10.617500305175781,11264800
2018-05-15,10.21884536743164,10.369999885559082,10.446249961853027,10.257499694824219,10.436249732971191,18564800
2018-05-16,10.355572700500488,10.508749961853027,10.552499771118164,10.386249542236328,10.397500038146973,10063200
2018-05-17,10.268115997314453,10.420000076293945,10.582500457763672,10.322500228881836,10.436249732971191,10403200
2018-05-18,10.162181854248047,10.3125,10.411250114440918,10.28499984741211,10.34749984741211,7439200
2018-05-21,10.280435562133789,10.432499885559082,10.5649995803833,10.342499732971191,10.4712495803833,11191200
2018-05-22,10.250872611999512,10.40250015258789,10.556249618530273,10.363750457763672,10.524999618530273,7474400
2018-05-23,10.422089576721191,10.576250076293945,10.576250076293945,10.241250038146973,10.242500305175781,10725600
2018-05-24,10.412236213684082,10.56624984741211,10.602499961853027,10.354999542236328,10.568750381469727,10844000
2018-05-25,10.434407234191895,10.588749885559082,10.663749694824219,10.524999618530273,10.5625,8568800
2018-05-29,10.340789794921875,10.493749618530273,10.609999656677246,10.368749618530273,10.484999656677246,12250400
2018-05-30,10.484910011291504,10.640000343322754,10.678750038146973,10.521249771118164,10.568750381469727,8212800
2018-05-31,10.47136116027832,10.626250267028809,10.766249656677246,10.573749542236328,10.631250381469727,13189600
2018-06-01,10.80024528503418,10.960000038146973,10.96875,10.726249694824219,10.729999542236328,9189600
2018-06-04,10.98501205444336,11.147500038146973,11.162500381469727,11.001250267028809,11.013750076293945,8380000
2018-06-05,11.056455612182617,11.220000267028809,11.262499809265137,11.1274995803833,11.199999809265137,8060000
2018-06-06,11.18825626373291,11.353750228881836,11.353750228881836,11.133749961853027,11.251250267028809,7833600
2018-06-07,11.01334285736084,11.176250457763672,11.356249809265137,11.05875015258789,11.354999542236328,9358400
2018-06-08,11.0022554397583,11.164999961853027,11.199999809265137,11.007499694824219,11.047499656677246,9008800
2018-06-11,11.061383247375488,11.225000381469727,11.279999732971191,11.145000457763672,11.151249885559082,5928000
2018-06-12,11.1784029006958,11.34375,11.364999771118164,11.236249923706055,11.256250381469727,5282400
2018-06-13,11.168545722961426,11.333749771118164,11.507499694824219,11.293749809265137,11.380000114440918,10618400
2018-06-14,11.401352882385254,11.569999694824219,11.601249694824219,11.426250457763672,11.4350004196167,9347200
2018-06-15,11.321288108825684,11.488750457763672,11.532500267028809,11.373749732971191,11.488750457763672,12302400
2018-06-18,11.307740211486816,11.475000381469727,11.489999771118164,11.267499923706055,11.3412504196167,11745600
2018-06-19,11.23875904083252,11.404999732971191,11.40625,11.111249923706055,11.180000305175781,12672800
2018-06-20,11.398889541625977,11.567500114440918,11.661250114440918,11.488750457763672,11.507499694824219,9612000
2018-06-21,11.196877479553223,11.362500190734863,11.641249656677246,11.319999694824219,11.62125015258789,11680000
2018-06-22,11.125433921813965,11.289999961853027,11.447500228881836,11.232500076293945,11.44124984741211,8013600
2018-06-25,10.64134693145752,10.798749923706055,11.137499809265137,10.601249694824219,11.107500076293945,25484800
2018-06-26,10.731266021728516,10.890000343322754,11.012499809265137,10.798749923706055,10.87874984741211,14937600
2018-06-27,10.427016258239746,10.581250190734863,11.074999809265137,10.577500343322754,10.978750228881836,18160000
2018-06-28,10.61670970916748,10.773750305175781,10.842499732971191,10.520000457763672,10.556249618530273,16586400
2018-06-29,10.649970054626465,10.807499885559082,10.988750457763672,10.800000190734863,10.876250267028809,10381600
2018-07-02,10.810100555419922,10.970000267028809,10.976249694824219,10.578749656677246,10.623749732971191,8789600
2018-07-03,10.557584762573242,10.713749885559082,11.051250457763672,10.697500228881836,11.043749809265137,8424800
2018-07-05,10.819953918457031,10.979999542236328,10.993749618530273,10.744999885559082,10.857500076293945,10808000
2018-07-06,11.146374702453613,11.311249732971191,11.335000038146973,10.987500190734863,11.024999618530273,9174400
2018-07-09,11.353313446044922,11.521249771118164,11.524999618530273,11.34749984741211,11.430000305175781,9883200
2018-07-10,11.370558738708496,11.538749694824219,11.586250305175781,11.458749771118164,11.552499771118164,8161600
2018-07-11,11.257234573364258,11.423749923706055,11.5,11.337499618530273,11.362500190734863,9681600
2018-07-12,11.626768112182617,11.798749923706055,11.805000305175781,11.506250381469727,11.521249771118164,9515200
2018-07-13,11.650174140930176,11.822500228881836,11.864999771118164,11.744999885559082,11.802499771118164,7636000
2018-07-16,11.599669456481934,11.771249771118164,11.869999885559082,11.732500076293945,11.831250190734863,7059200
2018-07-17,11.745018005371094,11.918749809265137,11.961250305175781,11.518750190734863,11.518750190734863,8197600
2018-07-18,11.693284034729004,11.866250038146973,11.926250457763672,11.793749809265137,11.90999984741211,8352000
2018-07-19,11.578730583190918,11.75,11.856249809265137,11.71875,11.789999961853027,9615200
2018-07-20,11.563945770263672,11.734999656677246,11.890000343322754,11.712499618530273,11.822500228881836,10312800
2018-07-23,11.63662338256836,11.80875015258789,11.819999694824219,11.573749542236328,11.662500381469727,7251200
2018-07-24,11.737631797790527,11.911250114440918,12.138750076293945,11.8149995803833,12.057499885559082,11300800
2018-07-25,12.059124946594238,12.237500190734863,12.25374984741211,11.90999984741211,11.920000076293945,10581600
2018-07-26,11.709298133850098,11.882499694824219,11.983750343322754,11.838749885559082,11.9037504196167,11900000
2018-07-27,11.38657283782959,11.555000305175781,12.029999732971191,11.412500381469727,12.022500038146973,18134400
2018-07-30,11.060151100158691,11.223750114440918,11.55875015258789,11.109999656677246,11.551250457763672,14644800
2018-07-31,11.18702220916748,11.352499961853027,11.476249694824219,11.182499885559082,11.300000190734863,11528800
2018-08-01,11.30527400970459,11.47249984741211,11.542499542236328,11.348750114440918,11.444999694824219,9388800
2018-08-02,11.613221168518066,11.78499984741211,11.811249732971191,11.300000190734863,11.3100004196167,12026400
2018-08-03,11.67973518371582,11.852499961853027,11.856249809265137,11.727499961853027,11.81624984741211,8567200
2018-08-06,11.82508659362793,12.0,12.0,11.80875015258789,11.8462495803833,10143200
2018-08-07,11.895297050476074,12.071249961853027,12.123749732971191,12.007499694824219,12.055000305175781,7208800
2018-08-08,11.916236877441406,12.092499732971191,12.151249885559082,11.978750228881836,12.043749809265137,6814400
2018-08-09,11.906381607055664,12.082500457763672,12.181249618530273,12.057499885559082,12.09375,6632800
2018-08-10,11.729004859924316,11.90250015258789,11.9975004196167,11.81624984741211,11.925000190734863,12099200
2018-08-13,11.708066940307617,11.881250381469727,12.0962495803833,11.864999771118164,11.9399995803833,9997600
2018-08-14,11.84972095489502,12.024999618530273,12.052499771118164,11.8412504196167,11.967499732971191,6780800
2018-08-15,11.565179824829102,11.736249923706055,11.907500267028809,11.582500457763672,11.84375,13655200
2018-08-16,11.629233360290527,11.801250457763672,11.954999923706055,11.757499694824219,11.907500267028809,8097600
2018-08-17,11.635392189025879,11.807499885559082,11.866250038146973,11.598750114440918,11.737500190734863,9157600
2018-08-20,11.618144989013672,11.789999961853027,11.867500305175781,11.694999694824219,11.864999771118164,9772800
2018-08-21,11.698214530944824,11.87125015258789,12.012499809265137,11.842499732971191,11.859999656677246,10044000
2018-08-22,11.784438133239746,11.958749771118164,11.987500190734863,11.789999961853027,11.8149995803833,5916800
2018-08-23,11.749946594238281,11.923749923706055,12.087499618530273,11.887499809265137,11.921250343322754,9630400
2018-08-24,11.965508460998535,12.142499923706055,12.163749694824219,11.9975004196167,11.9975004196167,6557600
2018-08-27,12.206937789916992,12.387499809265137,12.387499809265137,12.229999542236328,12.272500038146973,8938400
2018-08-28,12.245123863220215,12.426250457763672,12.478750228881836,12.373749732971191,12.457500457763672,6043200
2018-08-29,12.528433799743652,12.713749885559082,12.725000381469727,12.458749771118164,12.462499618530273,6626400
2018-08-30,12.475465774536133,12.65999984741211,12.813750267028809,12.579999923706055,12.661250114440918,8798400
2018-08-31,12.505027770996094,12.6899995803833,12.765000343322754,12.602499961853027,12.6274995803833,5545600
2018-09-04,12.404021263122559,12.587499618530273,12.65250015258789,12.448749542236328,12.619999885559082,6148000
2018-09-05,12.082526206970215,12.261249542236328,12.541250228881836,12.176250457763672,12.541250228881836,11512000
2018-09-06,11.864503860473633,12.039999961853027,12.295000076293945,11.8725004196167,12.267499923706055,14222400
2018-09-07,11.790596008300781,11.96500015258789,12.148750305175781,11.853750228881836,11.866250038146973,13063200
2018-09-10,11.844797134399414,12.020000457763672,12.0912504196167,11.891249656677246,12.074999809265137,7935200
2018-09-11,12.024633407592773,12.202500343322754,12.243749618530273,11.863750457763672,11.918749809265137,8543200
2018-09-12,11.96058177947998,12.137499809265137,12.186249732971191,11.926250457763672,12.15625,11160800
2018-09-13,12.194622039794922,12.375,12.43375015258789,12.273750305175781,12.273750305175781,8707200
2018-09-14,12.130568504333496,12.3100004196167,12.442500114440918,12.217499732971191,12.404999732971191,10212800
2018-09-17,11.788131713867188,11.962499618530273,12.286250114440918,11.936249732971191,12.270000457763672,9657600
2018-09-18,11.976597785949707,12.1537504196167,12.270000457763672,11.970000267028809,11.977499961853027,6864000
2018-09-19,11.961812973022461,12.138750076293945,12.212499618530273,11.979999542236328,12.1537504196167,5288800
2018-09-20,12.21063232421875,12.391249656677246,12.432499885559082,12.242500305175781,12.297499656677246,9399200
2018-09-21,12.086224555969238,12.265000343322754,12.5024995803833,12.234999656677246,12.475000381469727,7732000
2018-09-24,12.14534854888916,12.324999809265137,12.338749885559082,11.986249923706055,12.087499618530273,8125600
2018-09-25,12.18353271484375,12.363750457763672,12.382499694824219,12.234999656677246,12.313750267028809,4893600
2018-09-26,12.192153930664062,12.3725004196167,12.609999656677246,12.332500457763672,12.3774995803833,7184000
2018-09-27,12.399094581604004,12.582500457763672,12.672499656677246,12.4662504196167,12.473750114440918,7039200
2018-09-28,12.401557922363281,12.585000038146973,12.645000457763672,12.473750114440918,12.507499694824219,5012800
2018-10-01,12.442207336425781,12.626250267028809,12.8125,12.567500114440918,12.7212495803833,8796800
2018-10-02,12.384312629699707,12.567500114440918,12.763750076293945,12.513750076293945,12.5962495803833,5109600
2018-10-03,12.420034408569336,12.603750228881836,12.734999656677246,12.5600004196167,12.678750038146973,5771200
2018-10-04,11.938407897949219,12.114999771118164,12.50374984741211,11.9350004196167,12.489999771118164,14784800
2018-10-05,11.652637481689453,11.824999809265137,12.186249732971191,11.586250305175781,12.106249809265137,17824800
2018-10-08,11.502357482910156,11.672499656677246,11.8774995803833,11.392499923706055,11.707500457763672,15397600
2018-10-09,11.566411018371582,11.737500190734863,11.921250343322754,11.631250381469727,11.686249732971191,12202400
2018-10-10,10.558816909790039,10.71500015258789,11.609999656677246,10.681249618530273,11.59749984741211,37497600
2018-10-11,10.293984413146973,10.446249961853027,10.912500381469727,10.2162504196167,10.619999885559082,37673600
2018-10-12,10.865528106689453,11.026249885559082,11.086250305175781,10.608750343322754,10.989999771118164,25358400
2018-10-15,10.58961009979248,10.74625015258789,10.981249809265137,10.673749923706055,10.946249961853027,20704800
2018-10-16,11.205499649047852,11.37125015258789,11.431249618530273,10.936249732971191,10.970000267028809,14580800
2018-10-17,11.219049453735352,11.385000228881836,11.5024995803833,11.15250015258789,11.494999885559082,15159200
2018-10-18,10.717717170715332,10.876250267028809,11.301250457763672,10.761249542236328,11.292499542236328,19958400
2018-10-19,10.677067756652832,10.835000038146973,11.213749885559082,10.755000114440918,11.012499809265137,21019200
2018-10-22,10.789159774780273,10.948749542236328,11.107500076293945,10.77750015258789,10.961250305175781,14622400
2018-10-23,10.718948364257812,10.8774995803833,10.96875,10.301250457763672,10.551250457763672,30164800
2018-10-24,9.723670959472656,9.867500305175781,10.869999885559082,9.831250190734863,10.842499732971191,24856000
2018-10-25,10.380208015441895,10.5337495803833,10.666250228881836,10.081250190734863,10.176250457763672,21328800
2018-10-26,9.882569313049316,10.0287504196167,10.404999732971191,9.703749656677246,9.833749771118164,36252800
2018-10-29,9.501948356628418,9.642499923706055,10.381250381469727,9.213749885559082,10.295000076293945,25815200
2018-10-30,9.752002716064453,9.896249771118164,9.917499542236328,9.447500228881836,9.537500381469727,25826400
2018-10-31,10.200368881225586,10.351249694824219,10.542499542236328,10.2212495803833,10.22249984741211,20238400
2018-11-01,10.494762420654297,10.649999618530273,10.663749694824219,10.244999885559082,10.40250015258789,15801600
2018-11-02,10.178194999694824,10.328749656677246,10.703749656677246,10.170000076293945,10.578749656677246,23082400
2018-11-05,10.107983589172363,10.257499694824219,10.34000015258789,10.02750015258789,10.335000038146973,11281600
2018-11-06,10.261959075927734,10.413749694824219,10.526249885559082,10.226249694824219,10.25,9108000
2018-11-07,10.896323204040527,11.057499885559082,11.057499885559082,10.616250038146973,10.657500267028809,16076000
2018-11-08,10.763290405273438,10.922499656677246,11.024999618530273,10.8149995803833,10.962499618530273,9666400
2018-11-09,10.397453308105469,10.551250457763672,10.761249542236328,10.380000114440918,10.713749885559082,14313600
2018-11-12,9.782794952392578,9.927499771118164,10.4350004196167,9.890000343322754,10.397500038146973,17848000
2018-11-13,9.786489486694336,9.931249618530273,10.28499984741211,9.869999885559082,10.0024995803833,16548000
2018-11-14,9.622666358947754,9.765000343322754,10.1875,9.662500381469727,10.118749618530273,15684800
2018-11-15,9.965099334716797,10.112500190734863,10.163749694824219,9.56624984741211,9.727499961853027,18927200
2018-11-16,9.898584365844727,10.045000076293945,10.140000343322754,9.837499618530273,9.921250343322754,13453600
2018-11-19,9.246971130371094,9.383749961853027,9.96500015258789,9.327500343322754,9.948749542236328,17876000
2018-11-20,8.923012733459473,9.055000305175781,9.303750038146973,8.8125,8.953749656677246,24724800
2018-11-21,9.049886703491211,9.18375015258789,9.364999771118164,9.15625,9.282500267028809,12043200
2018-11-23,8.918086051940918,9.050000190734863,9.237500190734863,9.0337495803833,9.038749694824219,4828000
2018-11-26,9.329499244689941,9.467499732971191,9.476249694824219,9.226249694824219,9.295000076293945,12930400
2018-11-27,9.396016120910645,9.53499984741211,9.577500343322754,9.270000457763672,9.364999771118164,9388000
2018-11-28,9.98727035522461,10.135000228881836,10.140000343322754,9.5600004196167,9.668749809265137,16129600
2018-11-29,9.928147315979004,10.074999809265137,10.208749771118164,9.914999961853027,10.05875015258789,11163200
2018-11-30,10.080883979797363,10.229999542236328,10.231249809265137,10.012499809265137,10.09749984741211,8653600
2018-12-03,10.415928840637207,10.569999694824219,10.692500114440918,10.420000076293945,10.670000076293945,14574400
2018-12-04,9.617734909057617,9.760000228881836,10.520000457763672,9.739999771118164,10.460000038146973,18368800
2018-12-06,9.755694389343262,9.899999618530273,9.899999618530273,9.296250343322754,9.375,28344000
2018-12-07,9.102852821350098,9.237500190734863,9.923749923706055,9.182499885559082,9.805000305175781,22570400
2018-12-10,9.297472953796387,9.4350004196167,9.515000343322754,9.018750190734863,9.207500457763672,25332800
2018-12-11,9.355366706848145,9.493749618530273,9.75,9.335000038146973,9.733750343322754,16714400
2018-12-12,9.521657943725586,9.662500381469727,9.960000038146973,9.65250015258789,9.7787504196167,15156000
2018-12-13,9.530279159545898,9.671250343322754,9.868749618530273,9.541250228881836,9.773750305175781,12075200
2018-12-14,9.037567138671875,9.171250343322754,9.511249542236328,9.151249885559082,9.442500114440918,13204800
2018-12-17,8.658181190490723,8.786250114440918,9.256250381469727,8.633749961853027,9.116250038146973,25010400
2018-12-18,8.753026008605957,8.882499694824219,9.056249618530273,8.731249809265137,8.912500381469727,16136800
2018-12-19,8.339150428771973,8.462499618530273,9.147500038146973,8.31624984741211,8.863750457763672,27059200
2018-12-20,8.089098930358887,8.208749771118164,8.59000015258789,7.991250038146973,8.407500267028809,32672000
2018-12-21,7.568055152893066,7.679999828338623,8.386249542236328,7.607500076293945,8.273750305175781,40079200
2018-12-24,7.208375930786133,7.315000057220459,7.767499923706055,7.304999828338623,7.573750019073486,20820000
2018-12-26,8.095864295959473,8.210000038146973,8.210000038146973,7.360000133514404,7.457499980926514,35284800
2018-12-27,8.163657188415527,8.2787504196167,8.28125,7.630000114440918,7.994999885559082,29698400
2018-12-28,8.153796195983887,8.268750190734863,8.541250228881836,8.125,8.3725004196167,23563200
2018-12-31,8.281989097595215,8.398750305175781,8.477499961853027,8.231249809265137,8.422499656677246,18244000
2019-01-02,8.343621253967285,8.461250305175781,8.557499885559082,8.0287504196167,8.042499542236328,17621600
2019-01-03,7.784010410308838,7.893750190734863,8.28499984741211,7.871250152587891,8.217499732971191,21891200
2019-01-04,8.481673240661621,8.601249694824219,8.662500381469727,8.109999656677246,8.1587495803833,25744800
2019-01-07,8.653010368347168,8.774999618530273,8.868749618530273,8.569999694824219,8.6225004196167,16092000
2019-01-08,8.825576782226562,8.949999809265137,9.007499694824219,8.6875,8.949999809265137,14865600
2019-01-09,8.957466125488281,9.083749771118164,9.166250228881836,8.938750267028809,9.008749961853027,16208000
2019-01-10,9.003073692321777,9.130000114440918,9.148750305175781,8.84749984741211,8.947500228881836,13630400
2019-01-11,8.948840141296387,9.074999809265137,9.088749885559082,8.9712495803833,9.0337495803833,8992800
2019-01-14,8.7861328125,8.90999984741211,8.987500190734863,8.832500457763672,8.912500381469727,11020000
2019-01-15,9.132498741149902,9.261249542236328,9.28125,8.981249809265137,8.986249923706055,17195200
2019-01-16,9.130032539367676,9.258749961853027,9.416250228881836,9.2475004196167,9.287500381469727,12770400
2019-01-17,9.259459495544434,9.390000343322754,9.475000381469727,9.162500381469727,9.19124984741211,14449600
2019-01-18,9.439422607421875,9.572500228881836,9.668749809265137,9.417499542236328,9.529999732971191,18348800
2019-01-22,9.07949447631836,9.207500457763672,9.447500228881836,9.05875015258789,9.436249732971191,21948800
2019-01-23,9.090591430664062,9.21875,9.37125015258789,9.011249542236328,9.289999961853027,20761600
2019-01-24,9.20029354095459,9.329999923706055,9.361249923706055,9.207500457763672,9.271249771118164,11466400
2019-01-25,9.432024955749512,9.5649995803833,9.612500190734863,9.420000076293945,9.475000381469727,14160800
2019-01-28,9.190430641174316,9.319999694824219,9.319999694824219,9.164999961853027,9.313750267028809,11272000
2019-01-29,9.01047134399414,9.137499809265137,9.333749771118164,9.077500343322754,9.328749656677246,8624000
2019-01-30,9.486261367797852,9.619999885559082,9.673749923706055,9.291250228881836,9.34749984741211,18242400
2019-01-31,9.758671760559082,9.896249771118164,9.983750343322754,9.696249961853027,9.71500015258789,18085600
2019-02-01,9.66869068145752,9.805000305175781,9.942500114440918,9.75374984741211,9.797499656677246,13536000
2019-02-04,9.906584739685059,10.046250343322754,10.046250343322754,9.792499542236328,9.80875015258789,10956800
2019-02-05,10.085317611694336,10.227499961853027,10.2475004196167,10.072500228881836,10.074999809265137,10905600
2019-02-06,10.018754005432129,10.15999984741211,10.266249656677246,10.072500228881836,10.229999542236328,10268800
2019-02-07,9.748807907104492,9.886249542236328,10.029999732971191,9.737500190734863,9.983750343322754,25721600
2019-02-08,9.779623031616211,9.917499542236328,9.921250343322754,9.69124984741211,9.711250305175781,13643200
2019-02-11,9.767300605773926,9.904999732971191,10.043749809265137,9.858750343322754,9.993749618530273,8244000
2019-02-12,10.059432029724121,10.201250076293945,10.226249694824219,10.016249656677246,10.042499542236328,8245600
2019-02-13,10.065595626831055,10.207500457763672,10.34749984741211,10.1899995803833,10.2837495803833,11249600
2019-02-14,10.082849502563477,10.225000381469727,10.305000305175781,10.067500114440918,10.12874984741211,16321600
2019-02-15,10.177762985229492,10.321249961853027,10.388750076293945,10.22249984741211,10.388750076293945,13076800
2019-02-19,10.211043357849121,10.354999542236328,10.420000076293945,10.251250267028809,10.251250267028809,10092000
2019-02-20,10.209809303283691,10.353750228881836,10.451250076293945,10.242500305175781,10.373749732971191,13265600
2019-02-21,10.125991821289062,10.268750190734863,10.350000381469727,10.166250228881836,10.295000076293945,10931200
2019-02-22,10.280069351196289,10.425000190734863,10.438750267028809,10.305000305175781,10.31624984741211,8028000
2019-02-25,10.354026794433594,10.5,10.637499809265137,10.486249923706055,10.578749656677246,9064000
2019-02-26,10.372516632080078,10.518750190734863,10.585000038146973,10.418749809265137,10.4375,9204800
2019-02-27,10.355260848999023,10.501250267028809,10.529999732971191,10.28499984741211,10.430000305175781,9379200
2019-02-28,10.3071870803833,10.452500343322754,10.52750015258789,10.396249771118164,10.4350004196167,6304000
2019-03-01,10.457565307617188,10.604999542236328,10.62874984741211,10.454999923706055,10.603750228881836,7465600
2019-03-04,10.452637672424316,10.600000381469727,10.766249656677246,10.364999771118164,10.717499732971191,14304800
2019-03-05,10.467428207397461,10.614999771118164,10.678750038146973,10.510000228881836,10.608750343322754,6786400
2019-03-06,10.344165802001953,10.489999771118164,10.635000228881836,10.458749771118164,10.6274995803833,9884000
2019-03-07,10.092713356018066,10.234999656677246,10.444999694824219,10.1587495803833,10.43375015258789,16847200
2019-03-08,10.056966781616211,10.198749542236328,10.208749771118164,9.981249809265137,10.0024995803833,12748800
2019-03-11,10.477290153503418,10.625,10.637499809265137,10.279999732971191,10.279999732971191,8944800
2019-03-12,10.595623970031738,10.744999885559082,10.795000076293945,10.631250381469727,10.675000190734863,10898400
2019-03-13,10.7496976852417,10.901249885559082,11.013750076293945,10.823749542236328,10.848750114440918,9967200
2019-03-14,10.709023475646973,10.859999656677246,10.9375,10.854999542236328,10.9087495803833,5555200
2019-03-15,10.892683982849121,11.046250343322754,11.126250267028809,10.93375015258789,10.944999694824219,9206400
2019-03-18,10.949385643005371,11.103750228881836,11.180000305175781,11.008749961853027,11.052499771118164,9306400
2019-03-19,11.028271675109863,11.18375015258789,11.305000305175781,11.09375,11.201250076293945,10556800
2019-03-20,11.11868667602539,11.267499923706055,11.398750305175781,11.078749656677246,11.178750038146973,13987200
2019-03-21,11.460362434387207,11.613750457763672,11.645000457763672,11.192500114440918,11.194999694824219,12127200
2019-03-22,10.947230339050293,11.09375,11.574999809265137,11.079999923706055,11.511249542236328,21494400
2019-03-25,10.918862342834473,11.0649995803833,11.136249542236328,10.9037504196167,11.022500038146973,17850400
2019-03-26,11.017539978027344,11.164999961853027,11.362500190734863,11.050000190734863,11.225000381469727,11055200
2019-03-27,10.886791229248047,11.032500267028809,11.241250038146973,10.856249809265137,11.1875,12356000
2019-03-28,10.921327590942383,11.067500114440918,11.145000457763672,10.9350004196167,11.068750381469727,11332000
2019-03-29,11.09278392791748,11.241250038146973,11.251250267028809,11.102499961853027,11.225000381469727,11311200
2019-04-01,11.390052795410156,11.542499542236328,11.555000305175781,11.369999885559082,11.451250076293945,10333600
2019-04-02,11.460362434387207,11.613750457763672,11.635000228881836,11.493749618530273,11.551250457763672,8560800
2019-04-03,11.592345237731934,11.7475004196167,11.890000343322754,11.672499656677246,11.743749618530273,11328800
2019-04-04,11.582480430603027,11.737500190734863,11.835000038146973,11.5962495803833,11.7475004196167,10709600
2019-04-05,11.695960998535156,11.852499961853027,11.866250038146973,11.771249771118164,11.806249618530273,8264800
2019-04-08,11.756402015686035,11.913749694824219,11.928750038146973,11.72249984741211,11.8125,10833600
2019-04-09,11.67375659942627,11.829999923706055,11.9087495803833,11.77750015258789,11.824999809265137,8942400
2019-04-10,11.799574851989746,11.957500457763672,11.958749771118164,11.829999923706055,11.859999656677246,6844800
2019-04-11,11.741598129272461,11.898750305175781,11.989999771118164,11.850000381469727,11.984999656677246,6588000
2019-04-12,11.837812423706055,11.99625015258789,12.010000228881836,11.898750305175781,11.998749732971191,7475200
2019-04-15,11.839046478271484,11.9975004196167,12.022500038146973,11.837499618530273,11.994999885559082,7102400
2019-04-16,11.919221878051758,12.078749656677246,12.131250381469727,12.007499694824219,12.079999923706055,7738400
2019-04-17,11.99940013885498,12.15999984741211,12.258749961853027,12.09000015258789,12.234999656677246,7839200
2019-04-18,12.025301933288574,12.186249732971191,12.201250076293945,12.047499656677246,12.198749542236328,6980000
2019-04-22,12.096843719482422,12.258749961853027,12.265000343322754,12.0625,12.078749656677246,5758400
2019-04-23,12.401516914367676,12.567500114440918,12.595000267028809,12.28499984741211,12.311249732971191,9048800
2019-04-24,12.322574615478516,12.487500190734863,12.618749618530273,12.479999542236328,12.579999923706055,7058400
2019-04-25,12.406452178955078,12.572500228881836,12.681249618530273,12.451250076293945,12.673749923706055,8656800
2019-04-26,12.443456649780273,12.609999656677246,12.609999656677246,12.335000038146973,12.547499656677246,9377600
2019-04-29,12.480462074279785,12.647500038146973,12.69124984741211,12.5649995803833,12.602499961853027,5885600
2019-04-30,12.295438766479492,12.460000038146973,12.494999885559082,12.282500267028809,12.452500343322754,10799200
2019-05-01,12.200459480285645,12.363750457763672,12.688750267028809,12.357500076293945,12.616250038146973,13489600
2019-05-02,12.107946395874023,12.270000457763672,12.492500305175781,12.101249694824219,12.366250038146973,17077600
2019-05-03,12.487860679626465,12.654999732971191,12.671250343322754,12.426250457763672,12.467499732971191,11482400
2019-05-06,12.34230899810791,12.507499694824219,12.53125,12.077500343322754,12.117500305175781,12828800
2019-05-07,11.84644603729248,12.005000114440918,12.329999923706055,11.78125,12.220000267028809,26300000
2019-05-08,11.77490234375,11.932499885559082,12.126250267028809,11.850000381469727,11.930000305175781,16962400
2019-05-09,11.66635513305664,11.822500228881836,11.896249771118164,11.47249984741211,11.686249732971191,25925600
2019-05-10,11.689794540405273,11.8462495803833,11.957500457763672,11.337499618530273,11.726249694824219,19810400
2019-05-13,10.869521141052246,11.015000343322754,11.357500076293945,10.952500343322754,11.241250038146973,28607200
2019-05-14,11.108818054199219,11.257499694824219,11.392499923706055,11.055000305175781,11.135000228881836,14888800
2019-05-15,11.412257194519043,11.5649995803833,11.633749961853027,11.103750228881836,11.113750457763672,20064000
2019-05-16,11.64415454864502,11.800000190734863,11.951250076293945,11.556249618530273,11.579999923706055,19188000
2019-05-17,11.40609073638916,11.55875015258789,11.885000228881836,11.543749809265137,11.567500114440918,19876000
2019-05-20,11.029875755310059,11.177499771118164,11.326250076293945,11.095000267028809,11.243749618530273,18007200
2019-05-21,11.250670433044434,11.401249885559082,11.463749885559082,11.293749809265137,11.362500190734863,9770400
2019-05-22,11.150757789611816,11.300000190734863,11.425000190734863,11.268750190734863,11.272500038146973,7378400
2019-05-23,10.804146766662598,10.948749542236328,11.047499656677246,10.8125,11.045000076293945,18256000
2019-05-24,10.789344787597656,10.93375015258789,11.146249771118164,10.912500381469727,11.076250076293945,10604000
2019-05-28,10.70793342590332,10.851249694824219,11.12125015258789,10.851249694824219,10.992500305175781,10436000
2019-05-29,10.536479949951172,10.677499771118164,10.792499542236328,10.55875015258789,10.725000381469727,17305600
2019-05-30,10.626523971557617,10.768750190734863,10.821249961853027,10.640000343322754,10.734999656677246,13569600
2019-05-31,10.27127742767334,10.4087495803833,10.579999923706055,10.407500267028809,10.510000228881836,16176800
2019-06-03,9.839554786682129,9.9712495803833,10.412500381469727,9.854999542236328,10.363750457763672,30019200
2019-06-04,10.377358436584473,10.516249656677246,10.521249771118164,10.102499961853027,10.175000190734863,14740800
2019-06-05,10.530312538146973,10.671250343322754,10.71875,10.452500343322754,10.71500015258789,16856800
2019-06-06,10.691899299621582,10.835000038146973,10.891249656677246,10.612500190734863,10.704999923706055,12558400
2019-06-07,11.101417541503906,11.25,11.34749984741211,10.926250457763672,10.948749542236328,14323200
2019-06-10,11.35551643371582,11.507499694824219,11.732500076293945,11.40250015258789,11.40250015258789,14978400
2019-06-11,11.394988059997559,11.547499656677246,11.801250457763672,11.473750114440918,11.761249542236328,12202400
2019-06-12,11.269172668457031,11.420000076293945,11.529999732971191,11.375,11.481249809265137,7091200
2019-06-13,11.399923324584961,11.552499771118164,11.600000381469727,11.463749885559082,11.510000228881836,7874400
2019-06-14,11.2864408493042,11.4375,11.505000114440918,11.358750343322754,11.420000076293945,8337600
2019-06-17,11.42952823638916,11.582500457763672,11.647500038146973,11.47249984741211,11.492500305175781,6988000
2019-06-18,11.762571334838867,11.920000076293945,12.082500457763672,11.797499656677246,11.850000381469727,13854400
2019-06-19,11.848913192749023,12.007499694824219,12.063750267028809,11.80875015258789,11.961250305175781,12580800
2019-06-20,12.064774513244629,12.226249694824219,12.3462495803833,12.050000190734863,12.34000015258789,14650400
2019-06-21,12.035171508789062,12.196249961853027,12.34749984741211,12.141249656677246,12.192500114440918,11025600
2019-06-24,12.031469345092773,12.192500114440918,12.260000228881836,12.177499771118164,12.236249923706055,5284800
2019-06-25,11.61449909210205,11.765000343322754,12.178750038146973,11.733750343322754,12.168749809265137,13850400
2019-06-26,11.71815299987793,11.869999885559082,12.068750381469727,11.837499618530273,11.920000076293945,8439200
2019-06-27,11.811939239501953,11.96500015258789,12.017499923706055,11.898750305175781,11.957500457763672,6425600
2019-06-28,11.847726821899414,12.001250267028809,12.046250343322754,11.904999732971191,12.018750190734863,10090400
2019-07-01,12.154994010925293,12.3125,12.479999542236328,12.201250076293945,12.448749542236328,11168800
2019-07-02,12.253715515136719,12.412500381469727,12.412500381469727,12.234999656677246,12.303750038146973,7073600
2019-07-03,12.427711486816406,12.588749885559082,12.588749885559082,12.442500114440918,12.463749885559082,4602400
2019-07-05,12.386987686157227,12.547499656677246,12.586250305175781,12.323749542236328,12.422499656677246,7598400
2019-07-08,12.204355239868164,12.362500190734863,12.382499694824219,12.262499809265137,12.382499694824219,4544800
2019-07-09,12.327757835388184,12.487500190734863,12.516249656677246,12.223750114440918,12.239999771118164,6504000
2019-07-10,12.568387985229492,12.731249809265137,12.803750038146973,12.5912504196167,12.637499809265137,8825600
2019-07-11,12.548643112182617,12.711250305175781,12.832500457763672,12.633749961853027,12.776249885559082,9186400
2019-07-12,12.693023681640625,12.857500076293945,12.857500076293945,12.712499618530273,12.737500190734863,5073600
2019-07-15,12.763361930847168,12.928750038146973,12.942500114440918,12.845000267028809,12.913749694824219,4829600
2019-07-16,12.636260032653809,12.800000190734863,12.926250457763672,12.723750114440918,12.895000457763672,6689600
2019-07-17,12.515324592590332,12.677499771118164,12.8462495803833,12.673749923706055,12.807499885559082,4691200
2019-07-18,12.554813385009766,12.717499732971191,12.75,12.47249984741211,12.557499885559082,8288800
2019-07-19,12.341330528259277,12.501250267028809,12.888750076293945,12.487500190734863,12.888750076293945,9793600
2019-07-22,12.553579330444336,12.7162504196167,12.761249542236328,12.573749542236328,12.579999923706055,5620000
2019-07-23,12.711532592773438,12.876250267028809,12.876250267028809,12.680000305175781,12.850000381469727,6175200
2019-07-24,12.8879976272583,13.055000305175781,13.055000305175781,12.772500038146973,12.78125,6628800
2019-07-25,12.638725280761719,12.802499771118164,12.9662504196167,12.758749961853027,12.961250305175781,8358400
2019-07-26,12.892932891845703,13.0600004196167,13.100000381469727,12.952500343322754,12.9662504196167,5265600
2019-07-29,12.813956260681152,12.979999542236328,13.048749923706055,12.8125,13.048749923706055,6031200
2019-07-30,12.695490837097168,12.859999656677246,12.963749885559082,12.757499694824219,12.779999732971191,4669600
2019-07-31,12.35860824584961,12.518750190734863,12.944999694824219,12.271249771118164,12.932499885559082,15574400
2019-08-01,12.219161987304688,12.3774995803833,13.006250381469727,12.262499809265137,12.553750038146973,20566400
2019-08-02,11.863768577575684,12.017499923706055,12.225000381469727,11.863750457763672,12.201250076293945,18462400
2019-08-05,11.003663063049316,11.146249771118164,11.516249656677246,10.963749885559082,11.512499809265137,26062400
2019-08-06,11.326972961425781,11.473750114440918,11.536250114440918,11.203749656677246,11.369999885559082,14356000
2019-08-07,11.424460411071777,11.572500228881836,11.623749732971191,11.052499771118164,11.227499961853027,21372000
2019-08-08,11.940279006958008,12.095000267028809,12.100000381469727,11.633749961853027,11.712499618530273,11144000
2019-08-09,11.713218688964844,11.864999771118164,12.056249618530273,11.678750038146973,11.976249694824219,15328000
2019-08-12,11.446672439575195,11.595000267028809,11.787500381469727,11.484999656677246,11.71875,10623200
2019-08-13,11.960020065307617,12.114999771118164,12.25374984741211,11.552499771118164,11.583749771118164,17779200
2019-08-14,11.215910911560059,11.361249923706055,11.78499984741211,11.335000038146973,11.702500343322754,19658400
2019-08-15,11.201105117797852,11.3462495803833,11.47249984741211,11.173749923706055,11.411250114440918,15259200
2019-08-16,11.555266380310059,11.704999923706055,11.765000343322754,11.539999961853027,11.539999961853027,8902400
2019-08-19,11.908193588256836,12.0625,12.130000114440918,11.963749885559082,12.032500267028809,8017600
2019-08-20,11.747771263122559,11.899999618530273,12.104999542236328,11.892499923706055,12.024999618530273,8296800
2019-08-21,11.95138168334961,12.106249809265137,12.178750038146973,12.022500038146973,12.108750343322754,5812800
2019-08-22,11.873640060424805,12.02750015258789,12.203749656677246,11.835000038146973,12.147500038146973,8872800
2019-08-23,11.12583065032959,11.270000457763672,12.076250076293945,11.196249961853027,11.864999771118164,18804800
2019-08-26,11.450374603271484,11.598750114440918,11.600000381469727,11.380000114440918,11.516249656677246,9049600
2019-08-27,11.410886764526367,11.55875015258789,11.795000076293945,11.457500457763672,11.755000114440918,10804000
2019-08-28,11.47752571105957,11.626250267028809,11.666250228881836,11.362500190734863,11.4712495803833,7570400
2019-08-29,11.829216003417969,11.982500076293945,12.047499656677246,11.828749656677246,11.913749694824219,9375200
2019-08-30,11.776152610778809,11.928750038146973,12.113750457763672,11.793749809265137,12.107500076293945,8736000
2019-09-03,11.542926788330078,11.692500114440918,11.886249542236328,11.612500190734863,11.770000457763672,10075200
2019-09-04,11.876107215881348,12.029999732971191,12.045000076293945,11.853750228881836,11.913749694824219,6433600
2019-09-05,12.312949180603027,12.47249984741211,12.5337495803833,12.279999732971191,12.287500381469727,7368800
2019-09-06,12.284564971923828,12.443750381469727,12.513750076293945,12.392499923706055,12.5,6122400
2019-09-09,12.226567268371582,12.385000228881836,12.524999618530273,12.258749961853027,12.517499923706055,6916800
2019-09-10,12.168569564819336,12.326250076293945,12.326250076293945,12.09000015258789,12.251250267028809,7916800
2019-09-11,12.386987686157227,12.547499656677246,12.553750038146973,12.303750038146973,12.357500076293945,6238400
2019-09-12,12.479538917541504,12.641249656677246,12.837499618530273,12.611249923706055,12.698749542236328,11579200
2019-09-13,12.398093223571777,12.55875015258789,12.664999961853027,12.522500038146973,12.607500076293945,5365600
2019-09-16,12.273459434509277,12.432499885559082,12.491250038146973,12.364999771118164,12.387499809265137,7053600
2019-09-17,12.390690803527832,12.551250457763672,12.557499885559082,12.392499923706055,12.4375,3535200
2019-09-18,12.38945484161377,12.550000190734863,12.556249618530273,12.236249923706055,12.507499694824219,7505600
2019-09-19,12.425243377685547,12.586250305175781,12.739999771118164,12.538749694824219,12.59000015258789,4820800
2019-09-20,12.162400245666504,12.319999694824219,12.643750190734863,12.231249809265137,12.625,8774400
2019-09-23,12.169803619384766,12.327500343322754,12.398750305175781,12.225000381469727,12.30875015258789,6104000
2019-09-24,11.839092254638672,11.992500305175781,12.488750457763672,11.898750305175781,12.442500114440918,15376000
2019-09-25,12.106868743896484,12.263750076293945,12.328749656677246,11.776249885559082,11.97249984741211,9322400
2019-09-26,12.018019676208496,12.173749923706055,12.2524995803833,11.993749618530273,12.242500305175781,9116000
2019-09-27,11.730496406555176,11.882499694824219,12.227499961853027,11.707500457763672,12.212499618530273,11147200
2019-09-30,11.936576843261719,12.0912504196167,12.131250381469727,11.922499656677246,11.957500457763672,8552000
2019-10-01,11.740367889404297,11.892499923706055,12.319999694824219,11.861249923706055,12.180000305175781,10512800
2019-10-02,11.336847305297852,11.483750343322754,11.739999771118164,11.362500190734863,11.739999771118164,12161600
2019-10-03,11.58981704711914,11.739999771118164,11.751250267028809,11.206250190734863,11.487500190734863,13472000
2019-10-04,11.931639671325684,12.086250305175781,12.114999771118164,11.838749885559082,11.853750228881836,8134400
2019-10-07,11.851426124572754,12.005000114440918,12.197500228881836,11.962499618530273,12.008749961853027,6994400
2019-10-08,11.483694076538086,11.632499694824219,11.953749656677246,11.6274995803833,11.851249694824219,11548800
2019-10-09,11.729260444641113,11.881250381469727,11.977499961853027,11.770000457763672,11.832500457763672,6865600
2019-10-10,11.892151832580566,12.046250343322754,12.143750190734863,11.862500190734863,11.87125015258789,6428800
2019-10-11,12.193249702453613,12.351249694824219,12.555000305175781,12.3125,12.324999809265137,13950400
2019-10-14,12.204355239868164,12.362500190734863,12.431249618530273,12.302499771118164,12.319999694824219,4255200
2019-10-15,12.505452156066895,12.667499542236328,12.726249694824219,12.421250343322754,12.430000305175781,6500000
2019-10-16,12.44251823425293,12.603750228881836,12.662500381469727,12.52750015258789,12.59375,5408000
2019-10-17,12.511622428894043,12.673749923706055,12.795000076293945,12.582500457763672,12.757499694824219,5344000
2019-10-18,12.269759178161621,12.428750038146973,12.6850004196167,12.300000190734863,12.642499923706055,7823200
2019-10-21,12.485710144042969,12.647500038146973,12.662500381469727,12.4975004196167,12.552499771118164,4286400
2019-10-22,12.28580093383789,12.444999694824219,12.78125,12.438750267028809,12.734999656677246,5113600
2019-10-23,12.331459045410156,12.491250038146973,12.492500305175781,12.352499961853027,12.383749961853027,3968800
2019-10-24,12.56468677520752,12.727499961853027,12.743749618530273,12.556249618530273,12.668749809265137,5922400
2019-10-25,12.75842571258545,12.923749923706055,12.943750381469727,12.59375,12.598750114440918,6609600
2019-10-28,13.016332626342773,13.1850004196167,13.2212495803833,13.051250457763672,13.051250457763672,5828000
2019-10-29,12.821361541748047,12.987500190734863,13.177499771118164,12.977499961853027,13.140000343322754,6106400
2019-10-30,12.923784255981445,13.0912504196167,13.147500038146973,12.882499694824219,13.03499984741211,6336800
2019-10-31,12.943526268005371,13.111249923706055,13.1899995803833,12.967499732971191,13.175000190734863,7887200
2019-11-01,13.185392379760742,13.356249809265137,13.356249809265137,13.188750267028809,13.227499961853027,6411200
2019-11-04,13.337174415588379,13.510000228881836,13.574999809265137,13.46875,13.53499984741211,7344800
2019-11-05,13.342110633850098,13.515000343322754,13.574999809265137,13.44124984741211,13.551250457763672,4214400
2019-11-06,13.293985366821289,13.4662504196167,13.5,13.336250305175781,13.5,5488800
2019-11-07,13.382835388183594,13.556249618530273,13.728750228881836,13.477499961853027,13.603750228881836,6590400
2019-11-08,13.488958358764648,13.663749694824219,13.663749694824219,13.4350004196167,13.506250381469727,4704800
2019-11-11,13.450705528259277,13.625,13.633749961853027,13.487500190734863,13.5337495803833,3490400
2019-11-12,13.521041870117188,13.696249961853027,13.792499542236328,13.604999542236328,13.647500038146973,4613600
2019-11-13,13.502533912658691,13.677499771118164,13.731249809265137,13.59000015258789,13.606249809265137,6140000
2019-11-14,13.509937286376953,13.6850004196167,13.701250076293945,13.524999618530273,13.603750228881836,4528000
2019-11-15,13.677762031555176,13.854999542236328,13.869999885559082,13.761249542236328,13.845000267028809,4488000
2019-11-18,13.73205852508545,13.90999984741211,13.949999809265137,13.729999542236328,13.842499732971191,5767200
2019-11-19,13.762909889221191,13.94124984741211,14.008749961853027,13.8412504196167,14.008749961853027,4820800
2019-11-20,13.596318244934082,13.772500038146973,13.954999923706055,13.5649995803833,13.875,10796000
2019-11-21,13.534618377685547,13.710000038146973,13.761249542236328,13.625,13.741250038146973,4807200
2019-11-22,13.554359436035156,13.729999542236328,13.793749809265137,13.586250305175781,13.772500038146973,4209600
2019-11-25,13.872735023498535,14.052499771118164,14.056249618530273,13.836250305175781,13.836250305175781,4988000
2019-11-26,13.924565315246582,14.104999542236328,14.138750076293945,14.037500381469727,14.067500114440918,3788800
2019-11-27,14.117071151733398,14.300000190734863,14.300000190734863,14.143750190734863,14.180000305175781,6480000
2019-11-29,13.983796119689941,14.164999961853027,14.268750190734863,14.15250015258789,14.231249809265137,2859200
2019-12-02,13.675293922424316,13.852499961853027,14.173749923706055,13.7162504196167,14.168749809265137,10956800
2019-12-03,13.4766206741333,13.651249885559082,13.664999961853027,13.358750343322754,13.505000114440918,11588000
2019-12-04,13.613592147827148,13.789999961853027,13.859999656677246,13.757499694824219,13.798749923706055,4644800
2019-12-05,13.665422439575195,13.842499732971191,13.891249656677246,13.71500015258789,13.891249656677246,6520000
2019-12-06,13.950479507446289,14.131250381469727,14.161250114440918,14.0287504196167,14.037500381469727,6270400
2019-12-09,13.833246231079102,14.012499809265137,14.2212495803833,14.00374984741211,14.087499618530273,4480800
2019-12-10,13.809802055358887,13.988750457763672,14.117500305175781,13.926250457763672,14.020000457763672,5700000
2019-12-11,13.957881927490234,14.138750076293945,14.162500381469727,14.007499694824219,14.045000076293945,4825600
2019-12-12,14.166430473327637,14.350000381469727,14.449999809265137,14.067500114440918,14.102499961853027,16383200
2019-12-13,14.251577377319336,14.436249732971191,14.53499984741211,14.270000457763672,14.332500457763672,15720000
2019-12-16,14.5242919921875,14.712499618530273,14.758749961853027,14.618749618530273,14.618749618530273,6349600
2019-12-17,14.540335655212402,14.728750228881836,14.782500267028809,14.692500114440918,14.763750076293945,5134400
2019-12-18,14.561314582824707,14.75,14.842499732971191,14.737500190734863,14.766249656677246,3756800
2019-12-19,14.753817558288574,14.944999694824219,14.951250076293945,14.774999618530273,14.776249885559082,5753600
2019-12-20,14.875985145568848,15.068750381469727,15.114999771118164,15.005000114440918,15.086250305175781,7419200
2019-12-23,14.943857192993164,15.137499809265137,15.188750267028809,15.116250038146973,15.173749923706055,5128000
2019-12-24,14.951264381408691,15.138750076293945,15.172499656677246,15.076250076293945,15.161250114440918,3299200
2019-12-26,15.224092483520508,15.414999961853027,15.414999961853027,15.19124984741211,15.19124984741211,3947200
2019-12-27,15.187055587768555,15.3774995803833,15.523750305175781,15.307499885559082,15.523750305175781,6070400
2019-12-30,14.98212718963623,15.170000076293945,15.382499694824219,15.03125,15.364999771118164,9577600
2019-12-31,15.047554969787598,15.236249923706055,15.255000114440918,15.038749694824219,15.087499618530273,5025600
2020-01-02,15.541361808776855,15.736249923706055,15.738750457763672,15.43375015258789,15.488750457763672,7477600
2020-01-03,15.266066551208496,15.457500457763672,15.638750076293945,15.322500228881836,15.322500228881836,10924000
2020-01-06,15.447540283203125,15.641249656677246,15.6537504196167,15.168749809265137,15.199999809265137,6679200
2020-01-07,15.440132141113281,15.633749961853027,15.731249809265137,15.548749923706055,15.661250114440918,5158400
2020-01-08,15.673458099365234,15.869999885559082,16.022499084472656,15.587499618530273,15.630000114440918,9110400
2020-01-09,15.951226234436035,16.1512508392334,16.202499389648438,15.957500457763672,16.136249542236328,7167200
2020-01-10,15.867279052734375,16.06624984741211,16.272499084472656,16.006250381469727,16.272499084472656,8929600
2020-01-13,16.222822189331055,16.426250457763672,16.434999465942383,16.146249771118164,16.18375015258789,5419200
2020-01-14,16.103071212768555,16.30500030517578,16.466249465942383,16.24625015258789,16.4012508392334,7709600
2020-01-15,16.10553741455078,16.3075008392334,16.459999084472656,16.206249237060547,16.315000534057617,6817600
2020-01-16,16.409229278564453,16.614999771118164,16.62125015258789,16.4012508392334,16.4637508392334,4939200
2020-01-17,16.57589340209961,16.783750534057617,16.806249618530273,16.5987491607666,16.763750076293945,5762400
2020-01-21,16.56107521057129,16.768749237060547,16.850000381469727,16.678749084472656,16.6875,6591200
2020-01-22,16.645023345947266,16.853750228881836,17.046249389648438,16.809999465942383,16.931249618530273,5920000
2020-01-23,16.74378776550293,16.953750610351562,16.967500686645508,16.678749084472656,16.831249237060547,5767200
2020-01-24,16.457374572753906,16.66374969482422,17.149999618530273,16.517499923706055,17.127500534057617,13505600
2020-01-27,15.779626846313477,15.977499961853027,16.153749465942383,15.8125,15.927499771118164,14857600
2020-01-28,16.25615119934082,16.459999084472656,16.53874969482422,16.1200008392334,16.198749542236328,5929600
2020-01-29,16.306764602661133,16.511249542236328,16.686250686645508,16.376249313354492,16.65250015258789,8316800
2020-01-30,16.42527961730957,16.631250381469727,16.64875030517578,16.208749771118164,16.303749084472656,9340000
2020-01-31,15.89320182800293,16.092500686645508,16.780000686645508,15.984999656677246,16.764999389648438,14463200
2020-02-03,16.36602020263672,16.571250915527344,16.6612491607666,16.243749618530273,16.2549991607666,8365600
2020-02-04,17.11907958984375,17.333749771118164,17.40625,16.93000030517578,17.037500381469727,7303200
2020-02-05,17.24993896484375,17.466249465942383,17.77375030517578,17.25374984741211,17.77375030517578,13258400
2020-02-06,17.536346435546875,17.756250381469727,17.771249771118164,17.426250457763672,17.549999237060547,5023200
2020-02-07,17.378326416015625,17.596250534057617,17.797500610351562,17.5049991607666,17.602500915527344,5877600
2020-02-10,17.809173583984375,18.032499313354492,18.032499313354492,17.482500076293945,17.491249084472656,5871200
2020-02-11,17.809173583984375,18.032499313354492,18.346250534057617,17.94124984741211,18.228750228881836,13471200
2020-02-12,18.158544540405273,18.386249542236328,18.399999618530273,18.162500381469727,18.238750457763672,8524800
2020-02-13,18.098054885864258,18.325000762939453,18.485000610351562,18.087499618530273,18.127500534057617,8584000
2020-02-14,18.194345474243164,18.422500610351562,18.4737491607666,18.268749237060547,18.389999389648438,5173600
2020-02-18,18.225210189819336,18.453750610351562,18.518749237060547,18.21875,18.2450008392334,7386400
2020-02-19,18.567169189453125,18.799999237060547,18.8799991607666,18.633750915527344,18.662500381469727,4651200
2020-02-20,18.206689834594727,18.434999465942383,18.793750762939453,17.991249084472656,18.719999313354492,10793600
2020-02-21,17.528940200805664,17.748750686645508,18.325000762939453,17.594999313354492,18.274999618530273,11076800
2020-02-24,16.167266845703125,16.3700008392334,16.806249618530273,16.1924991607666,16.37874984741211,32115200
2020-02-25,15.29446029663086,15.486249923706055,16.75,15.385000228881836,16.636249542236328,32688800
2020-02-26,15.426553726196289,15.619999885559082,16.177499771118164,15.404999732971191,15.657500267028809,28350400
2020-02-27,13.882168769836426,14.056249618530273,15.318750381469727,14.053750038146973,14.842499732971191,44845600
2020-02-28,14.0216703414917,14.197500228881836,14.271249771118164,13.043749809265137,13.136249542236328,52608800
2020-03-02,15.3413724899292,15.5337495803833,15.547499656677246,14.098750114440918,14.49625015258789,27213600
2020-03-03,14.362397193908691,14.542499542236328,15.991250038146973,14.272500038146973,15.635000228881836,36943200
2020-03-04,15.541361808776855,15.736249923706055,15.756250381469727,14.797499656677246,15.0912504196167,19877600
2020-03-05,14.605598449707031,14.788749694824219,15.4712495803833,14.571249961853027,14.9350004196167,23922400
2020-03-06,14.113025665283203,14.289999961853027,14.4375,13.572500228881836,13.805000305175781,25092000
2020-03-09,12.169892311096191,12.322500228881836,13.336250305175781,12.25,12.3125,18062400
2020-03-10,13.47477912902832,13.643750190734863,13.661250114440918,12.3125,13.257499694824219,27948800
2020-03-11,12.299514770507812,12.453749656677246,13.186249732971191,12.114999771118164,13.0024995803833,29296000
2020-03-12,10.023061752319336,10.148750305175781,11.868749618530273,10.118749618530273,10.7837495803833,36395200
2020-03-13,11.932863235473633,12.082500457763672,12.137499809265137,10.258749961853027,11.272500038146973,32360800
2020-03-16,9.035449028015137,9.148750305175781,10.90250015258789,9.0,9.563750267028809,23924800
2020-03-17,10.25391674041748,10.382499694824219,10.632499694824219,9.061249732971191,9.661250114440918,31902400
2020-03-18,9.611967086791992,9.732500076293945,10.038749694824219,8.641249656677246,9.198749542236328,30875200
2020-03-19,9.744059562683105,9.866250038146973,10.4975004196167,9.199999809265137,9.633749961853027,35715200
2020-03-20,8.965079307556152,9.077500343322754,10.4350004196167,9.020000457763672,10.30875015258789,36707200
2020-03-23,9.010754585266113,9.123749732971191,9.493749618530273,8.50374984741211,9.140000343322754,33055200
2020-03-24,10.382308006286621,10.512499809265137,10.520000457763672,9.901249885559082,10.069999694824219,31956000
2020-03-25,10.196985244750977,10.323749542236328,11.170000076293945,10.077500343322754,10.578749656677246,28396800
2020-03-26,11.29458999633789,11.4350004196167,11.518750190734863,10.482500076293945,10.515000343322754,22880000
2020-03-27,10.46613883972168,10.5962495803833,11.258749961853027,10.5625,10.8412504196167,17913600
2020-03-30,11.26742935180664,11.407500267028809,11.460000038146973,10.762499809265137,10.835000038146973,16922400
2020-03-31,11.06000804901123,11.197500228881836,11.7837495803833,11.069999694824219,11.359999656677246,20289600
2020-04-01,10.13648796081543,10.262499809265137,10.885000228881836,10.09375,10.552499771118164,15729600
2020-04-02,10.538982391357422,10.670000076293945,10.69124984741211,10.104999542236328,10.161250114440918,17881600
2020-04-03,10.252544403076172,10.380000114440918,10.792499542236328,10.130000114440918,10.611249923706055,11934400
2020-04-06,11.710668563842773,11.856249809265137,11.973750114440918,11.0287504196167,11.161250114440918,16623200
2020-04-07,11.664987564086914,11.8100004196167,12.578749656677246,11.788749694824219,12.5337495803833,23536800
2020-04-08,12.1724271774292,12.323749542236328,12.399999618530273,11.832500457763672,12.039999961853027,18464800
2020-04-09,12.20329475402832,12.354999542236328,12.65999984741211,12.143750190734863,12.536250114440918,20278400
2020-04-13,12.483560562133789,12.638750076293945,12.6875,12.112500190734863,12.260000228881836,13797600
2020-04-14,13.56264591217041,13.731249809265137,13.802499771118164,13.055000305175781,13.145000457763672,23470400
2020-04-15,13.252748489379883,13.417499542236328,13.657500267028809,13.125,13.302499771118164,14076000
2020-04-16,13.75525188446045,13.926250457763672,14.045000076293945,13.454999923706055,13.71500015258789,23693600
2020-04-17,13.982426643371582,14.15625,14.329999923706055,13.751250267028809,14.258749961853027,17477600
2020-04-20,13.658947944641113,13.828749656677246,14.25374984741211,13.822500228881836,13.90625,14834400
2020-04-21,12.642828941345215,12.800000190734863,13.630000114440918,12.654999732971191,13.561249732971191,24203200
2020-04-22,13.424365997314453,13.5912504196167,13.736249923706055,13.244999885559082,13.353750228881836,14567200
2020-04-23,13.360162734985352,13.526249885559082,14.015000343322754,13.462499618530273,13.681249618530273,16400000
2020-04-24,13.799697875976562,13.9712495803833,13.992500305175781,13.388750076293945,13.568750381469727,12976800
2020-04-27,13.967611312866211,14.141249656677246,14.303750038146973,14.02750015258789,14.244999885559082,13344800
2020-04-28,13.470047950744629,13.637499809265137,14.399999618530273,13.600000381469727,14.399999618530273,18484800
2020-04-29,14.388628005981445,14.567500114440918,14.7212495803833,14.100000381469727,14.242500305175781,16485600
2020-04-30,14.442954063415527,14.6225004196167,14.731249809265137,14.376250267028809,14.729999542236328,14748000
2020-05-01,13.570053100585938,13.738750457763672,14.28125,13.619999885559082,13.992500305175781,15874400
2020-05-04,13.90958309173584,14.082500457763672,14.104999542236328,13.545000076293945,13.608750343322754,11196800
2020-05-05,14.219480514526367,14.396249771118164,14.717499732971191,14.289999961853027,14.358750343322754,11768000
2020-05-06,14.392333030700684,14.571249961853027,14.8412504196167,14.456250190734863,14.6225004196167,11310400
2020-05-07,14.773839950561523,14.957500457763672,15.06624984741211,14.767499923706055,14.9399995803833,10453600
2020-05-08,15.161520004272461,15.350000381469727,15.369999885559082,15.047499656677246,15.177499771118164,11151200
2020-05-11,15.413387298583984,15.604999542236328,15.771249771118164,15.133749961853027,15.168749809265137,9703200
2020-05-12,14.798532485961914,14.982500076293945,15.797499656677246,14.973750114440918,15.707500457763672,10824000
2020-05-13,14.42937183380127,14.608750343322754,15.307499885559082,14.244999885559082,15.055000305175781,18562400
2020-05-14,14.744207382202148,14.927499771118164,14.93375015258789,14.15250015258789,14.431249618530273,16701600
2020-05-15,14.934343338012695,15.119999885559082,15.132499694824219,14.4662504196167,14.520000457763672,13533600
2020-05-18,15.505986213684082,15.698749542236328,15.828749656677246,15.426250457763672,15.529999732971191,15345600
2020-05-19,15.405980110168457,15.59749984741211,16.017499923706055,15.592499732971191,15.7212495803833,14496800
2020-05-20,16.033185958862305,16.232500076293945,16.27750015258789,15.96875,15.96875,10851200
2020-05-21,15.680070877075195,15.875,16.331249237060547,15.807499885559082,16.2450008392334,14448800
2020-05-22,15.777609825134277,15.973750114440918,16.011249542236328,15.686249732971191,15.8125,7922400
2020-05-26,15.714644432067871,15.90999984741211,16.521249771118164,15.867500305175781,16.49250030517578,12181600
2020-05-27,15.864036560058594,16.061250686645508,16.084999084472656,15.1875,15.823749542236328,21416800
2020-05-28,15.802301406860352,15.998749732971191,16.508750915527344,15.896249771118164,15.897500038146973,16858400
2020-05-29,16.23196029663086,16.43375015258789,16.52375030517578,15.851249694824219,16.094999313354492,23090400
2020-06-01,16.404813766479492,16.608749389648438,16.647499084472656,16.306249618530273,16.354999542236328,9300800
2020-06-02,16.60852813720703,16.815000534057617,16.815000534057617,16.303749084472656,16.64875030517578,10876800
2020-06-03,16.75421714782715,16.962499618530273,17.071250915527344,16.7762508392334,16.89875030517578,7372000
2020-06-04,16.51469612121582,16.719999313354492,17.1200008392334,16.5362491607666,16.903749465942383,14243200
2020-06-05,17.161657333374023,17.375,17.4737491607666,16.8125,16.86750030517578,12560800
2020-06-08,17.44439125061035,17.6612491607666,17.670000076293945,17.133750915527344,17.357500076293945,12563200
2020-06-09,17.68267822265625,17.90250015258789,18.042499542236328,17.516250610351562,17.524999618530273,11370400
2020-06-10,18.12221336364746,18.34749984741211,18.577499389648438,18.092500686645508,18.162500381469727,15496800
2020-06-11,16.33073616027832,16.533750534057617,17.948749542236328,16.516250610351562,17.748750686645508,20905600
2020-06-12,16.559144973754883,16.764999389648438,17.421249389648438,16.202499389648438,17.247499465942383,24397600
2020-06-15,16.97275161743164,17.18375015258789,17.290000915527344,16.153749465942383,16.282499313354492,16255200
2020-06-16,17.582672119140625,17.801250457763672,18.108749389648438,17.157499313354492,17.921249389648438,17252000
2020-06-17,17.667863845825195,17.887500762939453,18.170000076293945,17.780000686645508,18.006250381469727,10474400
2020-06-18,17.777746200561523,17.998750686645508,18.028749465942383,17.729999542236328,17.846250534057617,11544800
2020-06-19,17.755517959594727,17.97624969482422,18.392499923706055,17.725000381469727,18.362499237060547,12873600
2020-06-22,18.196292877197266,18.422500610351562,18.438749313354492,17.920000076293945,17.977500915527344,8647200
2020-06-23,18.48643684387207,18.716249465942383,19.065000534057617,18.577499389648438,18.65999984741211,8218400
2020-06-24,17.74564552307129,17.966249465942383,18.799999237060547,17.72624969482422,18.602500915527344,16951200
2020-06-25,18.086410522460938,18.311250686645508,18.328750610351562,17.587499618530273,17.967500686645508,11276800
2020-06-26,17.202396392822266,17.416250228881836,18.258750915527344,17.350000381469727,18.2549991607666,15106400
2020-06-29,17.565385818481445,17.783750534057617,17.8075008392334,17.006250381469727,17.393749237060547,12743200
2020-06-30,18.234567642211914,18.46125030517578,18.583749771118164,17.771249771118164,17.793750762939453,9148800
2020-07-01,18.698795318603516,18.931249618530273,19.084999084472656,18.424999237060547,18.5049991607666,9286400
2020-07-02,18.9518985748291,19.1875,19.50749969482422,19.118749618530273,19.306249618530273,9366400
2020-07-06,19.88899803161621,20.136249542236328,20.212499618530273,19.688749313354492,19.696250915527344,8572800
2020-07-07,19.607500076293945,19.85124969482422,20.518749237060547,19.813749313354492,20.087499618530273,10094400
2020-07-08,20.11617660522461,20.366249084472656,20.383750915527344,19.837499618530273,20.071250915527344,8076000
2020-07-09,20.45076560974121,20.704999923706055,20.832500457763672,20.012500762939453,20.673749923706055,12246400
2020-07-10,20.75572395324707,21.013750076293945,21.041250228881836,20.260000228881836,20.671249389648438,9117600
2020-07-13,19.891469955444336,20.138750076293945,21.922500610351562,20.00374984741211,21.46125030517578,16536000
2020-07-14,20.181610107421875,20.4325008392334,20.483749389648438,19.238750457763672,19.74625015258789,21487200
2020-07-15,20.226058959960938,20.477500915527344,20.782499313354492,19.971250534057617,20.63249969482422,14611200
2020-07-16,19.943323135375977,20.19124984741211,20.318750381469727,19.673749923706055,20.0362491607666,11288800
2020-07-17,20.007526397705078,20.256250381469727,20.40250015258789,19.920000076293945,20.31624984741211,9411200
2020-07-20,21.156984329223633,21.420000076293945,21.508750915527344,20.166250228881836,20.375,7736800
2020-07-21,20.71127700805664,20.96875,21.678749084472656,20.829999923706055,21.676250457763672,11613600
2020-07-22,20.856964111328125,21.116249084472656,21.258750915527344,20.735000610351562,21.03874969482422,7987200
2020-07-23,19.75688934326172,20.002500534057617,21.146249771118164,19.78125,21.045000076293945,16324000
2020-07-24,19.376619338989258,19.61750030517578,19.842500686645508,18.975000381469727,19.40250015258789,15490400
2020-07-27,20.07543182373047,20.325000762939453,20.386249542236328,19.770000457763672,19.891250610351562,10046400
2020-07-28,19.576631546020508,19.81999969482422,20.283750534057617,19.763750076293945,20.201250076293945,7340000
2020-07-29,20.02975082397461,20.278749465942383,20.403749465942383,19.981250762939453,20.045000076293945,6929600
2020-07-30,20.23099708557129,20.482500076293945,20.565000534057617,19.771249771118164,19.954999923706055,8896800
2020-07-31,20.94956398010254,21.209999084472656,21.227500915527344,20.438749313354492,21.2137508392334,11823200
2020-08-03,21.503921508789062,21.771249771118164,21.897499084472656,21.540000915527344,21.568750381469727,7482400
2020-08-04,21.67060089111328,21.940000534057617,21.943750381469727,21.571250915527344,21.677499771118164,7414400
2020-08-05,21.784191131591797,22.05500030517578,22.11750030517578,21.84000015258789,22.016250610351562,6196800
2020-08-06,22.338544845581055,22.616249084472656,22.684999465942383,21.907499313354492,22.008750915527344,7689600
2020-08-07,21.836044311523438,22.107500076293945,22.665000915527344,21.737499237060547,22.528749465942383,11301600
2020-08-10,21.64097023010254,21.90999984741211,22.197500228881836,21.332500457763672,22.155000686645508,10324000
2020-08-11,20.833507537841797,21.092500686645508,21.938749313354492,20.993749618530273,21.717500686645508,11932800
2020-08-12,21.881723403930664,22.153749465942383,22.299999237060547,21.427499771118164,21.427499771118164,9388000
2020-08-13,21.968149185180664,22.241249084472656,22.625,22.09749984741211,22.268749237060547,8996000
2020-08-14,21.927413940429688,22.200000762939453,22.383750915527344,21.957500457763672,22.327499389648438,5904000
2020-08-17,22.41385841369629,22.6924991607666,22.761249542236328,22.452499389648438,22.475000381469727,5020800
2020-08-18,22.850927352905273,23.135000228881836,23.225000381469727,22.639999389648438,22.885000228881836,4248000
2020-08-19,22.552143096923828,22.832500457763672,23.3125,22.752500534057617,23.139999389648438,6243600
2020-08-20,23.1768798828125,23.46500015258789,23.545000076293945,22.63249969482422,22.6924991607666,4279600
2020-08-21,23.48554039001465,23.77750015258789,23.862499237060547,23.385000228881836,23.512500762939453,4805200
2020-08-24,23.78926658630371,24.084999084472656,24.477500915527344,23.690000534057617,24.337499618530273,5148400
2020-08-25,24.159658432006836,24.459999084472656,24.47249984741211,23.875,23.9424991607666,4954400
2020-08-26,25.184417724609375,25.497499465942383,25.530000686645508,24.655000686645508,24.670000076293945,6337600
2020-08-27,25.016504287719727,25.327499389648438,25.832500457763672,24.9375,25.690000534057617,9339600
2020-08-28,25.27825164794922,25.592500686645508,25.707500457763672,25.325000762939453,25.55500030517578,5770000
2020-08-31,25.720260620117188,26.040000915527344,26.337499618530273,25.6200008392334,25.704999923706055,6781200
2020-09-01,26.56969451904297,26.899999618530273,26.922500610351562,26.177499771118164,26.497499465942383,7399200
2020-09-02,27.066022872924805,27.40250015258789,27.50749969482422,26.357500076293945,27.4950008392334,10671200
2020-09-03,24.29053497314453,24.592500686645508,26.649999618530273,24.082500457763672,26.587499618530273,21334400
2020-09-04,23.64604377746582,23.940000534057617,24.872499465942383,21.952499389648438,24.342500686645508,22371200
2020-09-08,21.391571044921875,21.657499313354492,23.049999237060547,21.607500076293945,22.065000534057617,14596800
2020-09-09,22.63857078552246,22.920000076293945,23.27750015258789,22.15250015258789,22.547500610351562,15787600
2020-09-10,21.710107803344727,21.979999542236328,23.639999389648438,21.712499618530273,23.440000534057617,15222800
2020-09-11,21.436017990112305,21.702499389648438,22.467500686645508,21.135000228881836,22.344999313354492,15321600
2020-09-14,22.181747436523438,22.457500457763672,22.790000915527344,22.11750030517578,22.327499389648438,10220400
2020-09-15,22.813886642456055,23.09749984741211,23.332500457763672,22.809999465942383,23.072500228881836,9455200
2020-09-16,22.060747146606445,22.334999084472656,23.3075008392334,22.3075008392334,23.212499618530273,11146800
2020-09-17,21.403915405273438,21.670000076293945,21.989999771118164,21.0674991607666,21.202499389648438,12571600
2020-09-18,20.83844566345215,21.09749984741211,21.924999237060547,20.427499771118164,21.862499237060547,16731200
2020-09-21,21.018705368041992,21.280000686645508,21.280000686645508,20.094999313354492,20.479999542236328,15192800
2020-09-22,21.771841049194336,22.042499542236328,22.142499923706055,21.110000610351562,21.670000076293945,9837200
2020-09-23,20.43347930908203,20.6875,22.022499084472656,20.559999465942383,22.0049991607666,11753600
2020-09-24,20.638431549072266,20.895000457763672,21.412500381469727,20.24250030517578,20.295000076293945,14940400
2020-09-25,21.616275787353516,21.885000228881836,21.9950008392334,20.727500915527344,20.97249984741211,9966800
2020-09-28,22.483001708984375,22.762500762939453,22.77750015258789,22.237499237060547,22.674999237060547,7680400
2020-09-29,22.280519485473633,22.5575008392334,22.857500076293945,22.475000381469727,22.702499389648438,7970800
2020-09-30,22.631160736083984,22.912500381469727,23.405000686645508,22.559999465942383,22.584999084472656,11083200
2020-10-01,23.317625045776367,23.607500076293945,23.729999542236328,23.212499618530273,23.52750015258789,10772400
2020-10-02,22.003955841064453,22.27750015258789,23.1875,22.127500534057617,22.5625,15080400
2020-10-05,22.957107543945312,23.24250030517578,23.270000457763672,22.587499618530273,22.59749984741211,8582000
2020-10-06,22.10519790649414,22.3799991607666,23.389999389648438,22.229999542236328,23.082500457763672,11046000
2020-10-07,22.915128707885742,23.200000762939453,23.292499542236328,22.74250030517578,22.827499389648438,5386400
2020-10-08,23.12255096435547,23.40999984741211,23.579999923706055,23.227500915527344,23.565000534057617,6250000
2020-10-09,23.823833465576172,24.1200008392334,24.1299991607666,23.622499465942383,23.674999237060547,8204400
2020-10-12,25.28813362121582,25.602500915527344,26.100000381469727,24.75,24.934999465942383,11895200
2020-10-13,25.270841598510742,25.584999084472656,26.045000076293945,25.362499237060547,25.93000030517578,10455200
2020-10-14,24.868345260620117,25.177499771118164,25.920000076293945,24.8700008392334,25.75749969482422,9660000
2020-10-15,24.51770782470703,24.822500228881836,24.94499969482422,24.225000381469727,24.329999923706055,9642000
2020-10-16,24.260902404785156,24.5625,25.3799991607666,24.524999618530273,25.13249969482422,10963200
2020-10-19,23.44356346130371,23.735000610351562,25.0625,23.579999923706055,24.897499084472656,9526400
2020-10-20,23.589250564575195,23.88249969482422,24.395000457763672,23.61750030517578,23.892499923706055,10346800
2020-10-21,23.529987335205078,23.822500228881836,24.34749984741211,23.737499237060547,23.895000457763672,7973200
2020-10-22,23.537397384643555,23.829999923706055,24.114999771118164,23.262500762939453,23.97249984741211,9636000
2020-10-23,23.643569946289062,23.9375,23.9375,23.420000076293945,23.9375,6109600
2020-10-26,22.895376205444336,23.18000030517578,24.0,22.575000762939453,23.5049991607666,13420000
2020-10-27,23.24848747253418,23.537500381469727,23.690000534057617,23.157499313354492,23.352500915527344,9899200
2020-10-28,21.448362350463867,21.71500015258789,22.8799991607666,21.674999237060547,22.795000076293945,16731600
2020-10-29,22.161991119384766,22.4375,22.96500015258789,21.857500076293945,21.947500228881836,11930800
2020-10-30,21.112537384033203,21.375,22.274999618530273,20.952499389648438,22.137500762939453,14191200
2020-11-02,21.17180061340332,21.434999465942383,21.982500076293945,20.950000762939453,21.700000762939453,8594800
2020-11-03,21.880489349365234,22.15250015258789,22.5,21.5674991607666,21.709999084472656,8650800
2020-11-04,23.83864974975586,24.135000228881836,24.43000030517578,23.325000762939453,23.59749984741211,12656400
2020-11-05,25.09305763244629,25.405000686645508,25.559999465942383,24.99250030517578,25.25,10176000
2020-11-06,25.135034561157227,25.447500228881836,25.552499771118164,24.610000610351562,25.262500762939453,7578400
2020-11-09,24.07076644897461,24.3700008392334,26.19499969482422,24.325000762939453,25.90250015258789,14152400
2020-11-10,23.246017456054688,23.53499984741211,24.065000534057617,23.047500610351562,23.822500228881836,11485600
2020-11-11,24.275712966918945,24.577499389648438,24.645000457763672,23.864999771118164,23.917499542236328,7230400
2020-11-12,24.046070098876953,24.344999313354492,24.957500457763672,24.139999389648438,24.709999084472656,6288800
2020-11-13,24.48807716369629,24.792499542236328,24.864999771118164,24.2450008392334,24.61750030517578,4542000
2020-11-16,24.814023971557617,25.122499465942383,25.200000762939453,24.610000610351562,24.707500457763672,5726400
2020-11-17,24.653520584106445,24.959999084472656,25.237499237060547,24.86750030517578,25.18000030517578,4220000
2020-11-18,24.305349349975586,24.607500076293945,25.170000076293945,24.602500915527344,24.885000228881836,5259600
2020-11-19,24.673274993896484,24.979999542236328,25.052499771118164,24.399999618530273,24.517499923706055,4780800
2020-11-20,24.357202529907227,24.65999984741211,25.112499237060547,24.649999618530273,24.997499465942383,3907200
2020-11-23,24.354732513427734,24.657499313354492,25.05500030517578,24.270000457763672,24.832500457763672,6552800
2020-11-24,25.05107879638672,25.362499237060547,25.434999465942383,24.530000686645508,24.84000015258789,5338800
2020-11-25,25.36467742919922,25.68000030517578,25.772499084472656,25.375,25.520000457763672,5023600
2020-11-27,25.8140926361084,26.135000228881836,26.329999923706055,25.952499389648438,25.989999771118164,3326400
2020-11-30,25.88075828552246,26.202499389648438,26.290000915527344,25.395000457763672,26.184999465942383,5148000
2020-12-01,26.61908721923828,26.950000762939453,27.200000762939453,26.447500228881836,26.627500534057617,4608000
2020-12-02,26.638837814331055,26.969999313354492,27.037500381469727,26.354999542236328,26.6825008392334,4815200
2020-12-03,26.70056915283203,27.032499313354492,27.329999923706055,26.920000076293945,27.0049991607666,5140400
2020-12-04,26.95244026184082,27.287500381469727,27.290000915527344,26.93000030517578,27.0575008392334,3401200
2020-12-07,27.236412048339844,27.575000762939453,27.637500762939453,27.270000457763672,27.299999237060547,3628000
2020-12-08,27.40432357788086,27.7450008392334,27.8125,27.15999984741211,27.489999771118164,3881600
2020-12-09,26.2017765045166,26.52750015258789,27.764999389648438,26.30500030517578,27.735000610351562,8483600
2020-12-10,26.372154235839844,26.700000762939453,26.917499542236328,25.940000534057617,26.13249969482422,7340000
2020-12-11,26.27585220336914,26.602500915527344,26.614999771118164,26.0,26.405000686645508,6267200
2020-12-14,26.61908721923828,26.950000762939453,27.332500457763672,26.78499984741211,26.78499984741211,5519200
2020-12-15,27.211713790893555,27.549999237060547,27.549999237060547,26.9950008392334,27.395000457763672,3863600
2020-12-16,27.512971878051758,27.854999542236328,28.0049991607666,27.447500228881836,27.635000228881836,5317200
2020-12-17,27.871021270751953,28.217500686645508,28.262500762939453,27.9325008392334,28.15999984741211,4388400
2020-12-18,27.678417205810547,28.022499084472656,28.389999389648438,27.607500076293945,28.352500915527344,7573200
2020-12-21,27.606809616088867,27.950000762939453,28.042499542236328,26.977500915527344,27.5,7365200
2020-12-22,27.74014663696289,28.084999084472656,28.264999389648438,27.56999969482422,28.112499237060547,6357600
2020-12-23,27.46358871459961,27.80500030517578,28.162500381469727,27.780000686645508,28.100000381469727,4632800
2020-12-24,27.70311164855957,28.047500610351562,28.127500534057617,27.850000381469727,27.857500076293945,2612400
2020-12-28,28.2661075592041,28.61750030517578,28.702499389648438,28.197500228881836,28.52750015258789,4510800
2020-12-29,28.317964553833008,28.670000076293945,28.979999542236328,28.5,28.86750030517578,4793200
2020-12-30,28.293272018432617,28.645000457763672,28.940000534057617,28.547500610351562,28.8799991607666,3214800
2020-12-31,28.424144744873047,28.77750015258789,28.885000228881836,28.452499389648438,28.65250015258789,4652000
2021-01-04,27.62409210205078,27.967500686645508,29.079999923706055,27.239999771118164,29.05500030517578,10180000
2021-01-05,28.073505401611328,28.422500610351562,28.477500915527344,27.792499542236328,27.799999237060547,8942800
2021-01-06,27.320363998413086,27.65999984741211,28.44499969482422,27.3700008392334,27.572500228881836,9966000
2021-01-07,28.653791427612305,29.010000228881836,29.142499923706055,28.145000457763672,28.145000457763672,6424400
2021-01-08,29.374826431274414,29.739999771118164,29.795000076293945,29.010000228881836,29.424999237060547,9081200
2021-01-11,28.500694274902344,28.854999542236328,29.385000228881836,28.739999771118164,29.15999984741211,8142800
2021-01-12,28.431550979614258,28.78499984741211,29.082500457763672,28.282499313354492,28.885000228881836,6837200
2021-01-13,28.799480438232422,29.157499313354492,29.309999465942383,28.719999313354492,28.829999923706055,4868400
2021-01-14,28.483409881591797,28.837499618530273,29.4325008392334,28.764999389648438,29.237499237060547,5456400
2021-01-15,28.041397094726562,28.389999389648438,28.987499237060547,28.177499771118164,28.8174991607666,5389200
2021-01-19,28.87108612060547,29.229999542236328,29.3075008392334,28.625,28.822500228881836,6685200
2021-01-20,30.19216537475586,30.5674991607666,30.75,29.832500457763672,29.887500762939453,5584400
2021-01-21,30.70084571838379,31.082500457763672,31.202499389648438,30.56999969482422,30.764999389648438,6775200
2021-01-22,30.50823974609375,30.887500762939453,31.079999923706055,30.75,30.887500762939453,5576800
2021-01-25,31.049015045166016,31.434999465942383,31.802499771118164,30.125,31.547500610351562,14268400
2021-01-26,31.093463897705078,31.479999542236328,31.704999923706055,31.227500915527344,31.540000915527344,9333200
2021-01-27,29.419273376464844,29.78499984741211,31.032499313354492,29.337499618530273,31.030000686645508,12130800
2021-01-28,29.713123321533203,30.082500457763672,31.017499923706055,29.842500686645508,29.94499969482422,9271200
2021-01-29,28.488344192504883,28.842500686645508,29.954999923706055,28.467500686645508,29.739999771118164,11287200
2021-02-01,29.888444900512695,30.260000228881836,30.4325008392334,29.107500076293945,29.469999313354492,9096400
2021-02-02,30.86875343322754,31.252500534057617,31.450000762939453,30.787500381469727,30.825000762939453,6991600
2021-02-03,30.602066040039062,30.982500076293945,31.704999923706055,30.97249984741211,31.625,7540400
2021-02-04,31.332984924316406,31.72249984741211,31.725000381469727,30.9950008392334,31.267499923706055,4824400
2021-02-05,31.552749633789062,31.94499969482422,32.125,31.582500457763672,31.912500381469727,7433200
2021-02-08,31.947845458984375,32.345001220703125,32.380001068115234,31.947500228881836,32.26499938964844,5049200
2021-02-09,31.937959671020508,32.334999084472656,32.587501525878906,32.16749954223633,32.16749954223633,3492400
2021-02-10,31.78239631652832,32.1775016784668,32.70000076293945,31.552499771118164,32.60749816894531,5258800
2021-02-11,32.13550567626953,32.53499984741211,32.61750030517578,32.064998626708984,32.5,4302000
2021-02-12,32.491085052490234,32.89500045776367,32.932498931884766,32.165000915527344,32.377498626708984,3381600
2021-02-16,32.32316589355469,32.724998474121094,33.2400016784668,32.48749923706055,33.05500030517578,4618800
2021-02-17,32.00957107543945,32.407501220703125,32.45750045776367,31.670000076293945,32.122501373291016,6291600
2021-02-18,31.71819305419922,32.11249923706055,32.25749969482422,31.327499389648438,31.684999465942383,5330400
2021-02-19,31.45151138305664,31.842500686645508,32.404998779296875,31.647499084472656,32.38750076293945,4489600
2021-02-22,29.82176971435547,30.1924991607666,31.217500686645508,30.15999984741211,30.96500015258789,8728800
2021-02-23,29.63656997680664,30.0049991607666,30.327499389648438,28.052499771118164,29.15999984741211,17403200
2021-02-24,30.120559692382812,30.4950008392334,30.5625,28.97249984741211,29.489999771118164,9657200
2021-02-25,27.987077713012695,28.334999084472656,30.47249984741211,28.06999969482422,29.969999313354492,16296800
2021-02-26,28.28339385986328,28.635000228881836,29.5049991607666,28.022499084472656,28.912500381469727,19246400
2021-03-01,29.955110549926758,30.327499389648438,30.387500762939453,29.295000076293945,29.5575008392334,8928000
2021-03-02,28.98467254638672,29.344999313354492,30.459999084472656,29.30500030517578,30.44499969482422,7660000
2021-03-03,27.315431594848633,27.655000686645508,29.3174991607666,27.635000228881836,29.142499923706055,11431200
2021-03-04,26.399316787719727,26.727500915527344,28.155000686645508,26.022499084472656,27.5625,26453600
2021-03-05,27.209243774414062,27.547500610351562,27.697500228881836,25.600000381469727,27.21500015258789,17203600
2021-03-08,25.660993576049805,25.979999542236328,27.780000686645508,25.90250015258789,27.434999465942383,11614000
2021-03-09,27.690763473510742,28.03499984741211,28.362499237060547,27.1875,27.272499084472656,8753600
2021-03-10,27.525320053100586,27.86750030517578,28.924999237060547,27.74250030517578,28.8174991607666,14217200
2021-03-11,28.80194664001465,29.15999984741211,29.46500015258789,28.572500228881836,28.7450008392334,8259600
2021-03-12,28.3204345703125,28.672500610351562,28.69499969482422,27.934999465942383,28.3700008392334,9356400
2021-03-15,28.932819366455078,29.292499542236328,29.3125,28.422500610351562,28.725000381469727,5027200
2021-03-16,29.248891830444336,29.612499237060547,30.262500762939453,29.329999923706055,29.690000534057617,7150400
2021-03-17,29.48100471496582,29.84749984741211,30.202499389648438,28.69499969482422,29.022499084472656,8042000
2021-03-18,27.663602828979492,28.00749969482422,29.09000015258789,27.93000030517578,28.912500381469727,12377600
2021-03-19,27.912996292114258,28.260000228881836,28.49250030517578,27.584999084472656,27.987499237060547,9916800
2021-03-22,28.9155330657959,29.274999618530273,29.637500762939453,28.63249969482422,28.63249969482422,8472000
2021-03-23,28.616748809814453,28.97249984741211,29.712499618530273,28.854999542236328,29.454999923706055,9600400
2021-03-24,27.668535232543945,28.012500762939453,29.272499084472656,28.00749969482422,29.272499084472656,8714800
2021-03-25,27.589521408081055,27.9325008392334,28.202499389648438,27.219999313354492,27.677499771118164,10858000
2021-03-26,28.41179847717285,28.764999389648438,28.81999969482422,27.637500762939453,27.887500762939453,8796400
2021-03-29,28.387104034423828,28.739999771118164,28.940000534057617,28.122499465942383,28.667499542236328,8086400
2021-03-30,28.11054229736328,28.459999084472656,28.5625,27.950000762939453,28.3799991607666,6412400
2021-03-31,28.937761306762695,29.297500610351562,29.607500076293945,28.72249984741211,28.790000915527344,6393600
2021-04-01,29.952646255493164,30.325000762939453,30.34749984741211,30.0049991607666,30.0575008392334,6406000
2021-04-05,31.15272331237793,31.540000915527344,31.674999237060547,30.752500534057617,30.802499771118164,7248400
2021-04-06,31.0860538482666,31.47249984741211,31.862499237060547,31.350000381469727,31.46500015258789,5124000
2021-04-07,31.239145278930664,31.627500534057617,31.792499542236328,31.212499618530273,31.397499084472656,4508400
2021-04-08,31.8959903717041,32.29249954223633,32.32749938964844,32.03499984741211,32.20249938964844,3505600
2021-04-09,32.2861328125,32.6875,32.71500015258789,31.889999389648438,32.022499084472656,5977600
2021-04-12,32.19230270385742,32.592498779296875,32.68000030517578,32.220001220703125,32.47249984741211,3947200
2021-04-13,32.942970275878906,33.352500915527344,33.442501068115234,32.8650016784668,32.89500045776367,4570000
2021-04-14,32.15032196044922,32.54999923706055,33.404998779296875,32.38750076293945,33.404998779296875,5747600
2021-04-15,33.115821838378906,33.52750015258789,33.60499954223633,33.099998474121094,33.119998931884766,6026800
2021-04-16,33.204715728759766,33.61750030517578,33.65250015258789,33.24250030517578,33.63750076293945,4457600
2021-04-19,32.592323303222656,32.997501373291016,33.52750015258789,32.61000061035156,33.30500030517578,6363600
2021-04-20,32.09600067138672,32.494998931884766,33.125,32.1150016784668,32.852500915527344,6347600
2021-04-21,32.6639404296875,33.06999969482422,33.10499954223633,32.05500030517578,32.26250076293945,5561200
2021-04-22,31.878704071044922,32.275001525878906,33.1875,32.040000915527344,32.98249816894531,7203600
2021-04-23,32.67875671386719,33.084999084472656,33.337501525878906,32.397499084472656,32.397499084472656,4764400
2021-04-26,33.10100555419922,33.51250076293945,33.557498931884766,32.98249816894531,33.13249969482422,4052800
2021-04-27,32.797279357910156,33.20500183105469,33.595001220703125,33.022499084472656,33.560001373291016,4010800
2021-04-28,32.53799819946289,32.942501068115234,33.352500915527344,32.8650016784668,33.15250015258789,5616400
2021-04-29,32.809627532958984,33.217498779296875,33.724998474121094,32.584999084472656,33.63750076293945,6563200
2021-04-30,32.365150451660156,32.76750183105469,33.224998474121094,32.61249923706055,32.727500915527344,4820000
2021-05-03,32.03426742553711,32.432498931884766,33.16749954223633,32.349998474121094,33.02000045776367,5927200
2021-05-04,30.876161575317383,31.260000228881836,31.982500076293945,30.5049991607666,31.920000076293945,9809600
2021-05-05,30.6539249420166,31.03499984741211,31.827499389648438,30.907499313354492,31.662500381469727,6844000
2021-05-06,31.132972717285156,31.520000457763672,31.547500610351562,30.5674991607666,31.0049991607666,7207200
2021-05-07,31.621889114379883,32.01499938964844,32.497501373291016,31.8174991607666,32.057498931884766,5674800
2021-05-10,30.014373779296875,30.387500762939453,31.78499984741211,30.375,31.7549991607666,8011200
2021-05-11,29.957582473754883,30.329999923706055,30.475000381469727,29.149999618530273,29.264999389648438,8990000
2021-05-12,28.406862258911133,28.760000228881836,29.815000534057617,28.594999313354492,29.36750030517578,9091200
2021-05-13,28.846393585205078,29.204999923706055,29.747499465942383,28.752500534057617,29.302499771118164,9386800
2021-05-14,30.105741500854492,30.479999542236328,30.657499313354492,29.697500228881836,29.802499771118164,8473200
2021-05-17,29.742753982543945,30.112499237060547,30.280000686645508,29.5674991607666,30.139999389648438,6804800
2021-05-18,29.33285140991211,29.697500228881836,30.522499084472656,29.657499313354492,30.299999237060547,6408800
2021-05-19,29.401988983154297,29.767499923706055,29.827499389648438,28.614999771118164,28.68000030517578,13063200
2021-05-20,30.540340423583984,30.920000076293945,31.084999084472656,30.017499923706055,30.047500610351562,9842800
2021-05-21,30.194631576538086,30.56999969482422,31.299999237060547,30.5049991607666,31.225000381469727,10658400
2021-05-24,31.219398498535156,31.607500076293945,31.81999969482422,30.947500228881836,31.022499084472656,6468000
2021-05-25,31.300886154174805,31.690000534057617,32.040000915527344,31.459999084472656,31.905000686645508,5461600
2021-05-26,31.50830078125,31.899999618530273,32.0,31.684999465942383,31.825000762939453,4153200
2021-05-27,31.2811279296875,31.670000076293945,31.985000610351562,31.639999389648438,31.815000534057617,3494400
2021-05-28,31.453975677490234,31.844999313354492,32.18000030517578,31.809999465942383,31.905000686645508,5952400
2021-06-01,31.26137351989746,31.649999618530273,32.220001220703125,31.395000457763672,32.130001068115234,4544400
2021-06-02,31.379901885986328,31.770000457763672,31.934999465942383,31.434999465942383,31.735000610351562,3727800
2021-06-03,30.70330810546875,31.084999084472656,31.46500015258789,30.78499984741211,31.209999084472656,4663800
2021-06-04,31.784870147705078,32.18000030517578,32.25,31.440000534057617,31.459999084472656,6406800
2021-06-07,31.947845458984375,32.345001220703125,32.3650016784668,31.924999237060547,32.03499984741211,4148600
2021-06-08,31.972530364990234,32.369998931884766,32.869998931884766,32.05500030517578,32.70500183105469,4288400
2021-06-09,32.00216293334961,32.400001525878906,32.810001373291016,32.3650016784668,32.65999984741211,3653000
2021-06-10,32.6738166809082,33.08000183105469,33.095001220703125,32.38999938964844,32.470001220703125,3531600
2021-06-11,32.83185577392578,33.2400016784668,33.244998931884766,32.94499969482422,33.07500076293945,2649600
2021-06-14,33.45906066894531,33.875,33.880001068115234,33.099998474121094,33.334999084472656,3428600
2021-06-15,33.01457595825195,33.42499923706055,33.875,33.29499816894531,33.80500030517578,3032000
2021-06-16,32.77752685546875,33.185001373291016,33.7400016784668,32.494998931884766,33.525001525878906,6306400
2021-06-17,33.60721206665039,34.025001525878906,34.22999954223633,32.974998474121094,32.98500061035156,5353800
2021-06-18,33.08372497558594,33.494998931884766,33.93000030517578,33.345001220703125,33.70500183105469,5902200
2021-06-21,33.4837532043457,33.900001525878906,33.970001220703125,33.084999084472656,33.53499984741211,7340200
2021-06-22,34.11094665527344,34.53499984741211,34.630001068115234,33.80500030517578,33.869998931884766,3735800
2021-06-23,34.135643005371094,34.560001373291016,34.80500030517578,34.40999984741211,34.529998779296875,4704800
2021-06-24,34.56036376953125,34.9900016784668,35.310001373291016,34.86000061035156,34.97999954223633,3644800
2021-06-25,34.486289978027344,34.915000915527344,35.165000915527344,34.790000915527344,35.11000061035156,3307400
2021-06-28,35.31597137451172,35.755001068115234,35.78499984741211,35.165000915527344,35.20000076293945,2578400
2021-06-29,35.56783676147461,36.0099983215332,36.02000045776367,35.55500030517578,35.71500015258789,2170400
2021-06-30,35.4641227722168,35.904998779296875,36.060001373291016,35.779998779296875,35.97999954223633,2516400
2021-07-01,35.48881912231445,35.93000030517578,36.025001525878906,35.54999923706055,35.81999969482422,3110000
2021-07-02,36.28887176513672,36.7400016784668,36.810001373291016,36.279998779296875,36.31999969482422,2966600
2021-07-06,36.595069885253906,37.04999923706055,37.119998931884766,36.30500030517578,36.8650016784668,2962400
2021-07-07,36.723472595214844,37.18000030517578,37.58000183105469,36.810001373291016,37.52000045776367,3650200
2021-07-08,36.32837677001953,36.779998779296875,36.94499969482422,35.8650016784668,36.1349983215332,6300600
2021-07-09,36.767906188964844,37.224998474121094,37.32500076293945,36.52000045776367,36.63999938964844,3614200
2021-07-12,37.049415588378906,37.5099983215332,37.61000061035156,37.18000030517578,37.51499938964844,3513200
2021-07-13,37.034610748291016,37.494998931884766,38.14500045776367,37.33000183105469,37.435001373291016,5558200
2021-07-14,37.16300964355469,37.625,38.13999938964844,37.470001220703125,38.01499938964844,4879000
2021-07-15,36.639522552490234,37.095001220703125,37.650001525878906,36.685001373291016,37.619998931884766,5503400
2021-07-16,36.05181884765625,36.5,37.494998931884766,36.435001373291016,37.29999923706055,4855200
2021-07-19,35.45918655395508,35.900001525878906,36.0099983215332,35.3650016784668,35.76499938964844,13662600
2021-07-20,36.283935546875,36.73500061035156,37.040000915527344,35.75,36.11000061035156,7660800
2021-07-21,36.81730651855469,37.275001525878906,37.29999923706055,36.599998474121094,36.654998779296875,4796800
2021-07-22,37.33091735839844,37.79499816894531,37.79499816894531,37.35499954223633,37.35499954223633,4153800
2021-07-23,38.180362701416016,38.654998779296875,38.72999954223633,37.814998626708984,38.084999084472656,4845600
2021-07-26,38.26431655883789,38.7400016784668,38.81999969482422,38.34000015258789,38.529998779296875,4782000
2021-07-27,37.424747467041016,37.88999938964844,38.685001373291016,36.97999954223633,38.67499923706055,8540200
2021-07-28,37.69144058227539,38.15999984741211,38.505001068115234,37.63999938964844,38.119998931884766,6524600
2021-07-29,37.839599609375,38.310001373291016,38.54999923706055,38.04999923706055,38.060001373291016,3819200
2021-07-30,37.43463134765625,37.900001525878906,38.02000045776367,37.439998626708984,37.459999084472656,4870600
2021-08-02,37.429691314697266,37.89500045776367,38.375,37.779998779296875,38.255001068115234,9445200
2021-08-03,37.88404846191406,38.35499954223633,38.375,37.36000061035156,38.060001373291016,5711400
2021-08-04,38.00750732421875,38.47999954223633,38.67499923706055,38.119998931884766,38.349998474121094,3463000
2021-08-05,38.48655700683594,38.96500015258789,39.0,38.494998931884766,38.63999938964844,3099200
2021-08-06,38.13591384887695,38.61000061035156,38.8849983215332,38.375,38.67499923706055,3444800
2021-08-09,38.27419662475586,38.75,38.8650016784668,38.474998474121094,38.709999084472656,2604800
2021-08-10,37.888980865478516,38.36000061035156,38.91999816894531,38.095001220703125,38.85499954223633,3344000
2021-08-11,37.76551818847656,38.23500061035156,38.72999954223633,37.93000030517578,38.625,2856600
2021-08-12,38.03219985961914,38.505001068115234,38.56999969482422,37.82500076293945,38.10499954223633,2949200
2021-08-13,38.27913284301758,38.755001068115234,38.83000183105469,38.474998474121094,38.56999969482422,2254400
2021-08-16,38.30876159667969,38.78499984741211,38.79999923706055,37.685001373291016,38.51499938964844,4969200
2021-08-17,37.637115478515625,38.10499954223633,38.404998779296875,37.584999084472656,38.19499969482422,4737200
2021-08-18,36.90620422363281,37.3650016784668,38.290000915527344,37.29999923706055,38.0,4988200
2021-08-19,37.27165603637695,37.73500061035156,38.084999084472656,36.900001525878906,36.95000076293945,10185200
2021-08-20,38.04701232910156,38.52000045776367,38.59000015258789,37.89500045776367,37.939998626708984,5549600
2021-08-23,39.17301940917969,39.65999984741211,39.810001373291016,38.73500061035156,38.73500061035156,3810000
2021-08-24,39.41501998901367,39.904998779296875,40.03499984741211,39.685001373291016,39.79999923706055,2759000
2021-08-25,39.45945739746094,39.95000076293945,40.119998931884766,39.79499816894531,39.96500015258789,3226400
2021-08-26,39.00017166137695,39.48500061035156,39.95500183105469,39.400001525878906,39.814998626708984,3864400
2021-08-27,39.765647888183594,40.2599983215332,40.345001220703125,39.52000045776367,39.625,3742200
2021-08-30,40.65953826904297,41.165000915527344,41.255001068115234,40.415000915527344,40.415000915527344,3975800
2021-08-31,40.57558059692383,41.08000183105469,41.20500183105469,40.7400016784668,41.20500183105469,3753200
2021-09-01,40.718807220458984,41.224998474121094,41.67499923706055,41.17499923706055,41.31999969482422,3672200
2021-09-02,40.6694221496582,41.17499923706055,41.584999084472656,40.904998779296875,41.51499938964844,3180400
2021-09-03,40.92622756958008,41.435001373291016,41.51499938964844,40.90999984741211,40.90999984741211,2811800
2021-09-07,41.025001525878906,41.53499984741211,41.685001373291016,41.189998626708984,41.439998626708984,3041800
2021-09-08,40.75830841064453,41.26499938964844,41.5,40.744998931884766,41.5,4814600
2021-09-09,40.43730163574219,40.939998626708984,41.540000915527344,40.90999984741211,41.290000915527344,3812200
2021-09-10,39.83478927612305,40.33000183105469,41.4900016784668,40.26499938964844,41.375,5649800
2021-09-13,39.78046417236328,40.275001525878906,40.939998626708984,39.82500076293945,40.845001220703125,6193600
2021-09-14,39.54835891723633,40.040000915527344,40.76499938964844,39.84000015258789,40.599998474121094,5696600
2021-09-15,40.13111114501953,40.630001068115234,40.720001220703125,39.64500045776367,40.154998779296875,3364000
2021-09-16,40.2051887512207,40.70500183105469,40.81999969482422,39.92499923706055,40.36000061035156,3707200
2021-09-17,39.25204086303711,39.7400016784668,40.599998474121094,39.5,40.599998474121094,5933400
2021-09-20,37.61735534667969,38.084999084472656,38.84000015258789,37.06999969482422,38.45000076293945,14432400
2021-09-21,37.69144058227539,38.15999984741211,38.724998474121094,37.939998626708984,38.470001220703125,7007000
2021-09-22,38.4124755859375,38.88999938964844,39.20000076293945,38.14500045776367,38.380001068115234,6998800
2021-09-23,39.1137580871582,39.599998474121094,39.83000183105469,38.994998931884766,39.125,6841200
2021-09-24,39.17795944213867,39.665000915527344,39.77000045776367,39.040000915527344,39.099998474121094,3990600
2021-09-27,38.57050323486328,39.04999923706055,39.22999954223633,38.48500061035156,39.0,6146800
2021-09-28,36.36789321899414,36.81999969482422,38.19499969482422,36.724998474121094,38.060001373291016,12348400
2021-09-29,36.278995513916016,36.72999954223633,37.540000915527344,36.58000183105469,37.10499954223633,7409000
2021-09-30,35.938232421875,36.3849983215332,37.400001525878906,36.3650016784668,37.060001373291016,8754400
2021-10-01,36.42221450805664,36.875,37.095001220703125,35.70500183105469,36.54499816894531,9564600
2021-10-04,34.91099548339844,35.345001220703125,36.61000061035156,34.8650016784668,36.53499984741211,12422000
2021-10-05,35.844398498535156,36.290000915527344,36.744998931884766,35.51499938964844,35.53499984741211,8216200
2021-10-06,36.29381561279297,36.744998931884766,36.80500030517578,35.42499923706055,35.6150016784668,8508200
2021-10-07,36.96052169799805,37.41999816894531,37.970001220703125,37.28499984741211,37.380001068115234,5256200
2021-10-08,36.58518981933594,37.040000915527344,37.689998626708984,36.935001373291016,37.654998779296875,4585000
2021-10-11,36.02712631225586,36.474998474121094,37.45500183105469,36.45500183105469,36.72999954223633,4333000
2021-10-12,35.785133361816406,36.22999954223633,36.86000061035156,36.084999084472656,36.779998779296875,4932400
2021-10-13,36.3481330871582,36.79999923706055,36.93000030517578,36.28499984741211,36.689998626708984,4573400
2021-10-14,37.68156433105469,38.150001525878906,38.19499969482422,37.415000915527344,37.54999923706055,5528000
2021-10-15,38.15566635131836,38.630001068115234,38.650001525878906,38.19499969482422,38.40999984741211,3799000
2021-10-18,38.92609786987305,39.40999984741211,39.44499969482422,38.22999954223633,38.35499954223633,4577800
2021-10-19,39.494022369384766,39.98500061035156,40.0099983215332,39.494998931884766,39.63999938964844,3963600
2021-10-20,39.40019607543945,39.88999938964844,40.224998474121094,39.56999969482422,40.10499954223633,3802200
2021-10-21,39.88418197631836,40.380001068115234,40.415000915527344,39.64500045776367,39.720001220703125,3066600
2021-10-22,39.20264434814453,39.689998626708984,40.30500030517578,39.33000183105469,40.095001220703125,4902400
2021-10-25,40.00270080566406,40.5,40.70500183105469,39.584999084472656,40.005001068115234,4804600
2021-10-26,40.224945068359375,40.724998474121094,41.529998779296875,40.505001068115234,41.0,5430600
2021-10-27,40.43236541748047,40.935001373291016,41.619998931884766,40.80500030517578,40.8650016784668,3991600
2021-10-28,41.34600067138672,41.86000061035156,41.904998779296875,41.20500183105469,41.3650016784668,3595800
2021-10-29,41.75096893310547,42.27000045776367,42.29999923706055,41.084999084472656,41.15999984741211,4382400
2021-11-01,42.032470703125,42.55500030517578,42.56999969482422,41.89500045776367,42.369998931884766,4304600
2021-11-02,42.38805389404297,42.915000915527344,43.01499938964844,42.404998779296875,42.40999984741211,3240400
2021-11-03,43.28194046020508,43.81999969482422,43.904998779296875,42.779998779296875,43.005001068115234,4803400
2021-11-04,44.37830352783203,44.93000030517578,45.154998779296875,43.974998474121094,44.10499954223633,5058800
2021-11-05,44.467201232910156,45.02000045776367,45.564998626708984,44.70000076293945,45.345001220703125,5388000
2021-11-08,44.34867858886719,44.900001525878906,45.244998931884766,44.744998931884766,45.0099983215332,3865800
2021-11-09,43.72147750854492,44.26499938964844,45.224998474121094,43.959999084472656,45.150001525878906,5863000
2021-11-10,42.44731903076172,42.974998474121094,44.275001525878906,42.529998779296875,43.619998931884766,7582200
2021-11-11,42.684364318847656,43.21500015258789,43.685001373291016,43.125,43.650001525878906,4129000
2021-11-12,43.5782585144043,44.119998931884766,44.23500061035156,43.10499954223633,43.459999084472656,3584400
2021-11-15,43.563438415527344,44.10499954223633,44.45500183105469,43.529998779296875,44.3849983215332,4993600
2021-11-16,44.175819396972656,44.724998474121094,44.83000183105469,43.900001525878906,43.93000030517578,5156400
2021-11-17,44.21533966064453,44.76499938964844,45.22999954223633,44.55500030517578,44.79499816894531,3583800
2021-11-18,45.12403869628906,45.685001373291016,45.79999923706055,44.720001220703125,45.23500061035156,6605000
2021-11-19,45.622840881347656,46.189998626708984,46.4900016784668,45.869998931884766,46.064998626708984,4075600
2021-11-22,44.58079528808594,45.1349983215332,47.27000045776367,45.099998474121094,46.55500030517578,8661600
2021-11-23,44.161014556884766,44.709999084472656,45.32500076293945,43.68000030517578,44.85499954223633,8533200
2021-11-24,44.472145080566406,45.025001525878906,45.04999923706055,43.595001220703125,44.130001068115234,5404800
2021-11-26,42.69424819946289,43.224998474121094,44.69499969482422,42.970001220703125,44.369998931884766,9370400
2021-11-29,44.59067153930664,45.14500045776367,45.369998931884766,44.15999984741211,44.31999969482422,6771400
2021-11-30,43.26711654663086,43.80500030517578,45.48500061035156,43.36000061035156,44.935001373291016,13698400
2021-12-01,41.80036163330078,42.31999969482422,45.29999923706055,42.2400016784668,44.82500076293945,10846200
2021-12-02,42.41768264770508,42.94499969482422,43.32500076293945,41.720001220703125,42.04999923706055,12959800
2021-12-03,40.94104766845703,41.45000076293945,43.45500183105469,40.5099983215332,43.220001220703125,13186200
2021-12-06,41.612701416015625,42.130001068115234,42.404998779296875,40.619998931884766,41.54499816894531,9277400
2021-12-07,44.1165657043457,44.665000915527344,44.77000045776367,43.57500076293945,43.57500076293945,8152800
2021-12-08,44.486961364746094,45.040000915527344,45.07500076293945,44.275001525878906,44.709999084472656,6692400
2021-12-09,43.17328643798828,43.709999084472656,45.165000915527344,43.65999984741211,44.7599983215332,7616200
2021-12-10,44.10668182373047,44.654998779296875,44.70500183105469,43.625,44.34000015258789,6575600
2021-12-13,42.82759094238281,43.36000061035156,44.70500183105469,43.279998779296875,44.64500045776367,6913800
2021-12-14,41.9682731628418,42.4900016784668,42.875,41.47999954223633,42.244998931884766,9612800
2021-12-15,43.84493637084961,44.38999938964844,44.46500015258789,41.5099983215332,42.39500045776367,11968200
2021-12-16,41.60279846191406,42.119998931884766,44.70500183105469,41.7400016784668,44.619998931884766,12277000
2021-12-17,41.178096771240234,41.689998626708984,42.61000061035156,40.994998931884766,41.31999969482422,13475200
2021-12-20,40.34840393066406,40.849998474121094,41.03499984741211,40.165000915527344,40.60499954223633,11559800
2021-12-21,42.15592956542969,42.68000030517578,42.7599983215332,40.7599983215332,41.58000183105469,8665800
2021-12-22,43.19304275512695,43.72999954223633,43.76499938964844,42.474998474121094,42.6150016784668,7392600
2021-12-23,43.854827880859375,44.400001525878906,44.724998474121094,43.77000045776367,43.79999923706055,7158600
2021-12-27,45.26232147216797,45.82500076293945,45.834999084472656,44.66999816894531,44.70000076293945,7256800
2021-12-28,44.89192581176758,45.45000076293945,46.125,45.220001220703125,46.04999923706055,8987400
2021-12-29,44.85240936279297,45.40999984741211,45.7400016784668,44.85499954223633,45.459999084472656,6671800
2021-12-30,44.541282653808594,45.095001220703125,45.85499954223633,44.994998931884766,45.35499954223633,5771200
2021-12-31,43.96345901489258,44.5099983215332,45.275001525878906,44.45500183105469,44.96500015258789,10505200
2022-01-03,44.877105712890625,45.435001373291016,45.47999954223633,44.345001220703125,44.82500076293945,12321800
2022-01-04,43.70171356201172,44.244998931884766,45.54999923706055,43.51499938964844,45.540000915527344,12080400
2022-01-05,40.9854850769043,41.494998931884766,44.10499954223633,41.470001220703125,43.849998474121094,19416000
2022-01-06,40.95586013793945,41.46500015258789,42.17499923706055,40.61000061035156,41.095001220703125,21080800
2022-01-07,40.052093505859375,40.54999923706055,41.82500076293945,40.165000915527344,41.44499969482422,14856400
2022-01-10,40.14591979980469,40.64500045776367,40.71500015258789,38.30500030517578,39.48500061035156,26443400
2022-01-11,41.32625198364258,41.84000015258789,41.849998474121094,39.97999954223633,40.42499923706055,21613000
2022-01-12,41.65219497680664,42.16999816894531,42.755001068115234,41.64500045776367,42.415000915527344,16403600
2022-01-13,39.54341506958008,40.03499984741211,42.60499954223633,39.834999084472656,42.439998626708984,21576200
2022-01-14,40.042213439941406,40.540000915527344,40.599998474121094,39.459999084472656,39.48500061035156,23671400
2022-01-18,38.07665252685547,38.54999923706055,39.71500015258789,38.345001220703125,39.25,19022800
2022-01-19,37.197574615478516,37.65999984741211,39.3650016784668,37.61000061035156,38.81999969482422,21533600
2022-01-20,36.21479034423828,36.665000915527344,39.17499923706055,36.564998626708984,38.32500076293945,18105000
2022-01-21,34.175148010253906,34.599998474121094,36.76499938964844,34.584999084472656,36.224998474121094,30147800
2022-01-24,34.58999252319336,35.02000045776367,35.09000015258789,31.184999465942383,33.5099983215332,40041000
2022-01-25,32.86148452758789,33.27000045776367,34.505001068115234,32.654998779296875,33.6150016784668,45231000
2022-01-26,32.915809631347656,33.32500076293945,35.595001220703125,32.4900016784668,34.82500076293945,26151200
2022-01-27,32.15032196044922,32.54999923706055,34.51499938964844,32.349998474121094,34.15999984741211,31453800
2022-01-28,34.209716796875,34.6349983215332,34.6349983215332,31.954999923706055,32.91999816894531,34542600
2022-01-31,36.4024658203125,36.85499954223633,36.91999816894531,34.540000915527344,34.85499954223633,15154800
2022-02-01,36.83705139160156,37.29499816894531,37.435001373291016,36.0,37.06999969482422,14213600
2022-02-02,37.45438003540039,37.91999816894531,38.224998474121094,37.04499816894531,38.185001373291016,14866600
2022-02-03,34.382572174072266,34.810001373291016,36.540000915527344,34.60499954223633,35.845001220703125,20256200
2022-02-04,35.26164245605469,35.70000076293945,36.36000061035156,34.5099983215332,34.92499923706055,12168600
2022-02-07,34.708518981933594,35.13999938964844,36.29499816894531,34.8650016784668,35.790000915527344,13006400
2022-02-08,35.48881912231445,35.93000030517578,36.125,34.65999984741211,34.88999938964844,10682800
2022-02-09,36.99509811401367,37.45500183105469,37.45500183105469,36.5099983215332,36.814998626708984,10437000
2022-02-10,35.31102752685547,35.75,37.369998931884766,35.345001220703125,35.939998626708984,20919000
2022-02-11,33.08372497558594,33.494998931884766,36.04999923706055,33.209999084472656,35.72999954223633,20967000
2022-02-14,33.17261505126953,33.584999084472656,34.209999084472656,32.845001220703125,33.334999084472656,21453600
2022-02-15,34.79740905761719,35.22999954223633,35.25,34.380001068115234,34.59000015258789,12314800
2022-02-16,34.762840270996094,35.19499969482422,35.38999938964844,34.130001068115234,34.75,13161000
2022-02-17,32.698509216308594,33.10499954223633,34.66999816894531,33.0099983215332,34.51499938964844,12042400
2022-02-18,31.942899703979492,32.34000015258789,33.345001220703125,31.889999389648438,33.2599983215332,17350400
2022-02-22,31.295940399169922,31.684999465942383,32.810001373291016,30.985000610351562,31.7549991607666,18384000
2022-02-23,29.705713272094727,30.075000762939453,32.44499969482422,30.0049991607666,32.28499984741211,20689000
2022-02-24,31.69597053527832,32.09000015258789,32.15999984741211,28.059999465942383,28.1200008392334,31324600
2022-02-25,32.6738166809082,33.08000183105469,33.099998474121094,31.485000610351562,32.224998474121094,17812000
2022-02-28,32.925682067871094,33.334999084472656,33.59000015258789,32.220001220703125,32.44499969482422,15971200
2022-03-01,31.844133377075195,32.2400016784668,33.505001068115234,31.764999389648438,33.060001373291016,15366600
2022-03-02,32.891109466552734,33.29999923706055,33.560001373291016,32.005001068115234,32.54499816894531,13087800
2022-03-03,31.95277214050293,32.349998474121094,33.8650016784668,32.0,33.86000061035156,13261400
2022-03-04,31.053953170776367,31.440000534057617,32.17499923706055,30.975000381469727,31.895000457763672,12057200
2022-03-07,28.747629165649414,29.104999542236328,31.639999389648438,29.065000534057617,31.424999237060547,15477000
2022-03-08,28.46612548828125,28.81999969482422,30.594999313354492,28.21500015258789,28.954999923706055,29354000
2022-03-09,30.55021095275879,30.93000030517578,31.149999618530273,29.860000610351562,30.34000015258789,15465000
2022-03-10,29.86374855041504,30.235000610351562,30.440000534057617,29.375,30.1200008392334,14806400
2022-03-11,28.599462509155273,28.954999923706055,30.825000762939453,28.8700008392334,30.770000457763672,11842600
2022-03-14,27.51791000366211,27.860000610351562,29.344999313354492,27.71500015258789,28.735000610351562,17040600
2022-03-15,29.2167911529541,29.579999923706055,29.725000381469727,28.030000686645508,28.31999969482422,17767800
2022-03-16,31.404590606689453,31.795000076293945,31.799999237060547,29.639999389648438,30.315000534057617,21507400
2022-03-17,32.13550567626953,32.53499984741211,32.53499984741211,31.170000076293945,31.43000030517578,13647600
2022-03-18,33.473873138427734,33.88999938964844,33.939998626708984,32.005001068115234,32.224998474121094,14640200
2022-03-21,33.28620147705078,33.70000076293945,34.150001525878906,32.82500076293945,33.71500015258789,13864000
2022-03-22,34.58011245727539,35.0099983215332,35.18000030517578,33.720001220703125,33.79499816894531,13091000
2022-03-23,33.58746337890625,34.005001068115234,35.150001525878906,34.0,34.45000076293945,12659000
2022-03-24,35.08385467529297,35.52000045776367,35.525001525878906,33.96500015258789,34.38999938964844,14963400
2022-03-25,35.03447341918945,35.470001220703125,35.709999084472656,34.595001220703125,35.4900016784668,13492000
2022-03-28,36.116024017333984,36.564998626708984,36.564998626708984,35.20000076293945,35.45000076293945,13447800
2022-03-29,37.33091735839844,37.79499816894531,37.93000030517578,36.779998779296875,37.36000061035156,13109400
2022-03-30,36.535804748535156,36.9900016784668,37.7599983215332,36.665000915527344,37.42499923706055,10161800
2022-03-31,35.51844787597656,35.959999084472656,37.06999969482422,35.88999938964844,37.0,18050400
2022-04-01,35.49375915527344,35.935001373291016,36.26499938964844,35.27000045776367,36.11000061035156,13742200
2022-04-04,36.9210205078125,37.380001068115234,37.3849983215332,36.025001525878906,36.08000183105469,10275600
2022-04-05,35.30609893798828,35.744998931884766,37.22999954223633,35.474998474121094,37.084999084472656,15053400
2022-04-06,33.730682373046875,34.150001525878906,34.86000061035156,33.63999938964844,34.6349983215332,18505000
2022-04-07,33.91340255737305,34.334999084472656,34.76499938964844,33.279998779296875,33.974998474121094,23844200
2022-04-08,32.95037841796875,33.36000061035156,34.1349983215332,33.255001068115234,33.994998931884766,16143000
2022-04-11,31.399654388427734,31.790000915527344,32.71500015258789,31.725000381469727,32.529998779296875,12651800
2022-04-12,31.15272331237793,31.540000915527344,33.04999923706055,31.260000228881836,32.70500183105469,17267000
2022-04-13,32.38737869262695,32.790000915527344,32.994998931884766,31.44499969482422,31.575000762939453,9644600
2022-04-14,30.900856018066406,31.28499984741211,32.90999984741211,31.260000228881836,32.79999923706055,13048400
2022-04-18,30.9996280670166,31.385000228881836,31.774999618530273,30.80500030517578,31.084999084472656,10158600
2022-04-19,32.31329345703125,32.71500015258789,32.845001220703125,31.024999618530273,31.21500015258789,10597400
2022-04-20,31.370025634765625,31.760000228881836,32.98500061035156,31.55500030517578,32.90999984741211,11112600
2022-04-21,30.115615844726562,30.489999771118164,33.02000045776367,30.295000076293945,32.529998779296875,15518200
2022-04-22,28.50562858581543,28.860000610351562,30.725000381469727,28.795000076293945,30.4950008392334,17695400
2022-04-25,29.256301879882812,29.6200008392334,29.665000915527344,28.34000015258789,28.55500030517578,20252600
2022-04-26,26.999357223510742,27.334999084472656,29.260000228881836,27.31999969482422,29.235000610351562,17151800
2022-04-27,26.969722747802734,27.30500030517578,28.354999542236328,27.0,27.375,22371200
2022-04-28,28.86614990234375,29.225000381469727,29.559999465942383,27.434999465942383,28.18000030517578,21608600
2022-04-29,26.27338409423828,26.600000381469727,29.100000381469727,26.5049991607666,28.469999313354492,21359800
2022-05-02,27.157392501831055,27.4950008392334,27.530000686645508,25.9950008392334,26.530000686645508,41917000
2022-05-03,27.24134635925293,27.579999923706055,27.950000762939453,27.065000534057617,27.489999771118164,15773400
2022-05-04,29.068634033203125,29.43000030517578,29.530000686645508,26.700000762939453,27.645000457763672,26193600
2022-05-05,26.179550170898438,26.5049991607666,28.635000228881836,25.844999313354492,28.604999542236328,21008600
2022-05-06,25.522714614868164,25.84000015258789,26.795000076293945,25.114999771118164,26.094999313354492,23935200
2022-05-09,23.497886657714844,23.790000915527344,25.264999389648438,23.549999237060547,24.860000610351562,20535800
2022-05-10,24.075700759887695,24.375,25.155000686645508,23.69499969482422,24.96500015258789,31727200
2022-05-11,22.628690719604492,22.90999984741211,24.899999618530273,22.780000686645508,23.985000610351562,29229400
2022-05-12,22.529918670654297,22.809999465942383,23.524999618530273,21.829999923706055,22.21500015258789,26040200
2022-05-13,24.17447280883789,24.475000381469727,24.655000686645508,23.2549991607666,23.520000457763672,13575400
2022-05-16,23.6312255859375,23.924999237060547,24.53499984741211,23.709999084472656,24.19499969482422,12234800
2022-05-17,24.851064682006836,25.15999984741211,25.219999313354492,24.260000228881836,24.875,12646200
2022-05-18,22.38176155090332,22.65999984741211,24.510000228881836,22.475000381469727,24.3799991607666,11742200
2022-05-19,22.159523010253906,22.434999465942383,23.18000030517578,22.1200008392334,22.364999771118164,17992400
2022-05-20,22.006425857543945,22.280000686645508,23.084999084472656,20.979999542236328,22.985000610351562,16167600
2022-05-23,22.74227523803711,23.024999618530273,23.084999084472656,22.075000762939453,22.459999084472656,13331600
2022-05-24,21.76937484741211,22.040000915527344,22.295000076293945,21.264999389648438,22.18000030517578,14160000
2022-05-25,22.391637802124023,22.670000076293945,22.989999771118164,21.780000686645508,21.80500030517578,13620800
2022-05-26,23.621353149414062,23.915000915527344,24.15999984741211,22.489999771118164,22.53499984741211,8656400
2022-05-27,25.1868896484375,25.5,25.5,24.40999984741211,24.43000030517578,13309200
2022-05-31,25.023916244506836,25.334999084472656,25.844999313354492,24.68000030517578,25.479999542236328,11966200
2022-06-01,24.65845489501953,24.96500015258789,26.059999465942383,24.59000015258789,25.704999923706055,11093600
2022-06-02,26.016572952270508,26.34000015258789,26.350000381469727,24.53499984741211,24.774999618530273,11470600
2022-06-03,24.623884201049805,24.93000030517578,25.665000915527344,24.735000610351562,25.424999237060547,10348600
2022-06-06,24.811552047729492,25.1200008392334,25.950000762939453,24.860000610351562,25.69499969482422,8605800
2022-06-07,25.251089096069336,25.565000534057617,25.674999237060547,24.364999771118164,24.549999237060547,7821400
2022-06-08,24.870819091796875,25.18000030517578,25.850000381469727,25.03499984741211,25.405000686645508,5292200
2022-06-09,23.512704849243164,23.80500030517578,25.399999618530273,23.799999237060547,24.875,7298400
2022-06-10,21.838516235351562,22.110000610351562,23.094999313354492,22.06999969482422,22.899999618530273,16818000
2022-06-13,19.828500747680664,20.075000762939453,21.1200008392334,19.934999465942383,20.735000610351562,19895600
2022-06-14,19.922338485717773,20.170000076293945,20.540000915527344,19.764999389648438,20.40999984741211,12524200
2022-06-15,20.89524269104004,21.155000686645508,21.735000610351562,20.2450008392334,20.65999984741211,19030800
2022-06-16,19.221054077148438,19.459999084472656,20.125,19.1200008392334,20.059999465942383,28909800
2022-06-17,19.665531158447266,19.90999984741211,20.260000228881836,19.309999465942383,19.549999237060547,16117000
2022-06-21,20.658187866210938,20.915000915527344,21.25,20.559999465942383,20.56999969482422,14404600
2022-06-22,20.589048385620117,20.844999313354492,21.514999389648438,20.440000534057617,20.5049991607666,11397000
2022-06-23,21.201431274414062,21.46500015258789,21.59000015258789,20.795000076293945,21.225000381469727,10545400
2022-06-24,22.692895889282227,22.975000381469727,22.985000610351562,21.8700008392334,21.899999618530273,8389200
2022-06-27,22.307680130004883,22.584999084472656,23.235000610351562,22.40999984741211,23.145000457763672,7038600
2022-06-28,20.939687728881836,21.200000762939453,23.079999923706055,21.18000030517578,22.68000030517578,10029800
2022-06-29,20.998950958251953,21.260000228881836,21.469999313354492,20.80500030517578,21.170000076293945,10130800
2022-06-30,20.45076560974121,20.704999923706055,21.2450008392334,20.03499984741211,20.780000686645508,11290800
2022-07-01,20.717451095581055,20.975000381469727,21.03499984741211,20.229999542236328,20.489999771118164,12950600
2022-07-05,21.42860984802246,21.69499969482422,21.704999923706055,20.170000076293945,20.40999984741211,9101400
2022-07-06,21.690353393554688,21.959999084472656,22.290000915527344,21.485000610351562,21.75,9548800
2022-07-07,22.613876342773438,22.895000457763672,23.010000228881836,22.100000381469727,22.100000381469727,5611400
2022-07-08,22.68795394897461,22.969999313354492,23.174999237060547,22.315000534057617,22.440000534057617,6734400
2022-07-11,21.690353393554688,21.959999084472656,22.610000610351562,21.84000015258789,22.575000762939453,6936800
2022-07-12,21.280452728271484,21.545000076293945,22.46500015258789,21.299999237060547,22.165000915527344,7321400
2022-07-13,21.201431274414062,21.46500015258789,21.81999969482422,20.614999771118164,20.69499969482422,11671000
2022-07-14,21.344655990600586,21.610000610351562,21.729999542236328,20.56999969482422,21.049999237060547,9062400
2022-07-15,22.10519790649414,22.3799991607666,22.395000457763672,21.815000534057617,22.06999969482422,7206000
2022-07-18,21.73480224609375,22.0049991607666,23.040000915527344,21.829999923706055,22.815000534057617,7378000
2022-07-19,23.058345794677734,23.344999313354492,23.395000457763672,22.315000534057617,22.575000762939453,8199000
2022-07-20,23.78926658630371,24.084999084472656,24.280000686645508,23.299999237060547,23.420000076293945,9271800
2022-07-21,24.470792770385742,24.774999618530273,24.780000686645508,23.739999771118164,24.149999618530273,7491000
2022-07-22,23.61147117614746,23.905000686645508,24.975000381469727,23.604999542236328,24.639999389648438,8823200
2022-07-25,23.35960578918457,23.649999618530273,23.975000381469727,23.309999465942383,23.899999618530273,9322800
2022-07-26,22.41633415222168,22.69499969482422,23.389999389648438,22.56999969482422,23.360000610351562,4909400
2022-07-27,24.312753677368164,24.614999771118164,24.885000228881836,23.334999084472656,23.40999984741211,12328400
2022-07-28,24.77204132080078,25.079999923706055,25.190000534057617,23.959999084472656,24.575000762939453,11962600
2022-07-29,25.690628051757812,26.010000228881836,26.149999618530273,25.114999771118164,25.344999313354492,8710600
2022-08-01,25.660993576049805,25.979999542236328,26.549999237060547,25.524999618530273,25.709999084472656,5901400
2022-08-02,25.488140106201172,25.80500030517578,26.5049991607666,25.405000686645508,25.575000762939453,6476400
2022-08-03,26.87588882446289,27.209999084472656,27.354999542236328,26.09000015258789,26.100000381469727,6720800
2022-08-04,27.108007431030273,27.44499969482422,27.514999389648438,26.854999542236328,27.21500015258789,5514800
2022-08-05,26.678348541259766,27.010000228881836,27.364999771118164,26.440000534057617,26.579999923706055,10551200
2022-08-08,26.505496978759766,26.834999084472656,27.799999237060547,26.59000015258789,27.170000076293945,6903400
2022-08-09,25.898046493530273,26.219999313354492,26.549999237060547,25.950000762939453,26.5,5850400
2022-08-10,27.340118408203125,27.68000030517578,27.729999542236328,27.045000076293945,27.475000381469727,11302000
2022-08-11,27.02898406982422,27.364999771118164,28.43000030517578,27.239999771118164,28.084999084472656,6851400
2022-08-12,28.095731735229492,28.44499969482422,28.454999923706055,27.53499984741211,27.719999313354492,5083600
2022-08-15,28.52044677734375,28.875,28.96500015258789,28.25,28.25,4667600
2022-08-16,28.387104034423828,28.739999771118164,29.110000610351562,28.200000762939453,28.690000534057617,6352200
2022-08-17,27.730270385742188,28.075000762939453,28.584999084472656,27.719999313354492,28.170000076293945,8123400
2022-08-18,27.873491287231445,28.219999313354492,28.40999984741211,27.780000686645508,28.045000076293945,4834400
2022-08-19,26.777122497558594,27.110000610351562,27.774999618530273,26.969999313354492,27.674999237060547,6553200
2022-08-22,25.3597354888916,25.674999237060547,26.399999618530273,25.524999618530273,26.360000610351562,13726800
2022-08-23,25.315290451049805,25.6299991607666,26.094999313354492,25.4950008392334,25.625,6612000
2022-08-24,25.458507537841797,25.774999618530273,26.075000762939453,25.44499969482422,25.540000915527344,5331800
2022-08-25,26.3425235748291,26.670000076293945,26.674999237060547,25.885000228881836,26.059999465942383,7587200
2022-08-26,24.179412841796875,24.479999542236328,26.81999969482422,24.475000381469727,26.625,11767200
2022-08-29,23.705305099487305,24.0,24.434999465942383,23.815000534057617,24.0,9565000
2022-08-30,23.17193603515625,23.459999084472656,24.350000381469727,23.049999237060547,24.264999389648438,8286200
2022-08-31,22.900312423706055,23.184999465942383,24.05500030517578,23.170000076293945,23.915000915527344,17338000
2022-09-01,22.915128707885742,23.200000762939453,23.2450008392334,22.190000534057617,22.774999618530273,10762800
2022-09-02,22.25829315185547,22.53499984741211,23.864999771118164,22.28499984741211,23.655000686645508,13055400
2022-09-06,21.93728256225586,22.209999084472656,22.75,21.875,22.594999313354492,10722600
2022-09-07,22.816362380981445,23.100000381469727,23.2549991607666,22.239999771118164,22.264999389648438,11316400
2022-09-08,23.04847526550293,23.334999084472656,23.540000915527344,22.55500030517578,22.7549991607666,11207200
2022-09-09,24.046070098876953,24.344999313354492,24.424999237060547,23.68000030517578,23.690000534057617,6408800
2022-09-12,24.614009857177734,24.920000076293945,24.979999542236328,24.524999618530273,24.565000534057617,7567400
2022-09-13,21.9027156829834,22.174999237060547,23.68000030517578,22.045000076293945,23.469999313354492,12905800
2022-09-14,22.263233184814453,22.540000915527344,22.665000915527344,22.084999084472656,22.364999771118164,7933400
2022-09-15,21.492809295654297,21.760000228881836,22.600000381469727,21.524999618530273,22.209999084472656,9872400
2022-09-16,21.231067657470703,21.4950008392334,21.559999465942383,20.950000762939453,21.260000228881836,8808600
2022-09-19,21.571828842163086,21.84000015258789,21.854999542236328,21.084999084472656,21.094999313354492,8166000
2022-09-20,21.21131134033203,21.475000381469727,21.829999923706055,21.135000228881836,21.44499969482422,9361400
2022-09-21,20.44582748413086,20.700000762939453,22.260000228881836,20.690000534057617,21.6200008392334,15802000
2022-09-22,19.95196533203125,20.200000762939453,20.625,20.014999389648438,20.459999084472656,11582400
2022-09-23,19.300071716308594,19.540000915527344,19.8700008392334,19.03499984741211,19.834999084472656,13828600
2022-09-26,19.107465744018555,19.344999313354492,20.094999313354492,19.260000228881836,19.450000762939453,10924200
2022-09-27,19.15685272216797,19.395000457763672,20.190000534057617,19.045000076293945,19.850000381469727,13018200
2022-09-28,19.9025821685791,20.149999618530273,20.334999084472656,19.165000915527344,19.3799991607666,9776800
2022-09-29,18.78152084350586,19.014999389648438,19.610000610351562,18.545000076293945,19.55500030517578,13093400
2022-09-30,18.104928970336914,18.329999923706055,19.434999465942383,18.315000534057617,18.8700008392334,12365400
2022-10-03,18.959304809570312,19.19499969482422,19.415000915527344,18.375,18.56999969482422,12673600
2022-10-04,20.149507522583008,20.399999618530273,20.4950008392334,19.950000762939453,19.959999084472656,12115200
2022-10-05,20.114940643310547,20.364999771118164,20.635000228881836,19.440000534057617,19.825000762939453,10373800
2022-10-06,19.79393196105957,20.040000915527344,20.674999237060547,19.989999771118164,20.219999313354492,11859200
2022-10-07,18.277780532836914,18.5049991607666,19.3700008392334,18.31999969482422,19.360000610351562,12149800
2022-10-10,17.88762855529785,18.110000610351562,18.584999084472656,17.760000228881836,18.524999618530273,8529800
2022-10-11,17.443153381347656,17.65999984741211,18.290000915527344,17.399999618530273,17.895000457763672,14375400
2022-10-12,17.413522720336914,17.6299991607666,17.985000610351562,17.524999618530273,17.725000381469727,9579000
2022-10-13,18.203697204589844,18.43000030517578,18.614999771118164,16.489999771118164,16.604999542236328,22276800
2022-10-14,17.097454071044922,17.309999465942383,18.844999313354492,17.2450008392334,18.760000228881836,15657600
2022-10-17,18.258028030395508,18.485000610351562,18.584999084472656,18.125,18.125,12955800
2022-10-18,18.544462203979492,18.774999618530273,19.53499984741211,18.3799991607666,19.44499969482422,17131400
2022-10-19,18.386428833007812,18.614999771118164,19.045000076293945,18.270000457763672,18.530000686645508,9111800
2022-10-20,18.17901039123535,18.405000686645508,19.19499969482422,18.2450008392334,18.479999542236328,12220400
2022-10-21,19.048200607299805,19.28499984741211,19.344999313354492,18.09000015258789,18.25,12779800
2022-10-24,19.463048934936523,19.704999923706055,19.829999923706055,18.78499984741211,19.309999465942383,11592200
2022-10-25,20.258159637451172,20.510000228881836,20.559999465942383,19.829999923706055,19.829999923706055,8550600
2022-10-26,19.349456787109375,19.59000015258789,20.469999313354492,19.530000686645508,19.670000076293945,12766000
2022-10-27,18.63335418701172,18.864999771118164,19.635000228881836,18.80500030517578,19.424999237060547,9520800
2022-10-28,19.784055709838867,20.030000686645508,20.09000015258789,18.770000457763672,18.774999618530273,10842400
2022-10-31,19.300071716308594,19.540000915527344,19.809999465942383,19.280000686645508,19.684999465942383,9882600
2022-11-01,18.909921646118164,19.145000457763672,20.1299991607666,19.100000381469727,20.05500030517578,10109800
2022-11-02,17.616004943847656,17.834999084472656,19.575000762939453,17.825000762939453,19.149999618530273,16235200
2022-11-03,16.929542541503906,17.139999389648438,17.665000915527344,17.079999923706055,17.459999084472656,12666600
2022-11-04,17.467845916748047,17.684999465942383,17.934999465942383,16.950000762939453,17.795000076293945,13356600
2022-11-07,17.84811782836914,18.06999969482422,18.139999389648438,17.53499984741211,17.829999923706055,5524000
2022-11-08,18.095050811767578,18.31999969482422,18.770000457763672,17.78499984741211,18.270000457763672,9044400
2022-11-09,17.245607376098633,17.459999084472656,18.170000076293945,17.424999237060547,18.065000534057617,7479000
2022-11-10,19.79393196105957,20.040000915527344,20.084999084472656,18.8700008392334,19.165000915527344,16590200
2022-11-11,20.52484893798828,20.780000686645508,20.8799991607666,19.829999923706055,20.024999618530273,10517600
2022-11-14,20.154451370239258,20.405000686645508,20.96500015258789,20.274999618530273,20.479999542236328,19760200
2022-11-15,20.722387313842773,20.979999542236328,21.524999618530273,20.489999771118164,21.385000228881836,13337000
2022-11-16,20.14457130432129,20.395000457763672,20.725000381469727,20.274999618530273,20.684999465942383,6324200
2022-11-17,20.040863037109375,20.290000915527344,20.510000228881836,19.700000762939453,19.719999313354492,13683000
2022-11-18,20.045799255371094,20.295000076293945,20.760000228881836,19.94499969482422,20.735000610351562,8882000
2022-11-21,19.626020431518555,19.8700008392334,20.260000228881836,19.7549991607666,20.09000015258789,4776000
2022-11-22,20.18901824951172,20.440000534057617,20.46500015258789,19.665000915527344,19.975000381469727,8834800
2022-11-23,20.589048385620117,20.844999313354492,20.93000030517578,20.405000686645508,20.440000534057617,8342400
2022-11-25,20.307544708251953,20.559999465942383,20.704999923706055,20.4950008392334,20.604999542236328,2779600
2022-11-28,19.705032348632812,19.950000762939453,20.565000534057617,19.825000762939453,20.274999618530273,4054800
2022-11-29,19.413660049438477,19.655000686645508,20.040000915527344,19.450000762939453,19.979999542236328,4890400
2022-11-30,21.186616897583008,21.450000762939453,21.450000762939453,19.56999969482422,19.684999465942383,14528800
2022-12-01,21.226123809814453,21.489999771118164,21.770000457763672,21.06999969482422,21.485000610351562,7831000
2022-12-02,21.058212280273438,21.31999969482422,21.434999465942383,20.700000762939453,20.729999542236328,7703600
2022-12-05,20.327301025390625,20.579999923706055,21.174999237060547,20.375,20.985000610351562,6606600
2022-12-06,19.487735748291016,19.729999542236328,20.579999923706055,19.530000686645508,20.559999465942383,9560400
2022-12-07,19.31982421875,19.559999465942383,19.850000381469727,19.329999923706055,19.549999237060547,11128600
2022-12-08,19.788991928100586,20.03499984741211,20.15999984741211,19.46500015258789,19.7549991607666,5958600
2022-12-09,19.53218650817871,19.774999618530273,20.270000457763672,19.700000762939453,19.8799991607666,7095400
2022-12-12,20.00629234313965,20.2549991607666,20.260000228881836,19.645000457763672,19.78499984741211,5270200
2022-12-13,20.440887451171875,20.69499969482422,21.860000610351562,20.299999237060547,21.834999084472656,16672200
2022-12-14,20.124818801879883,20.375,21.084999084472656,19.915000915527344,20.59000015258789,12088200
2022-12-15,18.771636962890625,19.0049991607666,19.864999771118164,18.825000762939453,19.760000228881836,13833200
2022-12-16,18.401243209838867,18.6299991607666,19.114999771118164,18.40999984741211,18.895000457763672,20766800
2022-12-19,17.902446746826172,18.125,18.670000076293945,17.934999465942383,18.65999984741211,7875200
2022-12-20,17.85306167602539,18.075000762939453,18.309999465942383,17.729999542236328,17.940000534057617,8547800
2022-12-21,18.37654685974121,18.604999542236328,18.774999618530273,18.100000381469727,18.21500015258789,7561800
2022-12-22,17.46468162536621,17.6299991607666,18.125,17.03499984741211,18.114999771118164,12134000
2022-12-23,17.548887252807617,17.71500015258789,17.780000686645508,17.190000534057617,17.44499969482422,7979600
2022-12-27,17.018903732299805,17.18000030517578,17.625,17.1200008392334,17.614999771118164,7173200
2022-12-28,16.568166732788086,16.725000381469727,17.434999465942383,16.690000534057617,17.1299991607666,7322000
2022-12-29,17.37057113647461,17.53499984741211,17.655000686645508,17.0,17.079999923706055,7830200
2022-12-30,17.355714797973633,17.520000457763672,17.524999618530273,16.985000610351562,17.155000686645508,6488200
2023-01-03,17.113012313842773,17.274999618530273,18.014999389648438,16.959999084472656,17.81999969482422,10744400
2023-01-04,17.27646827697754,17.440000534057617,17.655000686645508,17.014999389648438,17.55500030517578,10703200
2023-01-05,16.711811065673828,16.8700008392334,17.21500015258789,16.834999084472656,17.204999923706055,8770800
2023-01-06,17.63309097290039,17.799999237060547,17.950000762939453,16.709999084472656,17.09000015258789,9068400
2023-01-09,17.865886688232422,18.03499984741211,18.65999984741211,17.94499969482422,18.06999969482422,10445600
2023-01-10,18.168027877807617,18.34000015258789,18.34000015258789,17.81999969482422,17.889999389648438,7259400
2023-01-11,18.782211303710938,18.959999084472656,18.975000381469727,18.364999771118164,18.475000381469727,6547600
2023-01-12,18.96052360534668,19.139999389648438,19.290000915527344,18.43000030517578,19.024999618530273,13126400
2023-01-13,19.223039627075195,19.405000686645508,19.450000762939453,18.75,18.795000076293945,7118200
2023-01-17,19.287429809570312,19.469999313354492,19.670000076293945,19.219999313354492,19.375,5573000
2023-01-18,18.792116165161133,18.969999313354492,19.920000076293945,18.950000762939453,19.709999084472656,7323400
2023-01-19,18.415679931640625,18.59000015258789,18.895000457763672,18.424999237060547,18.735000610351562,8381800
2023-01-20,19.445926666259766,19.6299991607666,19.655000686645508,18.674999237060547,18.809999465942383,6992200
2023-01-23,20.29786491394043,20.489999771118164,20.649999618530273,19.625,19.71500015258789,15408800
2023-01-24,20.20375633239746,20.395000457763672,20.55500030517578,20.15999984741211,20.235000610351562,11212400
2023-01-25,20.094785690307617,20.28499984741211,20.385000228881836,19.3700008392334,19.739999771118164,12435200
2023-01-26,20.87242317199707,21.06999969482422,21.094999313354492,20.395000457763672,20.774999618530273,9152400
2023-01-27,21.28353500366211,21.485000610351562,21.780000686645508,20.864999771118164,20.875,11035400
2023-01-30,20.40683364868164,20.600000381469727,21.21500015258789,20.56999969482422,21.0,9410800
2023-01-31,21.035879135131836,21.235000610351562,21.239999771118164,20.604999542236328,20.614999771118164,10618800
2023-02-01,21.94725227355957,22.155000686645508,22.489999771118164,20.895000457763672,21.200000762939453,16668600
2023-02-02,23.49262237548828,23.71500015258789,24.0049991607666,22.709999084472656,23.100000381469727,15147200
2023-02-03,22.645641326904297,22.860000610351562,23.809999465942383,22.625,22.68000030517578,17743200
2023-02-06,22.269203186035156,22.479999542236328,22.815000534057617,22.270000457763672,22.46500015258789,13271600
2023-02-07,23.1954345703125,23.415000915527344,23.56999969482422,22.28499984741211,22.454999923706055,17696600
2023-02-08,22.348453521728516,22.559999465942383,23.334999084472656,22.46500015258789,23.19499969482422,8346000
2023-02-09,21.93734359741211,22.145000457763672,23.235000610351562,21.934999465942383,23.209999084472656,9880600
2023-02-10,21.659971237182617,21.864999771118164,22.1299991607666,21.4950008392334,21.825000762939453,9519400
2023-02-13,22.358362197875977,22.56999969482422,22.639999389648438,21.895000457763672,22.06999969482422,7921400
2023-02-14,22.660499572753906,22.875,23.030000686645508,22.020000457763672,22.315000534057617,12703800
2023-02-15,23.02703285217285,23.2450008392334,23.25,22.5049991607666,22.604999542236328,9261400
2023-02-16,22.125564575195312,22.334999084472656,23.114999771118164,22.31999969482422,22.4950008392334,11092600
2023-02-17,21.808563232421875,22.014999389648438,22.1299991607666,21.579999923706055,22.020000457763672,7646400
2023-02-21,20.773361206054688,20.969999313354492,21.65999984741211,20.954999923706055,21.450000762939453,7102800
2023-02-22,20.803083419799805,21.0,21.299999237060547,20.764999389648438,21.059999465942383,9557600
2023-02-23,21.164663314819336,21.364999771118164,21.540000915527344,20.7450008392334,21.524999618530273,12213600
2023-02-24,20.436552047729492,20.6299991607666,20.799999237060547,20.375,20.6299991607666,12301000
2023-02-27,20.73868751525879,20.934999465942383,21.28499984741211,20.850000381469727,21.094999313354492,8575200
2023-02-28,20.66934585571289,20.864999771118164,21.235000610351562,20.78499984741211,20.834999084472656,6760600
2023-03-01,20.337491989135742,20.530000686645508,20.915000915527344,20.389999389648438,20.81999969482422,8565200
2023-03-02,20.684206008911133,20.8799991607666,20.975000381469727,20.125,20.155000686645508,8872200
2023-03-03,21.526235580444336,21.729999542236328,21.7549991607666,21.040000915527344,21.110000610351562,9703800
2023-03-06,21.555953979492188,21.760000228881836,22.34000015258789,21.739999771118164,21.90999984741211,8407200
2023-03-07,21.025972366333008,21.225000381469727,21.905000686645508,21.135000228881836,21.774999618530273,10278000
2023-03-08,21.24390983581543,21.44499969482422,21.514999389648438,21.010000228881836,21.274999618530273,8041200
2023-03-09,20.46627426147461,20.65999984741211,21.8700008392334,20.559999465942383,21.4950008392334,10255800
2023-03-10,19.89666175842285,20.084999084472656,20.915000915527344,19.934999465942383,20.690000534057617,30820800
2023-03-13,20.198802947998047,20.389999389648438,20.915000915527344,19.6200008392334,19.850000381469727,30307800
2023-03-14,21.129987716674805,21.329999923706055,21.405000686645508,20.774999618530273,20.895000457763672,13031000
2023-03-15,21.33802032470703,21.540000915527344,21.594999313354492,20.735000610351562,20.94499969482422,18626200
2023-03-16,22.452468872070312,22.665000915527344,22.719999313354492,21.28499984741211,21.385000228881836,16590200
2023-03-17,22.229581832885742,22.440000534057617,23.010000228881836,22.15999984741211,22.65999984741211,12643400
2023-03-20,22.393033981323242,22.604999542236328,22.649999618530273,22.024999618530273,22.360000610351562,8176800
2023-03-21,23.01712417602539,23.235000610351562,23.315000534057617,22.670000076293945,22.889999389648438,7240800
2023-03-22,22.388080596923828,22.600000381469727,23.979999542236328,22.59000015258789,23.235000610351562,24747800
2023-03-23,22.932918548583984,23.149999618530273,23.78499984741211,22.739999771118164,23.155000686645508,12797200
2023-03-24,23.086469650268555,23.30500030517578,23.31999969482422,22.71500015258789,23.065000534057617,7752000
2023-03-27,22.754608154296875,22.969999313354492,23.56999969482422,22.850000381469727,23.405000686645508,6827600
2023-03-28,22.526765823364258,22.739999771118164,22.899999618530273,22.385000228881836,22.899999618530273,7862200
2023-03-29,23.353939056396484,23.575000762939453,23.655000686645508,23.165000915527344,23.28499984741211,6727800
2023-03-30,23.765047073364258,23.989999771118164,24.084999084472656,23.725000381469727,23.93000030517578,8303200
2023-03-31,24.552593231201172,24.78499984741211,24.815000534057617,23.985000610351562,24.020000457763672,7233800
2023-04-03,24.42876434326172,24.65999984741211,24.700000762939453,24.239999771118164,24.44499969482422,8188000
2023-04-04,24.265308380126953,24.4950008392334,24.8799991607666,24.299999237060547,24.725000381469727,6524000
2023-04-05,23.760087966918945,23.985000610351562,24.354999542236328,23.700000762939453,24.325000762939453,8331400
2023-04-06,24.101858139038086,24.329999923706055,24.3799991607666,23.520000457763672,23.725000381469727,8803400
2023-04-10,24.047372817993164,24.274999618530273,24.280000686645508,23.565000534057617,23.844999313354492,6597000
2023-04-11,23.740280151367188,23.96500015258789,24.270000457763672,23.885000228881836,24.270000457763672,5338600
2023-04-12,23.30936050415039,23.530000686645508,24.34000015258789,23.46500015258789,24.260000228881836,8870200
2023-04-13,24.220735549926758,24.450000762939453,24.510000228881836,23.764999389648438,23.790000915527344,7159200
2023-04-14,24.11671257019043,24.344999313354492,24.6200008392334,23.895000457763672,24.184999465942383,6523200
2023-04-17,24.141483306884766,24.3700008392334,24.434999465942383,23.959999084472656,24.28499984741211,6663400
2023-04-18,24.156343460083008,24.385000228881836,24.770000457763672,24.190000534057617,24.704999923706055,6720600
2023-04-19,24.12662124633789,24.354999542236328,24.514999389648438,23.989999771118164,24.010000228881836,7118600
2023-04-20,23.75514030456543,23.979999542236328,24.424999237060547,23.770000457763672,23.8799991607666,10049200
2023-04-21,23.784860610961914,24.010000228881836,24.135000228881836,23.635000228881836,23.899999618530273,8053600
2023-04-24,23.68083953857422,23.905000686645508,24.18000030517578,23.579999923706055,23.975000381469727,5432200
2023-04-25,22.794235229492188,23.010000228881836,23.7549991607666,22.989999771118164,23.649999618530273,10007200
2023-04-26,23.05179786682129,23.270000457763672,23.735000610351562,23.204999923706055,23.5,7649800
2023-04-27,24.3049373626709,24.53499984741211,24.610000610351562,23.7450008392334,23.84000015258789,13067400
2023-04-28,24.636795043945312,24.8700008392334,24.875,24.315000534057617,24.485000610351562,7154800
2023-05-01,24.572402954101562,24.80500030517578,25.020000457763672,24.635000228881836,24.799999237060547,6884000
2023-05-02,24.131576538085938,24.360000610351562,24.84000015258789,24.09000015258789,24.795000076293945,7979400
2023-05-03,23.834386825561523,24.059999465942383,24.829999923706055,24.030000686645508,24.424999237060547,10127800
2023-05-04,23.651121139526367,23.875,24.170000076293945,23.704999923706055,24.0049991607666,7362000
2023-05-05,24.641746520996094,24.875,25.0049991607666,24.149999618530273,24.200000762939453,6692400
2023-05-08,24.75566864013672,24.989999771118164,25.045000076293945,24.625,24.790000915527344,5566600
2023-05-09,24.443618774414062,24.674999237060547,24.860000610351562,24.6200008392334,24.725000381469727,5099200
2023-05-10,24.97360610961914,25.209999084472656,25.34000015258789,24.665000915527344,25.05500030517578,9513800
2023-05-11,25.122196197509766,25.360000610351562,25.440000534057617,25.030000686645508,25.270000457763672,7098400
2023-05-12,24.93893814086914,25.174999237060547,25.5049991607666,24.844999313354492,25.424999237060547,7470200
2023-05-15,25.206401824951172,25.44499969482422,25.475000381469727,25.0,25.239999771118164,7146600
2023-05-16,25.2509765625,25.489999771118164,25.760000228881836,25.315000534057617,25.315000534057617,5980600
2023-05-17,25.8701229095459,26.114999771118164,26.19499969482422,25.469999313354492,25.645000457763672,7689400
2023-05-18,26.801307678222656,27.05500030517578,27.094999313354492,26.155000686645508,26.15999984741211,10012800
2023-05-19,26.682430267333984,26.934999465942383,27.204999923706055,26.760000228881836,27.09000015258789,7781200
2023-05-22,26.840927124023438,27.094999313354492,27.270000457763672,26.885000228881836,26.889999389648438,6917800
2023-05-23,26.167306900024414,26.415000915527344,27.010000228881836,26.360000610351562,26.834999084472656,5407400
2023-05-24,25.889930725097656,26.135000228881836,26.34000015258789,25.809999465942383,26.100000381469727,7873200
2023-05-25,27.133163452148438,27.389999389648438,27.594999313354492,26.90999984741211,27.30500030517578,9238800
2023-05-26,28.524988174438477,28.795000076293945,28.924999237060547,27.545000076293945,27.56999969482422,9572800
2023-05-30,28.76769256591797,29.040000915527344,29.69499969482422,28.809999465942383,29.5049991607666,9288400
2023-05-31,28.391252517700195,28.65999984741211,29.110000610351562,28.469999313354492,28.764999389648438,8536000
2023-06-01,29.094600677490234,29.3700008392334,29.575000762939453,28.475000381469727,28.645000457763672,6621400
2023-06-02,29.52056312561035,29.799999237060547,29.989999771118164,29.354999542236328,29.655000686645508,8838800
2023-06-05,29.555234909057617,29.834999084472656,30.264999389648438,29.655000686645508,29.760000228881836,6077000
2023-06-06,29.545331954956055,29.825000762939453,29.979999542236328,29.489999771118164,29.719999313354492,5470200
2023-06-07,28.52994155883789,28.799999237060547,30.190000534057617,28.690000534057617,29.860000610351562,8243600
2023-06-08,29.218427658081055,29.4950008392334,29.56999969482422,28.795000076293945,28.834999084472656,6031800
2023-06-09,29.431407928466797,29.709999084472656,30.2450008392334,29.479999542236328,29.7450008392334,8509600
2023-06-12,30.4368896484375,30.725000381469727,30.729999542236328,29.829999923706055,30.0,5299600
2023-06-13,30.882665634155273,31.174999237060547,31.325000762939453,30.639999389648438,31.200000762939453,6533600
2023-06-14,31.333404541015625,31.6299991607666,31.68000030517578,30.69499969482422,31.18000030517578,9163200
2023-06-15,32.05656051635742,32.36000061035156,32.630001068115234,31.290000915527344,31.399999618530273,12554400
2023-06-16,31.640499114990234,31.940000534057617,32.810001373291016,31.8799991607666,32.78499984741211,6792600
2023-06-20,31.566204071044922,31.864999771118164,32.099998474121094,31.329999923706055,31.684999465942383,5751400
2023-06-21,30.704360961914062,30.9950008392334,31.71500015258789,30.81999969482422,31.639999389648438,6789600
2023-06-22,31.41265106201172,31.709999084472656,31.719999313354492,30.674999237060547,30.7450008392334,4765800
2023-06-23,30.778656005859375,31.06999969482422,31.469999313354492,30.770000457763672,30.9950008392334,5761000
2023-06-26,29.951486587524414,30.235000610351562,31.450000762939453,30.21500015258789,30.969999313354492,6571600
2023-06-27,30.971826553344727,31.264999389648438,31.3799991607666,30.360000610351562,30.5,10757200
2023-06-28,31.075847625732422,31.3700008392334,31.709999084472656,30.924999237060547,30.924999237060547,9968600
2023-06-29,30.937152862548828,31.229999542236328,31.40999984741211,30.94499969482422,31.315000534057617,6941800
2023-06-30,31.888151168823242,32.189998626708984,32.3650016784668,31.809999465942383,31.860000610351562,6290800
2023-07-03,32.041709899902344,32.345001220703125,32.439998626708984,32.099998474121094,32.290000915527344,3440600
2023-07-05,32.01693344116211,32.31999969482422,32.619998931884766,32.03499984741211,32.03499984741211,4058000
2023-07-06,31.521623611450195,31.81999969482422,31.885000228881836,31.295000076293945,31.6299991607666,7080200
2023-07-07,31.293779373168945,31.59000015258789,32.32500076293945,31.55500030517578,31.7549991607666,7112200
2023-07-10,31.333404541015625,31.6299991607666,31.725000381469727,31.100000381469727,31.524999618530273,9980800
2023-07-11,31.620685577392578,31.920000076293945,31.989999771118164,31.30500030517578,31.674999237060547,10915800
2023-07-12,32.423091888427734,32.72999954223633,32.95500183105469,32.279998779296875,32.625,11074400
2023-07-13,33.488014221191406,33.80500030517578,33.95500183105469,33.165000915527344,33.26499938964844,6168000
2023-07-14,33.473148345947266,33.790000915527344,34.46500015258789,33.630001068115234,33.8849983215332,7406600
2023-07-17,34.082374572753906,34.404998779296875,34.56999969482422,33.83000183105469,33.904998779296875,9326800
2023-07-18,34.65199279785156,34.97999954223633,35.220001220703125,33.935001373291016,34.29499816894531,12493000
2023-07-19,34.562835693359375,34.88999938964844,35.369998931884766,34.70500183105469,35.165000915527344,9836000
2023-07-20,32.997650146484375,33.310001373291016,34.64500045776367,33.130001068115234,34.3650016784668,10129200
2023-07-21,32.79457092285156,33.10499954223633,33.875,33.040000915527344,33.744998931884766,8124000
2023-07-24,32.89858627319336,33.209999084472656,33.45000076293945,32.8849983215332,33.279998779296875,10284000
2023-07-25,33.35427474975586,33.66999816894531,33.95000076293945,33.32500076293945,33.334999084472656,10330600
2023-07-26,33.121482849121094,33.435001373291016,33.72999954223633,33.01499938964844,33.46500015258789,6982200
2023-07-27,32.93821716308594,33.25,34.67499923706055,33.01499938964844,34.38999938964844,16236400
2023-07-28,34.13191604614258,34.45500183105469,34.6349983215332,33.880001068115234,33.96500015258789,8282600
2023-07-31,34.19135284423828,34.51499938964844,34.69499969482422,34.244998931884766,34.505001068115234,5744800
2023-08-01,33.9981803894043,34.31999969482422,34.45000076293945,33.939998626708984,34.23500061035156,5208800
2023-08-02,32.492427825927734,32.79999923706055,33.68000030517578,32.58000183105469,33.68000030517578,13333800
2023-08-03,32.373558044433594,32.68000030517578,33.04999923706055,32.33000183105469,32.35499954223633,7784200
2023-08-04,32.06151580810547,32.3650016784668,33.43000030517578,32.28499984741211,33.025001525878906,14143000
2023-08-07,32.60635757446289,32.915000915527344,32.92499923706055,32.26499938964844,32.69499969482422,6114800
2023-08-08,32.036739349365234,32.34000015258789,32.459999084472656,31.78499984741211,32.45500183105469,10888600
2023-08-09,31.323497772216797,31.6200008392334,32.415000915527344,31.4950008392334,32.3849983215332,7037800
2023-08-10,31.427513122558594,31.725000381469727,32.71500015258789,31.454999923706055,32.125,13651800
2023-08-11,31.016408920288086,31.309999465942383,31.614999771118164,31.049999237060547,31.264999389648438,8892800
2023-08-14,31.71974754333496,32.02000045776367,32.025001525878906,31.049999237060547,31.18000030517578,5633400
2023-08-15,31.031265258789062,31.325000762939453,31.969999313354492,31.204999923706055,31.825000762939453,5414800
2023-08-16,30.357641220092773,30.645000457763672,31.489999771118164,30.639999389648438,31.229999542236328,6374000
2023-08-17,29.67906379699707,29.959999084472656,30.934999465942383,29.899999618530273,30.8799991607666,9601400
2023-08-18,29.599815368652344,29.8799991607666,30.100000381469727,29.31999969482422,29.395000457763672,7514600
2023-08-21,30.560718536376953,30.850000381469727,30.959999084472656,30.05500030517578,30.1299991607666,8257000
2023-08-22,30.46660804748535,30.7549991607666,31.280000686645508,30.6299991607666,31.274999618530273,7614000
2023-08-23,31.4176082611084,31.71500015258789,31.899999618530273,30.90999984741211,30.940000534057617,8116200
2023-08-24,30.035688400268555,30.31999969482422,32.31999969482422,30.309999465942383,32.310001373291016,10530400
2023-08-25,30.526046752929688,30.815000534057617,31.094999313354492,29.895000457763672,30.475000381469727,14986600
2023-08-28,30.9866886138916,31.280000686645508,31.415000915527344,30.84000015258789,31.309999465942383,5851200
2023-08-29,32.314125061035156,32.619998931884766,32.685001373291016,31.18000030517578,31.225000381469727,8184000
2023-08-30,32.670738220214844,32.97999954223633,33.08000183105469,32.459999084472656,32.64500045776367,7393400
2023-08-31,32.82923889160156,33.13999938964844,33.45500183105469,32.96500015258789,32.970001220703125,5388000
2023-09-01,32.78466796875,33.095001220703125,33.64500045776367,32.814998626708984,33.584999084472656,5922400
2023-09-05,32.84410858154297,33.154998779296875,33.369998931884766,32.76499938964844,32.93000030517578,4413600
2023-09-06,32.26458740234375,32.56999969482422,33.064998626708984,32.209999084472656,33.0,6877200
2023-09-07,31.779186248779297,32.08000183105469,32.21500015258789,31.575000762939453,31.760000228881836,6219600
2023-09-08,31.853479385375977,32.154998779296875,32.55500030517578,31.9950008392334,32.05500030517578,6527200
2023-09-11,32.60635757446289,32.915000915527344,33.0099983215332,32.35499954223633,32.689998626708984,7382200
2023-09-12,31.88319969177246,32.185001373291016,32.849998474121094,32.130001068115234,32.6150016784668,7969800
2023-09-13,32.11599349975586,32.41999816894531,32.69499969482422,32.01499938964844,32.220001220703125,7316200
2023-09-14,32.62616729736328,32.935001373291016,33.099998474121094,32.345001220703125,32.70500183105469,7829400
2023-09-15,31.481996536254883,31.780000686645508,32.755001068115234,31.635000228881836,32.68000030517578,10794000
2023-09-18,31.561248779296875,31.860000610351562,32.04499816894531,31.575000762939453,31.614999771118164,5146600
2023-09-19,31.422561645507812,31.719999313354492,31.84000015258789,31.184999465942383,31.610000610351562,6375200
2023-09-20,30.596067428588867,30.799999237060547,31.950000762939453,30.780000686645508,31.899999618530273,10784400
2023-09-21,29.438783645629883,29.635000228881836,30.274999618530273,29.6200008392334,30.135000228881836,8599200
2023-09-22,29.463619232177734,29.65999984741211,30.290000915527344,29.594999313354492,29.940000534057617,7559200
2023-09-25,29.72686004638672,29.924999237060547,29.940000534057617,29.31999969482422,29.479999542236328,5793000
2023-09-26,28.822887420654297,29.014999389648438,29.56999969482422,28.854999542236328,29.479999542236328,6881200
2023-09-27,28.976865768432617,29.170000076293945,29.469999313354492,28.549999237060547,29.200000762939453,9552000
2023-09-28,29.433815002441406,29.6299991607666,29.975000381469727,28.844999313354492,28.975000381469727,9031600
2023-09-29,29.478519439697266,29.674999237060547,30.434999465942383,29.454999923706055,30.19499969482422,11351800
2023-10-02,29.950376510620117,30.149999618530273,30.385000228881836,29.600000381469727,29.69499969482422,9423200
2023-10-03,28.89242935180664,29.084999084472656,30.094999313354492,28.809999465942383,29.719999313354492,10531000
2023-10-04,29.672229766845703,29.8700008392334,30.010000228881836,29.145000457763672,29.21500015258789,10016800
2023-10-05,29.478519439697266,29.674999237060547,29.90999984741211,29.084999084472656,29.860000610351562,6617000
2023-10-06,30.45203399658203,30.655000686645508,30.854999542236328,29.030000686645508,29.165000915527344,10872000
2023-10-09,30.769908905029297,30.975000381469727,31.065000534057617,30.0049991607666,30.270000457763672,6528800
2023-10-10,31.087793350219727,31.295000076293945,31.760000228881836,30.94499969482422,31.020000457763672,7793000
2023-10-11,31.539779663085938,31.75,31.78499984741211,31.239999771118164,31.530000686645508,6928000
2023-10-12,31.286470413208008,31.4950008392334,32.130001068115234,31.094999313354492,31.829999923706055,10319000
2023-10-13,30.51163673400879,30.71500015258789,31.71500015258789,30.469999313354492,31.614999771118164,9706000
2023-10-16,31.21196746826172,31.420000076293945,31.579999923706055,30.915000915527344,30.940000534057617,6193400
2023-10-17,30.998388290405273,31.204999923706055,31.479999542236328,30.415000915527344,30.774999618530273,8118200
2023-10-18,30.124217987060547,30.325000762939453,31.135000228881836,30.139999389648438,30.7549991607666,9828200
2023-10-19,29.58282470703125,29.780000686645508,30.790000915527344,29.639999389648438,30.584999084472656,16464600
2023-10-20,28.703683853149414,28.895000457763672,29.78499984741211,28.854999542236328,29.700000762939453,11697200
2023-10-23,28.85765838623047,29.049999237060547,29.645000457763672,28.315000534057617,28.649999618530273,36769400
2023-10-24,29.433815002441406,29.6299991607666,29.739999771118164,29.075000762939453,29.354999542236328,8863400
2023-10-25,27.973548889160156,28.15999984741211,29.235000610351562,28.065000534057617,29.190000534057617,12723400
2023-10-26,26.895734786987305,27.075000762939453,28.104999542236328,26.860000610351562,27.950000762939453,17080400
2023-10-27,27.15401268005371,27.334999084472656,27.875,27.1299991607666,27.4950008392334,14958000
2023-10-30,27.74010467529297,27.924999237060547,28.145000457763672,27.5,27.71500015258789,15122600
2023-10-31,28.02322006225586,28.209999084472656,28.260000228881836,27.520000457763672,27.940000534057617,8014600
2023-11-01,28.99673080444336,29.190000534057617,29.264999389648438,28.31999969482422,28.329999923706055,13525000
2023-11-02,30.02487564086914,30.225000381469727,30.25,29.700000762939453,29.899999618530273,13622200
2023-11-03,30.720245361328125,30.924999237060547,31.135000228881836,30.389999389648438,30.424999237060547,8676600
2023-11-06,30.958656311035156,31.165000915527344,31.2549991607666,30.780000686645508,31.049999237060547,7315800
2023-11-07,31.534814834594727,31.7450008392334,31.895000457763672,31.1299991607666,31.334999084472656,7065600
2023-11-08,31.5844783782959,31.795000076293945,31.920000076293945,31.389999389648438,31.81999969482422,6037400
2023-11-09,31.08282470703125,31.290000915527344,32.084999084472656,31.190000534057617,31.889999389648438,9564600
2023-11-10,32.44375991821289,32.65999984741211,32.70000076293945,31.479999542236328,31.559999465942383,15628400
2023-11-13,32.25004577636719,32.46500015258789,32.64500045776367,32.130001068115234,32.39500045776367,7899600
2023-11-14,33.625877380371094,33.849998474121094,34.02000045776367,33.4900016784668,33.57500076293945,11581600
2023-11-15,33.67057800292969,33.89500045776367,34.275001525878906,33.665000915527344,34.16999816894531,8840200
2023-11-16,33.73018264770508,33.95500183105469,33.98500061035156,33.525001525878906,33.75,8899800
2023-11-17,33.72521209716797,33.95000076293945,34.1349983215332,33.64500045776367,33.80500030517578,5736400
2023-11-20,34.54971694946289,34.779998779296875,34.88999938964844,33.94499969482422,33.95500183105469,11375000
2023-11-21,34.107666015625,34.334999084472656,34.4900016784668,34.040000915527344,34.45500183105469,8832800
2023-11-22,34.40071487426758,34.630001068115234,35.150001525878906,34.439998626708984,34.709999084472656,11136200
2023-11-24,34.2815055847168,34.5099983215332,34.64500045776367,34.334999084472656,34.529998779296875,2595000
2023-11-27,34.22190475463867,34.45000076293945,34.79999923706055,34.29499816894531,34.41999816894531,4448200
2023-11-28,34.39077377319336,34.619998931884766,34.724998474121094,34.2400016784668,34.314998626708984,6934600
2023-11-29,34.311309814453125,34.540000915527344,35.314998626708984,34.4900016784668,35.060001373291016,9940200
2023-11-30,34.12753677368164,34.35499954223633,34.650001525878906,33.81999969482422,34.58000183105469,7866800
2023-12-01,34.32621383666992,34.55500030517578,34.650001525878906,33.8650016784668,34.150001525878906,7126600
2023-12-04,33.66561508178711,33.88999938964844,33.939998626708984,33.244998931884766,33.845001220703125,8523400
2023-12-05,33.82952117919922,34.05500030517578,34.27000045776367,33.52000045776367,33.54999923706055,7302000
2023-12-06,33.437137603759766,33.65999984741211,34.599998474121094,33.595001220703125,34.58000183105469,5998600
2023-12-07,34.37587356567383,34.60499954223633,34.724998474121094,33.974998474121094,34.165000915527344,5838800
2023-12-08,34.64408874511719,34.875,34.96500015258789,34.23500061035156,34.255001068115234,8000800
2023-12-11,35.2401123046875,35.474998474121094,35.52000045776367,34.77000045776367,34.79499816894531,5527600
2023-12-12,35.8013801574707,36.040000915527344,36.04999923706055,35.27000045776367,35.474998474121094,5436000
2023-12-13,36.69541931152344,36.939998626708984,37.04999923706055,36.060001373291016,36.19499969482422,7928800
2023-12-14,36.61594009399414,36.86000061035156,37.38999938964844,36.29999923706055,37.150001525878906,8718600
2023-12-15,36.8841667175293,37.130001068115234,37.42499923706055,36.8849983215332,37.005001068115234,8727400
2023-12-18,37.42057800292969,37.66999816894531,37.834999084472656,37.224998474121094,37.275001525878906,6906800
2023-12-19,37.78813171386719,38.040000915527344,38.06999969482422,37.71500015258789,37.7400016784668,5965200
2023-12-20,36.64855194091797,36.85499954223633,38.2400016784668,36.84000015258789,37.86000061035156,8167600
2023-12-21,37.49876403808594,37.709999084472656,37.76499938964844,37.099998474121094,37.57500076293945,6424600
2023-12-22,37.603172302246094,37.814998626708984,38.10499954223633,37.459999084472656,37.91999816894531,7050000
2023-12-26,38.04071044921875,38.255001068115234,38.38999938964844,37.95000076293945,37.959999084472656,3625600
2023-12-27,38.184898376464844,38.400001525878906,38.46500015258789,38.150001525878906,38.310001373291016,4740400
2023-12-28,38.115299224853516,38.33000183105469,38.64500045776367,38.279998779296875,38.61000061035156,3925600
2023-12-29,37.78713607788086,38.0,38.404998779296875,37.650001525878906,38.334999084472656,7528400
2024-01-02,36.514312744140625,36.720001220703125,37.3650016784668,36.28499984741211,37.31999969482422,9588000
2024-01-03,35.73371124267578,35.935001373291016,36.415000915527344,35.85499954223633,36.224998474121094,9925800
2024-01-04,35.340919494628906,35.540000915527344,36.1349983215332,35.5,35.56999969482422,6966000
2024-01-05,35.4304084777832,35.630001068115234,36.11000061035156,35.369998931884766,35.564998626708984,7603600
2024-01-08,36.88223648071289,37.09000015258789,37.1349983215332,35.814998626708984,35.84000015258789,7127000
2024-01-09,37.026424407958984,37.23500061035156,37.400001525878906,36.48500061035156,36.52000045776367,5750000
2024-01-10,37.50870895385742,37.720001220703125,37.90999984741211,37.1150016784668,37.27000045776367,5419400
2024-01-11,37.62803268432617,37.84000015258789,38.189998626708984,36.90999984741211,37.939998626708984,7780200
2024-01-12,37.67776107788086,37.88999938964844,38.19499969482422,37.625,38.04499816894531,6328000
2024-01-16,37.662837982177734,37.875,38.15999984741211,37.369998931884766,37.64500045776367,7434200
2024-01-17,37.22032928466797,37.43000030517578,37.5,36.64500045776367,37.244998931884766,9561000
2024-01-18,38.28433609008789,38.5,38.57500076293945,37.775001525878906,38.0099983215332,9237000
2024-01-19,39.770965576171875,39.994998931884766,40.02000045776367,38.775001525878906,38.8849983215332,10636800
2024-01-22,39.87040710449219,40.095001220703125,40.654998779296875,39.97999954223633,40.41999816894531,8290600
2024-01-23,40.18860626220703,40.415000915527344,40.45000076293945,39.8650016784668,40.21500015258789,5471600
2024-01-24,40.61620330810547,40.845001220703125,41.625,40.76499938964844,41.154998779296875,11427600
2024-01-25,40.69575119018555,40.92499923706055,41.45000076293945,40.48500061035156,41.314998626708984,8001600
2024-01-26,40.19855880737305,40.42499923706055,40.89500045776367,40.31999969482422,40.55500030517578,7150800
2024-01-29,41.033851623535156,41.26499938964844,41.29499816894531,40.39500045776367,40.51499938964844,6252800
2024-01-30,40.462066650390625,40.689998626708984,41.15999984741211,40.529998779296875,41.060001373291016,5167600
2024-01-31,38.880977630615234,39.099998474121094,40.22999954223633,39.06999969482422,39.845001220703125,14639800
2024-02-01,39.80577087402344,40.029998779296875,40.084999084472656,39.23500061035156,39.41999816894531,9338600
2024-02-02,41.138267517089844,41.369998931884766,41.584999084472656,40.16999816894531,40.35499954223633,10507400
2024-02-05,40.989105224609375,41.220001220703125,41.45000076293945,40.560001373291016,41.34000015258789,6399200
2024-02-06,40.83994674682617,41.06999969482422,41.55500030517578,40.599998474121094,41.43000030517578,6142200
2024-02-07,41.66032028198242,41.89500045776367,42.05500030517578,41.34000015258789,41.59000015258789,5831400
2024-02-08,41.794559478759766,42.029998779296875,42.16999816894531,41.7599983215332,41.900001525878906,4085600
2024-02-09,42.600032806396484,42.84000015258789,42.9900016784668,42.084999084472656,42.23500061035156,5793600
2024-02-12,42.25199508666992,42.4900016784668,43.244998931884766,42.3650016784668,42.79999923706055,5187200
2024-02-13,40.924461364746094,41.154998779296875,41.689998626708984,40.540000915527344,40.91999816894531,11005000
2024-02-14,41.82439422607422,42.060001373291016,42.1349983215332,41.220001220703125,41.67499923706055,7728000
2024-02-15,42.03322219848633,42.27000045776367,42.3650016784668,41.65999984741211,42.17499923706055,7730000
2024-02-16,41.27250671386719,41.505001068115234,42.35499954223633,41.369998931884766,42.34000015258789,7759600
2024-02-20,40.641056060791016,40.869998931884766,41.3849983215332,40.125,41.10499954223633,8186200
2024-02-21,40.30297088623047,40.529998779296875,40.54499816894531,39.77000045776367,40.31999969482422,7356600
2024-02-22,42.65472412109375,42.89500045776367,43.07500076293945,42.04999923706055,42.185001373291016,8965600
2024-02-23,42.381263732910156,42.619998931884766,43.3650016784668,42.42499923706055,43.17499923706055,7262400
2024-02-26,42.33153533935547,42.56999969482422,42.959999084472656,42.529998779296875,42.75,5209000
2024-02-27,42.53539276123047,42.775001525878906,42.84000015258789,42.2599983215332,42.779998779296875,4686000
2024-02-28,42.05310821533203,42.290000915527344,42.56999969482422,42.11000061035156,42.34000015258789,3813000
2024-02-29,42.779022216796875,43.02000045776367,43.209999084472656,42.224998474121094,42.849998474121094,6100000
2024-03-01,44.056819915771484,44.30500030517578,44.470001220703125,43.15999984741211,43.16999816894531,6217600
2024-03-04,43.69884490966797,43.94499969482422,44.36000061035156,43.915000915527344,44.279998779296875,6141600
2024-03-05,42.14260482788086,42.380001068115234,43.345001220703125,41.900001525878906,43.33000183105469,8465800
2024-03-06,42.659690856933594,42.900001525878906,43.51499938964844,42.529998779296875,43.19499969482422,6384400
2024-03-07,43.94247055053711,44.189998626708984,44.42499923706055,43.279998779296875,43.584999084472656,6978400
2024-03-08,42.63980484008789,42.880001068115234,44.79999923706055,42.7599983215332,44.2400016784668,10652400
2024-03-11,42.316619873046875,42.55500030517578,42.814998626708984,42.185001373291016,42.584999084472656,8074800
2024-03-12,43.54470443725586,43.790000915527344,43.849998474121094,42.375,43.01499938964844,7163200
2024-03-13,42.83868408203125,43.08000183105469,43.56999969482422,42.875,43.55500030517578,4144400
2024-03-14,42.61494827270508,42.85499954223633,43.415000915527344,42.314998626708984,43.31999969482422,7269800
2024-03-15,41.58573532104492,41.81999969482422,42.375,41.599998474121094,42.26499938964844,6586800
2024-03-18,42.37131881713867,42.61000061035156,43.29499816894531,42.564998626708984,42.849998474121094,5561400
2024-03-19,42.57019805908203,42.810001373291016,42.88999938964844,41.79999923706055,42.20500183105469,4733800
2024-03-20,43.5826416015625,43.79999923706055,43.86000061035156,42.68000030517578,43.01499938964844,9219800
2024-03-21,43.960758209228516,44.18000030517578,44.869998931884766,44.14500045776367,44.78499984741211,6303000
2024-03-22,44.0353889465332,44.255001068115234,44.505001068115234,43.915000915527344,44.07500076293945,5832000
2024-03-25,43.726932525634766,43.94499969482422,44.25,43.51499938964844,43.70500183105469,4242400
2024-03-26,43.443336486816406,43.65999984741211,44.43000030517578,43.619998931884766,44.255001068115234,5007600
2024-03-27,43.73189926147461,43.95000076293945,44.2599983215332,43.35499954223633,44.244998931884766,6829600
2024-03-28,43.52294921875,43.7400016784668,44.08000183105469,43.689998626708984,43.915000915527344,5932000
2024-04-01,43.726932525634766,43.94499969482422,44.44499969482422,43.55500030517578,43.92499923706055,5497800
2024-04-02,42.9507942199707,43.165000915527344,43.224998474121094,42.560001373291016,42.959999084472656,5965400
2024-04-03,43.11995315551758,43.334999084472656,43.720001220703125,42.72999954223633,42.744998931884766,5091600
2024-04-04,41.77665710449219,41.98500061035156,44.279998779296875,41.959999084472656,44.165000915527344,9408600
2024-04-05,42.771690368652344,42.98500061035156,43.505001068115234,42.125,42.27000045776367,9035800
2024-04-08,42.79656219482422,43.0099983215332,43.369998931884766,42.72999954223633,43.15999984741211,5717400
2024-04-09,43.0950813293457,43.310001373291016,43.5099983215332,42.380001068115234,43.45500183105469,7480000
2024-04-10,42.30900192260742,42.52000045776367,42.71500015258789,42.13999938964844,42.28499984741211,9474200
2024-04-11,43.67717361450195,43.89500045776367,44.060001373291016,42.45000076293945,42.89500045776367,6481000
2024-04-12,42.264217376708984,42.474998474121094,43.25,42.20000076293945,43.029998779296875,9770200
2024-04-15,40.85623550415039,41.060001373291016,43.209999084472656,40.904998779296875,43.20000076293945,20375400
2024-04-16,40.85623550415039,41.060001373291016,41.56999969482422,40.80500030517578,41.029998779296875,8559200
2024-04-17,39.85623550415039,40.05500030517578,41.439998626708984,39.880001068115234,41.43000030517578,8073600
2024-04-18,39.3686637878418,39.564998626708984,40.47999954223633,39.470001220703125,40.1349983215332,7749600
2024-04-19,37.75172805786133,37.939998626708984,39.435001373291016,37.63999938964844,39.34000015258789,11067200
2024-04-22,38.49303436279297,38.685001373291016,39.119998931884766,37.79999923706055,38.415000915527344,8090000
2024-04-23,39.647274017333984,39.845001220703125,40.05500030517578,38.97999954223633,39.04499816894531,6423000
2024-04-24,39.905982971191406,40.10499954223633,40.70000076293945,39.67499923706055,40.415000915527344,6341800
2024-04-25,39.48309326171875,39.68000030517578,39.845001220703125,38.5,38.70500183105469,7856200
2024-04-26,40.71196746826172,40.915000915527344,41.19499969482422,40.150001525878906,40.27000045776367,16079800
2024-04-29,41.02539825439453,41.22999954223633,41.41999816894531,40.70500183105469,41.29999923706055,5073000
2024-04-30,39.463191986083984,39.65999984741211,41.17499923706055,39.65999984741211,40.904998779296875,5158400
2024-05-01,38.88109588623047,39.07500076293945,40.69499969482422,38.93000030517578,39.375,11989600
2024-05-02,39.8612060546875,40.060001373291016,40.224998474121094,38.89500045776367,39.7599983215332,5431600
2024-05-03,41.45326614379883,41.65999984741211,41.869998931884766,41.16999816894531,41.474998474121094,5837800
2024-05-06,42.3786506652832,42.59000015258789,42.59000015258789,41.86000061035156,42.0099983215332,4026800
2024-05-07,42.35874938964844,42.56999969482422,42.89500045776367,42.439998626708984,42.650001525878906,3822800
2024-05-08,42.31398010253906,42.525001525878906,42.790000915527344,42.040000915527344,42.060001373291016,2550200
2024-05-09,42.46820831298828,42.68000030517578,42.790000915527344,42.20000076293945,42.560001373291016,2669000
2024-05-10,42.67218780517578,42.8849983215332,43.310001373291016,42.57500076293945,42.970001220703125,4574000
2024-05-13,42.861244201660156,43.07500076293945,43.2599983215332,42.790000915527344,43.2400016784668,3147400
2024-05-14,43.393592834472656,43.61000061035156,43.71500015258789,42.935001373291016,42.959999084472656,5012600
2024-05-15,44.72693634033203,44.95000076293945,45.0099983215332,43.79499816894531,44.099998474121094,6462600
2024-05-16,44.54286193847656,44.76499938964844,45.29499816894531,44.72999954223633,44.904998779296875,4388000
2024-05-17,44.498077392578125,44.720001220703125,44.89500045776367,44.27000045776367,44.779998779296875,4363200
2024-05-20,45.10505676269531,45.33000183105469,45.459999084472656,44.709999084472656,44.73500061035156,3577200
2024-05-21,45.25928497314453,45.48500061035156,45.529998779296875,44.904998779296875,44.94499969482422,2838200
2024-05-22,45.24436569213867,45.470001220703125,45.685001373291016,44.939998626708984,45.529998779296875,4075200
2024-05-23,44.806549072265625,45.029998779296875,46.404998779296875,44.65999984741211,46.39500045776367,7033400
2024-05-24,45.65232467651367,45.880001068115234,46.1150016784668,45.20000076293945,45.334999084472656,4924400
2024-05-28,45.97571563720703,46.20500183105469,46.21500015258789,45.6150016784668,46.099998474121094,3476600
2024-05-29,45.32893753051758,45.55500030517578,45.904998779296875,45.334999084472656,45.334999084472656,3680200
2024-05-30,44.33888244628906,44.560001373291016,45.369998931884766,44.29499816894531,45.349998474121094,3318000
2024-05-31,44.33888244628906,44.560001373291016,44.720001220703125,42.8650016784668,44.58000183105469,5934000
2024-06-03,44.622467041015625,44.845001220703125,45.32500076293945,43.810001373291016,45.119998931884766,4175800
2024-06-04,44.84634017944336,45.06999969482422,45.310001373291016,44.435001373291016,44.779998779296875,3824000
2024-06-05,46.65731430053711,46.88999938964844,46.900001525878906,45.560001373291016,45.790000915527344,4699200
2024-06-06,46.61750793457031,46.849998474121094,47.07500076293945,46.6150016784668,47.02000045776367,3274600
2024-06-07,46.508060455322266,46.7400016784668,47.29999923706055,46.51499938964844,46.7400016784668,3349000
2024-06-10,46.876220703125,47.11000061035156,47.165000915527344,46.44499969482422,46.5,2651800
2024-06-11,47.49812316894531,47.73500061035156,47.76499938964844,46.529998779296875,46.834999084472656,3227800
2024-06-12,48.746891021728516,48.9900016784668,49.470001220703125,48.404998779296875,48.540000915527344,4820800
2024-06-13,49.249385833740234,49.494998931884766,49.845001220703125,49.03499984741211,49.71500015258789,3417800
2024-06-14,49.73695755004883,49.98500061035156,50.005001068115234,49.349998474121094,49.435001373291016,3886600
2024-06-17,50.9459228515625,51.20000076293945,51.584999084472656,49.76499938964844,50.029998779296875,4282400
2024-06-18,50.960853576660156,51.21500015258789,51.3650016784668,50.849998474121094,51.185001373291016,4113800
2024-06-20,50.14989471435547,50.400001525878906,51.54999923706055,50.04499816894531,51.470001220703125,5670000
2024-06-21,49.851383209228516,50.099998474121094,50.6150016784668,49.81999969482422,50.334999084472656,3283200
2024-06-24,48.73196792602539,48.974998474121094,50.220001220703125,48.94499969482422,49.86000061035156,4279200
2024-06-25,49.84143829345703,50.09000015258789,50.14500045776367,49.224998474121094,49.404998779296875,3653400
2024-06-26,50.043643951416016,50.2400016784668,50.345001220703125,49.78499984741211,49.849998474121094,2900400
2024-06-27,50.272743225097656,50.470001220703125,50.79499816894531,50.0,50.17499923706055,3387600
2024-06-28,49.7099494934082,49.904998779296875,51.630001068115234,49.810001373291016,50.619998931884766,6420200
2024-07-01,50.317562103271484,50.51499938964844,50.625,49.34000015258789,50.1150016784668,4247800
2024-07-02,51.35847854614258,51.560001373291016,51.560001373291016,50.15999984741211,50.18000030517578,4374400
2024-07-03,52.190216064453125,52.39500045776367,52.42499923706055,51.380001068115234,51.380001068115234,3810600
2024-07-05,53.25105285644531,53.459999084472656,53.55500030517578,52.48500061035156,52.54999923706055,5120400
2024-07-08,53.51502227783203,53.724998474121094,53.82500076293945,53.33000183105469,53.53499984741211,4022000
2024-07-09,53.569801330566406,53.779998779296875,54.27000045776367,53.46500015258789,54.025001525878906,3915600
2024-07-10,54.70036315917969,54.915000915527344,55.02000045776367,53.915000915527344,54.20000076293945,4492400
2024-07-11,52.264923095703125,52.470001220703125,54.95500183105469,52.220001220703125,54.915000915527344,11170200
2024-07-12,52.85759735107422,53.064998626708984,54.09000015258789,52.4900016784668,52.584999084472656,6546000
2024-07-15,53.15144348144531,53.36000061035156,54.38999938964844,52.900001525878906,53.45000076293945,5799400
2024-07-16,53.18132781982422,53.38999938964844,53.82500076293945,52.689998626708984,53.650001525878906,4686000
2024-07-17,50.048622131347656,50.244998931884766,51.73500061035156,50.224998474121094,51.6349983215332,8610600
2024-07-18,49.55555725097656,49.75,51.040000915527344,49.08000183105469,50.994998931884766,6969000
2024-07-19,48.654090881347656,48.845001220703125,50.165000915527344,48.57500076293945,49.66999816894531,7341400
2024-07-22,50.0785026550293,50.275001525878906,50.4900016784668,49.345001220703125,50.04499816894531,5351000
2024-07-23,49.73485565185547,49.93000030517578,50.709999084472656,49.82500076293945,50.084999084472656,3006000
2024-07-24,46.13896560668945,46.31999969482422,48.560001373291016,46.150001525878906,48.505001068115234,8864800
2024-07-25,45.1279296875,45.30500030517578,47.22999954223633,44.775001525878906,46.39500045776367,10057400
2024-07-26,46.03935241699219,46.220001220703125,46.779998779296875,45.57500076293945,46.13999938964844,5543200
2024-07-29,46.178802490234375,46.36000061035156,47.16999816894531,45.92499923706055,46.7400016784668,4943200
2024-07-30,44.90380859375,45.08000183105469,46.89500045776367,44.42499923706055,46.7599983215332,7852200
2024-07-31,47.568359375,47.755001068115234,48.09000015258789,46.849998474121094,47.130001068115234,8010600
2024-08-01,45.26737594604492,45.44499969482422,48.6349983215332,44.68000030517578,47.880001068115234,10456200
2024-08-02,43.08096694946289,43.25,44.189998626708984,42.41999816894531,43.689998626708984,23179600
2024-08-05,40.58575439453125,40.744998931884766,42.0,38.380001068115234,38.595001220703125,13239600
2024-08-06,41.28799057006836,41.45000076293945,42.83000183105469,40.5,41.029998779296875,9835400
2024-08-07,40.3715934753418,40.529998779296875,43.20500183105469,40.45000076293945,42.744998931884766,10463400
2024-08-08,42.85185623168945,43.02000045776367,43.15999984741211,40.959999084472656,41.689998626708984,9644800
2024-08-09,43.28516387939453,43.45500183105469,43.7400016784668,42.5099983215332,42.720001220703125,5869400
2024-08-12,43.44453430175781,43.6150016784668,44.18000030517578,43.05500030517578,43.595001220703125,5364200
2024-08-13,45.58612823486328,45.76499938964844,45.79999923706055,44.42499923706055,44.45000076293945,5930200
2024-08-14,45.62099075317383,45.79999923706055,46.25,44.935001373291016,45.935001373291016,5412800
2024-08-15,47.90204620361328,48.09000015258789,48.15999984741211,46.89500045776367,46.974998474121094,5241000
2024-08-16,47.9867057800293,48.17499923706055,48.45500183105469,47.494998931884766,47.689998626708984,5839400
2024-08-19,49.246761322021484,49.439998626708984,49.45000076293945,47.82500076293945,48.20500183105469,5369000
2024-08-20,49.02762985229492,49.220001220703125,49.775001525878906,48.869998931884766,49.244998931884766,10537400
2024-08-21,49.500770568847656,49.69499969482422,50.04999923706055,49.02000045776367,49.380001068115234,4822600
2024-08-22,47.89208221435547,48.08000183105469,50.28499984741211,47.8849983215332,50.14500045776367,6161400
2024-08-23,48.923038482666016,49.1150016784668,49.66999816894531,48.150001525878906,48.95500183105469,6503200
2024-08-26,47.95682907104492,48.14500045776367,49.16999816894531,47.720001220703125,48.91999816894531,4811000
2024-08-27,48.24071502685547,48.43000030517578,48.6349983215332,47.40999984741211,47.810001373291016,5530400
2024-08-28,47.12509536743164,47.310001373291016,48.459999084472656,46.60499954223633,48.314998626708984,14859200
2024-08-29,46.98066329956055,47.165000915527344,48.625,46.92499923706055,47.689998626708984,8166400
2024-08-30,48.08632278442383,48.275001525878906,48.3650016784668,47.099998474121094,48.005001068115234,3913800
2024-09-03,45.132911682128906,45.310001373291016,47.63999938964844,44.84000015258789,47.61000061035156,8750200
2024-09-04,44.89384841918945,45.06999969482422,45.80500030517578,44.4900016784668,44.685001373291016,6797600
2024-09-05,44.983497619628906,45.15999984741211,45.98500061035156,44.540000915527344,44.724998474121094,6771600
2024-09-06,42.55303192138672,42.720001220703125,45.14500045776367,42.599998474121094,44.974998474121094,7841000
2024-09-09,43.61884689331055,43.790000915527344,43.970001220703125,42.904998779296875,43.52000045776367,4455400
2024-09-10,44.41073989868164,44.584999084472656,44.68000030517578,43.345001220703125,44.130001068115234,4513400
2024-09-11,46.30331802368164,46.48500061035156,46.654998779296875,43.150001525878906,44.814998626708984,21973600
2024-09-12,47.249603271484375,47.435001373291016,47.584999084472656,46.154998779296875,46.505001068115234,6297600
2024-09-13,47.62812042236328,47.814998626708984,48.04999923706055,47.20000076293945,47.25,5788400
2024-09-16,47.19481658935547,47.380001068115234,47.505001068115234,46.72999954223633,47.380001068115234,4989400
2024-09-17,47.24462127685547,47.43000030517578,48.23500061035156,46.935001373291016,47.9900016784668,5042400
2024-09-18,46.801361083984375,46.98500061035156,48.47999954223633,46.88999938964844,47.65999984741211,9610800
2024-09-19,49.191978454589844,49.3849983215332,49.95500183105469,48.814998626708984,49.2400016784668,7565600
2024-09-20,48.967857360839844,49.15999984741211,49.41999816894531,48.32500076293945,49.185001373291016,4389000
2024-09-23,49.22684097290039,49.41999816894531,49.64500045776367,49.130001068115234,49.404998779296875,3702200
2024-09-24,49.69500732421875,49.88999938964844,50.08000183105469,48.83000183105469,49.70000076293945,6006600
2024-09-25,49.815101623535156,49.98500061035156,50.349998474121094,49.689998626708984,49.72999954223633,3107800
2024-09-26,50.52268600463867,50.69499969482422,51.560001373291016,49.939998626708984,51.494998931884766,5234800
2024-09-27,49.929710388183594,50.099998474121094,50.900001525878906,49.86000061035156,50.89500045776367,4736400
2024-09-30,50.17885971069336,50.349998474121094,50.43000030517578,49.29999923706055,49.8849983215332,6042400
2024-10-01,48.758697509765625,48.92499923706055,50.334999084472656,48.154998779296875,50.275001525878906,7386000
2024-10-02,48.92313766479492,49.09000015258789,49.474998474121094,48.224998474121094,48.75,3421400
2024-10-03,48.84340286254883,49.0099983215332,49.60499954223633,48.474998474121094,48.625,5250000
2024-10-04,50.004451751708984,50.17499923706055,50.25,49.13999938964844,50.17499923706055,6669600
2024-10-07,48.878292083740234,49.04499816894531,49.959999084472656,48.810001373291016,49.779998779296875,4444200
2024-10-08,50.33831024169922,50.5099983215332,50.654998779296875,49.42499923706055,49.56999969482422,3400000
2024-10-09,51.120643615722656,51.29499816894531,51.415000915527344,50.23500061035156,50.44499969482422,4126400
2024-10-10,51.011016845703125,51.185001373291016,51.55500030517578,50.540000915527344,50.810001373291016,4275200
2024-10-11,51.11566925048828,51.290000915527344,51.5099983215332,50.63999938964844,50.7599983215332,4889400
2024-10-14,51.97273635864258,52.150001525878906,52.439998626708984,51.69499969482422,51.810001373291016,9945800
2024-10-15,50.5775032043457,50.75,52.35499954223633,50.29999923706055,52.220001220703125,10941800
2024-10-16,50.59244155883789,50.76499938964844,50.91999816894531,50.08000183105469,50.80500030517578,9462600
2024-10-17,50.67217254638672,50.845001220703125,51.904998779296875,50.81999969482422,51.89500045776367,3931800
2024-10-18,51.290069580078125,51.46500015258789,51.69499969482422,51.224998474121094,51.380001068115234,2761800
2024-10-21,51.484405517578125,51.65999984741211,51.81999969482422,50.790000915527344,51.20500183105469,4592800
2024-10-22,51.58406066894531,51.7599983215332,52.064998626708984,50.91999816894531,51.084999084472656,3890600
2024-10-23,49.989505767822266,50.15999984741211,51.380001068115234,49.470001220703125,51.25,4582600
2024-10-24,50.79176712036133,50.96500015258789,51.099998474121094,50.380001068115234,50.90999984741211,3311600
2024-10-25,51.37477493286133,51.54999923706055,52.58000183105469,51.380001068115234,51.529998779296875,6929000
2024-10-28,51.39470672607422,51.56999969482422,52.21500015258789,51.5099983215332,52.21500015258789,3535600
2024-10-29,52.366390228271484,52.54499816894531,52.79499816894531,51.2400016784668,51.619998931884766,4629000
2024-10-30,51.574100494384766,51.75,52.57500076293945,51.654998779296875,52.369998931884766,4261200
2024-10-31,48.97296905517578,49.13999938964844,50.904998779296875,49.119998931884766,50.904998779296875,8799200
2024-11-01,49.655643463134766,49.82500076293945,50.505001068115234,49.375,49.41999816894531,5359200
2024-11-04,49.34669494628906,49.51499938964844,50.220001220703125,49.17499923706055,49.70000076293945,4660600
2024-11-05,50.60739517211914,50.779998779296875,50.91999816894531,49.83000183105469,49.85499954223633,4177600
2024-11-06,53.358009338378906,53.540000915527344,53.70000076293945,52.29999923706055,52.5099983215332,9537200
2024-11-07,55.037288665771484,55.224998474121094,55.380001068115234,54.1150016784668,54.125,5141600
2024-11-08,55.11203384399414,55.29999923706055,55.46500015258789,54.95000076293945,55.05500030517578,3458600
2024-11-11,55.042266845703125,55.22999954223633,55.599998474121094,54.61000061035156,55.54499816894531,5074800
2024-11-12,54.84793472290039,55.03499984741211,55.404998779296875,54.375,55.209999084472656,4291400
2024-11-13,54.693458557128906,54.880001068115234,55.459999084472656,54.400001525878906,54.915000915527344,3293600
2024-11-14,53.90614700317383,54.09000015258789,54.97999954223633,53.91999816894531,54.79499816894531,3939000
2024-11-15,51.30003356933594,51.474998474121094,52.93000030517578,51.05500030517578,52.86000061035156,7093800
2024-11-18,52.032535552978516,52.209999084472656,52.650001525878906,51.529998779296875,51.814998626708984,4297800
2024-11-19,52.72516632080078,52.904998779296875,53.02000045776367,51.59000015258789,51.63999938964844,4783200
2024-11-20,52.660396575927734,52.84000015258789,52.904998779296875,51.45000076293945,52.84000015258789,5953400
2024-11-21,53.0440788269043,53.224998474121094,53.6150016784668,51.67499923706055,53.47999954223633,5367000
2024-11-22,53.17862319946289,53.36000061035156,53.505001068115234,52.7400016784668,53.06999969482422,3869800
2024-11-25,53.34306716918945,53.525001525878906,54.54999923706055,53.03499984741211,54.224998474121094,4661800
2024-11-26,53.90115737915039,54.084999084472656,54.255001068115234,53.654998779296875,53.83000183105469,3162600
2024-11-27,53.0440788269043,53.224998474121094,53.834999084472656,52.5,53.834999084472656,3628200
2024-11-29,53.92109298706055,54.10499954223633,54.244998931884766,53.19499969482422,53.30500030517578,2598400
2024-12-02,55.097076416015625,55.28499984741211,55.505001068115234,54.314998626708984,54.3849983215332,5273000
2024-12-03,55.44588851928711,55.6349983215332,55.67499923706055,54.88999938964844,54.98500061035156,3279200
2024-12-04,56.796287536621094,56.9900016784668,57.03499984741211,56.21500015258789,56.36000061035156,4539200
2024-12-05,56.48236083984375,56.67499923706055,57.150001525878906,56.584999084472656,56.98500061035156,2433600
2024-12-06,57.468990325927734,57.665000915527344,57.70500183105469,56.77000045776367,56.78499984741211,4528000
2024-12-09,56.54713821411133,56.7400016784668,57.60499954223633,56.4900016784668,57.41999816894531,4050400
2024-12-10,56.133548736572266,56.32500076293945,57.3849983215332,56.040000915527344,56.98500061035156,4187600
2024-12-11,58.15665054321289,58.35499954223633,58.505001068115234,57.209999084472656,57.279998779296875,3927200
2024-12-12,57.39424514770508,57.59000015258789,58.130001068115234,57.494998931884766,57.85499954223633,3539800
2024-12-13,58.24135971069336,58.439998626708984,59.01499938964844,57.75,58.43000030517578,3579000
2024-12-16,59.920631408691406,60.125,60.34000015258789,58.98500061035156,59.005001068115234,4078600
2024-12-17,59.387454986572266,59.59000015258789,59.95500183105469,59.220001220703125,59.709999084472656,4227000
2024-12-18,55.10206985473633,55.290000915527344,59.80500030517578,54.95000076293945,59.41999816894531,9103000
2024-12-19,54.568885803222656,54.755001068115234,56.38999938964844,54.69499969482422,56.27000045776367,9644600
2024-12-20,55.53558349609375,55.724998474121094,57.005001068115234,53.69499969482422,53.939998626708984,9987600
2024-12-23,56.578102111816406,56.7400016784668,56.810001373291016,55.290000915527344,56.01499938964844,4810400
2024-12-24,58.10374450683594,58.27000045776367,58.27000045776367,57.0099983215332,57.14500045776367,2841800
2024-12-26,57.99904251098633,58.165000915527344,58.529998779296875,57.439998626708984,57.8849983215332,3195600
2024-12-27,56.41856002807617,56.58000183105469,57.435001373291016,55.564998626708984,57.35499954223633,6193600
2024-12-30,54.90788269042969,55.064998626708984,55.8849983215332,54.2599983215332,55.04499816894531,6596400
2024-12-31,53.965579986572266,54.119998931884766,55.494998931884766,53.91999816894531,55.334999084472656,6637600
2025-01-02,53.72626495361328,53.880001068115234,55.25,52.95000076293945,54.77000045776367,8256800
2025-01-03,55.48124694824219,55.63999938964844,55.85499954223633,54.36000061035156,54.53499984741211,6843400
2025-01-06,56.74263381958008,56.904998779296875,57.625,56.369998931884766,56.790000915527344,5248000
2025-01-07,54.698482513427734,54.85499954223633,57.20000076293945,54.45500183105469,57.150001525878906,6579800
2025-01-08,54.70845413208008,54.8650016784668,55.220001220703125,53.875,54.845001220703125,6203000
2025-01-10,52.96344757080078,53.1150016784668,54.04999923706055,52.42499923706055,54.04999923706055,24778400
2025-01-13,52.6343879699707,52.78499984741211,52.86000061035156,51.54499816894531,51.83000183105469,4882000
2025-01-14,52.50974655151367,52.65999984741211,53.709999084472656,51.93000030517578,53.435001373291016,5988800
2025-01-15,54.882957458496094,55.040000915527344,55.310001373291016,53.9900016784668,54.310001373291016,6318000
2025-01-16,54.150054931640625,54.30500030517578,55.564998626708984,54.279998779296875,55.55500030517578,4321600
2025-01-17,55.9349479675293,56.095001220703125,56.45500183105469,55.5,56.369998931884766,5983600
2025-01-21,56.5382194519043,56.70000076293945,57.0,55.72999954223633,56.685001373291016,6641400
2025-01-22,58.013999938964844,58.18000030517578,58.685001373291016,57.709999084472656,57.755001068115234,20804400
2025-01-23,58.26826858520508,58.435001373291016,58.439998626708984,57.505001068115234,57.630001068115234,4767200
2025-01-24,57.580238342285156,57.744998931884766,58.650001525878906,57.415000915527344,58.47999954223633,4596000
2025-01-27,54.174983978271484,54.33000183105469,55.18000030517578,53.474998474121094,53.665000915527344,12186000
2025-01-28,55.80531311035156,55.96500015258789,56.20500183105469,53.84000015258789,54.56999969482422,5140200
2025-01-29,55.58095932006836,55.7400016784668,56.099998474121094,54.900001525878906,56.095001220703125,3849000
2025-01-30,56.04463195800781,56.20500183105469,56.849998474121094,55.17499923706055,56.36000061035156,5598400
2025-01-31,55.8452033996582,56.005001068115234,57.98500061035156,55.78499984741211,57.029998779296875,5608600
2025-02-03,54.95774459838867,55.1150016784668,55.69499969482422,53.59000015258789,54.125,6997800
2025-02-04,56.29890060424805,56.459999084472656,56.58000183105469,55.130001068115234,55.19499969482422,3644400
2025-02-05,56.7924919128418,56.95500183105469,56.994998931884766,55.6150016784668,55.875,3631400
2025-02-06,57.365848541259766,57.529998779296875,57.584999084472656,56.71500015258789,57.05500030517578,3693400
2025-02-07,55.915008544921875,56.07500076293945,58.05500030517578,55.904998779296875,57.64500045776367,4503400
2025-02-10,57.23124313354492,57.39500045776367,57.63999938964844,56.880001068115234,56.98500061035156,2721000
2025-02-11,56.962005615234375,57.125,57.540000915527344,56.665000915527344,56.685001373291016,2220400
2025-02-12,57.026824951171875,57.189998626708984,57.380001068115234,55.82500076293945,55.8849983215332,4213400
2025-02-13,58.65217208862305,58.81999969482422,58.8849983215332,57.375,57.55500030517578,5266000
2025-02-14,59.10089111328125,59.27000045776367,59.43000030517578,58.7400016784668,58.79499816894531,6285600
2025-02-18,59.360145568847656,59.529998779296875,59.68000030517578,58.80500030517578,59.630001068115234,6538600
2025-02-19,59.39005661010742,59.560001373291016,59.834999084472656,58.900001525878906,59.35499954223633,2730400
2025-02-20,58.861572265625,59.029998779296875,59.45500183105469,57.994998931884766,59.375,4167600
2025-02-21,56.408592224121094,56.56999969482422,59.27000045776367,56.4900016784668,59.27000045776367,5246200
2025-02-24,55.047489166259766,55.20500183105469,57.17499923706055,55.14500045776367,56.94499969482422,6613400
2025-02-25,53.6514778137207,53.80500030517578,55.09000015258789,53.0,55.07500076293945,7208600
2025-02-26,53.89578628540039,54.04999923706055,55.1349983215332,53.400001525878906,54.28499984741211,5547000
2025-02-27,50.92428207397461,51.06999969482422,55.005001068115234,51.02000045776367,54.82500076293945,20766000
2025-02-28,52.494789123535156,52.64500045776367,52.7599983215332,50.36000061035156,51.005001068115234,9041600
2025-03-03,50.2512092590332,50.39500045776367,53.650001525878906,49.6150016784668,53.33000183105469,9457800
2025-03-04,49.88226318359375,50.025001525878906,51.67499923706055,48.439998626708984,49.755001068115234,12562400
2025-03-05,51.18852615356445,51.334999084472656,51.63999938964844,49.150001525878906,50.13999938964844,10075400
2025-03-06,48.371585845947266,48.5099983215332,50.599998474121094,48.07500076293945,49.595001220703125,7609000
2025-03-07,49.039676666259766,49.18000030517578,49.46500015258789,46.95000076293945,48.244998931884766,8447400
2025-03-10,45.3253059387207,45.45500183105469,47.595001220703125,44.54499816894531,47.5,9306200
2025-03-11,44.99625015258789,45.125,46.5,44.25,45.2400016784668,9621800
2025-03-12,46.03327941894531,46.165000915527344,46.92499923706055,45.154998779296875,46.564998626708984,7135000
2025-03-13,44.34810256958008,44.474998474121094,46.0,44.09000015258789,45.9900016784668,7399200
2025-03-14,46.46205139160156,46.595001220703125,46.755001068115234,45.35499954223633,45.46500015258789,6040400
2025-03-17,47.06033706665039,47.19499969482422,47.81999969482422,46.22999954223633,46.56999969482422,33021400
2025-03-18,45.469886779785156,45.599998474121094,46.53499984741211,45.150001525878906,46.53499984741211,5057800
2025-03-19,46.62657928466797,46.7599983215332,47.625,45.625,45.994998931884766,6574800
2025-03-20,46.31746292114258,46.45000076293945,47.47999954223633,45.85499954223633,45.97999954223633,5467000
2025-03-21,46.64652633666992,46.779998779296875,46.875,45.22999954223633,45.44499969482422,6196000
2025-03-24,48.610904693603516,48.75,48.935001373291016,48.084999084472656,48.21500015258789,6242600
2025-03-25,49.18925094604492,49.33000183105469,49.349998474121094,48.73500061035156,48.915000915527344,4001000
2025-03-26,47.3819465637207,47.505001068115234,49.244998931884766,47.185001373291016,49.09000015258789,6238600
2025-03-27,46.81840133666992,46.939998626708984,47.915000915527344,46.685001373291016,47.09000015258789,6267400
2025-03-28,44.35480499267578,44.470001220703125,46.70000076293945,44.279998779296875,46.57500076293945,8245800
2025-03-31,44.32488250732422,44.439998626708984,44.61000061035156,42.224998474121094,43.1150016784668,31218600
2025-04-01,45.0180778503418,45.1349983215332,45.310001373291016,43.58000183105469,44.119998931884766,9454400
2025-04-02,45.676368713378906,45.79499816894531,46.45000076293945,43.84000015258789,43.880001068115234,8060800
2025-04-03,40.79404830932617,40.900001525878906,42.685001373291016,40.79499816894531,41.9900016784668,10364800
2025-04-04,35.811988830566406,35.904998779296875,38.97999954223633,35.875,38.59000015258789,21589800
2025-04-07,35.916717529296875,36.0099983215332,39.25,32.36000061035156,33.35499954223633,24840600
2025-04-08,34.5801887512207,34.66999816894531,39.25,33.595001220703125,38.44499969482422,23193200
2025-04-09,42.70408630371094,42.814998626708984,43.25,34.54999923706055,34.564998626708984,37896400
2025-04-10,39.21315383911133,39.314998626708984,41.029998779296875,36.814998626708984,40.68000030517578,17448400
2025-04-11,40.59955596923828,40.70500183105469,40.96500015258789,38.439998626708984,39.060001373291016,9625800
2025-04-14,41.16309356689453,41.27000045776367,42.625,40.40999984741211,42.529998779296875,11640800
2025-04-15,41.257850646972656,41.3650016784668,42.150001525878906,41.029998779296875,41.459999084472656,6603000
2025-04-16,38.7792854309082,38.880001068115234,40.380001068115234,37.70000076293945,39.720001220703125,16537400
2025-04-17,38.71943664550781,38.81999969482422,39.45500183105469,38.349998474121094,39.345001220703125,8891600
2025-04-21,36.82435989379883,36.91999816894531,37.939998626708984,35.98500061035156,37.78499984741211,9018800
2025-04-22,38.7044792175293,38.80500030517578,39.345001220703125,37.654998779296875,37.86000061035156,9504400
2025-04-23,40.42500686645508,40.529998779296875,42.10499954223633,40.279998779296875,41.23500061035156,11145200
2025-04-24,42.724037170410156,42.834999084472656,42.900001525878906,40.79999923706055,40.904998779296875,8749200
2025-04-25,43.66659164428711,43.779998779296875,43.8849983215332,42.470001220703125,42.7599983215332,6968200
2025-04-28,43.64664077758789,43.7599983215332,44.19499969482422,42.56999969482422,43.86000061035156,4880400
2025-04-29,44.185237884521484,44.29999923706055,44.474998474121094,43.2400016784668,43.310001373291016,4523200
2025-04-30,44.17526626586914,44.290000915527344,44.619998931884766,41.869998931884766,42.7599983215332,6723800
2025-05-01,45.2574577331543,45.375,46.51499938964844,45.279998779296875,45.76499938964844,22707800
2025-05-02,46.648841857910156,46.77000045776367,47.16999816894531,46.03499984741211,46.345001220703125,5397000
2025-05-05,46.10027313232422,46.220001220703125,46.80500030517578,45.86000061035156,45.96500015258789,3589600
2025-05-06,45.252464294433594,45.369998931884766,46.040000915527344,44.73500061035156,44.994998931884766,5648800
2025-05-07,45.59159469604492,45.709999084472656,46.154998779296875,44.46500015258789,45.46500015258789,9409200
2025-05-08,46.499229431152344,46.619998931884766,47.459999084472656,45.8650016784668,46.66999816894531,6169200
2025-05-09,46.41944122314453,46.540000915527344,47.224998474121094,46.220001220703125,46.97999954223633,4620200
2025-05-12,50.199623107910156,50.33000183105469,50.345001220703125,49.1150016784668,50.165000915527344,9100400
2025-05-13,51.710693359375,51.845001220703125,52.209999084472656,50.45000076293945,50.59000015258789,7795200
2025-05-14,52.32909393310547,52.46500015258789,52.57500076293945,51.880001068115234,52.07500076293945,6100800
2025-05-15,52.44379425048828,52.58000183105469,53.10499954223633,51.77000045776367,52.01499938964844,5064800
2025-05-16,52.89262771606445,53.029998779296875,53.05500030517578,52.130001068115234,52.849998474121094,5194200
2025-05-19,52.967437744140625,53.10499954223633,53.209999084472656,51.525001525878906,51.540000915527344,6118800
2025-05-20,52.588417053222656,52.724998474121094,52.869998931884766,52.005001068115234,52.58000183105469,4190800
2025-05-21,51.12721252441406,51.2599983215332,53.290000915527344,50.89500045776367,51.915000915527344,7939800
2025-05-22,51.31671905517578,51.45000076293945,52.18000030517578,51.1150016784668,51.3650016784668,4672800
2025-05-23,50.33926010131836,50.470001220703125,50.97999954223633,49.7400016784668,49.85499954223633,7199600
2025-05-27,52.678184509277344,52.814998626708984,52.90999984741211,51.525001525878906,51.81999969482422,4745400
2025-05-28,52.22935104370117,52.3650016784668,53.314998626708984,52.255001068115234,53.02000045776367,3210600
2025-05-29,52.41885757446289,52.55500030517578,53.869998931884766,52.03499984741211,53.84000015258789,4067400
2025-05-30,52.22935104370117,52.3650016784668,52.665000915527344,50.90999984741211,52.43000030517578,5291800
2025-06-02,53.03226089477539,53.16999816894531,53.224998474121094,51.72999954223633,51.974998474121094,3449800
2025-06-03,53.87508010864258,54.01499938964844,54.29499816894531,53.06999969482422,53.2400016784668,3973600
2025-06-04,54.154354095458984,54.29499816894531,54.51499938964844,53.744998931884766,54.1349983215332,3940400
2025-06-05,53.306549072265625,53.44499969482422,55.15999984741211,53.029998779296875,54.58000183105469,7350400
2025-06-06,54.33388137817383,54.474998474121094,54.8650016784668,54.150001525878906,54.51499938964844,4288600
2025-06-09,54.483497619628906,54.625,54.974998474121094,54.29999923706055,54.52000045776367,3214000
2025-06-10,55.211605072021484,55.35499954223633,55.4900016784668,54.2599983215332,54.71500015258789,4771600
2025-06-11,54.82760238647461,54.970001220703125,55.875,54.4900016784668,55.630001068115234,8108000
2025-06-12,55.076961517333984,55.220001220703125,55.415000915527344,54.6349983215332,54.68000030517578,5104200
2025-06-13,53.665618896484375,53.80500030517578,54.82500076293945,53.54999923706055,53.959999084472656,7400600
2025-06-16,55.14178466796875,55.28499984741211,55.51499938964844,54.505001068115234,54.5099983215332,5108000
2025-06-17,54.044639587402344,54.185001373291016,55.084999084472656,53.974998474121094,54.744998931884766,4457800
2025-06-18,54.01970291137695,54.15999984741211,54.88999938964844,53.845001220703125,54.38999938964844,4966400
2025-06-20,53.535953521728516,53.67499923706055,55.08000183105469,53.30500030517578,54.810001373291016,5328800
2025-06-23,54.653053283691406,54.79499816894531,54.88999938964844,53.15999984741211,53.79999923706055,6551600
2025-06-24,56.30876159667969,56.45500183105469,56.650001525878906,55.744998931884766,55.8650016784668,5531600
2025-06-25,56.58034896850586,56.665000915527344,57.119998931884766,56.310001373291016,56.8650016784668,5296800
2025-06-26,57.64875411987305,57.73500061035156,57.82500076293945,56.75,57.1349983215332,5577800
2025-06-27,58.02818298339844,58.1150016784668,58.505001068115234,57.349998474121094,57.935001373291016,6156000
2025-06-30,58.7670783996582,58.85499954223633,59.09000015258789,58.29499816894531,58.755001068115234,6690400
2025-07-01,57.74361038208008,57.83000183105469,58.6349983215332,57.349998474121094,58.42499923706055,6996800
2025-07-02,58.55738830566406,58.64500045776367,58.685001373291016,57.650001525878906,57.654998779296875,5045200
2025-07-03,59.6557502746582,59.744998931884766,59.96500015258789,59.10499954223633,59.125,4315000
2025-07-07,58.762081146240234,58.849998474121094,59.34000015258789,58.32500076293945,59.154998779296875,6357800
2025-07-08,58.8070182800293,58.89500045776367,59.25,58.650001525878906,59.119998931884766,3404600
2025-07-09,59.63577651977539,59.724998474121094,60.01499938964844,59.060001373291016,59.334999084472656,4030600
2025-07-10,59.44606018066406,59.53499984741211,59.93000030517578,58.959999084472656,59.84000015258789,3561200
2025-07-11,59.1614875793457,59.25,59.58000183105469,58.779998779296875,59.04499816894531,3797200
2025-07-14,59.565879821777344,59.654998779296875,59.81999969482422,58.685001373291016,59.189998626708984,3245800
2025-07-15,59.66073989868164,59.75,60.6150016784668,59.744998931884766,60.529998779296875,5046400
2025-07-16,59.79054641723633,59.880001068115234,60.0099983215332,58.64500045776367,59.8650016784668,5898400
2025-07-17,60.74911117553711,60.84000015258789,60.94499969482422,59.849998474121094,60.025001525878906,5011800
2025-07-18,60.59434509277344,60.685001373291016,61.13999938964844,60.415000915527344,61.099998474121094,6542200
2025-07-21,61.218406677246094,61.310001373291016,61.720001220703125,60.85499954223633,60.869998931884766,4801200
2025-07-22,60.574371337890625,60.665000915527344,61.34000015258789,60.084999084472656,61.32500076293945,7200800
2025-07-23,61.118560791015625,61.209999084472656,61.209999084472656,60.29499816894531,60.88999938964844,7623800
2025-07-24,61.38815689086914,61.47999954223633,61.72999954223633,61.09000015258789,61.494998931884766,5132600
2025-07-25,61.63279342651367,61.724998474121094,62.01499938964844,61.28499984741211,61.42499923706055,4364600
2025-07-28,62.02220916748047,62.1150016784668,62.29999923706055,61.845001220703125,62.0099983215332,4544200
2025-07-29,61.83749008178711,61.93000030517578,62.96500015258789,61.744998931884766,62.66999816894531,5170400
2025-07-30,61.98226547241211,62.07500076293945,62.6150016784668,61.43000030517578,62.09000015258789,5327400
2025-07-31,61.293296813964844,61.3849983215332,63.4900016784668,61.14500045776367,63.46500015258789,8180400
2025-08-01,58.84695816040039,58.935001373291016,60.060001373291016,58.400001525878906,60.025001525878906,9479800
2025-08-04,61.008724212646484,61.099998474121094,61.14500045776367,60.01499938964844,60.03499984741211,6182400
2025-08-05,60.16498947143555,60.255001068115234,61.630001068115234,60.150001525878906,61.375,4372200
2025-08-06,61.6777229309082,61.77000045776367,61.869998931884766,60.345001220703125,60.435001373291016,5789200
2025-08-07,62.092105865478516,62.185001373291016,63.06999969482422,61.290000915527344,62.709999084472656,6093400
2025-08-08,63.21542739868164,63.310001373291016,63.36000061035156,62.349998474121094,62.40999984741211,5211800
2025-08-11,62.80603790283203,62.900001525878906,63.79999923706055,62.63999938964844,63.33000183105469,6339000
2025-08-12,64.40364074707031,64.5,64.56999969482422,62.849998474121094,63.41999816894531,7203600
2025-08-13,64.45357513427734,64.55000305175781,65.20999908447266,64.24500274658203,65.09500122070312,5422200
2025-08-14,64.33873748779297,64.43499755859375,64.88500213623047,64.01000213623047,64.08499908447266,5745800
2025-08-15,63.73464584350586,63.83000183105469,64.40499877929688,63.46500015258789,64.40499877929688,5608600
2025-08-18,63.694705963134766,63.790000915527344,63.92499923706055,63.380001068115234,63.630001068115234,3912000
2025-08-19,61.947322845458984,62.040000915527344,63.630001068115234,61.814998626708984,63.6150016784668,6192400
2025-08-20,61.19344711303711,61.28499984741211,61.83000183105469,59.7599983215332,61.81999969482422,8544600
2025-08-21,60.63428497314453,60.724998474121094,61.404998779296875,60.220001220703125,60.935001373291016,4594800
2025-08-22,62.47652816772461,62.56999969482422,63.005001068115234,60.689998626708984,60.994998931884766,10276000
2025-08-25,62.10208511352539,62.19499969482422,62.845001220703125,61.94499969482422,62.209999084472656,4631400
2025-08-26,62.601341247558594,62.69499969482422,62.75,61.86000061035156,62.07500076293945,4834000
2025-08-27,62.77607727050781,62.869998931884766,63.064998626708984,62.18000030517578,62.45500183105469,7315600
2025-08-28,63.53993606567383,63.6349983215332,63.834999084472656,62.630001068115234,62.9900016784668,10720800
2025-08-29,62.017215728759766,62.11000061035156,63.13999938964844,61.720001220703125,63.07500076293945,7505400
2025-09-02,60.9887580871582,61.08000183105469,61.13999938964844,59.73500061035156,60.14500045776367,10894000
2025-09-03,61.917362213134766,62.0099983215332,62.380001068115234,61.310001373291016,61.845001220703125,9083400
2025-09-04,63.045677185058594,63.13999938964844,63.209999084472656,61.79499816894531,62.15999984741211,6589400
2025-09-05,63.185462951660156,63.279998779296875,64.4000015258789,62.29499816894531,64.26000213623047,7853800
2025-09-08,63.804542541503906,63.900001525878906,64.33000183105469,63.66999816894531,63.790000915527344,6027000
2025-09-09,64.14903259277344,64.24500274658203,64.3499984741211,63.4900016784668,64.05999755859375,6153600
2025-09-10,64.18896484375,64.28500366210938,64.95999908447266,63.814998626708984,64.95500183105469,7311200
2025-09-11,64.9178695678711,65.01499938964844,65.20999908447266,64.48500061035156,64.83499908447266,7643600
2025-09-12,65.4770278930664,65.57499694824219,65.83499908447266,65.0,65.20999908447266,6465400
2025-09-15,66.59037780761719,66.69000244140625,66.69499969482422,65.93000030517578,65.95500183105469,5914200
2025-09-16,66.44059753417969,66.54000091552734,66.93499755859375,66.4000015258789,66.875,4658000
2025-09-17,66.1560287475586,66.25499725341797,66.66500091552734,65.01000213623047,66.53500366210938,7769800
2025-09-18,67.37918853759766,67.4800033569336,68.08999633789062,66.93499755859375,67.37000274658203,4336200
2025-09-19,68.25787353515625,68.36000061035156,68.50499725341797,67.55999755859375,67.88500213623047,4208800
2025-09-22,69.05168914794922,69.15499877929688,69.29499816894531,68.12000274658203,68.12999725341797,5058400
2025-09-23,68.11808776855469,68.22000122070312,69.20999908447266,67.94499969482422,69.16500091552734,4513000
2025-09-24,67.64415740966797,67.7249984741211,68.56500244140625,67.08499908447266,68.5,5326600
2025-09-25,67.03488159179688,67.11499786376953,67.4749984741211,65.9749984741211,66.81500244140625,5032000
2025-09-26,67.5742416381836,67.65499877929688,67.70999908447266,66.52999877929688,67.2699966430664,3117400
2025-09-29,68.17852020263672,68.26000213623047,69.0,67.97000122070312,68.34500122070312,4276000
2025-09-30,68.51810455322266,68.5999984741211,68.69000244140625,67.63999938964844,68.16999816894531,3456600
2025-10-01,69.17733001708984,69.26000213623047,69.38500213623047,67.69499969482422,67.87000274658203,4213600
2025-10-02,69.73666381835938,69.81999969482422,70.12999725341797,69.17500305175781,70.125,3962800
2025-10-03,69.10741424560547,69.19000244140625,70.15499877929688,68.79000091552734,69.97000122070312,3938800
2025-10-06,70.15115356445312,70.23500061035156,70.61499786376953,69.83499908447266,70.4000015258789,3741600
2025-10-07,69.39706420898438,69.4800033569336,70.67500305175781,69.13999938964844,70.52999877929688,3275600
2025-10-08,70.97517395019531,71.05999755859375,71.13999938964844,69.66000366210938,69.67500305175781,2534200
2025-10-09,70.79039764404297,70.875,71.08499908447266,70.13500213623047,71.07499694824219,2289400
2025-10-10,65.82633209228516,65.90499877929688,71.41000366210938,65.81999969482422,71.00499725341797,9907600
2025-10-13,68.63297271728516,68.71499633789062,68.91999816894531,67.65499877929688,68.18499755859375,7482400
2025-10-14,67.71907806396484,67.80000305175781,68.8499984741211,65.9749984741211,67.16999816894531,8362200
2025-10-15,68.63796997070312,68.72000122070312,69.74500274658203,67.30500030517578,69.13999938964844,6604600
2025-10-16,68.12857818603516,68.20999908447266,70.0999984741211,67.19499969482422,69.375,8831200
2025-10-17,68.9975357055664,69.08000183105469,69.43499755859375,67.36499786376953,67.71499633789062,7761200
2025-10-20,70.7204818725586,70.80500030517578,71.08999633789062,69.79000091552734,69.82499694824219,4817000
2025-10-21,70.68052673339844,70.76499938964844,71.06999969482422,70.29000091552734,70.81999969482422,4708600
2025-10-22,69.27720642089844,69.36000061035156,70.75,68.05999755859375,70.61499786376953,7780600
2025-10-23,70.46578979492188,70.55000305175781,70.72000122070312,69.15499877929688,69.23500061035156,5162600
2025-10-24,71.90406799316406,71.98999786376953,72.31999969482422,71.56500244140625,71.76000213623047,7029000
2025-10-27,74.4809799194336,74.56999969482422,74.68000030517578,73.62999725341797,73.76499938964844,4927400
2025-10-28,75.60464477539062,75.69499969482422,76.11499786376953,74.83499908447266,75.11000061035156,5344800
2025-10-29,76.29381561279297,76.38500213623047,76.66500091552734,75.05000305175781,76.33499908447266,7443000
2025-10-30,73.93663024902344,74.0250015258789,75.80999755859375,73.99500274658203,75.5,7706000
2025-10-31,74.65078735351562,74.73999786376953,75.93000030517578,74.1500015258789,75.91500091552734,5028400
2025-11-03,75.31999206542969,75.41000366210938,76.30500030517578,74.87999725341797,76.13999938964844,4294200
2025-11-04,72.23367309570312,72.31999969482422,74.16500091552734,72.15499877929688,73.29499816894531,7876600
2025-11-05,73.18253326416016,73.2699966430664,74.05000305175781,71.84500122070312,72.16000366210938,5082000
2025-11-06,70.44580078125,70.52999877929688,72.95999908447266,70.22000122070312,72.91000366210938,7409600
2025-11-07,69.97137451171875,70.05500030517578,70.0999984741211,67.5,69.73500061035156,9751200
2025-11-10,73.03771209716797,73.125,73.37999725341797,71.68000030517578,72.13500213623047,6672200
2025-11-11,72.6481704711914,72.73500061035156,73.01000213623047,71.78500366210938,72.51499938964844,4370800
2025-11-12,72.52332305908203,72.61000061035156,73.50499725341797,71.8499984741211,73.50499725341797,5287600
2025-11-13,69.5418930053711,69.625,71.88999938964844,69.1050033569336,71.7699966430664,8550000
2025-11-14,69.61180877685547,69.69499969482422,70.73500061035156,67.04000091552734,67.58000183105469,9982000
2025-11-17,68.4182357788086,68.5,70.5250015258789,67.6449966430664,69.1050033569336,8383600
2025-11-18,66.75521850585938,66.83499908447266,68.19499969482422,65.72000122070312,67.56500244140625,9274400
2025-11-19,67.51431274414062,67.59500122070312,69.0199966430664,66.43499755859375,66.99500274658203,6362400
2025-11-20,64.33312225341797,64.41000366210938,70.79000091552734,64.20999908447266,70.2699966430664,7790000
2025-11-21,65.28197479248047,65.36000061035156,66.86000061035156,63.29999923706055,64.76000213623047,10246000
2025-11-24,68.64795684814453,68.7300033569336,69.0199966430664,66.45999908447266,66.47000122070312,6323800
2025-11-25,69.42703247070312,69.51000213623047,69.81999969482422,66.88999938964844,68.29000091552734,6988000
2025-11-26,70.65555572509766,70.73999786376953,71.16000366210938,69.8499984741211,70.3499984741211,5542200
2025-11-28,71.72428131103516,71.80999755859375,71.83000183105469,70.97000122070312,71.11000061035156,4196700
2025-12-01,71.26483154296875,71.3499984741211,71.87999725341797,70.2699966430664,70.55000305175781,3899600
2025-12-02,72.38349151611328,72.47000122070312,72.8499984741211,71.44000244140625,71.86000061035156,4059600
2025-12-03,72.70310974121094,72.79000091552734,72.95999908447266,71.5199966430664,71.88999938964844,3311300
2025-12-04,72.53331756591797,72.62000274658203,73.13999938964844,71.87999725341797,73.11000061035156,3357200
2025-12-05,73.13259887695312,73.22000122070312,74.01000213623047,72.79000091552734,72.94999694824219,3703900
2025-12-08,72.80299377441406,72.88999938964844,73.9800033569336,72.30999755859375,73.58999633789062,2875400
2025-12-09,73.01273345947266,73.0999984741211,73.2699966430664,72.29000091552734,72.5999984741211,2782400
2025-12-10,73.57207489013672,73.66000366210938,74.04000091552734,72.12000274658203,72.79000091552734,4132600
2025-12-11,73.09264373779297,73.18000030517578,73.22000122070312,71.33999633789062,72.77999877929688,5511400
2025-12-12,70.25603485107422,70.33999633789062,72.66999816894531,69.83000183105469,72.3499984741211,8015500
2025-12-15,69.54688262939453,69.62999725341797,71.44999694824219,69.36000061035156,71.44999694824219,5727600
2025-12-16,69.81656646728516,69.9000015258789,70.30000305175781,68.80000305175781,69.0999984741211,6377200
2025-12-17,67.1996841430664,67.27999877929688,70.30000305175781,67.26000213623047,70.18000030517578,9929200
2025-12-18,69.15734100341797,69.23999786376953,70.08000183105469,68.75,69.37999725341797,5479100
2025-12-19,70.9651870727539,71.05000305175781,71.12999725341797,69.83999633789062,69.86000061035156,5733500
2025-12-22,71.5844497680664,71.66999816894531,72.23999786376953,71.33999633789062,72.19000244140625,4336300
2025-12-23,72.27362823486328,72.36000061035156,72.4000015258789,71.33999633789062,71.43000030517578,4157400
2025-12-24,72.66629028320312,72.7300033569336,72.80000305175781,72.20999908447266,72.26000213623047,2534000
2025-12-26,72.61632537841797,72.68000030517578,73.05000305175781,72.5,72.8499984741211,2707500
2025-12-29,71.8969497680664,71.95999908447266,72.4000015258789,71.47000122070312,71.77999877929688,4585500
2025-12-30,71.5472640991211,71.61000061035156,72.25,71.56999969482422,71.70999908447266,2467300
2025-12-31,70.34832000732422,70.41000366210938,71.70999908447266,70.3499984741211,71.6500015258789,3960500
2026-01-02,70.03858184814453,70.0999984741211,72.31999969482422,69.44000244140625,71.70999908447266,7355500
2026-01-05,71.13761901855469,71.19999694824219,71.86000061035156,70.94000244140625,71.51000213623047,5097800
2026-01-06,72.39651489257812,72.45999908447266,72.58999633789062,71.33999633789062,71.48999786376953,4801600
2026-01-07,72.52639770507812,72.58999633789062,73.48999786376953,72.25,72.3499984741211,4126600
2026-01-08,71.68714141845703,71.75,72.43000030517578,71.13999938964844,72.37000274658203,4344600
2026-01-09,73.07592010498047,73.13999938964844,73.43000030517578,71.4000015258789,71.93000030517578,4090000
2026-01-12,73.20580291748047,73.2699966430664,73.63999938964844,72.12000274658203,72.12999725341797,3879200
2026-01-13,72.94603729248047,73.01000213623047,73.77999877929688,72.44999694824219,73.26000213623047,4804900
2026-01-14,71.42736053466797,71.48999786376953,72.36000061035156,70.30000305175781,72.08000183105469,5370100
2026-01-15,71.8769760131836,71.94000244140625,73.22000122070312,71.7300033569336,73.12000274658203,4026000
2026-01-16,71.68714141845703,71.75,72.91999816894531,71.26000213623047,72.80000305175781,4071300
2026-01-20,68.66978454589844,68.7300033569336,70.3499984741211,68.51000213623047,69.30999755859375,7404900
2026-01-21,70.47820281982422,70.54000091552734,71.5199966430664,68.69000244140625,69.04000091552734,9095800
2026-01-22,71.5472640991211,71.61000061035156,71.9800033569336,70.93000030517578,71.97000122070312,4275600
2026-01-23,71.98687744140625,72.05000305175781,72.6500015258789,71.08999633789062,71.31999969482422,4766500
2026-01-26,72.59634399414062,72.66000366210938,73.13999938964844,71.9000015258789,72.12999725341797,3777100
2026-01-27,73.89520263671875,73.95999908447266,74.16999816894531,73.06999969482422,73.44000244140625,3335500
2026-01-28,74.29485321044922,74.36000061035156,75.22000122070312,74.0999984741211,74.97000122070312,4422900
2026-01-29,73.45558166503906,73.5199966430664,74.5199966430664,70.91000366210938,74.29000091552734,6630900
2026-01-30,71.64717102050781,71.70999908447266,73.19999694824219,71.13999938964844,72.58999633789062,6850500
2026-02-02,72.66629028320312,72.7300033569336,73.2300033569336,70.9800033569336,70.98999786376953,4547900
2026-02-03,70.39826965332031,70.45999908447266,73.29000091552734,69.16999816894531,73.19000244140625,4970500
2026-02-04,67.92044830322266,67.9800033569336,70.12999725341797,66.79000091552734,70.11000061035156,10802600
2026-02-05,65.98214721679688,66.04000091552734,67.7699966430664,65.51000213623047,66.72000122070312,12348100
2026-02-06,68.729736328125,68.79000091552734,69.16999816894531,66.38999938964844,66.69000244140625,11017200
2026-02-09,69.7688217163086,69.83000183105469,70.30999755859375,67.73999786376953,68.30000305175781,6467000
2026-02-10,69.11939239501953,69.18000030517578,70.43000030517578,69.06999969482422,70.04000091552734,3960700
2026-02-11,69.45909118652344,69.5199966430664,70.5199966430664,68.31999969482422,70.27999877929688,4081200
2026-02-12,66.63157653808594,66.69000244140625,70.12000274658203,66.45999908447266,69.87999725341797,6782700
2026-02-13,66.86137390136719,66.91999816894531,67.94999694824219,65.73999786376953,66.62000274658203,4856000
2026-02-17,66.71150207519531,66.7699966430664,67.37999725341797,65.0199966430664,66.1500015258789,4688200
2026-02-18,67.69064331054688,67.75,68.66000366210938,66.68000030517578,66.95999908447266,3790900
2026-02-19,67.18109130859375,67.23999786376953,67.7699966430664,66.63999938964844,67.0999984741211,3421200
2026-02-20,68.34007263183594,68.4000015258789,68.75,66.2699966430664,66.47000122070312,3453200
2026-02-23,66.69152069091797,66.75,68.19999694824219,66.20999908447266,67.91000366210938,4681200
2026-02-24,68.0703125,68.12999725341797,68.4000015258789,66.36000061035156,66.94999694824219,3174600
2026-02-25,70.01860809326172,70.08000183105469,70.1500015258789,68.86000061035156,68.86000061035156,2925400
2026-02-26,68.38004302978516,68.44000244140625,69.88999938964844,67.2300033569336,69.86000061035156,3747000
2026-02-27,67.93042755126953,67.98999786376953,68.19000244140625,66.81999969482422,66.9800033569336,3752000
2026-03-02,68.0703125,68.12999725341797,68.54000091552734,65.87000274658203,66.05999755859375,4495300
2026-03-03,66.62158203125,66.68000030517578,67.18000030517578,64.48999786376953,65.4800033569336,6669400
2026-03-04,68.58985900878906,68.6500015258789,69.16000366210938,67.06999969482422,67.2300033569336,5079700
2026-03-05,68.2001953125,68.26000213623047,69.12999725341797,66.7699966430664,67.93000030517578,5983400
2026-03-06,66.13201141357422,66.19000244140625,67.58000183105469,65.87999725341797,66.30999755859375,6292600
2026-03-09,67.88047790527344,67.94000244140625,68.2699966430664,64.30000305175781,64.94000244140625,6123900
2026-03-10,67.85050964355469,67.91000366210938,69.1500015258789,67.41999816894531,67.95999908447266,5540600
2026-03-11,67.84051513671875,67.9000015258789,68.94000244140625,67.31999969482422,68.19000244140625,5077500
2026-03-12,65.52254486083984,65.58000183105469,67.08999633789062,65.51000213623047,66.77999877929688,5388300
2026-03-13,64.70326232910156,64.76000213623047,66.93000030517578,64.51000213623047,66.06999969482422,5815100
2026-03-16,66.13201141357422,66.19000244140625,66.95999908447266,65.91999816894531,66.12000274658203,3004600
2026-03-17,66.79142761230469,66.8499984741211,67.41000366210938,66.52999877929688,66.79000091552734,3213900
2026-03-18,64.8930892944336,64.94999694824219,66.79000091552734,64.9000015258789,66.43000030517578,4568200
2026-03-19,64.47346496582031,64.52999877929688,65.1500015258789,63.2599983215332,63.779998779296875,5470700
2026-03-20,62.07556915283203,62.130001068115234,64.12000274658203,61.369998931884766,64.08999633789062,7178100
2026-03-23,63.52429962158203,63.58000183105469,65.05999755859375,63.119998931884766,64.08000183105469,19902000
2026-03-24,62.585121154785156,62.63999938964844,63.52000045776367,62.2400016784668,62.84000015258789,5354100
2026-03-25,63.3875846862793,63.43000030517578,64.23999786376953,63.02000045776367,63.7599983215332,3108400
2026-03-26,60.389591217041016,60.43000030517578,62.7599983215332,60.36000061035156,62.33000183105469,5020800
2026-03-27,58.01118087768555,58.04999923706055,59.81999969482422,57.83000183105469,59.77000045776367,7692800
2026-03-30,57.12177658081055,57.15999984741211,59.16999816894531,56.599998474121094,59.02000045776367,8459000
2026-03-31,60.95920944213867,61.0,61.29999923706055,58.349998474121094,58.369998931884766,9515200
2026-04-01,62.44821548461914,62.4900016784668,63.220001220703125,61.70000076293945,61.900001525878906,6712200
2026-04-02,62.558135986328125,62.599998474121094,62.810001373291016,59.81999969482422,60.2599983215332,5847700
2026-04-06,63.30763626098633,63.349998474121094,63.810001373291016,62.540000915527344,62.86000061035156,5359900
2026-04-07,63.34761047363281,63.38999938964844,63.439998626708984,61.16999816894531,62.720001220703125,5676600
2026-04-08,67.03514862060547,67.08000183105469,67.94999694824219,66.29000091552734,67.70999908447266,5157600
2026-04-09,67.96452331542969,68.01000213623047,68.11000061035156,66.44999694824219,67.08999633789062,3493200
2026-04-10,68.14440155029297,68.19000244140625,68.77999877929688,67.87000274658203,68.37000274658203,4318400
2026-04-13,69.54346466064453,69.58999633789062,69.63999938964844,67.54000091552734,67.88999938964844,3796300
2026-04-14,72.05178833007812,72.0999984741211,72.11000061035156,70.2300033569336,70.2300033569336,14742700
2026-04-15,74.06044006347656,74.11000061035156,74.18000030517578,72.0199966430664,72.23999786376953,4557900
2026-04-16,74.74998474121094,74.80000305175781,75.23999786376953,73.62000274658203,74.55000305175781,3949400
2026-04-17,76.67869567871094,76.7300033569336,77.02999877929688,75.62999725341797,76.0,5542400
2026-04-20,76.218994140625,76.2699966430664,76.69999694824219,75.25,76.54000091552734,4289200
2026-04-21,75.61940002441406,75.66999816894531,77.05000305175781,75.18000030517578,76.62000274658203,6332200
2026-04-22,78.12772369384766,78.18000030517578,78.23999786376953,76.6500015258789,77.02999877929688,4155900
2026-04-23,77.2483139038086,77.30000305175781,78.61000061035156,75.9000015258789,77.80999755859375,5395800
2026-04-24,80.18634033203125,80.23999786376953,80.37000274658203,78.48999786376953,78.94000244140625,4817100
2026-04-27,80.23631286621094,80.29000091552734,80.33000183105469,79.44000244140625,80.05999755859375,3866600
2026-04-28,78.61739349365234,78.66999816894531,79.16000366210938,77.7699966430664,78.62000274658203,3800200
2026-04-29,79.58674621582031,79.63999938964844,79.6500015258789,78.43000030517578,78.9000015258789,5793000
2026-04-30,80.99580383300781,81.05000305175781,81.31999969482422,78.6500015258789,80.54000091552734,4916100
2026-05-01,82.54476165771484,82.5999984741211,83.05000305175781,81.31999969482422,81.41999816894531,4503300
2026-05-04,82.2249755859375,82.27999877929688,83.23999786376953,81.33000183105469,82.72000122070312,4732800
2026-05-05,84.33356475830078,84.38999938964844,84.69000244140625,83.41999816894531,83.51000213623047,3972100
2026-05-06,87.79125213623047,87.8499984741211,87.94000244140625,85.61000061035156,85.94000244140625,5090100
2026-05-07,87.60138702392578,87.66000366210938,89.2699966430664,86.88999938964844,88.08000183105469,7225600
2026-05-08,91.6586685180664,91.72000122070312,91.73999786376953,88.80999755859375,88.9000015258789,3645200
2026-05-11,92.19831085205078,92.26000213623047,92.61000061035156,91.16000366210938,91.5199966430664,3982000
2026-05-12,90.62935638427734,90.69000244140625,91.44999694824219,87.97000122070312,90.93000030517578,5528200
2026-05-13,92.48811340332031,92.55000305175781,93.11000061035156,90.06999969482422,91.37999725341797,3761500
2026-05-14,93.83721160888672,93.9000015258789,94.4800033569336,92.47000122070312,92.58000183105469,4528700
2026-05-15,90.96912384033203,91.02999877929688,92.63999938964844,90.16000366210938,91.33000183105469,6414500
2026-05-18,90.13967895507812,90.19999694824219,91.80999755859375,88.44999694824219,91.70999908447266,6049100
2026-05-19,89.07039642333984,89.12999725341797,90.37999725341797,87.5199966430664,88.66999816894531,4158100
2026-05-20,91.98844909667969,92.05000305175781,92.05000305175781,89.68000030517578,90.05999755859375,3884100
2026-05-21,92.31822204589844,92.37999725341797,93.04000091552734,90.41999816894531,90.95999908447266,3999800
2026-05-22,93.0377426147461,93.0999984741211,94.31999969482422,92.7300033569336,93.2699966430664,4042000
2026-05-26,96.33554077148438,96.4000015258789,96.6500015258789,94.83999633789062,95.30000305175781,4142400
2026-05-27,96.12567901611328,96.19000244140625,97.13999938964844,95.1500015258789,97.11000061035156,4035800
2026-05-28,97.724609375,97.79000091552734,98.05999755859375,95.4000015258789,96.25,3614200
2026-05-29,98.39415740966797,98.45999908447266,99.3499984741211,97.68000030517578,98.38999938964844,4821500
2026-06-01,99.5633773803711,99.62999725341797,100.41000366210938,97.83999633789062,98.16000366210938,4830700
2026-06-02,100.46277618408203,100.52999877929688,100.5999984741211,98.69000244140625,99.55999755859375,3891700
2026-06-03,99.9331283569336,100.0,101.19000244140625,99.16000366210938,100.8499984741211,4401500
2026-06-04,98.95378112792969,99.0199966430664,99.77999877929688,96.87999725341797,97.66000366210938,4130800
2026-06-05,89.4801254272461,89.54000091552734,96.58000183105469,89.27999877929688,96.18000030517578,8437900
2026-06-08,92.18830871582031,92.25,94.02999877929688,91.54000091552734,92.70999908447266,6023600
2026-06-09,90.05973815917969,90.12000274658203,94.72000122070312,84.5999984741211,94.0199966430664,10184800
2026-06-10,86.45215606689453,86.51000213623047,90.9800033569336,86.31999969482422,88.5199966430664,7232200
2026-06-11,92.11836242675781,92.18000030517578,92.66000366210938,86.83999633789062,87.91000366210938,6688400
2026-06-12,93.31755065917969,93.37999725341797,94.06999969482422,90.80000305175781,92.47000122070312,7289100
2026-06-15,99.11367797851562,99.18000030517578,99.44000244140625,97.54000091552734,97.69000244140625,4768600
2026-06-16,95.39616394042969,95.45999908447266,99.27999877929688,95.38999938964844,98.7699966430664,3520400
2026-06-17,93.4974365234375,93.55999755859375,96.95999908447266,93.11000061035156,96.83000183105469,5566100
2026-06-18,97.84452819824219,97.91000366210938,98.44999694824219,96.06999969482422,97.2699966430664,3727200
2026-06-22,97.61468505859375,97.68000030517578,99.63999938964844,96.72000122070312,98.7300033569336,3493600
2026-06-23,91.15900421142578,91.22000122070312,93.81999969482422,90.80999755859375,91.73999786376953,5692200
2026-06-24,90.37000274658203,90.37000274658203,92.73999786376953,88.80000305175781,91.58999633789062,4405200
2026-06-25,91.7699966430664,91.7699966430664,94.47000122070312,88.9800033569336,94.22000122070312,4754900
2026-06-26,89.12000274658203,89.12000274658203,91.5199966430664,88.30000305175781,89.38999938964844,4520400
2026-06-29,93.68000030517578,93.68000030517578,93.79000091552734,88.91000366210938,91.12000274658203,4209300
2026-06-30,96.76000213623047,96.76000213623047,97.16000366210938,93.63999938964844,93.69000244140625,3942000
2026-07-01,93.9000015258789,93.9000015258789,95.6500015258789,93.73999786376953,94.93000030517578,4558100
2026-07-02,90.61000061035156,90.61000061035156,95.29000091552734,89.30000305175781,93.97000122070312,6283700
2026-07-06,93.13999938964844,93.13999938964844,93.9800033569336,92.05000305175781,92.4000015258789,2936200
2026-07-07,89.69000244140625,89.69000244140625,91.4800033569336,88.54000091552734,90.91000366210938,4543600
2026-07-08,90.13999938964844,90.13999938964844,90.37999725341797,87.54000091552734,88.55999755859375,4867500
2026-07-09,93.13999938964844,93.13999938964844,93.41999816894531,91.12999725341797,91.9000015258789,2926500
2026-07-10,93.69999694824219,93.69999694824219,93.94000244140625,91.5199966430664,92.45999908447266,2857700
2026-07-13,90.12999725341797,90.12999725341797,91.94000244140625,89.69999694824219,91.66999816894531,5029600
2026-07-14,92.12999725341797,92.12999725341797,92.80000305175781,90.77999877929688,92.27999877929688,3908600
2026-07-15,91.61000061035156,91.61000061035156,93.30999755859375,89.7300033569336,93.16999816894531,4532900
2026-07-16,88.56999969482422,88.56999969482422,90.55999755859375,87.76000213623047,90.13999938964844,4334400
2026-07-17,85.91000366210938,85.91000366210938,87.6500015258789,83.7699966430664,84.9800033569336,5352100
2026-07-20,86.02999877929688,86.02999877929688,88.45999908447266,85.94999694824219,87.5999984741211,3420000
2026-07-21,89.2300033569336,89.2300033569336,89.5,87.73999786376953,88.66000366210938,2825000
2026-07-22,88.27999877929688,88.27999877929688,89.37000274658203,87.87000274658203,87.9000015258789,2507100
2026-07-23,85.0,85.0,86.62999725341797,83.9000015258789,85.63999938964844,5985900
2026-07-24,83.0,83.0,85.08000183105469,82.58999633789062,84.54000091552734,4115500
2026-07-27,82.4800033569336,82.4800033569336,84.94000244140625,80.98999786376953,84.81999969482422,3938600
