Date,Adj Close,Close,High,Low,Open,Volume
1993-01-29,24.113258361816406,43.9375,43.96875,43.75,43.96875,1003200
1993-02-01,24.28476905822754,44.25,44.25,43.96875,43.96875,480500
1993-02-02,24.336214065551758,44.34375,44.375,44.125,44.21875,201300
1993-02-03,24.593469619750977,44.8125,44.84375,44.375,44.40625,529400
1993-02-04,24.69637107849121,45.0,45.09375,44.46875,44.96875,531500
1993-02-05,24.679227828979492,44.96875,45.0625,44.71875,44.96875,492100
1993-02-08,24.679227828979492,44.96875,45.125,44.90625,44.96875,596100
1993-02-09,24.50771141052246,44.65625,44.8125,44.5625,44.8125,122100
1993-02-10,24.54201316833496,44.71875,44.75,44.53125,44.65625,379600
1993-02-11,24.662071228027344,44.9375,45.125,44.78125,44.78125,19500
1993-02-12,24.473411560058594,44.59375,44.875,44.59375,44.875,42500
1993-02-16,23.856006622314453,43.46875,44.46875,43.40625,44.46875,374800
1993-02-17,23.83885955810547,43.4375,43.53125,43.28125,43.46875,210900
1993-02-18,23.82170295715332,43.40625,43.9375,42.8125,43.9375,378100
1993-02-19,23.90745735168457,43.5625,43.5625,43.34375,43.40625,34900
1993-02-22,23.993196487426758,43.71875,43.78125,43.5625,43.6875,513600
1993-02-23,23.976057052612305,43.6875,43.875,43.46875,43.84375,373700
1993-02-24,24.28476905822754,44.25,44.25,43.71875,43.71875,26300
1993-02-25,24.336214065551758,44.34375,44.375,44.125,44.21875,44500
1993-02-26,24.370512008666992,44.40625,44.4375,44.1875,44.4375,66200
1993-03-01,24.301908493041992,44.28125,44.5625,44.21875,44.5625,66500
1993-03-02,24.662071228027344,44.9375,44.9375,44.25,44.3125,182400
1993-03-03,24.764965057373047,45.125,45.15625,44.9375,45.0,280100
1993-03-04,24.627779006958008,44.875,45.1875,44.875,45.1875,89500
1993-03-05,24.559175491333008,44.75,45.125,44.71875,44.9375,40000
1993-03-08,25.107969284057617,45.75,45.75,44.84375,44.84375,50800
1993-03-09,25.022232055664062,45.59375,45.6875,45.5,45.65625,169300
1993-03-10,25.07367515563965,45.6875,45.6875,45.40625,45.59375,194400
1993-03-11,25.005084991455078,45.5625,45.84375,45.5,45.71875,70900
1993-03-12,24.747819900512695,45.09375,45.21875,44.8125,45.1875,643600
1993-03-15,24.867868423461914,45.3125,45.3125,45.0625,45.0625,310800
1993-03-16,24.867868423461914,45.3125,45.4375,45.3125,45.3125,30800
1993-03-17,24.713529586791992,45.03125,45.25,44.96875,45.25,21800
1993-03-18,24.867868423461914,45.3125,45.5,45.21875,45.21875,59300
1993-03-19,24.830236434936523,45.03125,45.28125,45.03125,45.28125,66900
1993-03-22,24.6923828125,44.78125,44.875,44.5625,44.59375,183400
1993-03-23,24.74407386779785,44.875,44.9375,44.8125,44.90625,55200
1993-03-24,24.74407386779785,44.875,45.0625,44.59375,44.8125,37200
1993-03-25,24.8991756439209,45.15625,45.25,44.84375,44.90625,110100
1993-03-26,24.761316299438477,44.90625,45.15625,44.875,45.125,101500
1993-03-29,24.86469268798828,45.09375,45.3125,44.9375,44.9375,87100
1993-03-30,24.933629989624023,45.21875,45.21875,45.09375,45.15625,56000
1993-03-31,24.916391372680664,45.1875,45.46875,45.1875,45.34375,111600
1993-04-01,24.830236434936523,45.03125,45.25,44.9375,45.25,129500
1993-04-02,24.31330108642578,44.09375,44.65625,44.09375,44.65625,59400
1993-04-05,24.433921813964844,44.3125,44.4375,44.1875,44.4375,172200
1993-04-06,24.364992141723633,44.1875,44.40625,44.0625,44.40625,129700
1993-04-07,24.451156616210938,44.34375,44.34375,44.15625,44.25,28000
1993-04-08,24.416683197021484,44.28125,44.53125,44.09375,44.53125,180800
1993-04-12,24.761316299438477,44.90625,44.9375,44.65625,44.71875,348500
1993-04-13,24.81300163269043,45.0,45.15625,44.84375,44.875,146100
1993-04-14,24.778553009033203,44.9375,45.0625,44.90625,45.03125,119600
1993-04-15,24.778553009033203,44.9375,45.03125,44.75,44.90625,148600
1993-04-16,24.778553009033203,44.9375,45.03125,44.875,44.96875,47900
1993-04-19,24.675153732299805,44.75,45.0625,44.71875,44.9375,157000
1993-04-20,24.554546356201172,44.53125,44.75,44.25,44.6875,279500
1993-04-21,24.53731346130371,44.5,44.625,44.375,44.625,67900
1993-04-22,24.227136611938477,43.9375,44.6875,43.9375,44.3125,97700
1993-04-23,24.123767852783203,43.75,43.96875,43.6875,43.84375,106000
1993-04-26,23.93421745300293,43.40625,43.9375,43.28125,43.78125,62600
1993-04-27,24.192678451538086,43.875,43.875,43.34375,43.34375,156800
1993-04-28,24.14099884033203,43.78125,43.90625,43.71875,43.8125,85900
1993-04-29,24.244373321533203,43.96875,43.96875,43.625,43.875,85000
1993-04-30,24.278841018676758,44.03125,44.28125,44.03125,44.125,88500
1993-05-03,24.433921813964844,44.3125,44.3125,43.90625,44.09375,80500
1993-05-04,24.52007484436035,44.46875,44.625,44.34375,44.40625,149100
1993-05-05,24.589000701904297,44.59375,44.75,44.46875,44.46875,109000
1993-05-06,24.502832412719727,44.4375,44.5625,44.40625,44.53125,54700
1993-05-07,24.451156616210938,44.34375,44.46875,44.28125,44.46875,68000
1993-05-10,24.502832412719727,44.4375,44.6875,44.40625,44.40625,113900
1993-05-11,24.606243133544922,44.625,44.625,44.3125,44.4375,42600
1993-05-12,24.57175636291504,44.5625,44.59375,44.4375,44.4375,31000
1993-05-13,24.278841018676758,44.03125,44.375,44.0,44.375,129100
1993-05-14,24.261608123779297,44.0,44.15625,43.96875,44.03125,63500
1993-05-17,24.3477725982666,44.15625,44.15625,43.9375,44.125,34000
1993-05-18,24.330528259277344,44.125,44.21875,43.96875,44.1875,105200
1993-05-19,24.830236434936523,45.03125,45.03125,43.84375,44.125,50200
1993-05-20,24.8991756439209,45.15625,45.15625,44.9375,45.03125,98200
1993-05-21,24.675153732299805,44.75,45.25,44.71875,45.1875,221400
1993-05-24,24.778553009033203,44.9375,45.09375,44.84375,44.84375,30500
1993-05-25,24.830236434936523,45.03125,45.125,45.03125,45.125,191800
1993-05-26,25.140405654907227,45.59375,45.625,45.125,45.15625,102400
1993-05-27,25.054262161254883,45.4375,45.65625,45.375,45.65625,53800
1993-05-28,24.933629989624023,45.21875,45.40625,45.0,45.40625,79100
1993-06-01,25.174848556518555,45.65625,45.8125,45.3125,45.375,28300
1993-06-02,25.140405654907227,45.59375,45.75,45.34375,45.53125,20300
1993-06-03,25.054262161254883,45.4375,45.5,45.34375,45.5,21600
1993-06-04,24.96809196472168,45.28125,45.3125,45.09375,45.3125,32000
1993-06-07,24.881927490234375,45.125,45.375,45.125,45.375,121400
1993-06-08,24.657928466796875,44.71875,45.0,44.71875,45.0,104500
1993-06-09,24.74407386779785,44.875,45.0625,44.8125,44.875,43300
1993-06-10,24.761316299438477,44.90625,44.9375,44.75,44.84375,17900
1993-06-11,24.86469268798828,45.09375,45.15625,44.90625,45.0625,647400
1993-06-14,24.830236434936523,45.03125,45.1875,45.03125,45.15625,64200
1993-06-15,24.778553009033203,44.9375,45.125,44.9375,45.09375,142400
1993-06-16,24.830236434936523,45.03125,45.03125,44.8125,44.9375,330900
1993-06-17,24.916391372680664,45.1875,45.1875,45.03125,45.125,37400
1993-06-18,24.711204528808594,44.5,44.84375,44.5,44.84375,58500
1993-06-21,24.763259887695312,44.59375,44.625,44.53125,44.625,29300
1993-06-22,24.780624389648438,44.625,44.65625,44.5625,44.65625,137500
1993-06-23,24.555021286010742,44.21875,44.625,44.21875,44.625,227600
1993-06-24,24.884742736816406,44.8125,44.8125,44.34375,44.34375,243700
1993-06-25,24.867395401000977,44.78125,44.90625,44.75,44.78125,44800
1993-06-28,25.14504623413086,45.28125,45.28125,44.9375,45.0,439900
1993-06-29,25.02356719970703,45.0625,45.21875,45.0,45.21875,207500
1993-06-30,25.02356719970703,45.0625,45.21875,45.0,45.125,437600
1993-07-01,24.954151153564453,44.9375,45.125,44.875,45.125,605700
1993-07-02,24.815317153930664,44.6875,44.8125,44.53125,44.78125,285400
1993-07-06,24.555021286010742,44.21875,44.75,44.15625,44.625,246400
1993-07-07,24.624446868896484,44.34375,44.40625,44.1875,44.1875,343700
1993-07-08,24.902101516723633,44.84375,44.9375,44.3125,44.375,248200
1993-07-09,24.97150421142578,44.96875,44.96875,44.75,44.84375,378200
1993-07-12,24.954151153564453,44.9375,44.96875,44.84375,44.90625,373700
1993-07-13,24.93679428100586,44.90625,45.09375,44.65625,44.96875,389600
1993-07-14,25.02356719970703,45.0625,45.1875,44.90625,44.9375,617300
1993-07-15,24.919458389282227,44.875,45.03125,44.78125,45.03125,443800
1993-07-16,24.850021362304688,44.75,44.9375,44.6875,44.90625,216400
1993-07-19,24.83267593383789,44.71875,44.75,44.59375,44.75,188200
1993-07-20,24.902101516723633,44.84375,44.84375,44.46875,44.6875,68500
1993-07-21,24.884742736816406,44.8125,44.8125,44.65625,44.78125,142700
1993-07-22,24.711204528808594,44.5,44.8125,44.5,44.75,632400
1993-07-23,24.83267593383789,44.71875,44.71875,44.5625,44.59375,286200
1993-07-26,24.97150421142578,44.96875,45.0625,44.84375,44.84375,121300
1993-07-27,24.954151153564453,44.9375,45.03125,44.78125,45.0,92800
1993-07-28,24.902101516723633,44.84375,44.9375,44.78125,44.84375,30800
1993-07-29,25.040929794311523,45.09375,45.21875,44.875,44.9375,331000
1993-07-30,24.902101516723633,44.84375,45.09375,44.78125,45.09375,75300
1993-08-02,24.97150421142578,44.96875,45.125,44.90625,44.90625,41300
1993-08-03,24.988872528076172,45.0,45.1875,44.84375,45.0625,81600
1993-08-04,24.988872528076172,45.0,45.09375,44.875,45.0,434000
1993-08-05,24.93679428100586,44.90625,45.0,44.84375,45.0,36800
1993-08-06,24.97150421142578,44.96875,45.0625,44.90625,45.03125,402300
1993-08-09,25.110332489013672,45.21875,45.34375,45.0,45.09375,828200
1993-08-10,25.092988967895508,45.1875,45.21875,45.125,45.1875,604900
1993-08-11,25.092988967895508,45.1875,45.3125,45.15625,45.15625,542200
1993-08-12,25.02356719970703,45.0625,45.3125,44.90625,45.3125,303700
1993-08-13,25.058269500732422,45.125,45.15625,45.09375,45.09375,103500
1993-08-16,25.19710922241211,45.375,45.5,45.15625,45.15625,241800
1993-08-17,25.283872604370117,45.53125,45.53125,45.34375,45.34375,369300
1993-08-18,25.422710418701172,45.78125,45.875,45.65625,45.6875,414300
1993-08-19,25.422710418701172,45.78125,45.8125,45.71875,45.8125,28500
1993-08-20,25.440044403076172,45.8125,45.8125,45.65625,45.6875,80700
1993-08-23,25.387983322143555,45.71875,45.75,45.625,45.625,15600
1993-08-24,25.6656551361084,46.21875,46.21875,45.71875,45.71875,273400
1993-08-25,25.682992935180664,46.25,46.4375,46.15625,46.21875,242300
1993-08-26,25.700326919555664,46.28125,46.53125,46.09375,46.28125,120000
1993-08-27,25.682992935180664,46.25,46.25,46.15625,46.15625,25700
1993-08-30,25.787120819091797,46.4375,46.5,46.28125,46.28125,183500
1993-08-31,25.856517791748047,46.5625,46.5625,46.34375,46.40625,66500
1993-09-01,25.82181167602539,46.5,46.59375,46.40625,46.40625,136500
1993-09-02,25.73505401611328,46.34375,46.59375,46.3125,46.53125,472400
1993-09-03,25.75240707397461,46.375,46.4375,46.25,46.3125,630500
1993-09-07,25.57887077331543,46.0625,46.4375,46.0,46.375,196400
1993-09-08,25.492107391357422,45.90625,46.0625,45.59375,46.0625,269900
1993-09-09,25.544166564941406,46.0,46.03125,45.71875,45.71875,239200
1993-09-10,25.76976776123047,46.40625,46.4375,46.0625,46.125,106500
1993-09-13,25.787120819091797,46.4375,46.5625,46.4375,46.5625,66900
1993-09-14,25.682992935180664,46.25,46.3125,46.09375,46.3125,184500
1993-09-15,25.75240707397461,46.375,46.40625,45.90625,46.0625,101000
1993-09-16,25.648277282714844,46.1875,46.34375,46.15625,46.3125,54300
1993-09-17,25.598554611206055,45.8125,45.90625,45.75,45.875,200900
1993-09-20,25.389036178588867,45.4375,45.96875,45.4375,45.875,57800
1993-09-21,25.301713943481445,45.28125,45.5625,44.8125,45.5,318200
1993-09-22,25.51126480102539,45.65625,45.71875,45.375,45.4375,439700
1993-09-23,25.650941848754883,45.90625,45.9375,45.71875,45.78125,88500
1993-09-24,25.581104278564453,45.78125,45.875,45.71875,45.84375,53500
1993-09-27,25.860456466674805,46.28125,46.28125,46.125,46.125,274600
1993-09-28,25.80807876586914,46.1875,46.3125,46.15625,46.3125,158300
1993-09-29,25.720787048339844,46.03125,46.3125,45.96875,46.1875,221000
1993-09-30,25.66840362548828,45.9375,46.125,45.84375,46.03125,99300
1993-10-01,25.790637969970703,46.15625,46.21875,45.8125,45.875,22700
1993-10-04,25.825572967529297,46.21875,46.21875,46.09375,46.21875,1038500
1993-10-05,25.790637969970703,46.15625,46.3125,46.0,46.3125,436500
1993-10-06,25.773168563842773,46.125,46.375,46.125,46.1875,209200
1993-10-07,25.70332145690918,46.0,46.1875,45.96875,46.1875,59400
1993-10-08,25.738252639770508,46.0625,46.15625,45.71875,46.125,54400
1993-10-11,25.790637969970703,46.15625,46.25,46.15625,46.15625,467100
1993-10-12,25.825572967529297,46.21875,46.25,46.1875,46.21875,26200
1993-10-13,25.825572967529297,46.21875,46.25,46.15625,46.25,139100
1993-10-14,26.157333374023438,46.8125,46.8125,46.28125,46.40625,108100
1993-10-15,26.297025680541992,47.0625,47.15625,46.90625,47.03125,1502500
1993-10-18,26.22716522216797,46.9375,47.03125,46.875,47.03125,722400
1993-10-19,26.035085678100586,46.59375,46.96875,46.59375,46.875,880100
1993-10-20,26.070005416870117,46.65625,46.75,46.5625,46.75,230400
1993-10-21,26.035085678100586,46.59375,46.6875,46.53125,46.6875,56200
1993-10-22,25.912860870361328,46.375,46.84375,46.375,46.65625,390700
1993-10-25,25.982707977294922,46.5,46.5625,46.28125,46.40625,114500
1993-10-26,25.965251922607422,46.46875,46.5,46.3125,46.46875,186200
1993-10-27,25.982707977294922,46.5,46.53125,46.40625,46.40625,118400
1993-10-28,26.17479133605957,46.84375,46.96875,46.5625,46.5625,129600
1993-10-29,26.17479133605957,46.84375,46.875,46.78125,46.8125,80700
1993-11-01,26.24462127685547,46.96875,47.0,46.78125,46.78125,36400
1993-11-02,26.22716522216797,46.9375,47.0,46.65625,46.90625,262100
1993-11-03,25.895404815673828,46.34375,46.90625,46.125,46.90625,479100
1993-11-04,25.616025924682617,45.84375,46.34375,45.8125,46.34375,130400
1993-11-05,25.738252639770508,46.0625,46.0625,45.53125,45.71875,363200
1993-11-08,25.773168563842773,46.125,46.25,45.96875,46.09375,367600
1993-11-09,25.790637969970703,46.15625,46.46875,46.125,46.4375,246900
1993-11-10,25.982707977294922,46.5,46.5,46.03125,46.15625,46500
1993-11-11,25.912860870361328,46.375,46.625,46.34375,46.5,88900
1993-11-12,26.035085678100586,46.59375,46.75,46.4375,46.46875,108200
1993-11-15,26.017627716064453,46.5625,46.6875,46.4375,46.6875,243300
1993-11-16,26.139863967895508,46.78125,46.8125,46.46875,46.65625,492600
1993-11-17,26.000181198120117,46.53125,46.8125,46.40625,46.8125,39600
1993-11-18,25.93033790588379,46.40625,46.5625,46.28125,46.46875,240800
1993-11-19,25.87793731689453,46.3125,46.375,46.21875,46.25,106000
1993-11-22,25.720787048339844,46.03125,46.21875,45.875,46.1875,165300
1993-11-23,25.860456466674805,46.28125,46.3125,46.03125,46.28125,89700
1993-11-24,25.965251922607422,46.46875,46.5,46.34375,46.40625,77200
1993-11-26,25.982707977294922,46.5,46.59375,46.46875,46.59375,1019800
1993-11-29,25.87793731689453,46.3125,46.71875,46.3125,46.625,517500
1993-11-30,25.895404815673828,46.34375,46.5625,46.25,46.28125,230000
1993-12-01,25.93033790588379,46.40625,46.625,46.40625,46.59375,379200
1993-12-02,26.000181198120117,46.53125,46.5625,46.40625,46.5,352000
1993-12-03,26.104938507080078,46.71875,46.71875,46.5,46.5,306000
1993-12-06,26.192237854003906,46.875,46.9375,46.78125,46.78125,99500
1993-12-07,26.17479133605957,46.84375,46.90625,46.78125,46.875,88800
1993-12-08,26.17479133605957,46.84375,46.84375,46.78125,46.84375,146700
1993-12-09,26.08748435974121,46.6875,46.90625,46.625,46.84375,416500
1993-12-10,26.035085678100586,46.59375,46.71875,46.5,46.71875,412900
1993-12-13,26.192237854003906,46.875,46.875,46.53125,46.59375,273200
1993-12-14,26.000181198120117,46.53125,46.90625,46.53125,46.90625,41900
1993-12-15,25.965251922607422,46.46875,46.625,46.46875,46.59375,82600
1993-12-16,26.052560806274414,46.625,46.65625,46.5625,46.65625,78200
1993-12-17,26.19572639465332,46.5625,46.59375,46.375,46.40625,104700
1993-12-20,26.230899810791016,46.625,46.65625,46.5,46.53125,68800
1993-12-21,26.14299774169922,46.46875,46.5625,46.40625,46.5625,205700
1993-12-22,26.318801879882812,46.78125,46.8125,46.5,46.59375,410300
1993-12-23,26.30124282836914,46.75,46.84375,46.6875,46.75,533800
1993-12-27,26.441877365112305,47.0,47.0,46.75,46.75,447100
1993-12-28,26.494617462158203,47.09375,47.125,46.9375,46.96875,880600
1993-12-29,26.4594669342041,47.03125,47.15625,47.0,47.125,266700
1993-12-30,26.353973388671875,46.84375,47.0,46.75,47.0,219900
1993-12-31,26.213308334350586,46.59375,47.0,46.5625,46.9375,312900
1994-01-03,26.14299774169922,46.46875,46.65625,46.40625,46.59375,960900
1994-01-04,26.24846649169922,46.65625,46.65625,46.46875,46.53125,164300
1994-01-05,26.30124282836914,46.75,46.78125,46.53125,46.71875,710900
1994-01-06,26.30124282836914,46.75,46.84375,46.6875,46.8125,201000
1994-01-07,26.4594669342041,47.03125,47.0625,46.71875,46.84375,775500
1994-01-10,26.775903701782227,47.59375,47.59375,46.96875,47.09375,593700
1994-01-11,26.72317123413086,47.5,47.5625,47.34375,47.5625,295200
1994-01-12,26.635255813598633,47.34375,47.53125,47.1875,47.53125,158400
1994-01-13,26.56493377685547,47.21875,47.3125,47.15625,47.21875,244300
1994-01-14,26.67043685913086,47.40625,47.5,47.375,47.375,137200
1994-01-17,26.67043685913086,47.40625,47.46875,47.3125,47.40625,17700
1994-01-18,26.705581665039062,47.46875,47.53125,47.375,47.46875,166400
1994-01-19,26.635255813598633,47.34375,47.46875,47.25,47.40625,200800
1994-01-20,26.705581665039062,47.46875,47.5,47.375,47.40625,281100
1994-01-21,26.652851104736328,47.375,47.53125,47.34375,47.53125,85600
1994-01-24,26.547359466552734,47.1875,47.5625,47.1875,47.34375,373800
1994-01-25,26.547359466552734,47.1875,47.25,47.09375,47.21875,310400
1994-01-26,26.6176815032959,47.3125,47.34375,47.125,47.1875,145100
1994-01-27,26.863826751708984,47.75,47.8125,47.34375,47.40625,344500
1994-01-28,26.934152603149414,47.875,48.03125,47.875,47.9375,356500
1994-01-31,27.127544403076172,48.21875,48.3125,48.0,48.0625,313800
1994-02-01,26.986892700195312,47.96875,48.15625,47.90625,48.15625,303600
1994-02-02,27.16268539428711,48.28125,48.28125,48.09375,48.125,307600
1994-02-03,27.039644241333008,48.0625,48.1875,47.90625,48.1875,466100
1994-02-04,26.424280166625977,46.96875,48.125,46.96875,48.0625,1403200
1994-02-07,26.547359466552734,47.1875,47.3125,46.84375,46.84375,516400
1994-02-08,26.56493377685547,47.21875,47.28125,47.03125,47.28125,188200
1994-02-09,26.67043685913086,47.40625,47.4375,47.1875,47.25,144600
1994-02-10,26.441877365112305,47.0,47.40625,47.0,47.375,883900
1994-02-11,26.529760360717773,47.15625,47.28125,46.8125,47.03125,519400
1994-02-14,26.56493377685547,47.21875,47.375,47.0,47.0625,2742100
1994-02-15,26.705581665039062,47.46875,47.5,47.25,47.3125,374700
1994-02-16,26.688016891479492,47.4375,47.53125,47.34375,47.53125,287600
1994-02-17,26.529760360717773,47.15625,47.6875,47.03125,47.65625,342400
1994-02-18,26.37154197692871,46.875,47.21875,46.75,47.1875,313300
1994-02-22,26.635255813598633,47.34375,47.34375,47.0,47.0,154500
1994-02-23,26.56493377685547,47.21875,47.4375,47.0625,47.40625,391700
1994-02-24,26.213308334350586,46.59375,47.0625,46.5625,47.0625,770800
1994-02-25,26.33639144897461,46.8125,46.8125,46.5625,46.65625,531300
1994-02-28,26.33639144897461,46.8125,47.0625,46.8125,46.9375,333000
1994-03-01,26.230899810791016,46.625,46.90625,46.375,46.8125,423600
1994-03-02,26.266069412231445,46.6875,46.6875,45.90625,46.03125,581500
1994-03-03,26.19572639465332,46.5625,46.625,46.4375,46.625,223200
1994-03-04,26.266069412231445,46.6875,46.8125,46.40625,46.5625,595800
1994-03-07,26.406702041625977,46.9375,47.0,46.84375,46.84375,539800
1994-03-08,26.30124282836914,46.75,46.96875,46.6875,46.96875,880300
1994-03-09,26.424280166625977,46.96875,47.0,46.59375,46.8125,2500100
1994-03-10,26.213308334350586,46.59375,46.9375,46.4375,46.9375,207400
1994-03-11,26.353973388671875,46.84375,46.90625,46.40625,46.65625,576600
1994-03-14,26.389127731323242,46.90625,47.03125,46.84375,47.03125,345900
1994-03-15,26.37154197692871,46.875,47.09375,46.84375,47.0,748600
1994-03-16,26.582517623901367,47.25,47.25,46.78125,46.9375,455500
1994-03-17,26.582517623901367,47.25,47.3125,47.09375,47.09375,133000
1994-03-18,26.576711654663086,46.96875,47.03125,46.71875,46.75,365500
1994-03-21,26.505992889404297,46.84375,46.9375,46.71875,46.8125,324800
1994-03-22,26.576711654663086,46.96875,47.0625,46.75,46.84375,435700
1994-03-23,26.559032440185547,46.9375,47.0625,46.90625,46.9375,698500
1994-03-24,26.240755081176758,46.375,46.84375,46.15625,46.75,1200500
1994-03-25,25.993200302124023,45.9375,46.53125,45.9375,46.40625,100900
1994-03-28,26.028564453125,46.0,46.0625,45.59375,46.0,1117200
1994-03-29,25.51576805114746,45.09375,46.03125,45.09375,46.0,338400
1994-03-30,25.16211700439453,44.46875,45.25,44.46875,45.125,1123900
1994-03-31,25.23284912109375,44.59375,44.6875,43.53125,44.46875,788800
1994-04-04,24.843835830688477,43.90625,44.03125,43.34375,43.34375,2627300
1994-04-05,25.356624603271484,44.8125,44.8125,44.34375,44.34375,1179000
1994-04-06,25.356624603271484,44.8125,44.90625,44.5,44.875,516500
1994-04-07,25.480419158935547,45.03125,45.125,44.53125,44.78125,666100
1994-04-08,25.28590202331543,44.6875,44.9375,44.46875,44.9375,242400
1994-04-11,25.392005920410156,44.875,45.0625,44.703125,44.8125,203300
1994-04-12,25.356624603271484,44.8125,45.0,44.71875,44.921875,1409200
1994-04-13,25.224008560180664,44.578125,44.90625,44.25,44.796875,364100
1994-04-14,25.23284912109375,44.59375,44.828125,44.40625,44.5,419900
1994-04-15,25.23284912109375,44.59375,44.78125,44.515625,44.578125,387300
1994-04-18,25.06487464904785,44.296875,44.765625,44.15625,44.640625,369100
1994-04-19,25.100231170654297,44.359375,44.53125,43.984375,44.25,472200
1994-04-20,25.073715209960938,44.3125,44.515625,44.078125,44.40625,508000
1994-04-21,25.409664154052734,44.90625,44.96875,44.34375,44.5,200300
1994-04-22,25.383159637451172,44.859375,45.046875,44.734375,45.015625,301800
1994-04-25,25.648395538330078,45.328125,45.359375,44.84375,44.84375,394600
1994-04-26,25.62186622619629,45.28125,45.34375,45.1875,45.265625,399000
1994-04-28,25.436201095581055,44.953125,45.25,44.8125,45.1875,287000
1994-04-29,25.51576805114746,45.09375,45.15625,44.8125,44.875,481900
1994-05-02,25.674922943115234,45.375,45.71875,44.9375,45.09375,275000
1994-05-03,25.648395538330078,45.328125,45.40625,45.0625,45.390625,183400
1994-05-04,25.604185104370117,45.25,45.421875,45.078125,45.421875,401900
1994-05-05,25.568832397460938,45.1875,45.375,45.1875,45.296875,659800
1994-05-06,25.321258544921875,44.75,44.96875,44.59375,44.96875,216300
1994-05-09,25.100231170654297,44.359375,44.75,44.28125,44.625,499300
1994-05-10,25.29474449157715,44.703125,44.84375,44.546875,44.578125,583400
1994-05-11,25.06487464904785,44.296875,44.71875,44.171875,44.65625,210600
1994-05-12,25.188657760620117,44.515625,44.625,44.40625,44.578125,305200
1994-05-13,25.188657760620117,44.515625,44.640625,44.296875,44.640625,321300
1994-05-16,25.197490692138672,44.53125,44.75,44.515625,44.609375,450400
1994-05-17,25.568832397460938,45.1875,45.1875,44.5,44.5625,470200
1994-05-18,25.754487991333008,45.515625,45.6875,45.015625,45.21875,824800
1994-05-19,25.878250122070312,45.734375,45.859375,45.421875,45.421875,531000
1994-05-20,25.780996322631836,45.5625,45.6875,45.5,45.65625,370400
1994-05-23,25.736801147460938,45.484375,45.53125,45.34375,45.515625,262700
1994-05-24,25.84290313720703,45.671875,45.84375,45.609375,45.609375,549600
1994-05-25,25.913623809814453,45.796875,45.828125,45.34375,45.5,738200
1994-05-26,25.931304931640625,45.828125,45.9375,45.734375,45.78125,369600
1994-05-27,25.95783233642578,45.875,45.875,45.671875,45.75,162000
1994-05-31,25.922470092773438,45.8125,45.90625,45.65625,45.734375,160000
1994-06-01,26.037403106689453,46.015625,46.015625,45.5625,45.703125,200500
1994-06-02,26.010889053344727,45.96875,46.046875,45.890625,46.046875,55100
1994-06-03,26.16118049621582,46.234375,46.390625,45.859375,46.0,550400
1994-06-06,26.15235137939453,46.21875,46.46875,46.1875,46.328125,99300
1994-06-07,26.116981506347656,46.15625,46.21875,46.03125,46.140625,120600
1994-06-08,25.904800415039062,45.78125,46.265625,45.78125,46.265625,131900
1994-06-09,26.04624366760254,46.03125,46.03125,45.890625,45.984375,80500
1994-06-10,26.090457916259766,46.109375,46.203125,46.078125,46.078125,83100
1994-06-13,26.125816345214844,46.171875,46.1875,46.03125,46.046875,109700
1994-06-14,26.32917594909668,46.53125,46.546875,46.3125,46.3125,161000
1994-06-15,26.223073959350586,46.34375,46.5625,46.3125,46.546875,142800
1994-06-16,26.27611541748047,46.4375,46.46875,46.296875,46.34375,44000
1994-06-17,26.129470825195312,45.875,46.203125,45.8125,46.15625,403800
1994-06-20,25.906959533691406,45.484375,45.625,45.4375,45.546875,137400
1994-06-21,25.684467315673828,45.09375,45.453125,44.90625,45.453125,139200
1994-06-22,25.7823486328125,45.265625,45.421875,45.171875,45.21875,279900
1994-06-23,25.631072998046875,45.0,45.40625,44.9375,45.34375,922500
1994-06-24,25.097091674804688,44.0625,44.78125,44.0,44.78125,353800
1994-06-27,25.533166885375977,44.828125,44.828125,44.015625,44.234375,371200
1994-06-28,25.4085750579834,44.609375,44.84375,44.25,44.84375,5382300
1994-06-29,25.488666534423828,44.75,45.015625,44.625,44.671875,311800
1994-06-30,25.32847785949707,44.46875,44.84375,44.3125,44.828125,271900
1994-07-01,25.38187026977539,44.5625,44.6875,44.375,44.6875,406900
1994-07-05,25.5153751373291,44.796875,44.859375,44.515625,44.65625,112000
1994-07-06,25.479761123657227,44.734375,44.8125,44.46875,44.625,174800
1994-07-07,25.586566925048828,44.921875,44.921875,44.6875,44.734375,66700
1994-07-08,25.577659606933594,44.90625,44.984375,44.625,44.640625,148400
1994-07-11,25.488666534423828,44.75,45.015625,44.53125,44.9375,124000
1994-07-12,25.524261474609375,44.8125,44.828125,44.515625,44.765625,257300
1994-07-13,25.56879425048828,44.890625,45.03125,44.828125,44.828125,532700
1994-07-14,25.844661712646484,45.375,45.46875,45.078125,45.109375,494200
1994-07-15,25.853565216064453,45.390625,45.484375,45.328125,45.34375,49100
1994-07-18,25.89807891845703,45.46875,45.578125,45.390625,45.390625,72300
1994-07-19,25.844661712646484,45.375,45.5625,45.375,45.546875,609500
1994-07-20,25.72897720336914,45.171875,45.40625,45.0625,45.40625,185300
1994-07-21,25.7823486328125,45.265625,45.296875,45.078125,45.171875,86300
1994-07-22,25.826868057250977,45.34375,45.40625,45.25,45.375,151600
1994-07-25,25.86247444152832,45.40625,45.453125,45.3125,45.359375,120900
1994-07-26,25.83576202392578,45.359375,45.421875,45.3125,45.390625,489600
1994-07-27,25.83576202392578,45.359375,45.359375,45.171875,45.359375,83200
1994-07-28,25.88916015625,45.453125,45.578125,45.359375,45.359375,828200
1994-07-29,26.147262573242188,45.90625,46.046875,45.75,45.765625,459100
1994-08-01,26.271846771240234,46.125,46.15625,45.890625,45.9375,486300
1994-08-02,26.307437896728516,46.1875,46.375,46.03125,46.28125,505500
1994-08-03,26.31633758544922,46.203125,46.234375,46.09375,46.171875,144100
1994-08-04,26.165050506591797,45.9375,46.21875,45.921875,46.171875,231700
1994-08-05,26.076053619384766,45.78125,45.84375,45.65625,45.703125,138400
1994-08-08,26.138362884521484,45.890625,45.9375,45.78125,45.828125,328600
1994-08-09,26.182846069335938,45.96875,45.96875,45.71875,45.71875,105900
1994-08-10,26.280742645263672,46.140625,46.1875,45.9375,46.0,840300
1994-08-11,26.182846069335938,45.96875,46.234375,45.734375,46.03125,876200
1994-08-12,26.387550354003906,46.328125,46.34375,46.046875,46.046875,184100
1994-08-15,26.378643035888672,46.3125,46.484375,46.3125,46.375,325900
1994-08-16,26.56554412841797,46.640625,46.6875,46.15625,46.34375,1089500
1994-08-17,26.547748565673828,46.609375,46.734375,46.578125,46.703125,133700
1994-08-18,26.4587459564209,46.453125,46.5625,46.40625,46.453125,620000
1994-08-19,26.440935134887695,46.421875,46.515625,46.3125,46.46875,103200
1994-08-22,26.41423988342285,46.375,46.4375,46.28125,46.4375,79700
1994-08-23,26.56554412841797,46.640625,46.859375,46.515625,46.578125,268600
1994-08-24,26.850324630737305,47.140625,47.140625,46.671875,46.6875,254700
1994-08-25,26.77913475036621,47.015625,47.203125,46.890625,47.09375,147400
1994-08-26,27.161806106567383,47.6875,47.78125,47.125,47.125,339500
1994-08-29,27.144020080566406,47.65625,47.984375,47.640625,47.8125,350300
1994-08-30,27.2152099609375,47.78125,47.859375,47.578125,47.640625,36000
1994-08-31,27.144020080566406,47.65625,47.890625,47.59375,47.703125,356200
1994-09-01,27.05500030517578,47.5,47.53125,47.328125,47.5,294600
1994-09-02,26.93932342529297,47.296875,47.71875,47.21875,47.71875,99600
1994-09-06,26.948223114013672,47.3125,47.359375,47.125,47.265625,229800
1994-09-07,26.92154312133789,47.265625,47.421875,47.21875,47.421875,27900
1994-09-08,27.05500030517578,47.5,47.5625,47.34375,47.359375,284800
1994-09-09,26.770225524902344,47.0,47.125,46.8125,47.03125,488400
1994-09-12,26.69013023376465,46.859375,47.0625,46.78125,47.0,129400
1994-09-13,26.770225524902344,47.0,47.125,46.859375,46.953125,389200
1994-09-14,26.79692268371582,47.046875,47.109375,46.84375,46.84375,423500
1994-09-15,27.135129928588867,47.640625,47.640625,47.171875,47.171875,779800
1994-09-16,26.94200897216797,47.015625,47.140625,46.84375,47.0,571300
1994-09-19,26.9688720703125,47.0625,47.328125,47.015625,47.125,167300
1994-09-20,26.458505630493164,46.171875,46.859375,46.171875,46.8125,355600
1994-09-21,26.458505630493164,46.171875,46.3125,45.734375,46.3125,397500
1994-09-22,26.39581871032715,46.0625,46.28125,46.015625,46.28125,266400
1994-09-23,26.30629539489746,45.90625,46.171875,45.828125,46.078125,176600
1994-09-26,26.440584182739258,46.140625,46.171875,45.984375,46.078125,223000
1994-09-27,26.42268943786621,46.109375,46.265625,46.0,46.140625,479500
1994-09-28,26.628616333007812,46.46875,46.53125,46.328125,46.359375,324000
1994-09-29,26.494312286376953,46.234375,46.46875,46.09375,46.46875,195900
1994-09-30,26.458505630493164,46.171875,46.4375,46.171875,46.21875,5200
1994-10-03,26.39581871032715,46.0625,46.25,45.984375,46.203125,72600
1994-10-04,26.001850128173828,45.375,46.296875,45.34375,46.296875,84200
1994-10-05,26.01080894470215,45.390625,45.390625,45.0,45.296875,461900
1994-10-06,25.93022346496582,45.25,45.453125,45.171875,45.421875,345200
1994-10-07,26.046619415283203,45.453125,45.578125,45.203125,45.25,188700
1994-10-10,26.324188232421875,45.9375,46.015625,45.640625,45.65625,213600
1994-10-11,26.71816062927246,46.625,46.75,46.140625,46.140625,461400
1994-10-12,26.753976821899414,46.6875,46.75,46.578125,46.6875,162400
1994-10-13,26.84352684020996,46.84375,47.328125,46.796875,47.21875,1564500
1994-10-14,26.959901809692383,47.046875,47.0625,46.6875,47.0,72800
1994-10-17,26.90618896484375,46.953125,47.0625,46.90625,47.0,282300
1994-10-18,26.84352684020996,46.84375,46.90625,46.6875,46.90625,132100
1994-10-19,26.9688720703125,47.0625,47.234375,46.65625,46.671875,136700
1994-10-20,26.7897891998291,46.75,47.0625,46.609375,47.0625,290300
1994-10-21,26.682334899902344,46.5625,46.6875,46.359375,46.625,87800
1994-10-24,26.458505630493164,46.171875,46.765625,46.15625,46.578125,149600
1994-10-25,26.485355377197266,46.21875,46.3125,46.0,46.015625,91800
1994-10-26,26.58384132385254,46.390625,46.4375,46.171875,46.390625,201000
1994-10-27,26.745019912719727,46.671875,46.671875,46.453125,46.5625,210300
1994-10-28,27.30910873413086,47.65625,47.703125,46.765625,46.765625,192100
1994-10-31,27.210630416870117,47.484375,47.59375,47.46875,47.546875,36300
1994-11-01,26.90618896484375,46.953125,47.28125,46.9375,47.28125,435200
1994-11-02,26.753976821899414,46.6875,47.234375,46.6875,46.8125,115600
1994-11-03,26.897232055664062,46.9375,47.015625,46.78125,46.84375,87000
1994-11-04,26.54804039001465,46.328125,47.15625,46.328125,47.15625,124400
1994-11-07,26.628616333007812,46.46875,46.59375,46.3125,46.4375,115000
1994-11-08,26.834548950195312,46.828125,46.984375,46.546875,46.625,308300
1994-11-09,26.879322052001953,46.90625,47.328125,46.5,47.328125,318500
1994-11-10,26.691293716430664,46.578125,47.03125,46.546875,46.9375,172100
1994-11-11,26.59280776977539,46.40625,46.5625,46.28125,46.515625,302200
1994-11-14,26.84352684020996,46.84375,46.859375,46.609375,46.609375,181400
1994-11-15,26.753976821899414,46.6875,47.09375,46.328125,46.796875,316900
1994-11-16,26.84352684020996,46.84375,46.84375,46.609375,46.765625,106900
1994-11-17,26.6644229888916,46.53125,46.875,46.34375,46.875,104700
1994-11-18,26.628616333007812,46.46875,46.625,46.265625,46.546875,269300
1994-11-21,26.360015869140625,46.0,46.578125,46.0,46.4375,283100
1994-11-22,25.786964416503906,45.0,46.0,45.0,45.828125,483600
1994-11-23,25.93022346496582,45.25,45.265625,44.609375,45.03125,601600
1994-11-25,26.055593490600586,45.46875,45.53125,45.28125,45.28125,77300
1994-11-28,26.17197608947754,45.671875,45.6875,45.34375,45.453125,79900
1994-11-29,26.163015365600586,45.65625,45.75,45.5,45.65625,105500
1994-11-30,26.127208709716797,45.59375,45.953125,45.59375,45.890625,218800
1994-12-01,25.86754035949707,45.140625,45.640625,45.046875,45.640625,439000
1994-12-02,26.109298706054688,45.5625,45.5625,45.046875,45.046875,318500
1994-12-05,26.136154174804688,45.609375,45.8125,45.5,45.65625,139200
1994-12-06,26.15408706665039,45.640625,45.65625,45.359375,45.4375,249900
1994-12-07,25.966049194335938,45.3125,45.5,45.265625,45.359375,531900
1994-12-08,25.71532440185547,44.875,45.5625,44.75,45.5,261500
1994-12-09,25.81382942199707,45.046875,45.078125,44.6875,44.875,235900
1994-12-12,25.983949661254883,45.34375,45.34375,44.953125,44.953125,151100
1994-12-13,26.082443237304688,45.515625,45.53125,45.3125,45.3125,70900
1994-12-14,26.21672821044922,45.75,45.953125,45.453125,45.453125,203300
1994-12-15,26.29733657836914,45.890625,46.03125,45.8125,45.8125,130100
1994-12-16,26.425758361816406,45.75,45.84375,45.625,45.671875,266100
1994-12-19,26.461875915527344,45.8125,45.84375,45.609375,45.75,1120200
1994-12-20,26.380647659301758,45.671875,45.890625,45.671875,45.859375,675600
1994-12-21,26.660432815551758,46.15625,46.265625,45.703125,45.703125,544500
1994-12-22,26.579206466674805,46.015625,46.203125,45.96875,46.15625,222000
1994-12-23,26.606277465820312,46.0625,46.171875,45.984375,45.984375,125800
1994-12-27,26.75067901611328,46.3125,46.40625,46.1875,46.21875,95200
1994-12-28,26.615314483642578,46.078125,46.359375,45.96875,46.359375,358200
1994-12-29,26.63335609436035,46.109375,46.25,46.0625,46.25,220100
1994-12-30,26.317472457885742,45.5625,46.25,45.5625,46.203125,2209500
1995-01-03,26.443832397460938,45.78125,45.84375,45.6875,45.703125,324300
1995-01-04,26.570194244384766,46.0,46.0,45.75,45.984375,351800
1995-01-05,26.570194244384766,46.0,46.109375,45.953125,46.03125,89800
1995-01-06,26.597248077392578,46.046875,46.25,45.90625,46.09375,448400
1995-01-09,26.62433624267578,46.09375,46.09375,46.0,46.03125,36800
1995-01-10,26.65140724182129,46.140625,46.390625,46.140625,46.203125,229800
1995-01-11,26.66946792602539,46.171875,46.296875,45.8125,46.296875,222400
1995-01-12,26.678464889526367,46.1875,46.21875,46.03125,46.125,40300
1995-01-13,26.99435806274414,46.734375,46.734375,46.375,46.4375,170600
1995-01-16,27.156814575195312,47.015625,47.03125,46.71875,46.71875,105100
1995-01-17,27.165836334228516,47.03125,47.0625,46.859375,46.921875,89500
1995-01-18,27.138757705688477,46.984375,47.078125,46.875,47.0,84500
1995-01-19,26.98533058166504,46.71875,46.875,46.6875,46.828125,139100
1995-01-20,26.886045455932617,46.546875,46.671875,46.453125,46.65625,78700
1995-01-23,26.9672908782959,46.6875,46.6875,46.203125,46.234375,53700
1995-01-24,27.003385543823242,46.75,46.75,46.640625,46.671875,32400
1995-01-25,27.075586318969727,46.875,47.046875,46.515625,46.515625,15700
1995-01-26,27.1026554107666,46.921875,46.984375,46.75,46.84375,9800
1995-01-27,27.210969924926758,47.109375,47.234375,46.921875,47.234375,91200
1995-01-30,27.093631744384766,46.90625,47.046875,46.84375,47.015625,26600
1995-01-31,27.20195960998535,47.09375,47.171875,46.921875,47.0,127500
1995-02-01,27.192920684814453,47.078125,47.328125,47.0,47.15625,380200
1995-02-02,27.355384826660156,47.359375,47.359375,47.0625,47.0625,131700
1995-02-03,27.743452072143555,48.03125,48.109375,47.578125,47.65625,405100
1995-02-06,27.86079216003418,48.234375,48.375,47.96875,48.015625,405400
1995-02-07,27.896892547607422,48.296875,48.3125,48.140625,48.3125,702900
1995-02-08,27.896892547607422,48.296875,48.46875,48.203125,48.234375,521500
1995-02-09,27.896892547607422,48.296875,48.296875,48.125,48.21875,390700
1995-02-10,27.9329776763916,48.359375,48.359375,48.09375,48.234375,148300
1995-02-13,27.942012786865234,48.375,48.46875,48.328125,48.328125,79700
1995-02-14,27.978090286254883,48.4375,48.53125,48.25,48.53125,170200
1995-02-15,28.13154411315918,48.703125,48.765625,48.390625,48.4375,431500
1995-02-16,28.095422744750977,48.640625,48.6875,48.5,48.640625,99300
1995-02-17,27.987125396728516,48.453125,48.625,48.4375,48.59375,49100
1995-02-21,27.978090286254883,48.4375,48.53125,48.421875,48.453125,168000
1995-02-22,28.185697555541992,48.796875,48.796875,48.453125,48.484375,386400
1995-02-23,28.230810165405273,48.875,49.15625,48.859375,48.984375,402800
1995-02-24,28.303010940551758,49.0,49.015625,48.8125,48.9375,307600
1995-02-27,28.077383041381836,48.609375,49.0,48.53125,48.859375,280900
1995-02-28,28.312061309814453,49.015625,49.015625,48.5625,48.5625,493500
1995-03-01,28.13154411315918,48.703125,49.03125,48.65625,48.96875,242600
1995-03-02,28.16763687133789,48.765625,48.765625,48.546875,48.6875,488600
1995-03-03,28.176677703857422,48.78125,48.78125,48.484375,48.609375,290000
1995-03-06,28.194713592529297,48.8125,48.8125,48.390625,48.453125,85700
1995-03-07,27.978090286254883,48.4375,48.75,48.21875,48.640625,180900
1995-03-08,28.05031967163086,48.5625,48.625,48.34375,48.515625,155900
1995-03-09,28.041282653808594,48.546875,48.59375,48.421875,48.546875,63500
1995-03-10,28.45643424987793,49.265625,49.390625,48.53125,48.59375,192100
1995-03-13,28.429353713989258,49.21875,49.390625,49.171875,49.234375,261300
1995-03-14,28.636951446533203,49.578125,49.640625,49.359375,49.359375,223300
1995-03-15,28.582796096801758,49.484375,49.578125,49.296875,49.5,278500
1995-03-16,28.754276275634766,49.78125,49.8125,49.4375,49.4375,20400
1995-03-17,28.782867431640625,49.5625,49.625,49.40625,49.4375,89900
1995-03-20,28.782867431640625,49.5625,49.625,49.46875,49.625,91700
1995-03-21,28.71027183532715,49.4375,49.875,49.359375,49.5625,104400
1995-03-22,28.737497329711914,49.484375,49.53125,49.328125,49.53125,74900
1995-03-23,28.75566864013672,49.515625,49.65625,49.359375,49.421875,220500
1995-03-24,29.163990020751953,50.21875,50.21875,49.671875,49.671875,134000
1995-03-27,29.281963348388672,50.421875,50.421875,50.171875,50.296875,132100
1995-03-28,29.281963348388672,50.421875,50.421875,50.234375,50.296875,121900
1995-03-29,29.27285385131836,50.40625,50.890625,50.125,50.375,246100
1995-03-30,29.218429565429688,50.3125,50.515625,50.109375,50.515625,298400
1995-03-31,29.100473403930664,50.109375,50.171875,49.546875,49.921875,541300
1995-04-03,29.173063278198242,50.234375,50.234375,50.0625,50.09375,193300
1995-04-04,29.363616943359375,50.5625,50.5625,50.25,50.25,66900
1995-04-05,29.363616943359375,50.5625,50.609375,50.421875,50.453125,107200
1995-04-06,29.47250747680664,50.75,50.796875,50.59375,50.6875,352500
1995-04-07,29.445262908935547,50.703125,50.859375,50.46875,50.859375,361400
1995-04-10,29.49972915649414,50.796875,50.796875,50.59375,50.625,285400
1995-04-11,29.399911880493164,50.625,50.9375,50.59375,50.921875,250300
1995-04-12,29.49972915649414,50.796875,50.796875,50.609375,50.703125,150900
1995-04-13,29.66306495666504,51.078125,51.09375,50.859375,50.890625,243400
1995-04-17,29.490659713745117,50.78125,51.3125,50.625,51.265625,178900
1995-04-18,29.39083480834961,50.609375,50.828125,50.484375,50.828125,329500
1995-04-19,29.363616943359375,50.5625,50.71875,50.296875,50.609375,223000
1995-04-20,29.40898895263672,50.640625,50.78125,50.4375,50.703125,207900
1995-04-21,29.554161071777344,50.890625,50.90625,50.65625,50.65625,145000
1995-04-24,29.89897346496582,51.484375,51.484375,50.859375,50.859375,169000
1995-04-25,29.817323684692383,51.34375,51.484375,51.3125,51.40625,293200
1995-04-26,29.84453773498535,51.390625,51.421875,51.125,51.25,204400
1995-04-27,29.91712188720703,51.515625,51.546875,51.28125,51.3125,502200
1995-04-28,29.96251678466797,51.59375,51.671875,51.171875,51.5,130800
1995-05-01,29.88083267211914,51.453125,51.65625,51.453125,51.546875,518700
1995-05-02,29.944360733032227,51.5625,51.640625,51.390625,51.5,228400
1995-05-03,30.361740112304688,52.28125,52.28125,51.734375,51.734375,724700
1995-05-04,30.343605041503906,52.25,52.6875,52.125,52.34375,311400
1995-05-05,30.307310104370117,52.1875,52.46875,52.078125,52.46875,314900
1995-05-08,30.52510643005371,52.5625,52.734375,52.09375,52.140625,183100
1995-05-09,30.49787139892578,52.515625,52.84375,52.4375,52.78125,180600
1995-05-10,30.534164428710938,52.578125,52.671875,52.328125,52.65625,330300
1995-05-11,30.61583137512207,52.71875,52.71875,52.484375,52.65625,351700
1995-05-12,30.63398551940918,52.75,52.875,52.5,52.515625,94600
1995-05-15,30.779170989990234,53.0,53.0,52.78125,52.890625,147200
1995-05-16,30.79731559753418,53.03125,53.15625,52.890625,52.984375,221600
1995-05-17,30.67935562133789,52.828125,53.046875,52.78125,53.03125,189200
1995-05-18,30.234725952148438,52.0625,52.765625,52.0625,52.734375,577800
1995-05-19,30.25287628173828,52.09375,52.1875,51.90625,51.984375,363900
1995-05-22,30.588607788085938,52.671875,52.75,52.234375,52.265625,216000
1995-05-23,30.869903564453125,53.15625,53.15625,52.609375,52.765625,136800
1995-05-24,30.851774215698242,53.125,53.421875,52.796875,53.25,370800
1995-05-25,30.87897491455078,53.171875,53.21875,52.71875,52.96875,379900
1995-05-26,30.52510643005371,52.5625,52.984375,52.359375,52.96875,518600
1995-05-30,30.516008377075195,52.546875,52.828125,52.375,52.6875,61500
1995-05-31,31.15121078491211,53.640625,53.640625,52.453125,52.453125,564500
1995-06-01,31.069541931152344,53.5,53.90625,53.25,53.40625,810100
1995-06-02,31.096752166748047,53.546875,53.921875,53.09375,53.28125,112900
1995-06-05,31.287309646606445,53.875,54.046875,53.5,53.546875,257200
1995-06-06,31.23286247253418,53.78125,54.015625,53.78125,53.828125,165800
1995-06-07,31.069541931152344,53.5,53.703125,53.4375,53.671875,41900
1995-06-08,30.996957778930664,53.375,53.640625,53.375,53.484375,141100
1995-06-09,30.815460205078125,53.0625,53.328125,52.75,53.265625,304900
1995-06-12,30.98786735534668,53.359375,53.578125,53.203125,53.234375,378500
1995-06-13,31.3236026763916,53.9375,53.96875,53.5625,53.609375,120000
1995-06-14,31.29639434814453,53.890625,53.953125,53.6875,53.859375,389400
1995-06-15,31.432519912719727,54.125,54.234375,53.875,53.96875,274500
1995-06-16,31.525827407836914,53.96875,53.96875,53.703125,53.703125,325100
1995-06-19,31.881786346435547,54.578125,54.609375,54.09375,54.125,134600
1995-06-20,31.79962921142578,54.4375,54.609375,54.390625,54.421875,287800
1995-06-21,31.781387329101562,54.40625,54.65625,54.40625,54.609375,158200
1995-06-22,32.20124053955078,55.125,55.15625,54.640625,54.640625,297000
1995-06-23,32.13734817504883,55.015625,55.03125,54.84375,55.0,315400
1995-06-26,31.7540225982666,54.359375,54.953125,54.359375,54.859375,132900
1995-06-27,31.690113067626953,54.25,54.703125,54.21875,54.34375,127700
1995-06-28,31.85440444946289,54.53125,54.75,54.078125,54.25,212600
1995-06-29,31.79962921142578,54.4375,54.671875,54.0625,54.53125,89200
1995-06-30,31.781387329101562,54.40625,54.734375,54.296875,54.546875,714100
1995-07-03,31.900043487548828,54.609375,54.609375,54.46875,54.46875,9500
1995-07-05,32.018680572509766,54.8125,55.0625,54.640625,54.765625,409300
1995-07-06,32.42942428588867,55.515625,55.515625,54.71875,54.828125,202500
1995-07-07,32.57546615600586,55.765625,55.78125,55.375,55.40625,481700
1995-07-10,32.59370803833008,55.796875,55.953125,55.703125,55.8125,400400
1995-07-11,32.43855285644531,55.53125,55.796875,55.453125,55.75,420500
1995-07-12,32.84015655517578,56.21875,56.3125,55.53125,55.640625,203400
1995-07-13,32.767120361328125,56.09375,56.265625,56.03125,56.140625,215600
1995-07-14,32.739742279052734,56.046875,56.09375,55.75,55.796875,543700
1995-07-17,32.922298431396484,56.359375,56.421875,56.078125,56.125,171500
1995-07-18,32.63934326171875,55.875,56.265625,55.828125,56.265625,221200
1995-07-19,32.283382415771484,55.265625,55.71875,54.203125,55.65625,486600
1995-07-20,32.40202713012695,55.46875,55.578125,55.03125,55.328125,318900
1995-07-21,32.36552810668945,55.40625,55.625,55.1875,55.421875,94000
1995-07-24,32.60283279418945,55.8125,55.875,55.484375,55.484375,108400
1995-07-25,32.849273681640625,56.234375,56.3125,55.703125,55.875,107400
1995-07-26,32.82190704345703,56.1875,56.46875,56.171875,56.203125,167800
1995-07-27,33.095703125,56.65625,56.703125,56.453125,56.453125,187700
1995-07-28,32.885780334472656,56.296875,56.703125,56.25,56.703125,415600
1995-07-31,32.80365753173828,56.15625,56.390625,56.03125,56.34375,342500
1995-08-01,32.74886703491211,56.0625,56.234375,55.75,56.234375,141000
1995-08-02,32.67587661743164,55.9375,56.796875,55.84375,56.390625,240400
1995-08-03,32.66672134399414,55.921875,55.953125,55.453125,55.546875,1193600
1995-08-04,32.7032470703125,55.984375,56.078125,55.921875,56.03125,240500
1995-08-07,32.77626419067383,56.109375,56.28125,56.078125,56.109375,193100
1995-08-08,32.77626419067383,56.109375,56.3125,55.9375,56.140625,951900
1995-08-09,32.767120361328125,56.09375,56.296875,56.046875,56.296875,107100
1995-08-10,32.694122314453125,55.96875,56.28125,55.734375,56.15625,280800
1995-08-11,32.511573791503906,55.65625,55.984375,55.421875,55.921875,257200
1995-08-14,32.80365753173828,56.15625,56.15625,55.671875,55.796875,254800
1995-08-15,32.739742279052734,56.046875,56.140625,55.65625,56.140625,44400
1995-08-16,32.8310432434082,56.203125,56.203125,55.9375,56.0,374900
1995-08-17,32.77626419067383,56.109375,56.234375,55.90625,56.234375,353800
1995-08-18,32.81277084350586,56.171875,56.40625,56.125,56.390625,85400
1995-08-21,32.721492767333984,56.015625,56.640625,56.0,56.40625,266700
1995-08-22,32.78539276123047,56.125,56.21875,55.8125,56.09375,220200
1995-08-23,32.66672134399414,55.921875,56.203125,55.921875,56.171875,176500
1995-08-24,32.7032470703125,55.984375,56.09375,55.75,55.9375,167400
1995-08-25,32.885780334472656,56.296875,56.390625,56.078125,56.078125,195000
1995-08-28,32.767120361328125,56.09375,56.453125,56.0,56.453125,293000
1995-08-29,32.849273681640625,56.234375,56.25,55.765625,56.15625,1133100
1995-08-30,32.922298431396484,56.359375,56.421875,56.21875,56.28125,437400
1995-08-31,32.949703216552734,56.40625,56.5,56.296875,56.34375,491900
1995-09-01,33.095703125,56.65625,56.75,56.34375,56.390625,629900
1995-09-05,33.40604782104492,57.1875,57.21875,56.734375,56.828125,272200
1995-09-06,33.469947814941406,57.296875,57.359375,57.21875,57.234375,214500
1995-09-07,33.48819351196289,57.328125,57.390625,57.25,57.359375,258800
1995-09-08,33.615962982177734,57.546875,57.546875,57.171875,57.546875,107300
1995-09-11,33.70724868774414,57.703125,57.8125,57.640625,57.640625,260700
1995-09-12,33.86241149902344,57.96875,57.96875,57.578125,57.71875,139500
1995-09-13,34.017581939697266,58.234375,58.3125,57.890625,57.90625,239800
1995-09-14,34.32791519165039,58.765625,58.8125,58.28125,58.4375,457600
1995-09-15,34.31843566894531,58.4375,58.578125,58.203125,58.40625,431200
1995-09-18,34.18999481201172,58.21875,58.265625,57.9375,58.234375,307500
1995-09-19,34.35516357421875,58.5,58.53125,58.125,58.328125,549600
1995-09-20,34.52029037475586,58.78125,58.78125,58.546875,58.59375,290800
1995-09-21,34.23585891723633,58.296875,58.75,58.0625,58.703125,508500
1995-09-22,34.245033264160156,58.3125,58.375,57.78125,57.828125,449900
1995-09-25,34.18999481201172,58.21875,58.375,58.015625,58.375,130000
1995-09-26,34.18080139160156,58.203125,58.53125,58.0625,58.390625,466600
1995-09-27,34.153263092041016,58.15625,58.1875,57.59375,57.953125,654400
1995-09-28,34.41020584106445,58.59375,58.59375,58.15625,58.203125,456200
1995-09-29,34.34596633911133,58.484375,58.90625,58.40625,58.546875,606600
1995-10-02,34.17161178588867,58.1875,58.625,58.046875,58.484375,293100
1995-10-03,34.20833206176758,58.25,58.34375,57.953125,58.1875,839700
1995-10-04,34.17161178588867,58.1875,58.28125,58.109375,58.28125,248800
1995-10-05,34.27256774902344,58.359375,58.359375,58.09375,58.25,268800
1995-10-06,34.30009841918945,58.40625,58.578125,58.390625,58.390625,75300
1995-10-09,34.015628814697266,57.921875,58.21875,57.8125,58.1875,358200
1995-10-10,33.997283935546875,57.890625,57.890625,57.265625,57.328125,360800
1995-10-11,34.10739517211914,58.078125,58.09375,57.875,58.09375,228100
1995-10-12,34.31843566894531,58.4375,58.46875,58.125,58.125,199800
1995-10-13,34.42854309082031,58.625,58.859375,58.625,58.703125,488100
1995-10-16,34.26335906982422,58.34375,58.5625,58.34375,58.453125,443600
1995-10-17,34.4927864074707,58.734375,58.796875,58.296875,58.40625,146000
1995-10-18,34.593719482421875,58.90625,59.09375,58.71875,59.015625,228100
1995-10-19,34.758880615234375,59.1875,59.1875,58.796875,58.875,500600
1995-10-20,34.54784393310547,58.828125,59.1875,58.828125,59.140625,748400
1995-10-23,34.47442626953125,58.703125,58.8125,58.546875,58.546875,533000
1995-10-24,34.51114273071289,58.765625,58.84375,58.625,58.78125,172200
1995-10-25,34.226688385009766,58.28125,58.890625,58.28125,58.8125,302700
1995-10-26,33.91468811035156,57.75,58.421875,57.28125,58.375,606800
1995-10-27,34.17161178588867,58.1875,58.1875,57.421875,57.6875,905800
1995-10-30,34.3918571472168,58.5625,58.59375,58.328125,58.328125,488700
1995-10-31,34.245033264160156,58.3125,58.84375,58.3125,58.71875,508200
1995-11-01,34.52029037475586,58.78125,58.78125,58.234375,58.28125,415700
1995-11-02,34.74052810668945,59.15625,59.15625,58.6875,58.6875,326000
1995-11-03,34.78641891479492,59.234375,59.25,59.0625,59.234375,615000
1995-11-06,34.667152404785156,59.03125,59.21875,59.015625,59.21875,311200
1995-11-07,34.53864669799805,58.8125,59.0,58.625,59.0,358200
1995-11-08,34.850643157958984,59.34375,59.375,58.890625,58.890625,357200
1995-11-09,34.979122161865234,59.5625,59.578125,59.28125,59.578125,503700
1995-11-10,34.96076965332031,59.53125,59.609375,59.21875,59.234375,795600
1995-11-13,34.92405700683594,59.46875,59.65625,59.3125,59.421875,818500
1995-11-14,34.694671630859375,59.078125,59.484375,59.078125,59.359375,341800
1995-11-15,35.043338775634766,59.671875,59.6875,59.109375,59.140625,584700
1995-11-16,35.23603820800781,60.0,60.0625,59.65625,59.671875,577700
1995-11-17,35.346160888671875,60.1875,60.203125,60.015625,60.09375,267000
1995-11-20,35.16263198852539,59.875,60.296875,59.859375,60.28125,448800
1995-11-21,35.447105407714844,60.359375,60.359375,59.921875,59.9375,119200
1995-11-22,35.33700180053711,60.171875,60.375,60.171875,60.3125,351600
1995-11-24,35.428749084472656,60.328125,60.328125,60.1875,60.234375,62400
1995-11-27,35.43791961669922,60.34375,60.640625,60.34375,60.453125,273000
1995-11-28,35.81412124633789,60.984375,60.984375,60.15625,60.296875,479000
1995-11-29,35.850826263427734,61.046875,61.09375,60.84375,61.09375,549200
1995-11-30,35.768253326416016,60.90625,61.203125,60.84375,61.046875,286200
1995-12-01,35.81412124633789,60.984375,61.078125,60.84375,60.984375,465200
1995-12-04,36.254600524902344,61.734375,61.734375,61.046875,61.125,631700
1995-12-05,36.493160247802734,62.140625,62.203125,61.625,61.671875,567700
1995-12-06,36.57574462890625,62.28125,62.53125,62.0,62.296875,272800
1995-12-07,36.383079528808594,61.953125,62.28125,61.90625,62.203125,289700
1995-12-08,36.50233459472656,62.15625,62.234375,61.765625,62.21875,296900
1995-12-11,36.65831756591797,62.421875,62.546875,62.15625,62.28125,186500
1995-12-12,36.5482177734375,62.234375,62.359375,62.140625,62.140625,299400
1995-12-13,36.777610778808594,62.625,62.703125,62.3125,62.3125,390700
1995-12-14,36.51152801513672,62.171875,62.796875,62.015625,62.6875,395000
1995-12-15,36.52488708496094,61.8125,61.875,61.59375,61.875,416700
1995-12-18,35.82318115234375,60.625,61.265625,60.609375,61.265625,862300
1995-12-19,36.201751708984375,61.265625,61.34375,60.578125,60.65625,1022600
1995-12-20,35.850868225097656,60.671875,61.515625,60.671875,61.453125,1349800
1995-12-21,36.03553771972656,60.984375,61.171875,60.75,61.03125,857600
1995-12-22,36.164791107177734,61.203125,61.375,61.140625,61.3125,332800
1995-12-26,36.34022521972656,61.5,61.53125,61.328125,61.453125,432200
1995-12-27,36.32176971435547,61.46875,61.65625,61.359375,61.65625,151800
1995-12-28,36.28483963012695,61.40625,61.65625,61.25,61.34375,256200
1995-12-29,36.33100891113281,61.484375,61.53125,61.25,61.46875,339200
1996-01-02,36.71879577636719,62.140625,62.140625,61.34375,61.40625,514400
1996-01-03,36.820335388183594,62.3125,62.5,62.0,62.34375,610300
1996-01-04,36.469486236572266,61.71875,62.625,61.21875,62.390625,1129700
1996-01-05,36.39561462402344,61.59375,61.75,61.171875,61.3125,302400
1996-01-08,36.53411865234375,61.828125,61.90625,61.734375,61.8125,179900
1996-01-09,35.90629196166992,60.765625,62.0625,60.625,62.015625,415500
1996-01-10,35.43540573120117,59.96875,60.8125,59.640625,60.6875,787700
1996-01-11,35.647769927978516,60.328125,60.328125,59.78125,60.0625,513200
1996-01-12,35.592376708984375,60.234375,60.5,59.671875,60.484375,390400
1996-01-15,35.51850891113281,60.109375,60.453125,59.859375,60.25,154200
1996-01-16,35.952449798583984,60.84375,60.890625,59.890625,60.40625,454600
1996-01-17,35.841670989990234,60.65625,61.125,60.453125,60.703125,407600
1996-01-18,35.96167755126953,60.859375,60.90625,60.375,60.890625,425600
1996-01-19,36.201751708984375,61.265625,61.421875,60.796875,60.859375,169800
1996-01-22,36.21097183227539,61.28125,61.421875,61.109375,61.21875,288200
1996-01-23,36.294063568115234,61.421875,61.421875,61.125,61.25,362200
1996-01-24,36.58951950073242,61.921875,62.046875,61.484375,61.515625,1506500
1996-01-25,36.46024703979492,61.703125,62.0,61.625,61.96875,298400
1996-01-26,36.7741813659668,62.234375,62.265625,61.578125,61.65625,726300
1996-01-29,36.92189407348633,62.484375,62.484375,62.140625,62.1875,254800
1996-01-30,37.23580551147461,63.015625,63.140625,62.53125,62.609375,272100
1996-01-31,37.623600006103516,63.671875,63.6875,62.96875,63.0,498000
1996-02-01,37.76207733154297,63.90625,63.90625,63.5625,63.609375,373900
1996-02-02,37.60512161254883,63.640625,64.015625,63.5,63.875,496200
1996-02-05,37.90980911254883,64.15625,64.25,63.4375,63.53125,295300
1996-02-06,38.26987838745117,64.765625,64.828125,64.09375,64.1875,301600
1996-02-07,38.49146270751953,65.140625,65.140625,64.6875,64.75,585100
1996-02-08,38.90693283081055,65.84375,65.90625,64.921875,65.046875,1526600
1996-02-09,38.8977165222168,65.828125,66.375,65.515625,65.8125,804600
1996-02-12,39.19316101074219,66.328125,66.625,65.890625,65.953125,626500
1996-02-13,39.11006164550781,66.1875,66.6875,66.0,66.046875,1045900
1996-02-14,38.768463134765625,65.609375,66.359375,65.578125,66.140625,431400
1996-02-15,38.52838897705078,65.203125,65.90625,65.125,65.46875,889500
1996-02-16,38.3714485168457,64.9375,65.234375,64.734375,65.078125,606100
1996-02-20,37.9929084777832,64.296875,64.625,63.875,64.4375,492300
1996-02-21,38.46376037597656,65.09375,65.140625,64.421875,64.421875,434000
1996-02-22,39.073123931884766,66.125,66.328125,65.40625,65.453125,721400
1996-02-23,38.962337493896484,65.9375,66.609375,65.328125,66.5,1430400
1996-02-26,38.40836715698242,65.0,65.890625,64.96875,65.75,1408400
1996-02-27,38.28834915161133,64.796875,65.171875,64.5,65.15625,601000
1996-02-28,38.112911224365234,64.5,65.734375,64.5,65.3125,865900
1996-02-29,37.74360656738281,63.875,64.953125,63.875,64.125,914300
1996-03-01,38.3437385559082,64.890625,64.890625,63.609375,64.640625,1452600
1996-03-04,38.565345764160156,65.265625,65.65625,64.8125,65.03125,652600
1996-03-05,38.925411224365234,65.875,65.875,65.078125,65.109375,402000
1996-03-06,38.58379364013672,65.296875,65.96875,65.296875,65.78125,624700
1996-03-07,38.77768325805664,65.625,65.65625,65.234375,65.421875,534200
1996-03-08,37.52202224731445,63.5,64.875,62.0,64.1875,2289900
1996-03-11,37.95597457885742,64.234375,64.328125,63.0625,63.25,1511400
1996-03-12,37.66054153442383,63.734375,64.046875,62.90625,63.8125,1385300
1996-03-13,37.91903305053711,64.171875,64.4375,63.796875,64.15625,1019300
1996-03-14,38.08522415161133,64.453125,64.8125,64.234375,64.265625,725600
1996-03-15,38.059627532958984,64.125,64.328125,63.75,64.0625,869200
1996-03-18,38.79227066040039,65.359375,65.359375,64.578125,64.71875,917600
1996-03-19,38.70880126953125,65.21875,65.9375,65.0,65.9375,858300
1996-03-20,38.66243362426758,65.140625,65.53125,64.640625,65.53125,744300
1996-03-21,38.56968688964844,64.984375,65.25,64.765625,65.21875,650800
1996-03-22,38.67168426513672,65.15625,65.328125,64.9375,65.015625,344500
1996-03-25,38.597511291503906,65.03125,65.8125,64.859375,65.75,802400
1996-03-26,38.782981872558594,65.34375,65.515625,64.859375,64.921875,969400
1996-03-27,38.430580139160156,64.75,65.484375,64.6875,65.4375,809600
1996-03-28,38.5789680480957,65.0,65.03125,64.5,64.515625,1001300
1996-03-29,38.39347457885742,64.6875,65.1875,64.375,65.1875,457700
1996-04-01,38.83864212036133,65.4375,65.453125,64.796875,65.0,773400
1996-04-02,38.91283416748047,65.5625,65.5625,65.296875,65.515625,638800
1996-04-03,38.91283416748047,65.5625,65.609375,65.171875,65.328125,288000
1996-04-04,38.885009765625,65.515625,65.71875,65.5,65.5625,934900
1996-04-08,38.217262268066406,64.390625,64.390625,63.59375,63.875,2217200
1996-04-09,38.068904876708984,64.140625,64.640625,64.015625,64.640625,1180900
1996-04-10,37.39191818237305,63.0,64.3125,62.75,64.03125,939500
1996-04-11,37.34553909301758,62.921875,63.46875,62.125,63.15625,1276000
1996-04-12,37.81850814819336,63.71875,63.8125,63.171875,63.359375,411300
1996-04-15,38.13382339477539,64.25,64.328125,63.84375,64.046875,484200
1996-04-16,38.2451057434082,64.4375,64.65625,64.234375,64.375,429700
1996-04-17,38.15236282348633,64.28125,64.5625,63.84375,64.375,525300
1996-04-18,38.20800018310547,64.375,64.578125,64.09375,64.4375,818600
1996-04-19,38.30073165893555,64.53125,64.859375,64.421875,64.6875,885100
1996-04-22,38.597511291503906,65.03125,65.28125,64.59375,65.125,828900
1996-04-23,38.71807098388672,65.234375,65.28125,64.78125,64.921875,225400
1996-04-24,38.5789680480957,65.0,65.5625,64.859375,65.5625,699000
1996-04-25,38.755165100097656,65.296875,65.5625,64.75,65.140625,475500
1996-04-26,38.83864212036133,65.4375,65.8125,65.234375,65.46875,563300
1996-04-29,38.83864212036133,65.4375,65.5625,65.15625,65.15625,219900
1996-04-30,38.81081008911133,65.390625,65.5625,65.125,65.4375,184400
1996-05-01,38.89427185058594,65.53125,65.796875,65.28125,65.375,561900
1996-05-02,38.226566314697266,64.40625,65.375,64.09375,65.015625,1299600
1996-05-03,38.17090606689453,64.3125,64.984375,63.75,64.78125,1329300
1996-05-06,38.13382339477539,64.25,64.5625,63.6875,64.5625,647500
1996-05-07,37.97616958618164,63.984375,64.25,63.765625,64.25,582100
1996-05-08,38.44912338256836,64.78125,64.78125,63.078125,63.671875,1694700
1996-05-09,38.421329498291016,64.734375,65.0625,64.5,64.5625,593400
1996-05-10,38.801536560058594,65.375,65.59375,65.0625,65.375,925100
1996-05-13,39.385780334472656,66.359375,66.640625,65.46875,65.53125,867500
1996-05-14,39.62689208984375,66.765625,66.9375,66.5625,66.625,632300
1996-05-15,39.58052444458008,66.6875,67.3125,66.640625,66.78125,466100
1996-05-16,39.66400146484375,66.828125,66.9375,66.28125,66.3125,514400
1996-05-17,39.8773078918457,67.1875,67.296875,67.0,67.0,427700
1996-05-20,40.1462516784668,67.640625,67.75,66.984375,67.65625,788500
1996-05-21,40.09060287475586,67.546875,67.875,67.5,67.75,352700
1996-05-22,40.47081756591797,68.1875,68.1875,67.390625,67.625,1218100
1996-05-23,40.30388259887695,67.90625,68.4375,67.53125,68.28125,967900
1996-05-24,40.46152877807617,68.171875,68.328125,67.9375,67.96875,659100
1996-05-28,40.053489685058594,67.484375,68.375,67.3125,68.375,456400
1996-05-29,39.7845573425293,67.03125,67.6875,66.8125,67.625,649600
1996-05-30,39.98857879638672,67.375,67.71875,66.75,66.9375,895800
1996-05-31,39.69181442260742,66.875,67.640625,66.875,67.359375,923500
1996-06-03,39.8031120300293,67.0625,67.109375,66.703125,66.890625,503100
1996-06-04,40.081321716308594,67.53125,67.59375,67.25,67.375,627100
1996-06-05,40.433712005615234,68.125,68.203125,67.421875,67.5625,428000
1996-06-06,40.13695526123047,67.625,68.5,67.5,68.5,523300
1996-06-07,40.13695526123047,67.625,67.640625,66.1875,66.1875,1422800
1996-06-10,40.00712203979492,67.40625,67.734375,67.296875,67.53125,548800
1996-06-11,39.970035552978516,67.34375,68.03125,67.34375,67.65625,688700
1996-06-12,39.89584732055664,67.21875,67.734375,67.109375,67.5625,1120600
1996-06-13,39.89584732055664,67.21875,67.46875,66.828125,67.375,1502000
1996-06-14,39.728912353515625,66.9375,67.25,66.71875,67.25,1468200
1996-06-17,39.70109176635742,66.890625,67.21875,66.71875,66.96875,1101000
1996-06-18,39.376502990722656,66.34375,67.03125,66.328125,66.84375,718000
1996-06-19,39.552711486816406,66.640625,67.0,66.421875,66.65625,552100
1996-06-20,39.52488708496094,66.59375,66.921875,66.1875,66.703125,1234400
1996-06-21,39.864845275878906,66.8125,66.8125,66.375,66.5625,573300
1996-06-24,39.93943405151367,66.9375,67.21875,66.84375,66.96875,416500
1996-06-25,39.8928108215332,66.859375,67.171875,66.78125,67.125,454400
1996-06-26,39.62245178222656,66.40625,66.921875,66.390625,66.78125,838200
1996-06-27,39.90212631225586,66.875,67.046875,66.15625,66.40625,1090500
1996-06-28,40.04197311401367,67.109375,67.5,66.96875,67.15625,1060800
1996-07-01,40.386924743652344,67.6875,67.703125,67.1875,67.28125,471300
1996-07-02,40.23776626586914,67.4375,67.640625,67.328125,67.625,389400
1996-07-03,40.153865814208984,67.296875,67.5,67.0625,67.40625,308300
1996-07-05,39.128318786621094,65.578125,66.4375,65.375,66.125,842900
1996-07-08,38.969825744628906,65.3125,65.984375,65.125,65.625,942000
1996-07-09,39.128318786621094,65.578125,65.8125,65.375,65.609375,716300
1996-07-10,39.28680419921875,65.84375,65.84375,64.921875,65.5625,1132300
1996-07-11,38.494384765625,64.515625,65.6875,63.875,65.5625,1587400
1996-07-12,38.5223388671875,64.5625,64.90625,64.078125,64.625,1312000
1996-07-15,37.38494873046875,62.65625,64.71875,62.65625,64.71875,1951300
1996-07-16,37.4781608581543,62.8125,63.5,60.375,62.84375,4141000
1996-07-17,37.92567825317383,63.5625,64.0,63.0,63.75,1340500
1996-07-18,38.44774627685547,64.4375,64.546875,63.328125,63.75,1432500
1996-07-19,38.16807556152344,63.96875,64.375,63.625,64.28125,1216000
1996-07-22,37.88838577270508,63.5,63.75,63.015625,63.53125,519800
1996-07-23,37.40359115600586,62.6875,63.9375,62.578125,63.59375,1479800
1996-07-24,37.4781608581543,62.8125,63.1875,61.625,61.9375,2463400
1996-07-25,37.813785552978516,63.375,63.5625,63.125,63.4375,1989800
1996-07-26,38.0189208984375,63.71875,63.8125,63.390625,63.5625,642300
1996-07-29,37.59937286376953,63.015625,63.71875,62.9375,63.625,1297900
1996-07-30,37.96296691894531,63.625,63.6875,62.9375,63.4375,1868200
1996-07-31,38.24266052246094,64.09375,64.265625,63.515625,63.671875,767100
1996-08-01,38.87661361694336,65.15625,65.390625,64.0625,64.15625,1168600
1996-08-02,39.7156867980957,66.5625,66.59375,65.75,66.0,1098500
1996-08-05,39.482608795166016,66.171875,66.59375,65.96875,66.578125,710200
1996-08-06,39.60380172729492,66.375,66.515625,65.796875,66.15625,640000
1996-08-07,39.70634078979492,66.546875,66.75,66.125,66.625,917800
1996-08-08,39.64107894897461,66.4375,66.5625,66.1875,66.5625,925100
1996-08-09,39.51055908203125,66.21875,66.765625,66.0625,66.671875,648800
1996-08-12,39.799564361572266,66.703125,66.859375,66.0,66.25,764200
1996-08-13,39.482608795166016,66.171875,66.625,66.0,66.578125,805200
1996-08-14,39.62245178222656,66.40625,66.46875,66.0,66.1875,533800
1996-08-15,39.547847747802734,66.28125,66.625,66.203125,66.234375,632600
1996-08-16,39.883487701416016,66.84375,66.875,66.46875,66.46875,475100
1996-08-19,39.90212631225586,66.875,66.921875,66.625,66.859375,436400
1996-08-20,39.87415313720703,66.828125,66.90625,66.671875,66.890625,645700
1996-08-21,39.734317779541016,66.59375,66.8125,66.375,66.65625,266400
1996-08-22,40.10723114013672,67.21875,67.34375,66.71875,66.75,584800
1996-08-23,39.8928108215332,66.859375,67.203125,66.640625,67.09375,757100
1996-08-26,39.69700622558594,66.53125,66.78125,66.421875,66.703125,784700
1996-08-27,39.84617614746094,66.78125,66.84375,66.5,66.71875,389400
1996-08-28,39.78093338012695,66.671875,67.0,66.65625,66.9375,227600
1996-08-29,39.38938522338867,66.015625,66.59375,65.625,66.59375,680200
1996-08-30,38.97916793823242,65.328125,66.015625,65.125,66.0,1500900
1996-09-03,39.23089599609375,65.75,65.84375,64.375,64.46875,1782000
1996-09-04,39.2681770324707,65.8125,66.75,65.484375,65.75,930200
1996-09-05,38.792701721191406,65.015625,65.765625,65.015625,65.5,616600
1996-09-06,39.342750549316406,65.9375,66.171875,65.140625,65.25,804900
1996-09-09,39.808902740478516,66.71875,66.734375,66.078125,66.1875,719200
1996-09-10,39.79024887084961,66.6875,66.90625,66.375,66.625,669900
1996-09-11,40.01401901245117,67.0625,67.125,66.40625,66.5625,713500
1996-09-12,40.293701171875,67.53125,67.734375,67.15625,67.25,713300
1996-09-13,40.909019470214844,68.5625,68.625,68.125,68.3125,2008800
1996-09-16,41.05814743041992,68.8125,69.15625,68.5625,68.65625,1220200
1996-09-17,40.964935302734375,68.65625,68.984375,68.234375,68.875,604700
1996-09-18,40.862396240234375,68.484375,68.75,68.21875,68.5625,225500
1996-09-19,41.02088928222656,68.75,68.796875,68.28125,68.375,410000
1996-09-20,41.16639709472656,68.640625,68.78125,68.375,68.59375,948400
1996-09-23,41.15700149536133,68.625,68.75,68.15625,68.46875,466800
1996-09-24,41.14764404296875,68.609375,69.25,68.3125,68.5625,1269800
1996-09-25,41.17575454711914,68.65625,68.9375,68.5,68.9375,1353300
1996-09-26,41.15700149536133,68.625,69.1875,68.390625,68.75,773200
1996-09-27,41.19449234008789,68.6875,68.71875,68.375,68.71875,407600
1996-09-30,41.15700149536133,68.625,69.0625,68.578125,68.78125,578200
1996-10-01,41.381919860839844,69.0,69.046875,68.4375,68.703125,561400
1996-10-02,41.66303253173828,69.46875,69.59375,69.15625,69.25,609000
1996-10-03,41.62556838989258,69.40625,69.53125,69.203125,69.5,342200
1996-10-04,42.18783187866211,70.34375,70.34375,69.5,69.6875,754100
1996-10-07,42.234683990478516,70.421875,70.625,70.25,70.3125,235100
1996-10-08,42.066009521484375,70.140625,70.6875,70.015625,70.453125,386200
1996-10-09,41.73801803588867,69.59375,70.375,69.515625,70.25,528800
1996-10-10,41.653682708740234,69.453125,69.859375,69.375,69.59375,1562200
1996-10-11,42.169071197509766,70.3125,70.3125,69.71875,69.71875,331300
1996-10-14,42.225303649902344,70.40625,70.6875,70.296875,70.3125,201600
1996-10-15,42.169071197509766,70.3125,71.125,69.953125,71.125,776900
1996-10-16,42.37523651123047,70.65625,70.65625,69.9375,70.5,590100
1996-10-17,42.48768997192383,70.84375,71.03125,70.546875,70.875,792500
1996-10-18,42.71261215209961,71.21875,71.3125,70.71875,70.875,695800
1996-10-21,42.65636444091797,71.125,71.625,70.9375,71.28125,879200
1996-10-22,42.35651779174805,70.625,71.078125,70.59375,71.0625,848900
1996-10-23,42.497074127197266,70.859375,70.890625,70.1875,70.46875,735900
1996-10-24,42.1315803527832,70.25,70.984375,70.21875,70.859375,379300
1996-10-25,42.169071197509766,70.3125,70.5625,70.125,70.234375,568300
1996-10-28,41.887969970703125,69.84375,70.734375,69.8125,70.375,975400
1996-10-29,42.225303649902344,70.40625,70.578125,69.703125,70.0625,815900
1996-10-30,42.08475112915039,70.171875,70.625,70.09375,70.625,495400
1996-10-31,42.48768997192383,70.84375,70.875,70.1875,70.265625,726300
1996-11-01,42.33774185180664,70.59375,71.15625,70.265625,70.984375,821300
1996-11-04,42.61888122558594,71.0625,71.0625,70.53125,70.6875,1608400
1996-11-05,42.86251449584961,71.46875,71.796875,71.28125,71.296875,764000
1996-11-06,43.687171936035156,72.84375,72.875,71.53125,71.59375,1665000
1996-11-07,43.790260314941406,73.015625,73.296875,72.53125,72.625,1446300
1996-11-08,44.03388977050781,73.421875,73.4375,72.75,73.03125,1355700
1996-11-11,43.98702621459961,73.34375,73.515625,73.21875,73.25,655900
1996-11-12,43.85585403442383,73.125,73.59375,73.015625,73.546875,719900
1996-11-13,44.05262756347656,73.453125,73.5625,73.015625,73.203125,481900
1996-11-14,44.34312438964844,73.9375,73.9375,73.15625,73.1875,558800
1996-11-15,44.39935302734375,74.03125,74.5,73.71875,74.125,2250900
1996-11-18,44.40872573852539,74.046875,74.25,73.734375,74.171875,1518200
1996-11-19,44.727352142333984,74.578125,74.59375,74.03125,74.140625,1029300
1996-11-20,44.80231475830078,74.703125,75.015625,74.3125,74.5625,730000
1996-11-21,44.73670196533203,74.59375,74.84375,74.375,74.796875,653000
1996-11-22,45.08342361450195,75.171875,75.25,74.703125,74.703125,965100
1996-11-25,45.65505599975586,76.125,76.15625,75.078125,75.25,2058800
1996-11-26,45.50511169433594,75.875,76.6875,75.46875,76.28125,2861800
1996-11-27,45.4207763671875,75.734375,76.1875,75.640625,76.0625,872000
1996-11-29,45.58948516845703,76.015625,76.21875,75.859375,76.0,1073400
1996-12-02,45.60818099975586,76.046875,76.125,75.390625,75.921875,1350600
1996-12-03,44.83041000366211,74.75,76.578125,74.75,76.0625,1777800
1996-12-04,44.9522590637207,74.953125,75.0625,74.09375,74.875,2365100
1996-12-05,44.83041000366211,74.75,75.140625,74.53125,74.84375,1697700
1996-12-06,44.56803894042969,74.3125,74.75,72.65625,73.25,3401800
1996-12-09,45.2239990234375,75.40625,75.421875,74.578125,74.6875,1864600
1996-12-10,45.008445739746094,75.046875,75.671875,74.96875,75.5625,1331600
1996-12-11,44.59614181518555,74.359375,74.625,73.3125,73.625,1847900
1996-12-12,43.85585403442383,73.125,74.875,72.9375,74.78125,2540200
1996-12-13,43.96830368041992,73.3125,73.578125,72.40625,73.0625,1678300
1996-12-16,43.40604019165039,72.375,73.6875,72.0625,73.5,1831100
1996-12-17,43.75276565551758,72.953125,73.28125,71.875,72.15625,2023200
1996-12-18,44.09949493408203,73.53125,73.765625,73.265625,73.375,1666800
1996-12-19,45.008445739746094,75.046875,75.125,73.890625,74.1875,2269300
1996-12-20,45.107234954833984,74.84375,75.71875,74.75,75.125,1543200
1996-12-23,44.994224548339844,74.65625,75.203125,74.328125,75.09375,1263700
1996-12-24,45.32380676269531,75.203125,75.203125,74.796875,74.84375,633000
1996-12-26,45.6722412109375,75.78125,75.828125,75.375,75.4375,1384300
1996-12-27,45.72874069213867,75.875,76.03125,75.5,75.78125,410400
1996-12-30,45.33323287963867,75.21875,76.125,75.15625,76.125,694100
1996-12-31,44.504547119140625,73.84375,75.375,73.84375,75.28125,1378100
1997-01-02,44.61754608154297,74.03125,74.375,72.75,74.375,2031900
1997-01-03,45.257904052734375,75.09375,75.125,74.078125,74.375,2123200
1997-01-06,44.86240005493164,74.4375,75.4375,74.3125,75.09375,1374100
1997-01-07,45.408599853515625,75.34375,75.46875,74.125,74.4375,939000
1997-01-08,45.01306915283203,74.6875,75.78125,74.6875,75.75,1802200
1997-01-09,45.389747619628906,75.3125,75.875,74.9375,75.0625,1415700
1997-01-10,45.87940216064453,76.125,76.25,74.25,74.25,2369500
1997-01-13,45.81349563598633,76.015625,76.5,75.640625,76.5,1364600
1997-01-14,46.387943267822266,76.96875,77.390625,76.5,76.6875,2111200
1997-01-15,46.27492904663086,76.78125,77.203125,76.375,76.71875,1583900
1997-01-16,46.46327209472656,77.09375,77.296875,76.5,77.03125,1308400
1997-01-17,46.74578857421875,77.5625,77.75,77.109375,77.203125,1604000
1997-01-20,46.80228042602539,77.65625,78.09375,77.46875,77.75,1889900
1997-01-21,47.178977966308594,78.28125,78.546875,77.109375,77.375,2785800
1997-01-22,47.517967224121094,78.84375,78.84375,77.875,78.3125,1201600
1997-01-23,46.85879135131836,77.75,79.6875,76.90625,79.0625,2601100
1997-01-24,46.256080627441406,76.75,77.90625,76.75,77.875,2176000
1997-01-27,46.12425994873047,76.53125,77.234375,76.375,76.875,2108500
1997-01-28,46.256080627441406,76.75,77.84375,76.0,77.625,4376000
1997-01-29,46.70811080932617,77.5,77.5,76.59375,76.875,1122700
1997-01-30,47.31079864501953,78.5,78.53125,77.40625,77.875,2126300
1997-01-31,47.2542839050293,78.40625,79.40625,78.375,78.9375,3208100
1997-02-03,47.39556884765625,78.640625,78.890625,78.359375,78.71875,755000
1997-02-04,47.68748092651367,79.125,79.203125,78.4375,78.75,654100
1997-02-05,46.79285430908203,77.640625,79.46875,77.125,79.234375,2255400
1997-02-06,47.10364532470703,78.15625,78.203125,77.40625,77.78125,2483100
1997-02-07,47.743980407714844,79.21875,79.25,77.78125,78.8125,2321000
1997-02-10,47.29197311401367,78.46875,79.53125,78.421875,79.25,1670000
1997-02-11,47.83815383911133,79.375,79.375,78.125,78.78125,1664300
1997-02-12,48.516178131103516,80.5,80.640625,79.265625,79.375,2675400
1997-02-13,49.043521881103516,81.375,81.5625,80.6875,80.8125,1104800
1997-02-14,48.93051528930664,81.1875,81.46875,80.90625,81.1875,1112900
1997-02-18,49.344871520996094,81.875,81.9375,80.75,81.34375,833100
1997-02-19,49.015262603759766,81.328125,82.0,81.15625,81.65625,648100
1997-02-20,48.4220085144043,80.34375,81.359375,80.15625,81.03125,1193900
1997-02-21,48.44084167480469,80.375,80.765625,80.140625,80.40625,1844400
1997-02-24,49.015262603759766,81.328125,81.375,79.96875,79.96875,787300
1997-02-25,49.05294418334961,81.390625,81.53125,80.875,81.40625,1653900
1997-02-26,48.57269287109375,80.59375,81.4375,79.625,81.3125,1597800
1997-02-27,47.847537994384766,79.390625,80.8125,79.375,80.8125,1813100
1997-02-28,47.706321716308594,79.15625,79.875,79.0625,79.25,2961200
1997-03-03,48.02647399902344,79.6875,79.75,78.6875,78.75,1210400
1997-03-04,47.762821197509766,79.25,80.125,79.09375,79.90625,1478700
1997-03-05,48.57269287109375,80.59375,80.59375,79.453125,79.71875,1254800
1997-03-06,48.29016876220703,80.125,80.90625,79.875,80.625,1528500
1997-03-07,48.723350524902344,80.84375,81.15625,80.25,80.4375,1859300
1997-03-10,49.23185348510742,81.6875,81.6875,80.546875,80.9375,1074900
1997-03-11,48.96820831298828,81.25,81.796875,81.25,81.75,624600
1997-03-12,48.53502655029297,80.53125,81.34375,80.296875,81.3125,1055600
1997-03-13,47.781654357910156,79.28125,80.46875,79.0625,80.25,2514100
1997-03-14,48.02647399902344,79.6875,80.03125,79.25,79.640625,1642700
1997-03-17,48.158329010009766,79.90625,80.03125,78.4375,79.25,3013500
1997-03-18,47.640384674072266,79.046875,80.109375,78.71875,80.0,1352500
1997-03-19,47.48029708862305,78.78125,79.5,78.0625,78.84375,1510000
1997-03-20,47.2354736328125,78.375,79.0,77.875,78.75,1808200
1997-03-21,47.45417022705078,78.4375,78.75,78.34375,78.6875,2810600
1997-03-24,48.115901947021484,79.53125,79.578125,78.09375,78.5,2145600
1997-03-25,47.64321517944336,78.75,79.96875,78.53125,79.34375,2125800
1997-03-26,47.85120391845703,79.09375,79.65625,78.6875,79.0625,1335300
1997-03-27,46.58449172973633,77.0,79.375,76.15625,79.375,2898500
1997-03-31,45.60137939453125,75.375,77.125,75.25,76.90625,4270700
1997-04-01,45.894432067871094,75.859375,76.1875,75.046875,75.25,3210900
1997-04-02,45.07200622558594,74.5,75.9375,74.4375,75.625,2672700
1997-04-03,45.31779479980469,74.90625,75.125,74.1875,74.4375,2284200
1997-04-04,45.88495635986328,75.84375,75.859375,74.15625,74.5,3706700
1997-04-07,46.064571380615234,76.140625,76.625,76.140625,76.1875,2596200
1997-04-08,46.395450592041016,76.6875,76.78125,75.84375,76.125,1822700
1997-04-09,46.01730728149414,76.0625,77.046875,75.84375,77.0,2453200
1997-04-10,45.84715270996094,75.78125,76.546875,75.6875,76.09375,1996500
1997-04-11,44.39139938354492,73.375,75.3125,73.375,75.0625,4221600
1997-04-14,44.98691177368164,74.359375,74.453125,73.3125,73.734375,3988500
1997-04-15,45.75263595581055,75.625,75.640625,74.5,75.25,2760400
1997-04-16,46.282005310058594,76.5,76.609375,75.25,75.375,2273300
1997-04-17,46.092933654785156,76.1875,77.0,76.0,76.5,1386000
1997-04-18,46.31980514526367,76.5625,76.984375,76.25,76.8125,1702100
1997-04-21,46.01730728149414,76.0625,76.90625,75.46875,76.75,2809400
1997-04-22,47.028778076171875,77.734375,77.734375,76.0,76.109375,3215000
1997-04-23,47.07603454589844,77.8125,78.03125,77.1875,77.65625,2047700
1997-04-24,46.83971405029297,77.421875,78.28125,76.875,78.046875,2689900
1997-04-25,46.300907135009766,76.53125,77.203125,76.421875,77.0625,1606200
1997-04-28,46.754669189453125,77.28125,77.8125,76.375,76.5,1666500
1997-04-29,48.229312896728516,79.71875,79.78125,78.296875,78.59375,3197400
1997-04-30,48.4561882019043,80.09375,80.6875,79.21875,79.25,3372200
1997-05-01,48.399452209472656,80.0,80.53125,79.3125,80.21875,2149500
1997-05-02,49.26914978027344,81.4375,81.671875,80.0625,80.28125,1448300
1997-05-05,50.44136047363281,83.375,83.5625,81.296875,81.65625,3636200
1997-05-06,50.40351486206055,83.3125,83.46875,82.5,82.96875,1721100
1997-05-07,49.306968688964844,81.5,83.0,81.40625,83.0,2327200
1997-05-08,49.64726638793945,82.0625,83.21875,81.1875,81.3125,2923700
1997-05-09,49.98759841918945,82.625,83.125,81.65625,82.96875,2558200
1997-05-12,50.819419860839844,84.0,84.25,82.875,82.9375,2357900
1997-05-13,50.61149597167969,83.65625,84.09375,83.015625,83.9375,1195100
1997-05-14,50.70600128173828,83.8125,84.5,83.4375,84.234375,2772000
1997-05-15,51.04631805419922,84.375,84.59375,83.515625,83.8125,884100
1997-05-16,50.34678649902344,83.21875,84.3125,83.0,84.125,1934200
1997-05-19,50.498046875,83.46875,83.90625,83.0625,83.3125,1375800
1997-05-20,51.10305404663086,84.46875,84.6875,82.75,83.28125,1756400
1997-05-21,50.98960876464844,84.28125,84.984375,83.65625,84.6875,1208000
1997-05-22,50.819419860839844,84.0,84.46875,83.5625,84.375,907600
1997-05-23,51.29209518432617,84.78125,85.21875,84.15625,84.375,644400
1997-05-27,51.50004959106445,85.125,85.53125,84.265625,84.375,1531000
1997-05-28,51.490604400634766,85.109375,85.453125,84.515625,85.125,716700
1997-05-29,51.1881217956543,84.609375,85.25,84.5,85.09375,1282700
1997-05-30,51.518959045410156,85.15625,85.5625,83.125,83.21875,2143300
1997-06-02,51.29209518432617,84.78125,85.5,84.71875,85.34375,1479100
1997-06-03,51.12197494506836,84.5,85.4375,84.34375,84.40625,1562100
1997-06-04,51.06521987915039,84.40625,84.75,84.078125,84.53125,1063100
1997-06-05,51.25429916381836,84.71875,85.3125,84.421875,84.59375,1180800
1997-06-06,52.25630187988281,86.375,86.4375,84.59375,84.59375,1511100
1997-06-09,52.52099609375,86.8125,86.875,86.34375,86.4375,1823400
1997-06-10,52.68167495727539,87.078125,87.40625,86.5,86.84375,1217500
1997-06-11,52.80458450317383,87.28125,87.40625,86.828125,87.0,1673800
1997-06-12,53.82551574707031,88.96875,89.0,87.5625,87.875,4273300
1997-06-13,54.27922821044922,89.71875,90.0,88.90625,89.0625,2132900
1997-06-16,54.29815673828125,89.75,90.0,89.46875,89.75,800400
1997-06-17,54.22252655029297,89.625,90.234375,88.9375,89.4375,2048100
1997-06-18,54.03347396850586,89.3125,89.625,88.96875,89.125,1971900
1997-06-19,54.591190338134766,90.234375,90.5,89.375,89.609375,2029900
1997-06-20,54.40520477294922,89.578125,90.34375,89.5,89.9375,1396900
1997-06-23,53.086090087890625,87.40625,89.90625,87.34375,89.40625,3991500
1997-06-24,54.433658599853516,89.625,89.875,88.0,88.25,4895100
1997-06-25,54.054080963134766,89.0,90.25,87.9375,89.484375,4708900
1997-06-26,53.78834915161133,88.5625,89.625,87.6875,88.84375,2569900
1997-06-27,53.99712371826172,88.90625,89.71875,88.6875,88.96875,2617900
1997-06-30,53.63652801513672,88.3125,89.46875,87.875,88.90625,2384900
1997-07-01,54.26283264160156,89.34375,89.5625,88.390625,88.5,1749000
1997-07-02,55.154903411865234,90.8125,90.8125,89.21875,89.5625,1961800
1997-07-03,55.9140625,92.0625,92.15625,91.46875,91.875,2539100
1997-07-07,55.34469985961914,91.125,92.5,90.90625,92.375,1158600
1997-07-08,55.92354202270508,92.078125,92.1875,91.1875,91.25,3396500
1997-07-09,55.30673599243164,91.0625,92.375,90.03125,92.3125,5390300
1997-07-10,55.553466796875,91.46875,91.84375,90.484375,91.125,2072200
1997-07-11,55.74326705932617,91.78125,92.1875,91.375,91.59375,2258900
1997-07-14,55.9140625,92.0625,92.3125,91.21875,91.890625,3186400
1997-07-15,56.198760986328125,92.53125,92.765625,91.46875,92.3125,2983100
1997-07-16,56.938995361328125,93.75,94.09375,92.890625,93.125,2621300
1997-07-17,56.654319763183594,93.28125,93.8125,92.78125,93.625,1794800
1997-07-18,55.449066162109375,91.296875,93.21875,91.0625,93.015625,3961900
1997-07-21,55.45860290527344,91.3125,91.59375,90.6875,91.28125,3810300
1997-07-22,56.92950439453125,93.734375,93.796875,91.625,91.6875,4243400
1997-07-23,56.88205337524414,93.65625,94.484375,93.53125,93.9375,3204300
1997-07-24,57.14777374267578,94.09375,94.265625,92.6875,93.9375,4152700
1997-07-25,57.10978317260742,94.03125,94.8125,93.625,94.5625,2364800
1997-07-28,57.07184982299805,93.96875,94.5625,93.5,94.25,2794700
1997-07-29,57.26164245605469,94.28125,94.46875,93.421875,93.625,2737100
1997-07-30,57.944881439208984,95.40625,95.625,94.40625,94.5,4839800
1997-07-31,57.887962341308594,95.3125,96.03125,95.03125,95.40625,2138700
1997-08-01,57.66019821166992,94.9375,95.71875,93.8125,95.5,7077700
1997-08-04,57.81204605102539,95.1875,95.546875,94.40625,94.78125,2339500
1997-08-05,57.85002899169922,95.25,95.6875,94.90625,95.09375,1466700
1997-08-06,58.32448196411133,96.03125,96.53125,95.0625,95.4375,2478200
1997-08-07,57.887962341308594,95.3125,96.625,95.125,96.5,3641900
1997-08-08,56.711265563964844,93.375,94.75,92.40625,94.3125,7113100
1997-08-11,57.12879180908203,94.0625,94.28125,92.625,93.75,6355900
1997-08-12,56.21774673461914,92.5625,94.546875,92.46875,94.21875,6132500
1997-08-13,56.04690933227539,92.28125,93.84375,91.46875,93.6875,6982300
1997-08-14,56.25571060180664,92.625,93.3125,91.71875,93.09375,3462700
1997-08-15,54.52859115600586,89.78125,92.125,89.625,92.125,4907100
1997-08-18,55.74326705932617,91.78125,91.78125,89.34375,90.375,5638900
1997-08-19,56.38858413696289,92.84375,92.90625,91.53125,92.21875,3802800
1997-08-20,57.24265670776367,94.25,94.3125,92.609375,92.9375,3564600
1997-08-21,56.23672103881836,92.59375,94.25,92.09375,94.125,5392600
1997-08-22,56.21774673461914,92.5625,92.734375,90.5625,91.0,8087800
1997-08-25,56.00897216796875,92.21875,93.40625,91.84375,92.78125,3888000
1997-08-26,55.1833610534668,90.859375,92.5625,90.703125,92.0,4290000
1997-08-27,55.5155029296875,91.40625,91.96875,90.40625,91.0,5484300
1997-08-28,54.67089080810547,90.015625,91.9375,90.0,91.1875,4287900
1997-08-29,54.88921356201172,90.375,91.109375,89.71875,90.125,2652300
1997-09-02,56.673255920410156,93.3125,93.359375,90.59375,90.6875,7294000
1997-09-03,56.369590759277344,92.8125,94.0,92.75,93.296875,2812500
1997-09-04,56.73020935058594,93.40625,93.71875,92.75,93.0625,2473700
1997-09-05,56.56890106201172,93.140625,94.4375,92.59375,93.96875,3663300
1997-09-08,56.81562042236328,93.546875,94.0,93.3125,93.71875,803500
1997-09-09,56.84410095214844,93.59375,94.28125,92.90625,93.21875,1885200
1997-09-10,55.6673469543457,91.65625,93.5,91.65625,93.125,3623700
1997-09-11,55.38267517089844,91.1875,91.90625,90.25,91.78125,7055900
1997-09-12,56.27470016479492,92.65625,92.96875,90.9375,92.0,6708000
1997-09-15,56.179805755615234,92.5,93.3125,92.1875,92.65625,2060500
1997-09-16,57.58427810668945,94.8125,95.28125,93.03125,93.3125,6979000
1997-09-17,57.58427810668945,94.8125,95.5,94.5,95.375,2220000
1997-09-18,57.83103561401367,95.21875,96.375,94.96875,95.0,5045400
1997-09-19,57.92885971069336,95.03125,95.359375,94.40625,94.65625,1566400
1997-09-22,58.25270080566406,95.5625,96.203125,95.21875,95.5,3259000
1997-09-23,57.98599624633789,95.125,95.703125,94.75,95.5625,1872800
1997-09-24,57.50978088378906,94.34375,96.109375,94.28125,95.375,2793100
1997-09-25,57.109710693359375,93.6875,94.75,93.625,94.25,6327800
1997-09-26,57.58595657348633,94.46875,94.8125,94.1875,94.4375,3995800
1997-09-29,58.13841247558594,95.375,95.5625,94.15625,94.5,2065000
1997-09-30,57.52880859375,94.375,95.6875,94.375,95.0,4137600
1997-10-01,58.290771484375,95.625,95.8125,94.78125,95.25,3567500
1997-10-02,58.61465072631836,96.15625,96.1875,95.3125,95.53125,2577500
1997-10-03,58.90989685058594,96.640625,97.75,95.34375,97.46875,6499900
1997-10-06,59.3004264831543,97.28125,97.609375,96.90625,97.3125,2272100
1997-10-07,59.85286331176758,98.1875,98.5,97.203125,97.53125,1832800
1997-10-08,59.43376541137695,97.5,98.375,96.734375,98.359375,4439400
1997-10-09,59.224205017089844,97.15625,97.609375,96.21875,96.78125,3607600
1997-10-10,59.05274200439453,96.875,96.984375,96.25,96.3125,2858100
1997-10-13,59.10988998413086,96.96875,97.546875,96.71875,97.34375,1760300
1997-10-14,59.12898254394531,97.0,97.5,96.1875,97.46875,2235700
1997-10-15,58.9956169128418,96.78125,97.0625,96.28125,96.3125,2601700
1997-10-16,58.062217712402344,95.25,97.5,95.0,97.3125,9488100
1997-10-17,57.47170639038086,94.28125,95.375,93.0,95.015625,8151300
1997-10-20,58.290771484375,95.625,95.75,94.15625,94.84375,3636400
1997-10-21,59.42424774169922,97.484375,97.5,96.03125,96.21875,5225400
1997-10-22,59.0337028503418,96.84375,97.390625,96.53125,97.34375,4485200
1997-10-23,57.8717155456543,94.9375,95.75,94.28125,94.9375,8054100
1997-10-24,57.300235748291016,94.0,96.15625,93.671875,96.15625,6778700
1997-10-27,53.14750671386719,87.1875,93.9375,86.84375,93.015625,10840700
1997-10-28,56.214420318603516,92.21875,92.875,84.375,84.375,19548000
1997-10-29,56.062034606933594,91.96875,93.75,91.28125,92.5,10134400
1997-10-30,54.823822021484375,89.9375,92.5625,89.75,90.625,9772900
1997-10-31,56.11915588378906,92.0625,92.5,90.4375,91.8125,7072700
1997-11-03,57.300235748291016,94.0,94.375,92.875,93.1875,5548500
1997-11-04,57.300235748291016,94.0,94.4375,93.28125,93.875,3455700
1997-11-05,57.49074935913086,94.3125,95.28125,93.84375,94.1875,4774900
1997-11-06,57.27164840698242,93.953125,94.34375,93.5,94.03125,3679800
1997-11-07,56.652591705322266,92.9375,93.25,91.4375,92.375,10606800
1997-11-10,56.309688568115234,92.375,93.84375,92.0,93.625,4347900
1997-11-11,56.328765869140625,92.40625,93.0625,92.03125,92.6875,3212400
1997-11-12,55.16671371459961,90.5,92.71875,90.375,91.625,6775300
1997-11-13,55.966796875,91.8125,92.15625,90.09375,91.46875,8589600
1997-11-14,56.728763580322266,93.0625,93.390625,91.609375,92.3125,5827900
1997-11-17,57.776451110839844,94.78125,95.3125,94.03125,94.375,5149900
1997-11-18,57.41453170776367,94.1875,95.09375,93.890625,94.8125,3433600
1997-11-19,57.70026397705078,94.65625,95.0625,92.75,93.6875,4387900
1997-11-20,58.576568603515625,96.09375,96.53125,95.28125,95.3125,4822700
1997-11-21,58.976585388183594,96.75,96.8125,95.65625,96.625,5436500
1997-11-24,57.90980529785156,95.0,96.34375,94.625,96.0,4337200
1997-11-25,58.062217712402344,95.25,95.8125,94.65625,95.625,4525000
1997-11-26,58.23362350463867,95.53125,95.984375,95.3125,95.875,2681100
1997-11-28,58.290771484375,95.625,96.25,95.59375,95.75,1564700
1997-12-01,59.79567337036133,98.09375,98.09375,96.03125,96.21875,4850900
1997-12-02,59.43376541137695,97.5,97.984375,97.25,97.6875,1974900
1997-12-03,59.60519027709961,97.78125,98.53125,96.875,97.625,3302500
1997-12-04,59.548057556152344,97.6875,98.71875,97.375,98.5,2872500
1997-12-05,60.30999755859375,98.9375,99.0,97.125,97.375,3458800
1997-12-08,60.13860321044922,98.65625,99.0,98.25,98.96875,2289200
1997-12-09,59.776641845703125,98.0625,98.59375,97.625,98.21875,1703000
1997-12-10,59.26231384277344,97.21875,97.84375,96.46875,97.5625,3558400
1997-12-11,58.25270080566406,95.5625,96.59375,95.3125,96.3125,5072800
1997-12-12,58.36698532104492,95.75,96.5,94.90625,96.4375,4478400
1997-12-15,58.95753479003906,96.71875,97.109375,95.875,96.25,4674700
1997-12-16,59.3194580078125,97.3125,97.8125,96.875,97.21875,2885800
1997-12-17,59.01467514038086,96.8125,97.875,96.703125,97.84375,2236300
1997-12-18,58.443199157714844,95.875,96.9375,95.21875,96.9375,4658300
1997-12-19,58.006370544433594,94.78125,95.875,92.375,94.53125,8556000
1997-12-22,58.37929916381836,95.390625,95.90625,94.5625,95.4375,5136800
1997-12-23,57.33696365356445,93.6875,95.625,93.53125,95.4375,4436500
1997-12-24,57.164894104003906,93.40625,94.4375,93.25,94.4375,2019200
1997-12-26,57.39436340332031,93.78125,94.125,93.40625,94.125,941800
1997-12-29,58.5227165222168,95.625,95.71875,94.4375,94.59375,2080000
1997-12-30,59.44077682495117,97.125,97.25,95.84375,95.9375,3616000
1997-12-31,59.40248489379883,97.0625,97.625,96.6875,96.875,4359500
1998-01-02,59.708499908447266,97.5625,97.65625,96.53125,97.3125,2360900
1998-01-05,59.84237289428711,97.78125,98.4375,96.78125,97.84375,4191800
1998-01-06,58.886112213134766,96.21875,97.28125,96.1875,97.25,3154900
1998-01-07,59.03914260864258,96.46875,96.71875,95.21875,96.09375,4424200
1998-01-08,58.5227165222168,95.625,96.3125,95.375,96.3125,3831000
1998-01-09,56.49549102783203,92.3125,95.5,91.90625,95.25,10258800
1998-01-12,57.52824783325195,94.0,94.1875,90.90625,91.125,12097900
1998-01-13,58.33151626586914,95.3125,95.375,94.21875,94.625,5224900
1998-01-14,58.59925842285156,95.75,95.96875,94.71875,95.6875,3770400
1998-01-15,58.111534118652344,94.953125,95.75,94.8125,95.5,2875400
1998-01-16,58.943504333496094,96.3125,96.6875,95.65625,96.25,4374800
1998-01-20,59.89976119995117,97.875,98.015625,96.5,96.6875,5091700
1998-01-21,59.32599639892578,96.9375,97.6875,96.15625,97.21875,4699400
1998-01-22,58.800048828125,96.078125,96.875,95.875,96.15625,4543400
1998-01-23,58.7139778137207,95.9375,96.78125,95.0,96.5,6350300
1998-01-26,58.675777435302734,95.875,96.734375,95.40625,96.375,4362900
1998-01-27,59.26866149902344,96.84375,97.5,95.65625,95.8125,7044200
1998-01-28,59.80409240722656,97.71875,98.109375,97.1875,97.40625,4268600
1998-01-29,60.12928771972656,98.25,99.5625,97.5625,97.84375,8007700
1998-01-30,60.16754150390625,98.3125,98.96875,98.0,98.78125,3649100
1998-02-02,61.16203689575195,99.9375,100.5,99.75,99.90625,5756300
1998-02-03,61.62103271484375,100.6875,100.8125,99.71875,100.0,2759600
1998-02-04,61.544551849365234,100.5625,101.15625,99.9375,100.28125,3374000
1998-02-05,61.50627899169922,100.5,101.59375,100.03125,101.3125,5076200
1998-02-06,62.194759368896484,101.625,101.625,100.6875,101.0,5701200
1998-02-09,61.98435974121094,101.28125,101.75,100.71875,101.71875,2322200
1998-02-10,62.57728576660156,102.25,102.46875,101.1875,101.4375,3660400
1998-02-11,62.5199089050293,102.15625,102.34375,101.703125,102.09375,4073200
1998-02-12,62.78763198852539,102.59375,102.9375,100.875,101.71875,5024700
1998-02-13,62.424259185791016,102.0,102.515625,101.875,102.1875,2101300
1998-02-17,62.730247497558594,102.5,103.09375,102.15625,102.8125,3055500
1998-02-18,63.30402374267578,103.4375,103.484375,102.28125,102.3125,3007400
1998-02-19,62.969356536865234,102.890625,103.40625,102.75,103.25,3387800
1998-02-20,63.43790054321289,103.65625,103.71875,102.375,103.15625,3707000
1998-02-23,63.686553955078125,104.0625,104.25,103.34375,104.25,3227800
1998-02-24,63.18927001953125,103.25,104.09375,102.9375,103.90625,3386800
1998-02-25,63.973384857177734,104.53125,104.875,103.625,103.75,3481800
1998-02-26,64.33680725097656,105.125,105.21875,104.1875,104.4375,3187600
1998-02-27,64.33680725097656,105.125,105.53125,104.53125,104.96875,3442900
1998-03-02,64.20289611816406,104.90625,105.75,104.625,105.25,4252300
1998-03-03,64.56625366210938,105.5,105.625,104.53125,104.53125,3349200
1998-03-04,64.14551544189453,104.8125,105.40625,104.4375,105.09375,4404100
1998-03-05,63.55263137817383,103.84375,104.4375,103.15625,103.5,7268000
1998-03-06,64.83403778076172,105.9375,105.9375,104.4375,104.5625,6896300
1998-03-09,64.60448455810547,105.5625,106.21875,105.25,105.53125,3362800
1998-03-10,65.21651458740234,106.5625,106.84375,105.9375,106.21875,5481900
1998-03-11,65.52253723144531,107.0625,107.3125,106.78125,106.96875,3439600
1998-03-12,65.790283203125,107.5,107.59375,106.5,107.09375,3191300
1998-03-13,65.54166412353516,107.09375,108.0,106.875,107.84375,2879400
1998-03-16,66.24925231933594,108.25,108.375,107.53125,107.84375,3223600
1998-03-17,66.44055938720703,108.5625,108.5625,107.65625,108.3125,4581900
1998-03-18,66.68911743164062,108.96875,108.96875,108.03125,108.25,1944100
1998-03-19,66.86128234863281,109.25,109.375,108.65625,108.96875,2554800
1998-03-20,67.43701934814453,109.875,110.1875,108.875,109.5625,3123300
1998-03-23,67.28355407714844,109.625,110.3125,109.40625,109.71875,4453100
1998-03-24,67.85894775390625,110.5625,110.8125,109.9375,110.0625,3333600
1998-03-25,67.60964965820312,110.15625,111.53125,109.1875,111.40625,4597600
1998-03-26,67.57128143310547,110.09375,110.75,109.625,109.875,3333500
1998-03-27,67.28355407714844,109.625,110.78125,109.0,110.75,2611300
1998-03-30,67.24517059326172,109.5625,110.09375,108.96875,109.625,3108700
1998-03-31,67.47532653808594,109.9375,111.1875,109.75,110.15625,5926500
1998-04-01,68.02196502685547,110.828125,111.078125,109.40625,110.3125,2929000
1998-04-02,68.76040649414062,112.03125,112.25,110.75,110.9375,3920900
1998-04-03,69.10564422607422,112.59375,112.8125,111.84375,112.34375,3787600
1998-04-06,68.54945373535156,111.6875,113.375,111.6875,113.25,4550500
1998-04-07,68.089111328125,110.9375,111.9375,110.15625,111.75,5583700
1998-04-08,67.70552062988281,110.3125,111.28125,109.75,111.21875,4854800
1998-04-09,68.24256896972656,111.1875,111.28125,110.53125,110.5625,4481200
1998-04-13,68.05077362060547,110.875,111.375,110.0,111.375,4350200
1998-04-14,68.62616729736328,111.8125,111.8125,110.90625,111.125,3279100
1998-04-15,68.81793975830078,112.125,112.125,111.15625,111.96875,3867200
1998-04-16,68.01238250732422,110.8125,111.5,110.5,111.3125,7177900
1998-04-17,68.91385650634766,112.28125,112.4375,110.4375,110.71875,5688800
1998-04-20,68.89468383789062,112.25,112.5625,111.875,112.0,3688300
1998-04-21,69.22074890136719,112.78125,113.15625,111.90625,112.4375,4573200
1998-04-22,69.41254425048828,113.09375,113.4375,112.8125,112.875,2386100
1998-04-23,68.74125671386719,112.0,113.0,111.75,112.625,5062000
1998-04-24,68.01238250732422,110.8125,112.46875,110.34375,111.75,11039700
1998-04-27,66.72734069824219,108.71875,109.6875,107.625,109.375,14510200
1998-04-28,66.63143920898438,108.5625,109.8125,108.125,109.78125,6511400
1998-04-29,67.09175109863281,109.3125,109.96875,108.4375,109.03125,7703100
1998-04-30,68.33844757080078,111.34375,111.921875,110.40625,110.5625,8684500
1998-05-01,69.10564422607422,112.59375,112.59375,111.3125,111.75,4008800
1998-05-04,68.93302154541016,112.3125,113.3125,112.15625,112.71875,4537200
1998-05-05,68.45355224609375,111.53125,112.15625,111.125,112.0,5146400
1998-05-06,67.64794921875,110.21875,112.125,110.1875,112.125,5526100
1998-05-07,67.11092376708984,109.34375,110.5625,109.34375,110.5,6940400
1998-05-08,68.20421600341797,111.125,111.375,110.0,110.0,7951000
1998-05-11,67.9740219116211,110.75,112.21875,110.375,111.5625,6336300
1998-05-12,68.70288848876953,111.9375,111.96875,110.34375,110.8125,6045200
1998-05-13,68.87550354003906,112.21875,112.5625,111.59375,112.0625,4441500
1998-05-14,68.53023529052734,111.65625,112.6875,111.34375,111.53125,4187500
1998-05-15,68.14665222167969,111.03125,112.21875,110.8125,112.0,6716100
1998-05-18,67.87814331054688,110.59375,111.59375,109.828125,110.71875,4847200
1998-05-19,68.33844757080078,111.34375,111.6875,110.78125,111.0,5918700
1998-05-20,68.9906005859375,112.40625,112.5,110.875,112.09375,5716600
1998-05-21,68.54945373535156,111.6875,112.78125,111.3125,112.375,6301500
1998-05-22,68.28089904785156,111.25,112.0625,110.9375,111.75,4862200
1998-05-26,67.18767547607422,109.46875,112.09375,109.1875,112.09375,6899300
1998-05-27,67.28355407714844,109.625,109.90625,107.578125,108.53125,10202600
1998-05-28,67.5904541015625,110.125,110.375,109.0625,109.875,4907600
1998-05-29,66.9191665649414,109.03125,110.8125,109.03125,110.625,4772600
1998-06-01,67.22604370117188,109.53125,110.21875,108.5625,108.96875,6092200
1998-06-02,67.28355407714844,109.625,110.34375,109.15625,110.0,6701100
1998-06-03,66.20945739746094,107.875,110.1875,107.875,109.875,6445100
1998-06-04,67.43701934814453,109.875,110.0625,108.0625,108.25,6566300
1998-06-05,68.74125671386719,112.0,112.0,109.875,110.375,8463200
1998-06-08,68.66452026367188,111.875,112.46875,111.65625,111.9375,4159900
1998-06-09,68.87550354003906,112.21875,112.421875,111.40625,111.71875,2725300
1998-06-10,68.43437957763672,111.5,113.0625,111.25,111.625,6186900
1998-06-11,67.14929962158203,109.40625,111.875,109.375,111.4375,8056600
1998-06-12,67.78223419189453,110.4375,110.4375,108.25,109.875,9779000
1998-06-15,65.99848937988281,107.53125,109.90625,107.5,108.8125,10234200
1998-06-16,67.0150375366211,109.1875,109.21875,107.75,108.40625,7471500
1998-06-17,68.41517639160156,111.46875,111.78125,109.9375,110.15625,12057700
1998-06-18,68.1082992553711,110.96875,111.4375,110.75,111.1875,3844600
1998-06-19,67.76704406738281,110.0625,111.234375,109.625,111.0625,3549100
1998-06-22,68.09414672851562,110.59375,111.0625,110.0625,110.25,5438300
1998-06-23,68.90226745605469,111.90625,112.0625,111.0,111.09375,5004600
1998-06-24,69.82583618164062,113.40625,113.6875,111.609375,112.15625,8291900
1998-06-25,69.71039581298828,113.21875,114.4375,112.8125,113.90625,5854800
1998-06-26,69.99899291992188,113.6875,113.84375,113.125,113.3125,4833100
1998-06-29,70.2491455078125,114.09375,114.6875,113.796875,114.25,5953400
1998-06-30,69.7680892944336,113.3125,114.1875,113.0625,113.90625,4284800
1998-07-01,70.57622528076172,114.625,114.9375,113.625,114.0625,3489500
1998-07-02,70.71089172363281,114.84375,114.875,114.25,114.71875,3503900
1998-07-06,71.42286682128906,116.0,116.0,114.5625,114.78125,3144400
1998-07-07,71.28816986083984,115.78125,116.125,115.28125,115.984375,4920700
1998-07-08,71.80766296386719,116.625,116.9375,115.75,115.875,6875000
1998-07-09,71.32664489746094,115.84375,116.71875,115.625,116.28125,6942500
1998-07-10,71.71145629882812,116.46875,116.9375,115.0625,116.03125,7849700
1998-07-13,71.730712890625,116.5,116.84375,116.0625,116.5625,6555100
1998-07-14,72.53880310058594,117.8125,118.15625,116.9375,116.9375,6983600
1998-07-15,72.40415954589844,117.59375,118.28125,117.53125,118.0625,4977500
1998-07-16,72.90437316894531,118.40625,118.59375,117.0625,117.6875,6315600
1998-07-17,73.00062561035156,118.5625,119.0,118.3125,118.625,3539500
1998-07-20,73.00062561035156,118.5625,119.234375,117.9375,118.75,2338400
1998-07-21,71.730712890625,116.5,119.0,116.28125,119.0,5518600
1998-07-22,71.730712890625,116.5,116.984375,115.53125,116.34375,10417300
1998-07-23,70.306884765625,114.1875,116.59375,113.90625,116.3125,15110900
1998-07-24,70.2491455078125,114.09375,115.09375,112.875,114.96875,11540500
1998-07-27,70.74940490722656,114.90625,115.0,112.84375,113.625,9600000
1998-07-28,69.55648803710938,112.96875,114.65625,111.875,114.4375,13693000
1998-07-29,69.2870864868164,112.53125,114.125,112.25,113.71875,7462400
1998-07-30,70.32609558105469,114.21875,114.59375,113.40625,113.625,6821600
1998-07-31,68.82530212402344,111.78125,114.5,111.3125,114.34375,7680500
1998-08-03,68.53666687011719,111.3125,112.421875,111.03125,111.78125,10486500
1998-08-04,65.88141632080078,107.0,112.21875,107.0,112.21875,15091600
1998-08-05,66.78571319580078,108.46875,108.875,105.59375,107.9375,21718400
1998-08-06,67.07437133789062,108.9375,109.5,107.5625,108.125,13084400
1998-08-07,67.18985748291016,109.125,110.59375,108.46875,109.6875,12083800
1998-08-10,66.80497741699219,108.5,109.65625,108.1875,108.75,6273000
1998-08-11,65.80442810058594,106.875,107.4375,105.5,106.78125,14287100
1998-08-12,66.92045593261719,108.6875,108.875,107.5,107.75,11158400
1998-08-13,66.11231994628906,107.375,109.65625,107.375,108.8125,9073900
1998-08-14,65.3426742553711,106.125,108.71875,105.78125,108.34375,8628500
1998-08-17,66.72801208496094,108.375,108.9375,105.5,106.0,11290000
1998-08-18,67.95950317382812,110.375,110.59375,108.78125,109.0,7603900
1998-08-19,67.78630065917969,110.09375,111.09375,109.625,111.09375,6258600
1998-08-20,67.38218688964844,109.4375,110.40625,109.15625,109.6875,7402800
1998-08-21,66.8434829711914,108.5625,108.71875,105.5,108.1875,16685400
1998-08-24,67.26678466796875,109.25,109.9375,108.3125,109.25,7201700
1998-08-25,67.42069244384766,109.5,111.25,108.640625,110.375,9688300
1998-08-26,67.03587341308594,108.875,109.625,107.75,108.28125,9339700
1998-08-27,63.88031005859375,103.75,107.5625,103.46875,107.0,24887800
1998-08-28,63.649452209472656,103.375,105.71875,102.15625,104.96875,23735900
1998-08-31,59.10855484008789,96.0,104.015625,95.0,103.75,22563100
1998-09-01,61.60988235473633,100.0625,100.5625,93.625,96.0625,24748500
1998-09-02,61.16737747192383,99.34375,101.75,98.78125,99.8125,13843200
1998-09-03,60.68632888793945,98.5625,99.375,96.75,97.625,17311300
1998-09-04,60.186100006103516,97.75,99.8125,95.75,99.4375,17783800
1998-09-08,63.41855239868164,103.0,103.0,99.8125,100.875,14746500
1998-09-09,61.879302978515625,100.5,103.125,100.4375,102.75,12109700
1998-09-10,60.64784622192383,98.5,99.34375,96.8125,98.4375,19889300
1998-09-11,62.61042022705078,101.6875,101.6875,97.0,98.1875,20379800
1998-09-14,63.68797302246094,103.4375,104.453125,102.09375,102.875,10686800
1998-09-15,64.07276153564453,104.0625,104.3125,102.28125,102.875,8337900
1998-09-16,64.64994812011719,105.0,105.25,103.15625,104.75,11024900
1998-09-17,62.802860260009766,102.0,103.03125,101.78125,102.25,12945200
1998-09-18,63.082542419433594,102.09375,102.40625,101.09375,102.375,7019200
1998-09-21,63.0439567565918,102.03125,103.40625,98.9375,99.625,8834600
1998-09-22,63.56531524658203,102.875,103.65625,102.15625,103.5,7270100
1998-09-23,66.11410522460938,107.0,107.0,103.78125,103.875,13688500
1998-09-24,64.49217224121094,104.375,106.8125,103.25,106.3125,11129500
1998-09-25,64.4149398803711,104.25,105.421875,102.625,103.125,10247400
1998-09-28,64.99415588378906,105.1875,106.3125,104.25,105.3125,8847800
1998-09-29,64.83973693847656,104.9375,105.9375,103.375,105.375,10618100
1998-09-30,62.87019729614258,101.75,104.3125,101.375,103.5,7908400
1998-10-01,61.055137634277344,98.8125,101.546875,98.09375,100.03125,13335600
1998-10-02,62.23300552368164,100.71875,100.875,97.21875,98.875,14351800
1998-10-05,60.97791290283203,98.6875,99.96875,96.34375,99.59375,12807200
1998-10-06,60.919952392578125,98.59375,101.28125,97.53125,100.75,12621000
1998-10-07,60.012451171875,97.125,100.03125,95.75,98.625,14348500
1998-10-08,59.68418502807617,96.59375,96.75,92.21875,94.5625,20625000
1998-10-09,60.88135528564453,98.53125,98.78125,94.0625,97.0,12708500
1998-10-12,61.769561767578125,99.96875,101.4375,99.6875,100.625,9508500
1998-10-13,61.55715560913086,99.625,100.40625,98.75,99.5625,6256800
1998-10-14,62.13644790649414,100.5625,101.8125,98.84375,98.9375,8176900
1998-10-15,65.47689819335938,105.96875,107.25,99.9375,100.125,20541100
1998-10-16,65.49618530273438,106.0,106.75,105.0,106.125,16573900
1998-10-19,65.72791290283203,106.375,106.8125,105.5,105.6875,7915900
1998-10-20,66.11410522460938,107.0,108.796875,106.09375,107.5625,14611600
1998-10-21,65.88243103027344,106.625,107.625,105.875,106.875,9178400
1998-10-22,66.86713409423828,108.21875,108.46875,106.15625,106.78125,8277500
1998-10-23,66.01754760742188,106.84375,108.0,106.78125,107.96875,6237200
1998-10-26,66.50030517578125,107.625,108.46875,106.78125,107.71875,5838600
1998-10-27,66.11410522460938,107.0,108.96875,106.28125,108.4375,10089700
1998-10-28,65.99824523925781,106.8125,107.53125,106.03125,106.5625,5650600
1998-10-29,67.60089874267578,109.40625,109.4375,106.625,107.09375,9625600
1998-10-30,67.96776580810547,110.0,110.90625,109.5,110.125,9872800
1998-11-02,69.1263198852539,111.875,111.875,110.1875,110.8125,6501400
1998-11-03,68.6242904663086,111.0625,111.8125,110.75,111.59375,6866000
1998-11-04,69.35801696777344,112.25,113.09375,111.09375,112.46875,8233600
1998-11-05,70.30415344238281,113.78125,113.9375,111.125,111.53125,6841500
1998-11-06,70.51659393310547,114.125,114.5625,113.3125,113.46875,5224800
1998-11-09,70.01453399658203,113.3125,114.25,112.5,113.9375,6188700
1998-11-10,69.82140350341797,113.0,113.9375,112.25,113.0,14015200
1998-11-11,69.35801696777344,112.25,114.0,111.890625,113.8125,10922400
1998-11-12,69.28077697753906,112.125,113.125,111.6875,112.3125,5457400
1998-11-13,69.95662689208984,113.21875,113.21875,112.125,112.21875,5524600
1998-11-16,70.47793579101562,114.0625,114.359375,112.890625,114.21875,6023700
1998-11-17,70.47793579101562,114.0625,115.625,113.0,113.65625,9058900
1998-11-18,70.90275573730469,114.75,115.0,113.5,114.3125,4567700
1998-11-19,71.5206298828125,115.75,115.90625,114.625,115.28125,5249300
1998-11-20,72.06130981445312,116.625,116.75,115.84375,116.359375,5562000
1998-11-23,73.76046752929688,119.375,119.625,117.15625,117.46875,7151300
1998-11-24,73.29704284667969,118.625,119.65625,118.453125,119.0,5323700
1998-11-25,73.29704284667969,118.625,119.1875,118.21875,118.9375,4393500
1998-11-27,73.8377456665039,119.5,119.71875,119.015625,119.46875,4557900
1998-11-30,71.75239562988281,116.125,119.375,116.125,119.015625,8705400
1998-12-01,72.6791763305664,117.625,118.03125,115.21875,116.125,8950600
1998-12-02,72.46676635742188,117.28125,117.90625,116.0,117.21875,7495500
1998-12-03,71.26962280273438,115.34375,118.3125,115.09375,117.25,12145300
1998-12-04,73.142578125,118.375,118.5,116.5,116.625,10339500
1998-12-07,73.49018096923828,118.9375,119.46875,118.0,118.0625,4290000
1998-12-08,73.1618881225586,118.40625,119.75,117.5,118.53125,10102600
1998-12-09,73.29704284667969,118.625,118.96875,117.875,118.6875,5327900
1998-12-10,72.22540283203125,116.890625,118.84375,116.71875,118.84375,5966600
1998-12-11,72.37023162841797,117.125,117.34375,115.5625,116.4375,8198200
1998-12-14,70.28485870361328,113.75,116.40625,113.75,116.15625,9521400
1998-12-15,72.09992218017578,116.6875,116.75,114.53125,114.6875,9631500
1998-12-16,72.00333404541016,116.53125,117.125,115.75,117.125,7260000
1998-12-17,73.15225982666016,118.390625,118.59375,117.03125,117.21875,6914700
1998-12-18,73.46309661865234,118.5,119.125,117.875,118.3125,4802400
1998-12-21,74.4898681640625,120.15625,121.34375,119.0,119.25,8580700
1998-12-22,74.81916809082031,120.6875,121.21875,119.1875,120.40625,5461100
1998-12-23,76.38844299316406,123.21875,123.21875,120.8125,121.1875,7791000
1998-12-24,76.05907440185547,122.6875,123.25,122.5,123.15625,1507100
1998-12-28,75.86534118652344,122.375,123.3125,122.0,123.25,4203600
1998-12-29,77.06647491455078,124.3125,124.484375,122.125,122.71875,3935800
1998-12-30,76.44652557373047,123.3125,124.75,123.03125,123.9375,6810700
1998-12-31,76.44652557373047,123.3125,123.9375,122.46875,123.3125,6790500
1999-01-04,76.27218627929688,123.03125,125.21875,121.71875,123.375,9450400
1999-01-05,77.1439437866211,124.4375,124.875,122.9375,122.9375,8031000
1999-01-06,79.00383758544922,127.4375,127.75,125.75,125.8125,7737700
1999-01-07,78.61634063720703,126.8125,127.21875,125.78125,126.375,5504900
1999-01-08,79.19751739501953,127.75,128.5,125.96875,128.1875,6224400
1999-01-11,78.44195556640625,126.53125,127.6875,125.21875,127.6875,7578300
1999-01-12,77.02774047851562,124.25,126.21875,123.75,126.21875,7768800
1999-01-13,76.48529815673828,123.375,125.125,120.375,120.40625,10810600
1999-01-14,75.14856719970703,121.21875,123.90625,120.90625,123.625,11400700
1999-01-15,77.10523223876953,124.375,124.78125,122.0625,122.375,7817700
1999-01-19,77.60894012451172,125.1875,125.625,123.5,125.296875,6535100
1999-01-20,78.22891235351562,126.1875,127.9375,125.03125,126.09375,6534400
1999-01-21,76.15593719482422,122.84375,125.84375,122.59375,125.578125,6937500
1999-01-22,75.98155975341797,122.5625,123.84375,121.78125,122.125,7522300
1999-01-25,76.75650024414062,123.8125,124.0,121.90625,123.28125,5700300
1999-01-26,78.15140533447266,126.0625,126.0625,123.625,124.125,6047000
1999-01-27,77.2408447265625,124.59375,126.625,124.15625,126.375,7399400
1999-01-28,78.5388412475586,126.6875,126.96875,125.1875,125.25,5961700
1999-01-29,79.13941955566406,127.65625,128.296875,125.40625,127.34375,6456800
1999-02-01,78.67449188232422,126.90625,128.6875,126.90625,128.6875,9426800
1999-02-02,78.19014739990234,126.125,127.21875,124.765625,127.078125,9194500
1999-02-03,78.98440551757812,127.40625,127.9375,125.65625,125.6875,10290700
1999-02-04,77.80265808105469,125.5,127.5,124.78125,127.375,7761100
1999-02-05,76.91152954101562,124.0625,125.65625,123.21875,125.65625,7516100
1999-02-08,77.06647491455078,124.3125,125.09375,123.34375,125.09375,8528400
1999-02-09,75.34229278564453,121.53125,124.5,121.515625,124.375,8985700
1999-02-10,75.82658386230469,122.3125,123.0,121.328125,122.125,6936700
1999-02-11,77.5701904296875,125.125,126.09375,122.5,123.0625,9181800
1999-02-12,76.64029693603516,123.625,125.5,122.625,124.8125,10676600
1999-02-16,76.17534637451172,122.875,125.625,122.875,124.75,6915500
1999-02-17,76.09786224365234,122.75,125.359375,122.25,123.1875,7858100
1999-02-18,76.69837951660156,123.71875,124.375,122.21875,123.1875,9048900
1999-02-19,77.02774047851562,124.25,125.75,123.375,124.0,5312200
1999-02-22,79.08126831054688,127.5625,127.71875,124.28125,124.4375,10695800
1999-02-23,79.04254150390625,127.5,128.5,126.59375,127.59375,7770700
1999-02-24,77.6476821899414,125.25,128.84375,125.0,127.84375,7271000
1999-02-25,76.91152954101562,124.0625,125.28125,122.6875,124.53125,11633000
1999-02-26,76.60155487060547,123.5625,124.84375,122.8125,124.75,9621300
1999-03-01,76.81460571289062,123.90625,124.3125,122.375,123.65625,7607200
1999-03-02,76.13655853271484,122.8125,125.3125,122.3125,124.5,9651500
1999-03-03,76.54341888427734,123.46875,123.5625,121.78125,123.09375,7881400
1999-03-04,77.5120849609375,125.03125,125.484375,123.265625,124.0625,8256400
1999-03-05,79.07160949707031,127.546875,128.125,126.5625,127.5,10703100
1999-03-08,79.58499145507812,128.375,128.796875,127.25,128.28125,4802200
1999-03-09,79.39124298095703,128.0625,129.9375,127.75,128.125,7893400
1999-03-10,80.08869171142578,129.1875,129.25,127.78125,128.46875,3950000
1999-03-11,80.97987365722656,130.625,131.1875,128.875,129.6875,6583700
1999-03-12,80.20491027832031,129.375,131.03125,129.21875,131.0,5286500
1999-03-15,81.34797668457031,131.21875,131.25,129.5,129.9375,5394400
1999-03-16,81.03797912597656,130.71875,131.65625,130.46875,131.125,4547500
1999-03-17,80.68930053710938,130.15625,130.9375,129.625,130.6875,4524100
1999-03-18,81.9873275756836,132.25,132.375,129.75,129.78125,3506300
1999-03-19,80.59367370605469,129.6875,132.625,129.6875,132.3125,5526700
1999-03-22,80.74906158447266,129.9375,130.59375,129.421875,130.0625,4603800
1999-03-23,78.41865539550781,126.1875,129.53125,125.703125,129.3125,9713800
1999-03-24,78.86531066894531,126.90625,127.171875,125.625,126.84375,6280900
1999-03-25,80.47716522216797,129.5,129.5,127.75,128.0625,6639600
1999-03-26,79.89456176757812,128.5625,129.125,127.71875,128.625,6159700
1999-03-29,81.50643157958984,131.15625,131.4375,129.15625,129.15625,5863900
1999-03-30,81.07914733886719,130.46875,131.21875,129.5625,129.9375,5401400
1999-03-31,79.77803802490234,128.375,131.609375,128.3125,131.15625,7413600
1999-04-01,80.38005065917969,129.34375,129.6875,128.125,129.6875,7683600
1999-04-05,82.28326416015625,132.40625,132.59375,130.25,130.9375,5791100
1999-04-06,82.08903503417969,132.09375,132.984375,131.15625,132.1875,5381300
1999-04-07,82.74930572509766,133.15625,133.375,131.375,132.6875,6248600
1999-04-08,83.79798889160156,134.84375,134.9375,132.28125,133.1875,5909100
1999-04-09,83.81744384765625,134.875,135.5,133.59375,134.4375,4365800
1999-04-12,84.71076202392578,136.3125,136.40625,133.21875,133.46875,8213200
1999-04-13,84.16696166992188,135.4375,136.46875,134.5,136.25,10071400
1999-04-14,82.74930572509766,133.15625,136.0625,132.6875,136.0625,11551700
1999-04-15,82.43859100341797,132.65625,133.5625,131.0,133.4375,11150000
1999-04-16,81.73949432373047,131.53125,132.90625,131.1875,132.90625,6476200
1999-04-19,80.47716522216797,129.5,134.53125,128.375,132.6875,12487200
1999-04-20,81.48697662353516,131.125,131.1875,129.0,129.8125,9049600
1999-04-21,83.81744384765625,134.875,135.625,130.40625,131.0625,5772200
1999-04-22,84.61365509033203,136.15625,136.375,134.390625,135.125,6897400
1999-04-23,84.40003204345703,135.8125,136.75,135.0,135.875,4593100
1999-04-26,84.8855209350586,136.59375,136.8125,135.46875,136.5,3606500
1999-04-27,85.2933349609375,137.25,137.5,135.84375,137.125,5147200
1999-04-28,84.12813568115234,135.375,137.25,135.0,136.4375,5544300
1999-04-29,83.4872817993164,134.34375,136.0625,133.8125,135.5625,9824300
1999-04-30,82.80755615234375,133.25,135.625,131.5,135.09375,10991900
1999-05-03,84.32235717773438,135.6875,135.84375,133.09375,133.4375,10709700
1999-05-04,83.1182861328125,133.75,135.8125,133.125,135.125,10509300
1999-05-05,83.77859497070312,134.8125,135.0625,131.84375,133.9375,10032300
1999-05-06,83.26394653320312,133.984375,135.125,132.375,134.4375,13507200
1999-05-07,83.89508819580078,135.0,135.125,133.4375,134.5,8680700
1999-05-10,83.4775619506836,134.328125,135.71875,133.53125,134.84375,5580100
1999-05-11,84.32235717773438,135.6875,136.875,134.71875,135.3125,7000600
1999-05-12,84.98262786865234,136.75,137.21875,131.5,135.75,13865800
1999-05-13,85.35165405273438,137.34375,138.0,136.8125,137.25,4485700
1999-05-14,83.13773345947266,133.78125,135.875,133.5,134.5625,8370100
1999-05-17,83.39015197753906,134.1875,134.484375,132.375,133.625,6268100
1999-05-18,83.23481750488281,133.9375,134.984375,132.625,134.53125,8218600
1999-05-19,83.83684539794922,134.90625,135.0,133.25,134.46875,5052400
1999-05-20,83.33187103271484,134.09375,135.59375,134.0625,135.125,4670400
1999-05-21,82.86588287353516,133.34375,134.6875,132.59375,134.125,6418200
1999-05-24,81.48697662353516,131.125,133.84375,130.390625,133.84375,7952000
1999-05-25,80.1664047241211,129.0,132.34375,128.4375,131.375,15406400
1999-05-26,81.05976104736328,130.4375,131.0,128.09375,129.3125,12575900
1999-05-27,79.89456176757812,128.5625,130.28125,128.0,129.84375,14515400
1999-05-28,80.91410064697266,130.203125,130.75,128.59375,129.0,8748000
1999-06-01,80.63250732421875,129.75,130.15625,128.375,130.125,6705300
1999-06-02,80.71021270751953,129.875,130.1875,128.015625,129.75,6981900
1999-06-03,81.15691375732422,130.59375,130.875,129.78125,130.6875,6076600
1999-06-04,82.78814697265625,133.21875,133.359375,130.9375,131.46875,9787200
1999-06-07,83.00178527832031,133.5625,134.1875,132.90625,133.4375,5299100
1999-06-08,82.18616485595703,132.25,133.796875,131.59375,133.375,4895700
1999-06-09,82.10842895507812,132.125,133.09375,131.8125,132.40625,7409700
1999-06-10,81.35104370117188,130.90625,131.46875,129.59375,131.4375,7040700
1999-06-11,80.67133331298828,129.8125,132.21875,129.09375,131.21875,12824800
1999-06-14,80.74906158447266,129.9375,130.75,129.546875,130.6875,6823500
1999-06-15,81.29277801513672,130.8125,131.65625,130.078125,130.46875,5700900
1999-06-16,82.846435546875,133.3125,133.875,132.375,132.375,7865800
1999-06-17,83.62322235107422,134.5625,135.5625,132.625,132.875,8162800
1999-06-18,83.71983337402344,134.3125,134.6875,133.375,134.0625,2875100
1999-06-21,83.91463470458984,134.625,135.25,133.65625,134.46875,4646400
1999-06-22,83.33026885986328,133.6875,135.1875,133.5,134.0,5862400
1999-06-23,82.92117309570312,133.03125,133.625,132.125,133.0,9629200
1999-06-24,82.2978515625,132.03125,132.9375,130.65625,132.875,9176900
1999-06-25,82.0933609008789,131.703125,133.015625,131.25,132.59375,4087000
1999-06-28,83.09651947021484,133.3125,133.625,132.5,132.6875,5028900
1999-06-29,83.87565612792969,134.5625,135.1875,132.78125,133.0,6956200
1999-06-30,85.3949966430664,137.0,137.5,133.84375,134.625,16856100
1999-07-01,86.0378189086914,138.03125,138.5,136.0625,137.0,9939500
1999-07-02,86.8948974609375,139.40625,139.5,137.90625,138.125,3772800
1999-07-06,86.8753890991211,139.375,140.75,138.59375,139.25,11221100
1999-07-07,86.99227905273438,139.5625,139.71875,138.515625,139.0625,3230700
1999-07-08,87.06045532226562,139.671875,140.625,138.75,139.0625,7101500
1999-07-09,87.57662200927734,140.5,140.59375,139.5625,140.0,2976800
1999-07-12,87.18708038330078,139.875,140.9375,139.5,140.9375,4436300
1999-07-13,86.8753890991211,139.375,139.921875,138.65625,139.375,6477600
1999-07-14,87.36238098144531,140.15625,140.21875,138.75,140.0,4382500
1999-07-15,87.9175033569336,141.046875,141.375,140.3125,140.78125,3348600
1999-07-16,88.39474487304688,141.8125,142.15625,140.75,141.25,2281500
1999-07-19,87.81034851074219,140.875,142.25,140.5625,142.1875,4287000
1999-07-20,86.00859069824219,137.984375,140.40625,137.53125,140.125,7060100
1999-07-21,85.91120147705078,137.828125,138.90625,137.3125,138.09375,4793700
1999-07-22,84.78145599365234,136.015625,138.0,135.46875,137.4375,7804100
1999-07-23,84.61585998535156,135.75,137.0,135.125,136.65625,4603000
1999-07-26,83.99256896972656,134.75,136.125,134.625,134.875,4333400
1999-07-27,84.69380950927734,135.875,137.203125,135.375,136.0,5908500
1999-07-28,84.96646881103516,136.3125,137.3125,135.59375,136.25,3955500
1999-07-29,83.77825927734375,134.40625,135.25,133.3125,134.9375,7760600
1999-07-30,82.74588775634766,132.75,135.34375,132.5625,134.8125,5994300
1999-08-02,82.94070434570312,133.0625,134.75,132.5,132.75,6065500
1999-08-03,82.55107879638672,132.4375,133.84375,131.375,133.71875,5445400
1999-08-04,81.42134094238281,130.625,133.875,130.4375,132.71875,6497900
1999-08-05,82.16155242919922,131.8125,131.9375,128.84375,130.875,10322000
1999-08-06,81.2655258178711,130.375,132.0,129.5,131.21875,7537700
1999-08-09,81.0902099609375,130.09375,131.796875,129.75,130.59375,5565900
1999-08-10,80.19418334960938,128.65625,130.15625,127.0,129.875,9793300
1999-08-11,81.16810607910156,130.21875,130.53125,128.625,129.6875,8003400
1999-08-12,81.11943054199219,130.140625,131.8125,129.90625,130.6875,7036800
1999-08-13,82.9991226196289,133.15625,133.25,131.125,131.625,5857700
1999-08-16,83.36920928955078,133.75,133.96875,132.25,133.125,3927000
1999-08-17,83.91463470458984,134.625,134.84375,133.125,134.4375,4808000
1999-08-18,83.310791015625,133.65625,134.375,133.25,134.203125,4355500
1999-08-19,82.62902069091797,132.5625,133.234375,131.6875,132.375,6448100
1999-08-20,83.46664428710938,133.90625,134.125,132.6875,133.0625,3663700
1999-08-23,85.06385803222656,136.46875,136.546875,134.65625,134.8125,5637800
1999-08-24,85.37551879882812,136.96875,137.96875,135.375,136.0625,9279500
1999-08-25,86.25205993652344,138.375,138.78125,136.15625,137.1875,6005300
1999-08-26,85.21971893310547,136.71875,138.421875,136.5,138.28125,4322300
1999-08-27,84.18729400634766,135.0625,137.0625,135.0625,136.875,6247400
1999-08-30,82.62902069091797,132.5625,135.5,132.0,135.34375,4652000
1999-08-31,82.3173599243164,132.0625,133.75,130.875,132.9375,11453700
1999-09-01,83.33026885986328,133.6875,133.734375,132.3125,132.9375,6863900
1999-09-02,82.34660339355469,132.109375,132.671875,130.65625,132.125,10896300
1999-09-03,84.75220489501953,135.96875,136.5,134.6875,134.875,9160800
1999-09-07,84.44053649902344,135.46875,136.625,135.21875,136.0625,4560800
1999-09-08,84.0315170288086,134.8125,136.0625,134.03125,134.84375,6159600
1999-09-09,83.99256896972656,134.75,135.25,133.6875,134.75,6177800
1999-09-10,84.69380950927734,135.875,136.359375,134.9375,136.25,2934500
1999-09-13,84.11918640136719,134.953125,135.46875,134.5,135.125,2320500
1999-09-14,83.5640640258789,134.0625,134.5625,133.375,134.0625,3736000
1999-09-15,82.23944854736328,131.9375,135.4375,131.875,135.4375,6984500
1999-09-16,82.56085205078125,132.453125,132.8125,130.3125,132.5,15377600
1999-09-17,83.6040267944336,133.75,133.9375,132.15625,132.625,8542300
1999-09-20,83.48682403564453,133.5625,134.0,133.09375,133.9375,2803900
1999-09-21,81.72879791259766,130.75,132.46875,130.15625,132.25,9335200
1999-09-22,81.64090728759766,130.609375,131.84375,129.75,131.25,13009100
1999-09-23,79.93172454833984,127.875,131.8125,127.625,131.8125,12204100
1999-09-24,79.85355377197266,127.75,128.375,126.3125,127.75,13792900
1999-09-27,80.38094329833984,128.59375,129.75,128.28125,128.75,6970300
1999-09-28,80.22470092773438,128.34375,128.8125,125.5625,127.9375,11063400
1999-09-29,79.2675552368164,126.8125,129.125,126.75,128.4375,7580300
1999-09-30,80.47860717773438,128.75,129.4375,126.96875,127.4375,7498900
1999-10-01,80.3028335571289,128.46875,128.5625,126.625,127.9375,11127100
1999-10-04,81.72879791259766,130.75,130.875,128.75,129.1875,6341600
1999-10-05,81.65065002441406,130.625,131.96875,128.6875,130.71875,11976000
1999-10-06,82.90081787109375,132.625,132.8125,130.6875,130.75,10308200
1999-10-07,82.4320068359375,131.875,133.0,131.5,132.859375,6535600
1999-10-08,83.68213653564453,133.875,133.875,131.234375,131.75,9674300
1999-10-11,83.54544067382812,133.65625,134.125,133.3125,133.59375,4282000
1999-10-12,82.2562026977539,131.59375,133.3125,131.1875,133.125,8686100
1999-10-13,80.12699890136719,128.1875,131.3125,128.1875,130.6875,10469300
1999-10-14,80.1075210571289,128.15625,129.1875,126.75,128.484375,10562200
1999-10-15,78.05643463134766,124.875,126.75,124.5,126.0,14238700
1999-10-18,78.6229476928711,125.78125,125.9375,123.4375,124.9375,9758800
1999-10-19,79.38473510742188,127.0,128.25,125.9375,127.1875,14392900
1999-10-20,80.16608428955078,128.25,129.46875,127.125,127.75,9759400
1999-10-21,80.63489532470703,129.0,129.0,126.625,127.21875,9105400
1999-10-22,81.31858825683594,130.09375,131.21875,129.5625,129.75,8309600
1999-10-25,80.90838623046875,129.4375,130.46875,128.75,129.3125,8114300
1999-10-26,79.89259338378906,127.8125,130.6875,127.8125,130.1875,6256300
1999-10-27,81.33806610107422,130.125,130.3125,128.25,128.375,5433300
1999-10-28,84.11188507080078,134.5625,134.859375,132.1875,132.4375,10509700
1999-10-29,85.635498046875,137.0,137.6875,135.71875,135.84375,10988600
1999-11-01,84.7369613647461,135.5625,137.0,135.5625,136.5,4006500
1999-11-02,84.13142395019531,134.59375,137.25,134.59375,135.96875,6516900
1999-11-03,84.69792938232422,135.5,136.375,135.125,136.0,7222300
1999-11-04,85.342529296875,136.53125,137.359375,135.765625,136.75,7907500
1999-11-05,86.18244171142578,137.875,139.109375,136.78125,138.625,7431500
1999-11-08,86.26057434082031,138.0,138.375,136.75,137.0,4649200
1999-11-09,85.44998168945312,136.703125,138.6875,136.28125,138.5,4533700
1999-11-10,86.08480072021484,137.71875,138.390625,136.078125,136.25,6405600
1999-11-11,86.57315826416016,138.5,138.5,137.46875,138.1875,4794100
1999-11-12,87.35444641113281,139.75,139.984375,137.125,139.25,11802900
1999-11-15,87.55963897705078,140.078125,140.25,139.40625,139.84375,2187500
1999-11-16,88.29209899902344,141.25,143.0,140.09375,140.5625,7544800
1999-11-17,88.5265121459961,141.625,142.9375,141.3125,142.25,9459000
1999-11-18,89.15157318115234,142.625,143.0,141.625,142.4375,4491000
1999-11-19,89.073486328125,142.5,142.96875,142.0,142.40625,4832100
1999-11-22,89.05389404296875,142.46875,143.0,141.5,142.4375,4155400
1999-11-23,88.27255249023438,141.21875,142.84375,140.375,142.84375,5918000
1999-11-24,88.74136352539062,141.96875,142.4375,140.0,140.75,4459700
1999-11-26,88.40934753417969,141.4375,142.875,141.25,142.46875,1693900
1999-11-29,88.09676361083984,140.9375,141.921875,140.4375,140.875,7348600
1999-11-30,87.06147766113281,139.28125,142.3125,139.0,140.75,7682000
1999-12-01,87.76469421386719,140.40625,140.5,139.0,139.3125,6980200
1999-12-02,88.29209899902344,141.25,141.375,140.375,140.625,6698300
1999-12-03,89.91334533691406,143.84375,145.34375,143.03125,143.03125,10045400
1999-12-06,89.24922943115234,142.78125,143.71875,142.25,143.53125,3138900
1999-12-07,88.5265121459961,141.625,143.3125,141.375,143.28125,10714200
1999-12-08,87.96002960205078,140.71875,142.0625,140.5,141.34375,4611400
1999-12-09,88.38975524902344,141.40625,142.21875,139.375,141.8125,6474700
1999-12-10,88.68279266357422,141.875,142.8125,140.875,142.28125,5127300
1999-12-13,88.83902740478516,142.125,142.71875,141.28125,141.4375,4210800
1999-12-14,87.97956085205078,140.75,142.484375,140.625,141.625,5739000
1999-12-15,88.44835662841797,141.5,142.203125,140.03125,140.375,6879100
1999-12-16,88.83902740478516,142.125,142.65625,141.15625,142.1875,5854900
1999-12-17,89.40959930419922,142.6875,143.3125,142.0625,143.0,4775400
1999-12-20,88.7634048461914,141.65625,143.1875,141.09375,142.5625,4608700
1999-12-21,90.11451721191406,143.8125,144.0625,141.34375,141.59375,7981300
1999-12-22,90.34947204589844,144.1875,144.1875,142.96875,143.625,5377500
1999-12-23,91.78874969482422,146.484375,146.484375,145.0,145.015625,5721700
1999-12-27,91.66144561767578,146.28125,146.78125,145.0625,146.5,2691000
1999-12-28,91.60270690917969,146.1875,146.5,145.484375,145.875,4084500
1999-12-29,91.99431610107422,146.8125,146.8125,145.3125,146.3125,3001000
1999-12-30,91.88664245605469,146.640625,147.5625,146.1875,147.125,3641300
1999-12-31,92.03352355957031,146.875,147.5,146.25,146.84375,3172700
2000-01-03,91.13275909423828,145.4375,148.25,143.875,148.25,8164300
2000-01-04,87.56886291503906,139.75,144.0625,139.640625,143.53125,8089800
2000-01-05,87.72554779052734,140.0,141.53125,137.25,139.9375,12177900
2000-01-06,86.31566619873047,137.75,141.5,137.75,139.625,6227200
2000-01-07,91.32858276367188,145.75,145.75,140.0625,140.3125,8066500
2000-01-10,91.64183807373047,146.25,146.90625,145.03125,146.25,5741700
2000-01-11,90.54530334472656,144.5,146.09375,143.5,145.8125,7503700
2000-01-12,89.64458465576172,143.0625,144.59375,142.875,144.59375,6907700
2000-01-13,90.85860443115234,145.0,145.75,143.28125,144.46875,5158300
2000-01-14,92.09224700927734,146.96875,147.46875,145.96875,146.53125,7437300
2000-01-18,91.36774444580078,145.8125,146.625,145.1875,145.34375,6488500
2000-01-19,92.11181640625,147.0,147.0,145.0,145.3125,6157900
2000-01-20,90.70196533203125,144.75,146.96875,143.8125,146.96875,5800100
2000-01-21,90.506103515625,144.4375,145.5,144.0625,145.5,6244800
2000-01-24,87.94096374511719,140.34375,145.84375,139.40625,145.65625,7896900
2000-01-25,88.93964385986328,141.9375,141.9375,139.0,140.515625,9942500
2000-01-26,88.23468780517578,140.8125,141.546875,140.09375,141.0,5158100
2000-01-27,87.88223266601562,140.25,142.21875,138.125,141.84375,10922700
2000-01-28,85.14080810546875,135.875,140.0625,135.53125,139.4375,11916200
2000-01-31,87.451416015625,139.5625,139.671875,135.0,135.8125,10768700
2000-02-01,88.31298828125,140.9375,141.6875,138.53125,139.75,8419900
2000-02-02,88.39130401611328,141.0625,142.25,140.375,141.28125,6205900
2000-02-03,89.7228775024414,143.1875,143.25,140.0,140.875,7997500
2000-02-04,89.350830078125,142.59375,144.0,142.125,143.1875,4925400
2000-02-07,89.21373748779297,142.375,142.78125,141.4375,142.5625,5845800
2000-02-08,90.42784118652344,144.3125,144.5625,143.625,143.96875,4936400
2000-02-09,88.52840423583984,141.28125,144.46875,141.265625,144.46875,8511500
2000-02-10,88.70464324951172,141.5625,142.5625,140.875,141.625,6690600
2000-02-11,86.90314483642578,138.6875,141.9375,138.03125,141.84375,9849800
2000-02-14,87.41224670410156,139.5,139.78125,138.3125,139.78125,8528800
2000-02-15,88.40116882324219,141.078125,141.21875,137.796875,139.25,11078300
2000-02-16,87.09892272949219,139.0,140.9375,138.796875,140.375,8845400
2000-02-17,86.64854431152344,138.28125,140.4375,138.21875,140.4375,7584200
2000-02-18,84.78832244873047,135.3125,138.875,134.625,138.875,9409200
2000-02-22,84.57292938232422,134.96875,136.34375,133.53125,135.1875,16415400
2000-02-23,85.5715560913086,136.5625,137.46875,134.5,135.625,12119000
2000-02-24,83.8484115600586,133.8125,137.03125,133.09375,136.6875,17375000
2000-02-25,83.54485321044922,133.328125,136.71875,133.125,135.1875,10559900
2000-02-28,85.29742431640625,136.125,136.6875,132.71875,133.375,13397800
2000-02-29,86.11988830566406,137.4375,137.4375,135.75,136.0625,8242500
2000-03-01,86.7464828491211,138.4375,139.0,137.21875,137.625,6868000
2000-03-02,86.80522918701172,138.53125,139.125,137.34375,138.6875,7600200
2000-03-03,88.43049621582031,141.125,141.71875,139.71875,140.4375,12770300
2000-03-06,87.56886291503906,139.75,141.34375,138.75,140.8125,11967100
2000-03-07,85.87504577636719,137.046875,140.15625,135.21875,140.0,20062000
2000-03-08,85.7674331665039,136.875,137.84375,135.03125,136.46875,11808500
2000-03-09,88.27381134033203,140.875,140.875,136.125,137.25,5500900
2000-03-10,87.80387115478516,140.125,142.0,139.53125,140.1875,7924600
2000-03-13,86.8443832397461,138.59375,140.46875,135.6875,136.6875,10540500
2000-03-14,85.6107406616211,136.625,140.09375,136.15625,139.28125,8263900
2000-03-15,87.60804748535156,139.8125,140.4375,136.0625,136.875,10300800
2000-03-16,91.70060729980469,146.34375,146.84375,140.875,141.625,25601400
2000-03-17,92.30667114257812,146.9375,148.0,145.4375,145.8125,10272900
2000-03-20,91.83555603027344,146.1875,147.34375,144.78125,146.875,12502300
2000-03-21,93.72013092041016,149.1875,149.75,144.5,145.53125,13612600
2000-03-22,94.28943634033203,150.09375,150.84375,148.6875,149.5625,8260000
2000-03-23,95.899169921875,152.65625,153.46875,149.15625,149.15625,11654500
2000-03-24,96.46851348876953,153.5625,155.75,151.71875,152.875,11462900
2000-03-27,95.44770812988281,151.9375,153.78125,151.8125,153.375,8798600
2000-03-28,94.89801788330078,151.0625,152.984375,150.59375,151.25,6334400
2000-03-29,94.99615478515625,151.21875,152.484375,149.65625,151.5625,6747500
2000-03-30,93.4060287475586,148.6875,151.921875,147.125,150.15625,9491900
2000-03-31,94.46613311767578,150.375,152.3125,148.4375,149.625,9249100
2000-04-03,95.01585388183594,151.25,151.25,148.6875,150.125,8508200
2000-04-04,94.30908203125,150.125,153.0,141.390625,151.75,19585500
2000-04-05,93.72013092041016,149.1875,150.8125,147.625,147.875,8387200
2000-04-06,94.53480529785156,150.484375,151.6875,149.0,150.25,6378500
2000-04-07,95.13355255126953,151.4375,152.125,150.5,151.5625,6023600
2000-04-10,94.7605972290039,150.84375,153.109375,150.3125,151.75,9624200
2000-04-11,94.48574829101562,150.40625,151.625,148.375,150.0,9006400
2000-04-12,91.8944320678711,146.28125,151.15625,146.15625,150.375,10779200
2000-04-13,90.61836242675781,144.25,148.15625,143.78125,147.46875,12225800
2000-04-14,85.4356918334961,136.0,142.8125,133.5,142.625,29604000
2000-04-17,88.41966247558594,140.75,140.75,134.6875,135.1875,23918200
2000-04-18,90.75576782226562,144.46875,144.46875,139.78125,140.5625,11069200
2000-04-19,89.9116439819336,143.125,145.125,142.53125,144.5,6553700
2000-04-20,90.34352111816406,143.8125,143.9375,142.375,143.5625,8537600
2000-04-24,89.36199188232422,142.25,143.3125,140.5,141.5,12893100
2000-04-25,93.07230377197266,148.15625,148.15625,144.4375,144.625,14102000
2000-04-26,92.02203369140625,146.484375,148.75,146.0,147.96875,7711100
2000-04-27,91.71776580810547,146.0,147.34375,143.0,143.0,15595300
2000-04-28,91.14844512939453,145.09375,147.859375,145.0625,147.0,8743400
2000-05-01,92.38518524169922,147.0625,148.484375,145.84375,146.5625,7328300
2000-05-02,90.53987121582031,144.125,147.125,144.125,145.5,9411900
2000-05-03,88.41966247558594,140.75,144.0,139.78125,144.0,12630700
2000-05-04,89.08715057373047,141.8125,142.359375,140.75,142.0,5963600
2000-05-05,90.16683197021484,143.53125,144.0,140.9375,141.0625,7862400
2000-05-08,89.48957061767578,142.453125,143.375,141.84375,142.75,5064100
2000-05-09,88.77301788330078,141.3125,143.40625,140.265625,143.0625,5620300
2000-05-10,86.77059173583984,138.125,140.96875,137.75,140.5,10293900
2000-05-11,88.75334167480469,141.28125,141.5,139.125,140.125,7091100
2000-05-12,89.71528625488281,142.8125,143.46875,141.625,141.8125,5960800
2000-05-15,91.26624298095703,145.28125,145.609375,142.0,142.75,4441300
2000-05-16,92.1496353149414,146.6875,147.71875,145.3125,146.5625,8192200
2000-05-17,91.18768310546875,145.15625,146.1875,144.46875,145.6875,5907200
2000-05-18,90.06867218017578,143.375,146.3125,143.375,145.625,4325600
2000-05-19,88.65528106689453,141.125,143.234375,140.40625,142.5625,6518400
2000-05-22,87.98775482177734,140.0625,141.46875,137.0,141.25,10839400
2000-05-23,86.69210052490234,138.0,140.8125,137.5625,140.4375,7979200
2000-05-24,88.10560607910156,140.25,140.6875,136.5,138.0,11081500
2000-05-25,86.59394073486328,137.84375,141.8125,137.71875,140.6875,8278900
2000-05-26,86.69210052490234,138.0,139.6875,137.328125,138.8125,4814000
2000-05-30,89.51908111572266,142.5,142.9375,139.46875,140.0,5362700
2000-05-31,89.71528625488281,142.8125,144.0,142.09375,142.5625,6056500
2000-06-01,91.28583526611328,145.3125,145.4375,143.0,143.6875,8961600
2000-06-02,92.87599182128906,147.84375,149.09375,147.484375,148.9375,8962200
2000-06-05,92.42442321777344,147.125,148.21875,146.875,147.46875,6998100
2000-06-06,92.01217651367188,146.46875,147.78125,145.90625,146.625,4858900
2000-06-07,92.65023040771484,147.484375,148.0,146.0,146.625,4919500
2000-06-08,92.2870864868164,146.90625,147.75,146.0625,147.5,5723100
2000-06-09,92.09073638916016,146.59375,147.96875,145.625,147.5,3085300
2000-06-12,91.01100158691406,144.875,146.96875,144.875,146.96875,3678900
2000-06-13,92.71891784667969,147.59375,147.75,144.625,144.8125,6558700
2000-06-14,92.87599182128906,147.84375,148.875,147.1875,148.25,6420500
2000-06-15,93.07230377197266,148.15625,148.75,146.84375,148.125,5881200
2000-06-16,92.30757904052734,146.59375,148.3125,145.875,148.3125,5567900
2000-06-19,93.48822021484375,148.46875,149.15625,146.25,146.46875,5106900
2000-06-20,93.1536865234375,147.9375,148.875,147.0,148.1875,6480000
2000-06-21,93.11431121826172,147.875,148.4375,146.890625,146.9375,3115000
2000-06-22,91.6975326538086,145.625,147.6875,145.0,147.5625,7490500
2000-06-23,90.91044616699219,144.375,146.125,143.875,145.8125,4863300
2000-06-26,92.08123016357422,146.234375,146.25,144.875,145.375,5201300
2000-06-27,91.40237426757812,145.15625,146.71875,145.015625,145.984375,4159500
2000-06-28,91.65821075439453,145.5625,146.984375,145.3125,145.625,5347700
2000-06-29,90.7923583984375,144.1875,145.75,143.515625,144.75,6345700
2000-06-30,91.4810791015625,145.28125,145.59375,143.890625,143.9375,7420200
2000-07-03,92.74041748046875,147.28125,147.4375,145.1875,145.4375,1436600
2000-07-05,91.06787872314453,144.625,146.65625,144.375,146.375,2748200
2000-07-06,91.7762222290039,145.75,146.46875,144.21875,144.9375,5963200
2000-07-07,93.2520523071289,148.09375,148.78125,146.25,146.6875,3034800
2000-07-10,93.09467315673828,147.84375,148.90625,147.53125,147.875,2816100
2000-07-11,93.29142761230469,148.15625,149.125,147.15625,147.46875,5431600
2000-07-12,93.90143585205078,149.125,150.125,148.6875,149.28125,5883000
2000-07-13,94.31466674804688,149.78125,150.375,149.1875,149.984375,5356000
2000-07-14,95.23950958251953,151.25,151.25,149.671875,150.4375,5341900
2000-07-17,95.08206939697266,151.0,151.984375,150.6875,150.984375,4208300
2000-07-18,94.30482482910156,149.765625,150.625,149.34375,150.625,4262100
2000-07-19,93.54720306396484,148.5625,149.90625,148.25,149.46875,8506800
2000-07-20,94.84591674804688,150.625,150.625,148.8125,149.0,4538900
2000-07-21,92.99628448486328,147.6875,149.75,147.6875,149.75,5656900
2000-07-24,92.46500396728516,146.84375,148.859375,146.5625,148.125,5628500
2000-07-25,92.76016235351562,147.3125,147.84375,146.78125,147.75,4757100
2000-07-26,91.8549575805664,145.875,147.15625,145.640625,146.96875,12062500
2000-07-27,91.54015350341797,145.375,146.625,144.6875,145.9375,7652600
2000-07-28,89.47394561767578,142.09375,145.90625,141.515625,145.71875,6229500
2000-07-31,90.04459381103516,143.0,144.125,142.0625,142.9375,5265500
2000-08-01,90.59558868408203,143.875,144.71875,143.125,143.625,3946600
2000-08-02,91.04813385009766,144.59375,145.40625,143.625,143.875,7439800
2000-08-03,91.67790222167969,145.59375,145.8125,142.625,142.875,4607100
2000-08-04,92.16979217529297,146.375,146.71875,145.40625,146.3125,3686600
2000-08-07,93.27174377441406,148.125,148.4375,146.375,146.71875,4159800
2000-08-08,93.62599182128906,148.6875,148.8125,147.5,147.5,3658700
2000-08-09,92.8388442993164,147.4375,149.21875,147.375,149.140625,5383800
2000-08-10,92.38622283935547,146.71875,147.859375,146.28125,147.53125,4193400
2000-08-11,92.8191909790039,147.40625,148.0,145.5625,146.625,5089400
2000-08-14,93.99977111816406,149.28125,149.5625,147.0625,147.78125,2966700
2000-08-15,93.92110443115234,149.15625,149.8125,148.5625,149.34375,5564600
2000-08-16,93.58666229248047,148.625,149.9375,147.84375,149.3125,5191600
2000-08-17,94.5704574584961,150.1875,150.4375,148.34375,148.6875,5652200
2000-08-18,94.25564575195312,149.6875,150.375,149.21875,150.375,4626400
2000-08-21,94.76725006103516,150.5,150.71875,149.40625,150.03125,2380600
2000-08-22,94.60981750488281,150.25,151.3125,150.09375,150.5625,3075300
2000-08-23,94.98368072509766,150.84375,151.28125,149.28125,149.8125,5483200
2000-08-24,95.27886962890625,151.3125,151.5,150.5,151.15625,4529000
2000-08-25,95.23950958251953,151.25,151.625,150.9375,151.15625,2822200
2000-08-28,95.56419372558594,151.765625,152.90625,151.25,151.25,5518700
2000-08-29,95.5838623046875,151.796875,151.875,150.90625,151.4375,3561900
2000-08-30,94.66885375976562,150.34375,151.5,150.34375,151.3125,3964800
2000-08-31,95.92823028564453,152.34375,153.09375,150.90625,151.0625,4863100
2000-09-01,96.02659606933594,152.5,153.59375,152.0,153.25,3191200
2000-09-05,95.25918579101562,151.28125,152.203125,150.8125,151.875,3470800
2000-09-06,94.1769027709961,149.5625,151.953125,149.53125,151.1875,4322200
2000-09-07,94.98368072509766,150.84375,151.078125,149.828125,150.25,4265500
2000-09-08,94.3343276977539,149.8125,150.5,149.328125,150.28125,3518200
2000-09-11,94.19660949707031,149.59375,151.1875,148.6875,149.75,3937500
2000-09-12,93.50787353515625,148.5,150.25,148.4375,149.75,4769100
2000-09-13,93.75385284423828,148.890625,149.34375,147.65625,148.0,7691600
2000-09-14,94.22613525390625,149.640625,149.9375,148.15625,149.875,3397100
2000-09-15,92.16468811035156,146.0,148.25,146.0,148.1875,4085700
2000-09-18,91.31636810302734,144.65625,146.96875,144.203125,146.375,5109300
2000-09-19,92.14491271972656,145.96875,146.3125,144.703125,145.125,6588200
2000-09-20,91.46432495117188,144.890625,146.03125,143.15625,145.6875,6508100
2000-09-21,90.07356262207031,142.6875,145.5625,142.625,144.46875,5972300
2000-09-22,91.71090698242188,145.28125,145.3125,142.421875,142.625,7791300
2000-09-25,91.05992126464844,144.25,146.0625,143.71875,145.9375,9726300
2000-09-26,89.8960189819336,142.40625,145.0,142.40625,144.375,5302400
2000-09-27,90.3694076538086,143.15625,143.96875,142.125,143.5625,7186200
2000-09-28,91.5333480834961,145.0,146.328125,142.890625,143.1875,7036400
2000-09-29,90.66536712646484,143.625,145.96875,143.625,145.46875,9333600
2000-10-02,90.8034896850586,143.84375,144.90625,143.140625,144.28125,5517800
2000-10-03,89.95526123046875,142.5,145.75,142.28125,144.53125,9347200
2000-10-04,90.70484924316406,143.6875,144.25,141.75,142.875,6148900
2000-10-05,91.02049255371094,144.1875,144.84375,143.3125,143.40625,4566900
2000-10-06,89.04780578613281,141.0625,144.640625,139.75,143.875,10014900
2000-10-09,88.37705993652344,140.0,141.3125,139.375,141.3125,4508000
2000-10-10,86.91727447509766,137.6875,141.25,137.6875,140.09375,6104700
2000-10-11,86.18738555908203,136.53125,138.625,135.125,137.625,10346000
2000-10-12,84.03709411621094,133.125,137.59375,132.78125,137.28125,12336900
2000-10-13,86.83833312988281,137.5625,137.65625,132.875,132.9375,11778800
2000-10-16,87.23286437988281,138.1875,138.234375,136.6875,137.40625,5659000
2000-10-17,85.06294250488281,134.75,138.5625,134.40625,138.4375,7831700
2000-10-18,84.74730682373047,134.25,136.125,130.15625,132.625,10897300
2000-10-19,87.94306945800781,139.3125,139.453125,136.4375,136.84375,8767300
2000-10-20,88.31786346435547,139.90625,141.1875,138.375,138.375,7373500
2000-10-23,88.71240997314453,140.53125,141.03125,138.9375,139.9375,5290000
2000-10-24,88.12061309814453,139.59375,141.9375,139.0,140.96875,5750700
2000-10-25,86.04926300048828,136.3125,139.5625,136.125,138.75,9137600
2000-10-26,86.2860336303711,136.6875,137.65625,134.03125,137.125,9345800
2000-10-27,87.92333221435547,139.28125,139.28125,136.625,137.875,9762900
2000-10-30,88.71240997314453,140.53125,141.09375,138.15625,138.4375,10154100
2000-10-31,90.24126434326172,142.953125,143.6875,140.0625,141.015625,7752400
2000-11-01,89.93549346923828,142.46875,143.25,141.21875,142.25,6753600
2000-11-02,90.08346557617188,142.703125,143.90625,142.515625,143.15625,11395100
2000-11-03,90.13275146484375,142.78125,143.75,142.375,143.46875,5187100
2000-11-06,90.76404571533203,143.78125,144.296875,143.03125,143.15625,4042500
2000-11-07,90.7442855834961,143.75,144.0,142.5625,143.140625,5231300
2000-11-08,88.73211669921875,140.5625,144.0625,140.5625,144.0625,6123300
2000-11-09,88.39677429199219,140.03125,141.21875,137.25,140.0,10635300
2000-11-10,86.24653625488281,136.625,139.46875,136.53125,139.0,8569500
2000-11-13,85.57582092285156,135.5625,136.984375,133.015625,135.625,17285300
2000-11-14,87.82466888427734,139.125,139.625,137.0,137.46875,7668900
2000-11-15,88.10092163085938,139.5625,140.109375,137.75,139.0625,8837700
2000-11-16,86.71996307373047,137.375,139.875,137.3125,138.578125,6684100
2000-11-17,86.25637817382812,136.640625,139.0,135.75,137.3125,6551100
2000-11-20,85.02349090576172,134.6875,136.375,134.3125,135.75,5458500
2000-11-21,85.4574966430664,135.375,136.1875,133.515625,134.875,7684300
2000-11-22,83.41569519042969,132.140625,134.875,132.125,134.34375,5736900
2000-11-24,85.12210845947266,134.84375,134.96875,133.625,133.625,3411600
2000-11-27,85.87171936035156,136.03125,136.6875,135.3125,136.46875,5992000
2000-11-28,84.3922119140625,133.6875,136.59375,133.640625,135.125,5336100
2000-11-29,84.2343978881836,133.4375,135.90625,133.265625,134.375,6914100
2000-11-30,83.50446319580078,132.28125,133.5,129.75,132.5,11201600
2000-12-01,83.46504211425781,132.21875,134.0625,131.0,133.1875,7587200
2000-12-04,84.17518615722656,133.34375,133.875,131.5,131.875,6996600
2000-12-05,86.9369888305664,137.71875,138.25,134.40625,134.875,8883400
2000-12-06,85.54622650146484,135.515625,138.34375,135.03125,137.78125,12888000
2000-12-07,84.37248992919922,133.65625,135.875,133.65625,134.875,6529100
2000-12-08,84.5697250366211,133.96875,139.46875,133.875,137.0625,10276300
2000-12-11,87.509033203125,138.625,139.5625,136.71875,137.375,6405600
2000-12-12,87.13423919677734,138.03125,138.8125,137.375,138.1875,5022900
2000-12-13,85.94073486328125,136.140625,139.40625,136.03125,139.25,6070500
2000-12-14,84.84588623046875,134.40625,136.5,134.03125,135.875,7678400
2000-12-15,82.9295654296875,130.96875,133.125,130.5625,133.125,9065300
2000-12-18,84.0376205444336,132.71875,133.46875,131.765625,132.0625,7235400
2000-12-19,82.32600402832031,130.015625,134.96875,130.015625,132.46875,9616600
2000-12-20,79.94163513183594,126.25,128.9375,126.09375,128.625,9994300
2000-12-21,80.49565124511719,127.125,128.859375,125.53125,126.0,14331500
2000-12-22,82.90977478027344,130.9375,131.109375,128.84375,129.0,10182900
2000-12-26,83.8001708984375,132.34375,132.34375,130.28125,130.84375,4665300
2000-12-27,84.41363525390625,133.3125,133.734375,131.25,131.75,4854100
2000-12-28,84.67083740234375,133.71875,133.875,132.59375,132.8125,8358700
2000-12-29,83.0680160522461,131.1875,134.28125,131.1875,134.0625,8774600
2001-01-02,81.56422424316406,128.8125,132.15625,127.5625,132.0,8737500
2001-01-03,85.48211669921875,135.0,136.0,127.65625,128.3125,19431600
2001-01-04,84.56198120117188,133.546875,135.46875,133.0,134.9375,9219000
2001-01-05,81.8016128540039,129.1875,133.625,129.1875,133.46875,12911400
2001-01-08,82.43482971191406,130.1875,130.1875,127.6875,129.875,6625300
2001-01-09,82.21717834472656,129.84375,131.5,129.421875,131.046875,5702400
2001-01-10,83.66166687011719,132.125,132.125,128.8125,129.0,8746100
2001-01-11,83.74082946777344,132.25,133.484375,131.09375,131.09375,7245100
2001-01-12,83.58252716064453,132.0,133.71875,131.28125,132.6875,7244000
2001-01-16,84.11676788330078,132.84375,133.1875,131.515625,132.0,8542200
2001-01-17,84.50267791748047,133.453125,135.046875,132.640625,134.84375,7851400
2001-01-18,85.34356689453125,134.78125,135.703125,132.9375,133.4375,8107000
2001-01-19,84.85880279541016,134.015625,136.1875,133.875,136.1875,7782500
2001-01-22,85.4227294921875,134.90625,135.78125,133.5625,134.25,7050900
2001-01-23,86.0955581665039,135.96875,136.65625,134.15625,134.46875,8463100
2001-01-24,86.35279083251953,136.375,137.3125,135.84375,136.25,6199900
2001-01-25,86.13511657714844,136.03125,137.25,135.65625,136.25,10818300
2001-01-26,86.03620147705078,135.875,136.125,134.453125,135.15625,7136800
2001-01-29,86.4952621459961,136.60000610351562,136.89999389648438,135.3699951171875,135.5,6705900
2001-01-30,87.25509643554688,137.8000030517578,137.9199981689453,135.7899932861328,136.3000030517578,7069100
2001-01-31,86.76123046875,137.02000427246094,138.6999969482422,136.60000610351562,137.39999389648438,9706900
2001-02-01,87.33740234375,137.92999267578125,137.9499969482422,136.25,137.10000610351562,8239100
2001-02-02,85.35551452636719,134.8000030517578,137.99000549316406,134.75,137.39999389648438,8276600
2001-02-05,85.98236846923828,135.7899932861328,135.94000244140625,134.75,134.8000030517578,4352900
2001-02-06,85.72905731201172,135.38999938964844,136.6999969482422,135.22000122070312,135.3000030517578,7106700
2001-02-07,85.28585052490234,134.69000244140625,135.39999389648438,133.67999267578125,134.72000122070312,5748700
2001-02-08,84.29168701171875,133.1199951171875,135.39999389648438,133.10000610351562,134.8000030517578,5943300
2001-02-09,83.481201171875,131.83999633789062,133.35000610351562,131.25999450683594,133.35000610351562,9913000
2001-02-12,84.43736267089844,133.35000610351562,133.5,131.6999969482422,131.6999969482422,5804400
2001-02-13,83.74713897705078,132.25999450683594,134.1699981689453,132.0,133.6999969482422,6587600
2001-02-14,83.62049865722656,132.05999755859375,132.64999389648438,130.66000366210938,132.64999389648438,8400100
2001-02-15,84.43099212646484,133.33999633789062,133.52000427246094,131.99000549316406,132.83999633789062,5929800
2001-02-16,82.56941223144531,130.39999389648438,131.2899932861328,129.3000030517578,131.0,6434900
2001-02-20,81.29667663574219,128.38999938964844,131.13999938964844,128.10000610351562,131.0399932861328,5760000
2001-02-21,79.54270935058594,125.62000274658203,128.83999633789062,125.5,127.9000015258789,10910800
2001-02-22,79.6629867553711,125.80999755859375,126.54000091552734,123.0199966430664,126.3499984741211,21281600
2001-02-23,79.124755859375,124.95999908447266,125.54000091552734,121.80000305175781,125.08000183105469,20173000
2001-02-26,80.80909729003906,127.62000274658203,127.62000274658203,124.5,125.80000305175781,11503700
2001-02-27,80.06192779541016,126.44000244140625,127.83999633789062,125.51000213623047,126.80000305175781,11415000
2001-02-28,78.48527526855469,123.94999694824219,126.83999633789062,123.2699966430664,126.75,14825800
2001-03-01,78.89680480957031,124.5999984741211,124.5999984741211,121.75,124.05000305175781,14672000
2001-03-02,78.26996612548828,123.61000061035156,125.6500015258789,122.30000305175781,122.5,12564300
2001-03-05,78.98550415039062,124.73999786376953,124.77999877929688,123.80999755859375,124.1500015258789,5293200
2001-03-06,79.83397674560547,126.08000183105469,127.75,125.48999786376953,126.3499984741211,6917000
2001-03-07,80.40385437011719,126.9800033569336,127.04000091552734,125.76000213623047,126.9000015258789,6371700
2001-03-08,80.49251556396484,127.12000274658203,127.23999786376953,126.13999938964844,126.5999984741211,6055000
2001-03-09,78.11164855957031,123.36000061035156,126.0999984741211,123.11000061035156,126.0999984741211,10020300
2001-03-12,74.76835632324219,118.08000183105469,122.5,117.75,122.33999633789062,13972900
2001-03-13,75.99678039550781,120.0199966430664,120.44000244140625,117.52999877929688,119.4000015258789,12888000
2001-03-14,74.49608612060547,117.6500015258789,119.29000091552734,115.75,117.05000305175781,19883400
2001-03-15,74.5151138305664,117.68000030517578,118.86000061035156,117.36000061035156,118.44999694824219,10370300
2001-03-16,73.02052307128906,115.01000213623047,117.4000015258789,114.80999755859375,117.12999725341797,58514600
2001-03-19,74.50617218017578,117.3499984741211,117.69000244140625,114.81999969482422,115.76000213623047,10067800
2001-03-20,72.50621032714844,114.19999694824219,118.45999908447266,114.11000061035156,117.9000015258789,15083900
2001-03-21,71.2745132446289,112.26000213623047,115.26000213623047,111.9000015258789,114.18000030517578,19004600
2001-03-22,70.55073547363281,111.12000274658203,112.5999984741211,108.04000091552734,112.0199966430664,28624800
2001-03-23,72.68401336669922,114.4800033569336,114.66000366210938,111.5,113.25,12861700
2001-03-26,73.61099243164062,115.94000244140625,116.2699966430664,114.7699966430664,115.69999694824219,9943800
2001-03-27,75.11573028564453,118.30999755859375,118.6500015258789,115.27999877929688,115.62000274658203,12880700
2001-03-28,73.03956604003906,115.04000091552734,116.94999694824219,114.9000015258789,116.9000015258789,10953300
2001-03-29,73.31893920898438,115.4800033569336,116.5,112.13999938964844,114.69999694824219,12060300
2001-03-30,74.08716583251953,116.69000244140625,116.69000244140625,114.5,115.55000305175781,9183600
2001-04-02,72.50621032714844,114.19999694824219,117.37999725341797,113.80000305175781,116.30000305175781,10561000
2001-04-03,70.08724975585938,110.38999938964844,114.1500015258789,110.05999755859375,113.9800033569336,12836000
2001-04-04,70.37930297851562,110.8499984741211,112.0999984741211,109.30000305175781,110.56999969482422,14884300
2001-04-05,73.04592895507812,115.05000305175781,115.48999786376953,112.5,113.30000305175781,21522800
2001-04-06,71.934814453125,113.30000305175781,114.4000015258789,112.05999755859375,113.98999786376953,14937800
2001-04-09,72.73480224609375,114.55999755859375,114.98999786376953,112.77999877929688,114.0,9034300
2001-04-10,74.06175231933594,116.6500015258789,117.75,115.16999816894531,115.44999694824219,17873600
2001-04-11,74.11259460449219,116.7300033569336,118.98999786376953,116.13999938964844,118.77999877929688,12722300
2001-04-12,75.45854949951172,118.8499984741211,118.94000244140625,115.95999908447266,116.30000305175781,9233200
2001-04-16,74.66493225097656,117.5999984741211,118.88999938964844,116.91000366210938,118.29000091552734,7350000
2001-04-17,75.7188720703125,119.26000213623047,119.66000366210938,117.0199966430664,117.30999755859375,10924700
2001-04-18,78.72833251953125,124.0,126.0,120.69000244140625,121.05999755859375,32481600
2001-04-19,79.77593994140625,125.6500015258789,125.83999633789062,123.58000183105469,124.25,13809900
2001-04-20,79.04573822021484,124.5,125.4000015258789,123.66000366210938,124.9000015258789,7626700
2001-04-23,77.61089324951172,122.23999786376953,123.88999938964844,121.91000366210938,123.6500015258789,8451800
2001-04-24,77.1918716430664,121.58000183105469,123.6500015258789,121.0999984741211,122.5199966430664,10044700
2001-04-25,78.20134735107422,123.16999816894531,123.66999816894531,120.94999694824219,121.41999816894531,8249000
2001-04-26,78.550537109375,123.72000122070312,125.22000122070312,123.5,123.7300033569336,10590400
2001-04-27,79.85845184326172,125.77999877929688,125.83999633789062,124.19999694824219,124.91999816894531,7938700
2001-04-30,80.41718292236328,126.66000366210938,127.2699966430664,124.66999816894531,126.44999694824219,10766900
2001-05-01,80.66475677490234,127.05000305175781,127.1500015258789,124.5999984741211,125.06999969482422,10578000
2001-05-02,80.5187759399414,126.81999969482422,127.69000244140625,126.0,127.41000366210938,9572900
2001-05-03,79.49654388427734,125.20999908447266,126.1500015258789,124.22000122070312,126.12999725341797,9926200
2001-05-04,80.84893798828125,127.33999633789062,127.3499984741211,123.44000244140625,123.6500015258789,12145300
2001-05-07,80.15050506591797,126.23999786376953,127.37999725341797,126.2300033569336,126.86000061035156,7185200
2001-05-08,80.1124496459961,126.18000030517578,127.0999984741211,125.55999755859375,126.86000061035156,6952600
2001-05-09,79.77593994140625,125.6500015258789,126.55000305175781,125.05999755859375,125.25,9507400
2001-05-10,80.01083374023438,126.0199966430664,127.5,125.7699966430664,127.26000213623047,6872400
2001-05-11,79.45848083496094,125.1500015258789,126.48999786376953,124.4000015258789,126.0,7734400
2001-05-14,79.61720275878906,125.4000015258789,125.44000244140625,124.45999908447266,124.9000015258789,7914000
2001-05-15,79.98546600341797,125.9800033569336,126.5,124.8499984741211,125.55000305175781,9782200
2001-05-16,81.87110137939453,128.9499969482422,129.1999969482422,124.62000274658203,124.83999633789062,14909000
2001-05-17,81.99808502197266,129.14999389648438,130.0800018310547,128.55999755859375,129.0,11824600
2001-05-18,82.37266540527344,129.74000549316406,129.74000549316406,128.10000610351562,129.08999633789062,6683100
2001-05-21,83.5853271484375,131.64999389648438,131.83999633789062,129.14999389648438,129.83999633789062,11531500
2001-05-22,83.4773941040039,131.47999572753906,132.08999633789062,131.07000732421875,131.8300018310547,8342700
2001-05-23,82.06157684326172,129.25,131.0500030517578,129.25,131.0500030517578,12330800
2001-05-24,82.30286407470703,129.6300048828125,130.0,128.5500030517578,129.47000122070312,7902800
2001-05-25,81.33143615722656,128.10000610351562,129.6999969482422,127.9000015258789,129.64999389648438,7425000
2001-05-29,80.683837890625,127.08000183105469,128.35000610351562,126.9000015258789,128.22000122070312,9003900
2001-05-30,79.5536880493164,125.30000305175781,127.08999633789062,125.0,126.58999633789062,10041800
2001-05-31,79.96636962890625,125.94999694824219,126.76000213623047,125.26000213623047,125.43000030517578,9874200
2001-06-01,80.46160888671875,126.7300033569336,127.0999984741211,125.12000274658203,126.19999694824219,8848300
2001-06-04,80.84893798828125,127.33999633789062,127.43000030517578,126.08000183105469,126.80000305175781,5623500
2001-06-05,81.77582550048828,128.8000030517578,129.22999572753906,127.2699966430664,127.48999786376953,9115400
2001-06-06,81.0965805053711,127.7300033569336,128.8300018310547,127.36000061035156,128.8300018310547,12064900
2001-06-07,81.38858795166016,128.19000244140625,128.35000610351562,127.0,127.05000305175781,7355300
2001-06-08,80.63300323486328,127.0,127.87000274658203,126.13999938964844,127.69999694824219,8170600
2001-06-11,80.0616226196289,126.0999984741211,126.98999786376953,125.41000366210938,126.70999908447266,7012200
2001-06-12,79.92192840576172,125.87999725341797,126.73999786376953,124.04000091552734,124.86000061035156,9364400
2001-06-13,79.23622131347656,124.80000305175781,126.58000183105469,124.6500015258789,126.16999816894531,7629400
2001-06-14,77.4585189819336,122.0,124.30000305175781,121.75,124.18000030517578,12603000
2001-06-15,77.58332061767578,121.8499984741211,122.4000015258789,120.4000015258789,120.91000366210938,16821100
2001-06-18,77.2076187133789,121.26000213623047,122.44000244140625,120.91000366210938,121.6500015258789,11368300
2001-06-19,77.54510498046875,121.79000091552734,122.88999938964844,120.88999938964844,122.37999725341797,7732300
2001-06-20,77.9526138305664,122.43000030517578,122.86000061035156,121.0999984741211,121.19000244140625,8787200
2001-06-21,78.83763885498047,123.81999969482422,124.30999755859375,122.1500015258789,122.22000122070312,12259100
2001-06-22,78.22003936767578,122.8499984741211,123.58999633789062,122.16000366210938,123.48999786376953,12212000
2001-06-25,77.50052642822266,121.72000122070312,123.44000244140625,121.5,123.27999877929688,8406800
2001-06-26,77.39234161376953,121.55000305175781,122.38999938964844,120.56999969482422,120.9000015258789,8005800
2001-06-27,77.34773254394531,121.4800033569336,122.23999786376953,120.91000366210938,121.5999984741211,10105100
2001-06-28,77.7743148803711,122.1500015258789,123.94000244140625,121.93000030517578,122.0,10269300
2001-06-29,78.06084442138672,122.5999984741211,124.01000213623047,122.26000213623047,122.80000305175781,9824200
2001-07-02,79.03501892089844,124.12999725341797,124.31999969482422,122.62000274658203,122.80000305175781,8522200
2001-07-03,79.01589965820312,124.0999984741211,124.0999984741211,123.05000305175781,123.9800033569336,3303100
2001-07-05,77.47505950927734,121.68000030517578,123.6500015258789,121.66000366210938,123.06999969482422,5517900
2001-07-06,75.80052185058594,119.05000305175781,121.48999786376953,119.05000305175781,121.30999755859375,11665900
2001-07-09,76.2143325805664,119.69999694824219,120.54000091552734,119.19999694824219,119.48999786376953,8339300
2001-07-10,75.29751586914062,118.26000213623047,120.63999938964844,118.20999908447266,120.29000091552734,8630700
2001-07-11,75.37390899658203,118.37999725341797,118.88999938964844,117.08999633789062,118.0999984741211,15328600
2001-07-12,77.16309356689453,121.19000244140625,121.47000122070312,119.30999755859375,119.5,12002800
2001-07-13,77.83160400390625,122.23999786376953,122.31999969482422,120.62000274658203,120.83999633789062,10433800
2001-07-16,76.85748291015625,120.70999908447266,122.27999877929688,120.29000091552734,121.7699966430664,6915300
2001-07-17,77.57691192626953,121.83999633789062,121.94999694824219,119.83000183105469,120.19999694824219,7469800
2001-07-18,77.04843139648438,121.01000213623047,121.63999938964844,120.05999755859375,120.55999755859375,7709300
2001-07-19,77.723388671875,122.06999969482422,122.9800033569336,120.76000213623047,122.18000030517578,10082900
2001-07-20,77.25855255126953,121.33999633789062,121.94000244140625,120.91999816894531,121.1500015258789,6705800
2001-07-23,75.73686218261719,118.94999694824219,121.87999725341797,118.94999694824219,121.80000305175781,8065200
2001-07-24,75.0046157836914,117.80000305175781,119.19999694824219,116.75,119.0,12269000
2001-07-25,75.83231353759766,119.0999984741211,119.4800033569336,117.45999908447266,117.91999816894531,12088500
2001-07-26,76.62825012207031,120.3499984741211,120.8499984741211,118.55999755859375,119.05999755859375,12898200
2001-07-27,76.92113494873047,120.80999755859375,121.3499984741211,119.91000366210938,120.83000183105469,8478800
2001-07-30,76.94657897949219,120.8499984741211,121.3499984741211,120.30000305175781,121.19000244140625,8547700
2001-07-31,77.26493835449219,121.3499984741211,122.68000030517578,120.80000305175781,121.0,11918100
2001-08-01,77.74886322021484,122.11000061035156,122.69999694824219,121.55000305175781,121.97000122070312,11940800
2001-08-02,78.06724548339844,122.61000061035156,123.25,121.88999938964844,123.2300033569336,11070100
2001-08-03,77.64059448242188,121.94000244140625,122.36000061035156,120.9000015258789,122.36000061035156,10816300
2001-08-06,76.5964126586914,120.30000305175781,121.51000213623047,120.0999984741211,121.3499984741211,8550100
2001-08-07,76.8956527709961,120.7699966430664,121.19999694824219,119.91000366210938,120.2699966430664,8865100
2001-08-08,75.46943664550781,118.52999877929688,121.16000366210938,118.43000030517578,120.12000274658203,15183800
2001-08-09,75.69224548339844,118.87999725341797,118.97000122070312,117.86000061035156,118.69999694824219,14118500
2001-08-10,75.95333099365234,119.29000091552734,119.83999633789062,117.33999633789062,118.80000305175781,11173300
2001-08-13,75.97241973876953,119.31999969482422,119.8499984741211,118.80999755859375,119.5999984741211,7431600
2001-08-14,75.94058990478516,119.2699966430664,120.3499984741211,118.80000305175781,120.13999938964844,13178100
2001-08-15,75.28475952148438,118.23999786376953,119.61000061035156,118.08000183105469,119.2300033569336,8520600
2001-08-16,75.54582977294922,118.6500015258789,118.75,117.0,117.80000305175781,10734700
2001-08-17,74.33609008789062,116.75,117.87000274658203,116.01000213623047,117.6500015258789,11604600
2001-08-20,75.0237045288086,117.83000183105469,117.9000015258789,116.55000305175781,116.80000305175781,10417400
2001-08-21,73.74390411376953,115.81999969482422,118.54000091552734,115.80000305175781,117.80000305175781,14480800
2001-08-22,74.50798034667969,117.0199966430664,117.43000030517578,115.77999877929688,116.75,11752300
2001-08-23,74.24058532714844,116.5999984741211,117.5199966430664,116.48999786376953,116.95999908447266,8744100
2001-08-24,75.78143310546875,119.0199966430664,119.12999725341797,116.73999786376953,117.20999908447266,11687700
2001-08-27,75.3293685913086,118.30999755859375,119.19999694824219,118.26000213623047,118.97000122070312,7425100
2001-08-28,74.22783660888672,116.58000183105469,118.48999786376953,116.58000183105469,118.27999877929688,12046600
2001-08-29,73.56565856933594,115.54000091552734,117.18000030517578,115.16999816894531,117.12999725341797,16180000
2001-08-30,72.15217590332031,113.31999969482422,115.73999786376953,112.04000091552734,114.8499984741211,17692600
2001-08-31,72.68061065673828,114.1500015258789,114.7699966430664,113.12999725341797,113.4000015258789,15985400
2001-09-04,72.21580505371094,113.41999816894531,116.16999816894531,113.37000274658203,113.8499984741211,24473400
2001-09-05,72.39413452148438,113.69999694824219,114.19000244140625,111.94999694824219,113.69999694824219,21477100
2001-09-06,70.5285415649414,110.7699966430664,113.30000305175781,110.7699966430664,112.6500015258789,21653000
2001-09-07,69.22327423095703,108.72000122070312,111.25,108.62999725341797,110.0199966430664,33133900
2001-09-10,70.07011413574219,110.05000305175781,110.3499984741211,107.69999694824219,107.69999694824219,23408700
2001-09-17,66.40900421142578,104.30000305175781,106.4000015258789,100.0,101.0,32388700
2001-09-18,66.24980926513672,104.05000305175781,105.30000305175781,103.36000061035156,104.33000183105469,22029200
2001-09-19,64.91275024414062,101.94999694824219,104.5,98.55999755859375,104.0999984741211,42771800
2001-09-20,62.84982681274414,98.70999908447266,101.80999755859375,98.55999755859375,100.4000015258789,36210900
2001-09-21,62.171730041503906,97.27999877929688,98.98999786376953,93.80000305175781,94.27999877929688,49782100
2001-09-24,64.35741424560547,100.69999694824219,101.16000366210938,99.05999755859375,99.72000122070312,25549600
2001-09-25,65.02848815917969,101.75,102.0,99.9000015258789,100.75,25466200
2001-09-26,64.7984390258789,101.38999938964844,102.4000015258789,100.43000030517578,102.3499984741211,18587500
2001-09-27,65.36082458496094,102.2699966430664,102.29000091552734,100.0,101.25,20536800
2001-09-28,66.74769592285156,104.44000244140625,109.62000274658203,102.5,102.9800033569336,21687200
2001-10-01,66.63900756835938,104.2699966430664,104.31999969482422,102.83000183105469,103.9000015258789,20457400
2001-10-02,67.47625732421875,105.58000183105469,105.58000183105469,103.6500015258789,104.0,19833100
2001-10-03,68.60746002197266,107.3499984741211,107.87999725341797,104.3499984741211,104.5999984741211,32045800
2001-10-04,68.66497802734375,107.44000244140625,108.97000122070312,106.75,108.29000091552734,32674100
2001-10-05,68.53076171875,107.2300033569336,107.62000274658203,105.5199966430664,107.25,29796100
2001-10-08,68.08341217041016,106.52999877929688,107.30000305175781,105.87000274658203,106.2699966430664,12970300
2001-10-09,67.71915435791016,105.95999908447266,106.75,105.5999984741211,106.61000061035156,15976300
2001-10-10,69.2273941040039,108.31999969482422,108.55000305175781,105.5199966430664,105.80000305175781,19987400
2001-10-11,70.30107116699219,110.0,110.30000305175781,108.94999694824219,108.94999694824219,23006300
2001-10-12,69.98152160644531,109.5,109.88999938964844,107.30000305175781,109.1500015258789,31360500
2001-10-15,69.85369110107422,109.30000305175781,109.44999694824219,108.05999755859375,108.62999725341797,16873000
2001-10-16,70.294677734375,109.98999786376953,110.61000061035156,108.94999694824219,109.80000305175781,15877100
2001-10-17,68.7992172241211,107.6500015258789,111.1500015258789,107.6500015258789,111.06999969482422,28542300
2001-10-18,68.65217590332031,107.41999816894531,108.16000366210938,106.75,107.81999969482422,16510000
2001-10-19,68.60746002197266,107.3499984741211,107.91000366210938,106.01000213623047,107.0,21912500
2001-10-22,69.96234893798828,109.47000122070312,109.56999969482422,107.20999908447266,107.30000305175781,17540600
2001-10-23,69.60443115234375,108.91000366210938,110.27999877929688,108.37999725341797,109.95999908447266,22062500
2001-10-24,69.41913604736328,108.62000274658203,109.44999694824219,108.22000122070312,108.9800033569336,16065200
2001-10-25,70.6653823852539,110.56999969482422,110.5999984741211,106.73999786376953,107.44999694824219,27467900
2001-10-26,70.50556945800781,110.31999969482422,111.79000091552734,109.66999816894531,109.94999694824219,18623300
2001-10-29,68.6713638305664,107.44999694824219,110.55000305175781,107.44999694824219,110.16000366210938,18727500
2001-10-30,67.84696197509766,106.16000366210938,107.69999694824219,105.55999755859375,107.3499984741211,26178600
2001-10-31,67.61682891845703,105.80000305175781,107.86000061035156,105.80000305175781,106.9000015258789,28124200
2001-11-01,69.3487777709961,108.51000213623047,109.01000213623047,105.69999694824219,106.5999984741211,29806800
2001-11-02,69.82173156738281,109.25,109.37999725341797,107.87000274658203,108.44000244140625,17575900
2001-11-05,70.73567199707031,110.68000030517578,111.08999633789062,109.94999694824219,110.12000274658203,15929500
2001-11-06,71.83489990234375,112.4000015258789,112.4800033569336,109.8499984741211,110.3499984741211,23245800
2001-11-07,71.73907470703125,112.25,113.12000274658203,111.63999938964844,111.7699966430664,19716000
2001-11-08,71.96273803710938,112.5999984741211,114.08000183105469,111.9000015258789,112.87000274658203,22563500
2001-11-09,72.03939819335938,112.72000122070312,112.95999908447266,111.44000244140625,112.25,15895800
2001-11-12,71.59848022460938,112.02999877929688,112.6500015258789,110.0,111.0,26068800
2001-11-13,73.20904541015625,114.55000305175781,114.55000305175781,113.18000030517578,113.44000244140625,15296200
2001-11-14,73.279296875,114.66000366210938,115.4000015258789,113.70999908447266,115.16999816894531,17571300
2001-11-15,73.41348266601562,114.87000274658203,115.18000030517578,113.93000030517578,114.37000274658203,19470200
2001-11-16,73.08753967285156,114.36000061035156,115.0999984741211,113.4000015258789,115.08000183105469,18134900
2001-11-19,73.98869323730469,115.7699966430664,115.8499984741211,114.44999694824219,114.91999816894531,13625400
2001-11-20,73.3687744140625,114.80000305175781,115.80000305175781,114.63999938964844,115.37000274658203,16209700
2001-11-21,72.88306427001953,114.04000091552734,114.66999816894531,113.51000213623047,114.5,11470200
2001-11-23,73.93115234375,115.68000030517578,115.75,114.0,114.04000091552734,6717100
2001-11-26,74.09093475341797,115.93000030517578,116.33999633789062,115.06999969482422,115.75,13726000
2001-11-27,73.77137756347656,115.43000030517578,116.9000015258789,114.08999633789062,115.62000274658203,19261400
2001-11-28,72.4356689453125,113.33999633789062,115.16999816894531,113.25,114.73999786376953,20195500
2001-11-29,73.41348266601562,114.87000274658203,114.91999816894531,113.0,113.66000366210938,16354700
2001-11-30,72.88939666748047,114.05000305175781,114.91000366210938,114.0199966430664,114.4000015258789,13680300
2001-12-03,72.454833984375,113.37000274658203,114.08000183105469,113.01000213623047,113.6500015258789,15220400
2001-12-04,73.68191528320312,115.29000091552734,115.30000305175781,113.3499984741211,113.91999816894531,17239900
2001-12-05,75.03042602539062,117.4000015258789,118.0,115.55999755859375,115.61000061035156,25204000
2001-12-06,74.99207305908203,117.33999633789062,117.94000244140625,116.93000030517578,117.33999633789062,17972900
2001-12-07,74.49354553222656,116.55999755859375,117.08999633789062,115.69999694824219,116.9000015258789,18857800
2001-12-10,73.10033416748047,114.37999725341797,116.38999938964844,114.3499984741211,115.8499984741211,13862700
2001-12-11,72.9533462524414,114.1500015258789,115.72000122070312,113.9000015258789,114.9000015258789,20833300
2001-12-12,73.03644561767578,114.27999877929688,114.77999877929688,113.11000061035156,114.55000305175781,16171500
2001-12-13,71.61763000488281,112.05999755859375,113.69999694824219,112.04000091552734,113.44999694824219,19026700
2001-12-14,72.30146026611328,113.12999725341797,113.48999786376953,112.0,112.33000183105469,16721900
2001-12-17,73.04918670654297,114.30000305175781,114.36000061035156,112.9000015258789,112.98999786376953,13925900
2001-12-18,73.48380279541016,114.9800033569336,115.1500015258789,114.33999633789062,114.62999725341797,13663700
2001-12-19,74.00147247314453,115.79000091552734,115.91999816894531,114.0,114.08999633789062,20143400
2001-12-20,73.27288055419922,114.6500015258789,115.80000305175781,114.55000305175781,115.5,14867900
2001-12-21,73.71733856201172,114.94999694824219,115.06999969482422,114.19999694824219,115.02999877929688,14037700
2001-12-24,73.57622528076172,114.7300033569336,115.04000091552734,114.61000061035156,114.83000183105469,5728800
2001-12-26,73.98023986816406,115.36000061035156,116.20999908447266,114.6500015258789,114.6500015258789,10304800
2001-12-27,74.42916107177734,116.05999755859375,116.08000183105469,115.25,115.30000305175781,9407300
2001-12-28,74.39067077636719,116.0,116.75,115.91999816894531,116.29000091552734,10593800
2001-12-31,73.30049133300781,114.30000305175781,116.38999938964844,114.2300033569336,116.1500015258789,14619500
2002-01-02,74.0892562866211,115.52999877929688,115.75,113.80999755859375,115.11000061035156,18651900
2002-01-03,74.92935180664062,116.83999633789062,116.94999694824219,115.54000091552734,115.6500015258789,15743000
2002-01-04,75.42961883544922,117.62000274658203,117.9800033569336,116.55000305175781,117.16999816894531,20140700
2002-01-07,74.89728546142578,116.79000091552734,117.98999786376953,116.55999755859375,117.69999694824219,13106500
2002-01-08,74.72412109375,116.5199966430664,117.05999755859375,115.97000122070312,116.79000091552734,12683700
2002-01-09,74.11491394042969,115.56999969482422,117.77999877929688,115.33999633789062,116.68000030517578,16610300
2002-01-10,74.44197082519531,116.08000183105469,116.3499984741211,115.30000305175781,115.69000244140625,12823400
2002-01-11,73.71086883544922,114.94000244140625,116.27999877929688,114.69999694824219,116.20999908447266,13708400
2002-01-14,73.24917602539062,114.22000122070312,114.83999633789062,113.95999908447266,114.6500015258789,12301100
2002-01-15,73.84556579589844,115.1500015258789,115.38999938964844,113.9000015258789,114.55000305175781,20219900
2002-01-16,72.35134887695312,112.81999969482422,114.4000015258789,112.69000244140625,114.30000305175781,17067000
2002-01-17,72.89643096923828,113.66999816894531,114.23999786376953,113.4000015258789,113.76000213623047,17283400
2002-01-18,72.56297302246094,113.1500015258789,113.8499984741211,112.66999816894531,113.0,17028000
2002-01-22,72.06277465820312,112.37000274658203,113.93000030517578,112.0199966430664,113.75,11689300
2002-01-23,72.61428833007812,113.2300033569336,113.55000305175781,112.0199966430664,112.62999725341797,12438900
2002-01-24,72.83873748779297,113.58000183105469,114.25,113.31999969482422,113.63999938964844,12142800
2002-01-25,72.8194580078125,113.55000305175781,114.18000030517578,113.04000091552734,113.12000274658203,12810700
2002-01-28,73.01829528808594,113.86000061035156,114.19000244140625,112.91999816894531,113.9000015258789,10589200
2002-01-29,70.722412109375,110.27999877929688,114.12999725341797,110.05000305175781,113.8499984741211,27720800
2002-01-30,71.74214172363281,111.87000274658203,113.38999938964844,108.4000015258789,110.38999938964844,34711800
2002-01-31,72.58219909667969,113.18000030517578,113.30000305175781,111.62000274658203,112.1500015258789,19909200
2002-02-01,72.24231719970703,112.6500015258789,113.30000305175781,112.16999816894531,113.08999633789062,15838500
2002-02-04,70.4466781616211,109.8499984741211,112.2300033569336,109.44000244140625,112.2300033569336,24243400
2002-02-05,70.01061248779297,109.16999816894531,110.48999786376953,108.52999877929688,109.4000015258789,33614000
2002-02-06,69.70919799804688,108.69999694824219,109.73999786376953,108.05999755859375,109.6500015258789,29486000
2002-02-07,69.2730941772461,108.0199966430664,109.86000061035156,108.0,108.72000122070312,23445400
2002-02-08,70.60057830810547,110.08999633789062,110.75,108.30000305175781,108.62999725341797,19277800
2002-02-11,71.46632385253906,111.44000244140625,111.63999938964844,109.81999969482422,110.05000305175781,18792400
2002-02-12,71.24189758300781,111.08999633789062,111.70999908447266,110.02999877929688,110.95999908447266,13942500
2002-02-13,71.99861907958984,112.2699966430664,112.54000091552734,111.3499984741211,111.4800033569336,16781100
2002-02-14,71.86396026611328,112.05999755859375,112.97000122070312,111.58999633789062,112.51000213623047,20453800
2002-02-15,71.1136474609375,110.88999938964844,112.23999786376953,110.70999908447266,112.1500015258789,18366800
2002-02-19,69.74769592285156,108.76000213623047,110.29000091552734,108.61000061035156,110.1500015258789,15988100
2002-02-20,70.9212417602539,110.58999633789062,110.58999633789062,107.81999969482422,109.05000305175781,29242800
2002-02-21,69.45267486572266,108.30000305175781,110.62999725341797,108.26000213623047,109.93000030517578,26288600
2002-02-22,70.3119888305664,109.63999938964844,109.94000244140625,107.87000274658203,108.3499984741211,26572900
2002-02-25,71.47274017333984,111.44999694824219,111.80999755859375,109.69999694824219,109.73999786376953,17458700
2002-02-26,71.32526397705078,111.22000122070312,112.04000091552734,110.56999969482422,111.5999984741211,22346500
2002-02-27,71.60100555419922,111.6500015258789,112.86000061035156,110.6500015258789,111.95999908447266,28597900
2002-02-28,71.2803726196289,111.1500015258789,112.75,111.02999877929688,111.83000183105469,23755400
2002-03-01,72.9413070678711,113.73999786376953,113.8499984741211,111.51000213623047,111.72000122070312,26273600
2002-03-04,74.23033905029297,115.75,115.98999786376953,113.6500015258789,113.9000015258789,27184600
2002-03-05,73.99308013916016,115.37999725341797,116.4000015258789,114.97000122070312,115.33000183105469,22718900
2002-03-06,74.87162780761719,116.75,117.1500015258789,115.06999969482422,115.0999984741211,20143200
2002-03-07,74.71136474609375,116.5,117.5,115.56999969482422,117.36000061035156,19330800
2002-03-08,75.02555084228516,116.98999786376953,117.9000015258789,116.4800033569336,117.37999725341797,19930100
2002-03-11,75.18588256835938,117.23999786376953,117.9000015258789,116.43000030517578,116.88999938964844,15621800
2002-03-12,75.14098358154297,117.16999816894531,117.25,115.94000244140625,116.0999984741211,17153600
2002-03-13,74.41632843017578,116.04000091552734,116.75,115.63999938964844,116.62999725341797,17175300
2002-03-14,74.313720703125,115.87999725341797,116.43000030517578,115.62999725341797,116.04000091552734,11168100
2002-03-15,75.02182006835938,116.6500015258789,116.94999694824219,115.9000015258789,115.97000122070312,21220100
2002-03-18,75.03468322753906,116.66999816894531,117.55999755859375,116.0999984741211,117.0999984741211,17548900
2002-03-19,75.53634643554688,117.44999694824219,117.73999786376953,116.81999969482422,117.30000305175781,17912000
2002-03-20,74.11497497558594,115.23999786376953,116.58000183105469,115.19000244140625,116.5,17114500
2002-03-21,74.14716339111328,115.29000091552734,115.9000015258789,114.12000274658203,115.30000305175781,25846800
2002-03-22,73.98635864257812,115.04000091552734,115.94000244140625,114.69999694824219,115.5,15235400
2002-03-25,73.06668090820312,113.61000061035156,115.36000061035156,113.30000305175781,115.08999633789062,17499600
2002-03-26,73.49114227294922,114.2699966430664,115.0199966430664,113.47000122070312,113.5199966430664,19947600
2002-03-27,73.68409729003906,114.56999969482422,115.01000213623047,113.76000213623047,114.02999877929688,19020300
2002-03-28,73.65191650390625,114.5199966430664,115.7699966430664,114.5,114.97000122070312,17532900
2002-04-01,73.68409729003906,114.56999969482422,115.0999984741211,113.5,114.2300033569336,17711000
2002-04-02,73.27892303466797,113.94000244140625,114.94999694824219,113.7699966430664,113.9800033569336,15669500
2002-04-03,72.76436614990234,113.13999938964844,114.20999908447266,112.16000366210938,114.01000213623047,25658500
2002-04-04,72.46212005615234,112.66999816894531,113.4000015258789,112.2300033569336,112.5999984741211,23549000
2002-04-05,72.47500610351562,112.69000244140625,113.62999725341797,112.18000030517578,113.19000244140625,19404900
2002-04-08,72.6293716430664,112.93000030517578,113.02999877929688,111.2300033569336,111.31999969482422,16470100
2002-04-09,72.12127685546875,112.13999938964844,113.18000030517578,111.93000030517578,113.18000030517578,15122700
2002-04-10,72.93806457519531,113.41000366210938,113.54000091552734,112.08999633789062,112.0999984741211,17199300
2002-04-11,71.12439727783203,110.58999633789062,113.05000305175781,110.5,112.88999938964844,25453700
2002-04-12,71.658203125,111.41999816894531,111.6500015258789,110.04000091552734,111.0199966430664,14950600
2002-04-15,71.11156463623047,110.56999969482422,111.86000061035156,110.19999694824219,111.62000274658203,17394900
2002-04-16,72.80298614501953,113.19999694824219,113.31999969482422,111.66999816894531,111.69999694824219,15040900
2002-04-17,72.64862060546875,112.95999908447266,113.66999816894531,112.5999984741211,113.38999938964844,12920100
2002-04-18,72.3334732055664,112.47000122070312,113.45999908447266,111.1500015258789,112.9000015258789,25204800
2002-04-19,72.59715270996094,112.87999725341797,113.23999786376953,112.55999755859375,113.19999694824219,10499200
2002-04-22,71.38809204101562,111.0,112.43000030517578,110.83999633789062,112.37999725341797,13922900
2002-04-23,71.07939147949219,110.5199966430664,111.4800033569336,110.16999816894531,111.08999633789062,16967000
2002-04-24,70.3655014038086,109.41000366210938,111.80999755859375,109.4000015258789,110.55999755859375,18902700
2002-04-25,70.40410614013672,109.47000122070312,109.73999786376953,108.72000122070312,109.20999908447266,25451500
2002-04-26,69.06636047363281,107.38999938964844,110.01000213623047,107.29000091552734,109.79000091552734,19769800
2002-04-29,68.72553253173828,106.86000061035156,108.26000213623047,106.62999725341797,107.93000030517578,17724400
2002-04-30,69.36864471435547,107.86000061035156,108.63999938964844,106.63999938964844,107.0199966430664,19473500
2002-05-01,70.21759033203125,109.18000030517578,109.25,106.80000305175781,107.97000122070312,24575600
2002-05-02,69.94747161865234,108.76000213623047,109.91000366210938,107.77999877929688,109.0999984741211,15666800
2002-05-03,69.18860626220703,107.58000183105469,108.76000213623047,107.19999694824219,108.5999984741211,18185500
2002-05-06,67.83152770996094,105.47000122070312,107.98999786376953,105.30999755859375,107.63999938964844,23630400
2002-05-07,67.59355163574219,105.0999984741211,106.31999969482422,104.9000015258789,106.0999984741211,21910000
2002-05-08,70.10826873779297,109.01000213623047,109.36000061035156,106.79000091552734,107.05000305175781,27917400
2002-05-09,69.2978744506836,107.75,109.0999984741211,107.58000183105469,108.6500015258789,18085600
2002-05-10,67.9923095703125,105.72000122070312,108.05000305175781,105.5999984741211,107.97000122070312,18958900
2002-05-13,69.37506866455078,107.87000274658203,107.94999694824219,105.79000091552734,106.22000122070312,14677700
2002-05-14,70.88648223876953,110.22000122070312,110.37000274658203,109.0,109.62000274658203,34201200
2002-05-15,70.60992431640625,109.79000091552734,110.91000366210938,109.29000091552734,109.5,29535300
2002-05-16,70.97647857666016,110.36000061035156,110.4800033569336,109.33000183105469,109.69999694824219,28092000
2002-05-17,71.32379150390625,110.9000015258789,111.25,110.0999984741211,110.66000366210938,27823700
2002-05-20,70.552001953125,109.69999694824219,110.69000244140625,109.48999786376953,110.63999938964844,13833800
2002-05-21,69.90889739990234,108.69999694824219,110.4800033569336,108.31999969482422,110.11000061035156,16877200
2002-05-22,70.06324005126953,108.94000244140625,109.12000274658203,108.0,108.22000122070312,15844200
2002-05-23,70.80928802490234,110.0999984741211,110.36000061035156,108.4800033569336,109.26000213623047,13879800
2002-05-24,69.9024429321289,108.69000244140625,110.19999694824219,108.61000061035156,109.9800033569336,11877000
2002-05-28,69.52302551269531,108.0999984741211,109.12999725341797,107.44999694824219,109.05000305175781,24236900
2002-05-29,69.00845336914062,107.30000305175781,108.0199966430664,107.12999725341797,107.62000274658203,14773300
2002-05-30,68.81555938720703,107.0,107.51000213623047,105.9000015258789,106.55000305175781,18217900
2002-05-31,68.95704650878906,107.22000122070312,108.55999755859375,106.8499984741211,107.4000015258789,19826300
2002-06-03,67.12409210205078,104.37000274658203,107.5999984741211,104.12999725341797,107.08999633789062,26056300
2002-06-04,67.29132080078125,104.62999725341797,105.19999694824219,103.55000305175781,104.1500015258789,25856200
2002-06-05,67.9216079711914,105.61000061035156,105.66999816894531,104.3499984741211,104.94999694824219,19695900
2002-06-06,66.53882598876953,103.45999908447266,105.5999984741211,103.1500015258789,105.54000091552734,22998500
2002-06-07,66.46165466308594,103.33999633789062,103.91999816894531,101.72000122070312,101.77999877929688,24011600
2002-06-10,66.71890258789062,103.73999786376953,104.45999908447266,103.0199966430664,103.23999786376953,18759900
2002-06-11,65.57411193847656,101.95999908447266,104.54000091552734,101.7300033569336,104.12999725341797,19990700
2002-06-12,65.97289276123047,102.58000183105469,102.80999755859375,100.77999877929688,101.70999908447266,31266000
2002-06-13,65.31049346923828,101.55000305175781,103.0,101.33999633789062,102.12999725341797,21043900
2002-06-14,65.21399688720703,101.4000015258789,101.55999755859375,98.5,100.30999755859375,39267500
2002-06-17,66.96334838867188,104.12000274658203,104.33999633789062,101.8499984741211,101.91999816894531,17647200
2002-06-18,67.5099868774414,104.97000122070312,105.02999877929688,103.62999725341797,103.73999786376953,21628500
2002-06-19,65.93428802490234,102.5199966430664,104.43000030517578,102.23999786376953,103.5,21540700
2002-06-20,65.091796875,101.20999908447266,103.05000305175781,100.95999908447266,102.26000213623047,25691000
2002-06-21,64.07401275634766,99.27999877929688,100.93000030517578,98.68000030517578,100.47000122070312,31190700
2002-06-24,64.40961456298828,99.80000305175781,100.69000244140625,97.25,98.61000061035156,37169700
2002-06-25,62.96391677856445,97.55999755859375,100.88999938964844,97.54000091552734,100.30000305175781,33355000
2002-06-26,63.06719207763672,97.72000122070312,98.1500015258789,95.19000244140625,95.19999694824219,37913600
2002-06-27,64.17081451416016,99.43000030517578,99.48999786376953,96.56999969482422,98.5,31616400
2002-06-28,63.867515563964844,98.95999908447266,100.5,98.87999725341797,99.23999786376953,28184200
2002-07-01,62.621883392333984,97.02999877929688,99.80000305175781,96.88999938964844,99.18000030517578,20270200
2002-07-02,61.292415618896484,94.97000122070312,97.19999694824219,94.7699966430664,96.86000061035156,34213900
2002-07-03,61.640899658203125,95.51000213623047,95.83999633789062,93.72000122070312,94.62000274658203,30565800
2002-07-05,64.0933609008789,99.30999755859375,99.52999877929688,96.66000366210938,96.77999877929688,19013500
2002-07-08,63.29310607910156,98.06999969482422,99.69999694824219,97.55999755859375,98.9800033569336,19118600
2002-07-09,61.6989860534668,95.5999984741211,98.33999633789062,95.01000213623047,97.7300033569336,28620400
2002-07-10,59.45304870605469,92.12000274658203,96.06999969482422,92.04000091552734,96.0,50522500
2002-07-11,59.937110900878906,92.87000274658203,93.3499984741211,90.31999969482422,91.76000213623047,59476500
2002-07-12,59.27881622314453,91.8499984741211,93.88999938964844,91.5199966430664,93.33000183105469,39018600
2002-07-15,59.59507369995117,92.33999633789062,92.4000015258789,87.88999938964844,91.63999938964844,77317200
2002-07-16,58.44623565673828,90.55999755859375,92.37999725341797,89.87000274658203,91.12000274658203,53282400
2002-07-17,58.5623779296875,90.73999786376953,93.30000305175781,89.75,92.45999908447266,48880600
2002-07-18,56.66500473022461,87.80000305175781,91.0999984741211,87.75,90.69999694824219,32656700
2002-07-19,54.67073059082031,84.70999908447266,87.55000305175781,84.30000305175781,86.76000213623047,77572600
2002-07-22,53.050819396972656,82.19999694824219,85.91000366210938,81.44999694824219,84.0999984741211,78134000
2002-07-23,51.598670959472656,79.94999694824219,83.23999786376953,79.75,82.55000305175781,74484100
2002-07-24,54.677188873291016,84.72000122070312,85.12000274658203,77.68000030517578,78.12999725341797,107022800
2002-07-25,54.21249008178711,84.0,85.8499984741211,81.5999984741211,84.2699966430664,87176600
2002-07-26,55.2451057434082,85.5999984741211,85.93000030517578,83.80000305175781,84.6500015258789,41206800
2002-07-29,57.93638610839844,89.7699966430664,90.33999633789062,87.30000305175781,87.5,53492900
2002-07-30,58.69148635864258,90.94000244140625,91.4000015258789,88.72000122070312,89.31999969482422,47532200
2002-07-31,58.83350372314453,91.16000366210938,91.55000305175781,89.25,90.48999786376953,44669900
2002-08-01,57.297454833984375,88.77999877929688,91.3499984741211,88.33000183105469,90.87999725341797,66571900
2002-08-02,56.013153076171875,86.79000091552734,88.91000366210938,85.62000274658203,88.5,51772900
2002-08-05,54.06405258178711,83.7699966430664,86.93000030517578,83.55000305175781,86.48999786376953,47191300
2002-08-06,55.88404083251953,86.58999633789062,87.9000015258789,85.11000061035156,85.2300033569336,64730000
2002-08-07,56.85859680175781,88.0999984741211,88.5,85.7699966430664,87.87000274658203,43289400
2002-08-08,58.69792556762695,90.94999694824219,91.0999984741211,87.80000305175781,88.41999816894531,48339800
2002-08-09,58.91738510131836,91.29000091552734,91.94000244140625,89.3499984741211,90.0999984741211,41879200
2002-08-12,58.4849853515625,90.62000274658203,91.2699966430664,89.55000305175781,89.98999786376953,25841700
2002-08-13,57.420074462890625,88.97000122070312,91.66000366210938,88.6500015258789,90.1500015258789,49690500
2002-08-14,59.5175666809082,92.22000122070312,92.62999725341797,88.0199966430664,89.0199966430664,57423600
2002-08-15,60.34368133544922,93.5,93.98999786376953,92.19999694824219,92.83999633789062,45551500
2002-08-16,60.1629638671875,93.22000122070312,94.08000183105469,92.0,92.81999969482422,36517300
2002-08-19,61.56989669799805,95.4000015258789,95.75,93.0999984741211,93.45999908447266,33669900
2002-08-20,60.91807556152344,94.38999938964844,95.4000015258789,93.62000274658203,94.81999969482422,30508300
2002-08-21,61.79581069946289,95.75,95.77999877929688,93.56999969482422,95.05999755859375,39628900
2002-08-22,62.39601135253906,96.68000030517578,97.1500015258789,95.06999969482422,95.48999786376953,38399800
2002-08-23,61.05362319946289,94.5999984741211,96.1500015258789,94.1500015258789,96.01000213623047,33716400
2002-08-26,61.47956085205078,95.26000213623047,95.63999938964844,93.5,94.91000366210938,33830100
2002-08-27,60.7696533203125,94.16000366210938,96.25,93.5,95.69999694824219,35335700
2002-08-28,59.44014358520508,92.0999984741211,93.48999786376953,91.80000305175781,93.27999877929688,38970600
2002-08-29,59.46596908569336,92.13999938964844,93.05000305175781,90.80999755859375,91.2699966430664,42965700
2002-08-30,59.23362731933594,91.77999877929688,93.38999938964844,91.4000015258789,91.68000030517578,30366700
2002-09-03,56.97475814819336,88.27999877929688,91.0,88.1500015258789,90.7300033569336,76586400
2002-09-04,57.78793716430664,89.54000091552734,90.25,88.05999755859375,88.61000061035156,51099500
2002-09-05,57.297454833984375,88.77999877929688,89.43000030517578,87.5,88.48999786376953,67250900
2002-09-06,58.08483123779297,90.0,90.56999969482422,89.33999633789062,89.75,38622200
2002-09-09,58.510772705078125,90.66000366210938,91.3499984741211,88.80000305175781,89.0999984741211,33998400
2002-09-10,59.181949615478516,91.69999694824219,91.77999877929688,90.55999755859375,91.13999938964844,41416600
2002-09-11,58.814083099365234,91.12999725341797,93.33000183105469,91.0999984741211,92.47000122070312,27711200
2002-09-12,57.72985076904297,89.44999694824219,90.83999633789062,88.98999786376953,90.75,43601700
2002-09-13,57.87184143066406,89.66999816894531,89.9000015258789,88.25,88.69000244140625,41131000
2002-09-16,58.01382827758789,89.88999938964844,89.88999938964844,88.45999908447266,89.30999755859375,28167600
2002-09-17,56.68434524536133,87.83000183105469,91.19000244140625,87.75,90.88999938964844,47609700
2002-09-18,56.11640930175781,86.94999694824219,88.5,86.27999877929688,87.01000213623047,54719400
2002-09-19,54.664302825927734,84.69999694824219,86.80000305175781,84.69999694824219,85.98999786376953,48510500
2002-09-20,54.682430267333984,84.3499984741211,85.19999694824219,84.05000305175781,84.91999816894531,46325600
2002-09-23,54.235111236572266,83.66000366210938,84.05999755859375,82.69000244140625,83.6500015258789,46893800
2002-09-24,53.359928131103516,82.30999755859375,83.6500015258789,81.8499984741211,82.44000244140625,69507000
2002-09-25,54.682430267333984,84.3499984741211,84.7699966430664,82.04000091552734,83.37000274658203,59294400
2002-09-26,55.57706069946289,85.7300033569336,85.97000122070312,84.44999694824219,85.0199966430664,53638000
2002-09-27,53.64518356323242,82.75,85.62999725341797,82.75,85.0,64648300
2002-09-30,53.02284622192383,81.79000091552734,82.80000305175781,80.9000015258789,82.0,73096400
2002-10-01,55.57057189941406,85.72000122070312,85.7699966430664,81.47000122070312,82.43000030517578,67198100
2002-10-02,53.904518127441406,83.1500015258789,85.52999877929688,82.5999984741211,84.69000244140625,56749100
2002-10-03,53.359928131103516,82.30999755859375,84.5999984741211,81.94999694824219,83.13999938964844,55547000
2002-10-04,52.38105010986328,80.80000305175781,82.91999816894531,79.58000183105469,82.80000305175781,68483700
2002-10-07,51.29840087890625,79.12999725341797,81.19999694824219,78.55000305175781,80.05999755859375,53188000
2002-10-08,52.10227966308594,80.37000274658203,81.30999755859375,78.19999694824219,79.80999755859375,79531000
2002-10-09,50.630680084228516,78.0999984741211,79.69999694824219,77.77999877929688,79.08999633789062,79956400
2002-10-10,52.27084732055664,80.62999725341797,81.06999969482422,77.06999969482422,77.94000244140625,76749000
2002-10-11,54.55924987792969,84.16000366210938,84.7300033569336,81.81999969482422,82.0999984741211,82308300
2002-10-14,54.863929748535156,84.62999725341797,84.8499984741211,83.04000091552734,83.19999694824219,40631900
2002-10-15,57.5024528503418,88.69999694824219,88.72000122070312,86.8499984741211,86.98999786376953,82320300
2002-10-16,56.10863494873047,86.55000305175781,87.80000305175781,85.91999816894531,87.41000366210938,62977800
2002-10-17,57.22368621826172,88.2699966430664,89.30000305175781,87.8499984741211,88.87000274658203,68534100
2002-10-18,57.463558197021484,88.63999938964844,89.11000061035156,86.93000030517578,87.6500015258789,47448700
2002-10-21,58.45539474487305,90.16999816894531,90.5,87.56999969482422,88.12000274658203,45859100
2002-10-22,58.03403091430664,89.5199966430664,90.01000213623047,88.5199966430664,89.05000305175781,40966800
2002-10-23,58.47487258911133,90.19999694824219,90.2699966430664,87.68000030517578,88.7699966430664,54905800
2002-10-24,57.28203582763672,88.36000061035156,90.9000015258789,88.0999984741211,90.75,54987400
2002-10-25,58.47487258911133,90.19999694824219,90.38999938964844,87.94000244140625,88.20999908447266,43672100
2002-10-28,58.09239959716797,89.61000061035156,91.29000091552734,88.8499984741211,91.1500015258789,39416100
2002-10-29,57.418174743652344,88.56999969482422,89.48999786376953,87.0,89.08000183105469,59508200
2002-10-30,57.97570037841797,89.43000030517578,89.95999908447266,88.2300033569336,88.68000030517578,41688600
2002-10-31,57.385738372802734,88.5199966430664,90.30000305175781,88.19000244140625,89.66000366210938,41620600
2002-11-01,58.52023696899414,90.2699966430664,90.81999969482422,88.05000305175781,88.3499984741211,51878900
2002-11-04,59.07776641845703,91.12999725341797,92.94000244140625,90.9000015258789,91.80000305175781,49080600
2002-11-05,59.54451370239258,91.8499984741211,92.06999969482422,90.83999633789062,90.83999633789062,37270800
2002-11-06,60.31600570678711,93.04000091552734,93.06999969482422,90.79000091552734,92.4800033569336,65013100
2002-11-07,58.837890625,90.76000213623047,92.22000122070312,90.22000122070312,92.0199966430664,51572000
2002-11-08,58.118324279785156,89.6500015258789,91.56999969482422,89.5199966430664,90.52999877929688,37905400
2002-11-11,57.21721267700195,88.26000213623047,89.55999755859375,87.80000305175781,89.51000213623047,33505100
2002-11-12,57.670989990234375,88.95999908447266,89.93000030517578,88.37000274658203,88.66000366210938,37724500
2002-11-13,57.729331970214844,89.05000305175781,89.73999786376953,87.44999694824219,88.31999969482422,63891500
2002-11-14,58.818450927734375,90.7300033569336,91.0,89.75,90.06999969482422,31896800
2002-11-15,59.252811431884766,91.4000015258789,91.55000305175781,89.94999694824219,90.0,39152100
2002-11-18,58.656394958496094,90.4800033569336,92.1500015258789,90.3499984741211,92.1500015258789,28934800
2002-11-19,58.57856369018555,90.36000061035156,91.0999984741211,89.76000213623047,90.0199966430664,32806600
2002-11-20,59.88165283203125,92.37000274658203,92.41999816894531,89.94999694824219,89.9800033569336,36688400
2002-11-21,60.99669647216797,94.08999633789062,94.19000244140625,92.43000030517578,92.5999984741211,55128200
2002-11-22,60.56231689453125,93.41999816894531,94.2699966430664,93.2699966430664,93.4800033569336,32513800
2002-11-25,60.6012077331543,93.4800033569336,94.26000213623047,92.7699966430664,93.43000030517578,33846400
2002-11-26,59.447288513183594,91.69999694824219,93.44999694824219,91.62000274658203,93.06999969482422,42284700
2002-11-27,61.119869232177734,94.27999877929688,94.6500015258789,92.43000030517578,92.5199966430664,37764000
2002-11-29,60.92533874511719,93.9800033569336,94.94999694824219,93.7699966430664,94.80000305175781,19385700
2002-12-02,61.02260971069336,94.12999725341797,96.05000305175781,93.22000122070312,95.47000122070312,49911900
2002-12-03,60.2057991027832,92.87000274658203,93.4000015258789,92.3499984741211,93.25,34407700
2002-12-04,59.93348693847656,92.44999694824219,93.13999938964844,91.43000030517578,91.7699966430664,64040800
2002-12-05,59.27227020263672,91.43000030517578,92.80000305175781,91.0999984741211,92.7300033569336,36724900
2002-12-06,59.66122055053711,92.02999877929688,92.16999816894531,89.9800033569336,90.12000274658203,49824100
2002-12-09,58.02107238769531,89.5,91.45999908447266,89.4800033569336,91.06999969482422,36789600
2002-12-10,58.799007415771484,90.69999694824219,91.0999984741211,89.76000213623047,90.0199966430664,33319900
2002-12-11,58.85087966918945,90.77999877929688,91.62000274658203,90.16000366210938,90.41999816894531,39201000
2002-12-12,58.84434509277344,90.7699966430664,91.48999786376953,90.19999694824219,91.19999694824219,34465600
2002-12-13,57.91737365722656,89.33999633789062,90.4800033569336,89.2699966430664,89.91000366210938,36862200
2002-12-16,59.41487503051758,91.6500015258789,91.79000091552734,89.66000366210938,89.81999969482422,37098400
2002-12-17,58.8962516784668,90.8499984741211,91.73999786376953,90.73999786376953,91.37000274658203,32353900
2002-12-18,58.215572357177734,89.80000305175781,90.4000015258789,89.33000183105469,90.31999969482422,35612600
2002-12-19,57.8006477355957,89.16000366210938,90.69999694824219,88.5999984741211,89.3499984741211,39264200
2002-12-20,58.62541198730469,89.98999786376953,90.0199966430664,89.0999984741211,89.19999694824219,31176900
2002-12-23,58.644954681396484,90.0199966430664,90.47000122070312,89.30999755859375,89.58999633789062,22599300
2002-12-24,58.2084846496582,89.3499984741211,89.86000061035156,89.25,89.58999633789062,10937000
2002-12-26,58.234535217285156,89.38999938964844,90.61000061035156,88.83999633789062,89.69999694824219,17485600
2002-12-27,56.92508316040039,87.37999725341797,89.29000091552734,87.37999725341797,88.95999908447266,22205700
2002-12-30,57.400657653808594,88.11000061035156,88.47000122070312,87.22000122070312,87.79000091552734,29968000
2002-12-31,57.47884750366211,88.2300033569336,88.43000030517578,87.11000061035156,87.98999786376953,34036600
2003-01-02,59.329017639160156,91.06999969482422,91.30000305175781,88.54000091552734,88.8499984741211,44516300
2003-01-03,59.51139831542969,91.3499984741211,91.37999725341797,90.5,90.91000366210938,32222600
2003-01-06,60.56026840209961,92.95999908447266,93.48999786376953,91.16999816894531,91.23999786376953,40984500
2003-01-07,60.410438537597656,92.7300033569336,93.37000274658203,92.19999694824219,92.9000015258789,38640400
2003-01-08,59.53745651245117,91.38999938964844,92.4000015258789,91.05000305175781,92.19999694824219,38702200
2003-01-09,60.46255874633789,92.80999755859375,93.18000030517578,91.41000366210938,91.81999969482422,34804900
2003-01-10,60.62541961669922,93.05999755859375,93.63999938964844,91.80000305175781,91.94999694824219,37768900
2003-01-13,60.60585403442383,93.02999877929688,93.86000061035156,92.44000244140625,93.54000091552734,31649900
2003-01-14,60.801307678222656,93.33000183105469,93.83000183105469,92.41000366210938,92.69000244140625,30733000
2003-01-15,60.19544219970703,92.4000015258789,93.56999969482422,91.91000366210938,93.54000091552734,33511800
2003-01-16,59.9478759765625,92.0199966430664,92.93000030517578,91.44999694824219,92.5,44812100
2003-01-17,59.061912536621094,90.66000366210938,92.30000305175781,90.1500015258789,90.98999786376953,35618300
2003-01-21,58.143348693847656,89.25,90.91999816894531,88.94999694824219,90.87000274658203,36826200
2003-01-22,57.43974304199219,88.16999816894531,89.80000305175781,88.0,88.7699966430664,42286500
2003-01-23,57.79153060913086,88.70999908447266,89.37999725341797,87.94999694824219,88.75,55919800
2003-01-24,56.27360534667969,86.37999725341797,88.68000030517578,86.16999816894531,88.58999633789062,68633900
2003-01-27,55.50489044189453,85.19999694824219,86.80000305175781,84.5,85.7300033569336,57884400
2003-01-28,55.915306091308594,85.83000183105469,86.4000015258789,85.12999725341797,85.62999725341797,46929100
2003-01-29,56.338775634765625,86.4800033569336,87.18000030517578,84.7699966430664,85.41999816894531,53712200
2003-01-30,55.003265380859375,84.43000030517578,86.87999725341797,84.4000015258789,86.79000091552734,49845900
2003-01-31,56.065128326416016,86.05999755859375,86.20999908447266,84.1500015258789,84.1500015258789,55317000
2003-02-03,56.17589569091797,86.2300033569336,86.80999755859375,85.91999816894531,86.13999938964844,39696000
2003-02-04,55.62215042114258,85.37999725341797,85.75,84.30000305175781,85.30999755859375,43633400
2003-02-05,55.276859283447266,84.8499984741211,86.54000091552734,84.4800033569336,85.75,55270600
2003-02-06,55.016292572021484,84.44999694824219,84.88999938964844,83.6500015258789,84.37000274658203,53638000
2003-02-07,54.345279693603516,83.41999816894531,84.98999786376953,82.97000122070312,84.91000366210938,43165000
2003-02-10,54.729637145996094,84.01000213623047,84.12999725341797,82.6500015258789,83.45999908447266,45455900
2003-02-11,54.35179901123047,83.43000030517578,84.87999725341797,82.83000183105469,84.37000274658203,46861000
2003-02-12,53.48535919189453,82.0999984741211,83.62000274658203,82.08999633789062,83.16000366210938,35873600
2003-02-13,53.64822006225586,82.3499984741211,82.66000366210938,81.0,82.1500015258789,57934100
2003-02-14,54.82086181640625,84.1500015258789,84.19999694824219,81.81999969482422,82.37000274658203,59580900
2003-02-18,55.78501510620117,85.62999725341797,85.80000305175781,84.38999938964844,84.52999877929688,39492700
2003-02-19,55.49188995361328,85.18000030517578,85.47000122070312,84.27999877929688,85.31999969482422,31432000
2003-02-20,54.938140869140625,84.33000183105469,85.41999816894531,84.05000305175781,85.20999908447266,29280100
2003-02-21,55.49188995361328,85.18000030517578,85.73999786376953,83.45999908447266,84.37999725341797,60955800
2003-02-24,54.59284210205078,83.80000305175781,85.0,83.58999633789062,84.93000030517578,30628600
2003-02-25,55.029319763183594,84.47000122070312,84.48999786376953,82.22000122070312,82.94999694824219,56770600
2003-02-26,54.22800827026367,83.23999786376953,84.52999877929688,83.08000183105469,84.0199966430664,37787200
2003-02-27,54.94462966918945,84.33999633789062,84.75,83.16000366210938,83.69999694824219,51126000
2003-02-28,55.309478759765625,84.9000015258789,85.2300033569336,84.16000366210938,84.47000122070312,43666800
2003-03-03,54.781734466552734,84.08999633789062,85.77999877929688,83.72000122070312,85.26000213623047,42923100
2003-03-04,53.908809661865234,82.75,84.01000213623047,82.6500015258789,83.94999694824219,31440500
2003-03-05,54.3648567199707,83.44999694824219,83.54000091552734,82.36000061035156,82.61000061035156,43974700
2003-03-06,53.908809661865234,82.75,83.5199966430664,82.47000122070312,82.87000274658203,41217700
2003-03-07,54.28013229370117,83.31999969482422,83.98999786376953,81.43000030517578,81.61000061035156,63538000
2003-03-10,52.97721481323242,81.31999969482422,82.86000061035156,81.0999984741211,82.5999984741211,41014100
2003-03-11,52.456016540527344,80.5199966430664,82.0,80.4800033569336,81.4800033569336,48102700
2003-03-12,52.80781555175781,81.05999755859375,81.0999984741211,79.37999725341797,80.37999725341797,62459800
2003-03-13,54.631919860839844,83.86000061035156,83.91000366210938,81.52999877929688,82.18000030517578,72117800
2003-03-14,54.80780792236328,84.12999725341797,84.7699966430664,83.3499984741211,84.19999694824219,63951800
2003-03-17,56.534210205078125,86.77999877929688,86.94999694824219,83.22000122070312,83.45999908447266,88217500
2003-03-18,56.866458892822266,87.29000091552734,87.3499984741211,86.27999877929688,87.1500015258789,50792300
2003-03-19,57.30292510986328,87.95999908447266,88.16000366210938,86.68000030517578,87.27999877929688,49630800
2003-03-20,57.426719665527344,88.1500015258789,88.58999633789062,86.3499984741211,87.33000183105469,67321600
2003-03-21,58.652469635009766,89.66999816894531,89.87999725341797,87.93000030517578,88.80000305175781,71165300
2003-03-24,56.70329284667969,86.69000244140625,88.13999938964844,86.3499984741211,88.0199966430664,65398900
2003-03-25,57.246185302734375,87.5199966430664,88.26000213623047,86.44000244140625,86.73999786376953,61040100
2003-03-26,56.95838928222656,87.08000183105469,87.8499984741211,86.80000305175781,87.55999755859375,45740800
2003-03-27,57.00418472290039,87.1500015258789,87.66000366210938,85.98999786376953,86.4000015258789,53120200
2003-03-28,56.716331481933594,86.70999908447266,87.27999877929688,86.25,86.47000122070312,32583000
2003-03-31,55.427772521972656,84.73999786376953,86.58999633789062,84.4000015258789,85.3499984741211,61119500
2003-04-01,56.27812194824219,86.04000091552734,86.38999938964844,84.91000366210938,85.25,53574000
2003-04-02,57.638648986816406,88.12000274658203,88.7699966430664,87.5,87.54000091552734,50431200
2003-04-03,57.36391830444336,87.69999694824219,88.98999786376953,87.6500015258789,88.87000274658203,48755500
2003-04-04,57.704036712646484,88.22000122070312,88.58999633789062,87.62000274658203,88.43000030517578,36250100
2003-04-07,57.59283447265625,88.05000305175781,90.8499984741211,87.97000122070312,90.33999633789062,69776200
2003-04-08,57.68442916870117,88.19000244140625,88.6500015258789,87.70999908447266,88.30000305175781,39712700
2003-04-09,56.925682067871094,87.02999877929688,89.0999984741211,86.7699966430664,88.36000061035156,55647300
2003-04-10,57.239662170410156,87.51000213623047,87.62999725341797,85.70999908447266,87.08999633789062,41812400
2003-04-11,57.00418472290039,87.1500015258789,88.69999694824219,86.86000061035156,88.16000366210938,47730100
2003-04-14,58.181514739990234,88.94999694824219,89.0,87.0,87.47000122070312,36711700
2003-04-15,58.724430084228516,89.77999877929688,89.77999877929688,88.41999816894531,88.83999633789062,49709800
2003-04-16,57.723655700683594,88.25,90.05999755859375,88.02999877929688,89.91000366210938,51788000
2003-04-17,58.58051300048828,89.55999755859375,89.72000122070312,88.19000244140625,88.30000305175781,37403100
2003-04-21,58.639400482177734,89.6500015258789,90.16000366210938,89.05999755859375,89.86000061035156,32052700
2003-04-22,59.74480438232422,91.33999633789062,91.55999755859375,88.88999938964844,89.0999984741211,59763600
2003-04-23,60.294212341308594,92.18000030517578,92.3499984741211,91.23999786376953,91.62000274658203,44227100
2003-04-24,59.75788116455078,91.36000061035156,92.08000183105469,90.95999908447266,91.52999877929688,49692400
2003-04-25,59.01875305175781,90.2300033569336,91.47000122070312,90.0199966430664,91.30000305175781,43917200
2003-04-28,60.03916931152344,91.79000091552734,92.19000244140625,90.30000305175781,90.44000244140625,46432900
2003-04-29,60.248477935791016,92.11000061035156,92.80000305175781,91.4000015258789,92.13999938964844,52017100
2003-04-30,60.11764144897461,91.91000366210938,92.56999969482422,91.41000366210938,91.91000366210938,48709100
2003-05-01,60.11112594604492,91.9000015258789,92.7300033569336,90.5,91.91999816894531,50240400
2003-05-02,60.96802520751953,93.20999908447266,93.47000122070312,91.48999786376953,91.55999755859375,50201500
2003-05-05,60.85022735595703,93.02999877929688,93.77999877929688,92.5,93.47000122070312,35437800
2003-05-06,61.425846099853516,93.91000366210938,94.37999725341797,93.0,93.04000091552734,44401000
2003-05-07,61.08570098876953,93.38999938964844,94.13999938964844,92.97000122070312,93.41999816894531,41413100
2003-05-08,60.4708366394043,92.44999694824219,93.33000183105469,92.27999877929688,92.5199966430664,40570700
2003-05-09,61.30809020996094,93.7300033569336,93.80000305175781,92.61000061035156,92.83000183105469,33608100
2003-05-12,62.060298919677734,94.87999725341797,95.12000274658203,93.27999877929688,93.5,35662300
2003-05-13,61.94911575317383,94.70999908447266,95.18000030517578,94.26000213623047,94.52999877929688,39253600
2003-05-14,61.818294525146484,94.51000213623047,95.23999786376953,93.91000366210938,95.08999633789062,32195100
2003-05-15,62.210758209228516,95.11000061035156,95.33000183105469,94.25,94.88999938964844,43879200
2003-05-16,62.053768157958984,94.87000274658203,95.44999694824219,94.26000213623047,94.88999938964844,38905000
2003-05-19,60.60169219970703,92.6500015258789,94.41999816894531,92.33000183105469,94.1500015258789,41606000
2003-05-20,60.4774169921875,92.45999908447266,93.02999877929688,91.58999633789062,92.81999969482422,55404600
2003-05-21,60.60169219970703,92.6500015258789,92.87999725341797,91.91000366210938,92.11000061035156,49333800
2003-05-22,61.203433990478516,93.56999969482422,94.05000305175781,92.68000030517578,92.94999694824219,38421800
2003-05-23,61.32770538330078,93.76000213623047,93.9800033569336,93.13999938964844,93.52999877929688,26155900
2003-05-27,62.40044021606445,95.4000015258789,95.83999633789062,93.06999969482422,93.30000305175781,43719200
2003-05-28,62.5770263671875,95.66999816894531,96.47000122070312,95.43000030517578,95.8499984741211,37727100
2003-05-29,62.41351318359375,95.41999816894531,96.81999969482422,95.08000183105469,95.87999725341797,50844200
2003-05-30,63.414283752441406,96.94999694824219,97.08999633789062,95.55999755859375,95.9000015258789,52529500
2003-06-02,63.67592239379883,97.3499984741211,98.44999694824219,96.66999816894531,97.52999877929688,50305500
2003-06-03,63.93751907348633,97.75,97.83999633789062,96.8499984741211,97.1500015258789,38254500
2003-06-04,64.85980987548828,99.16000366210938,99.3499984741211,97.56999969482422,97.66000366210938,49360700
2003-06-05,65.18030548095703,99.6500015258789,99.6500015258789,98.2699966430664,98.58000183105469,46262400
2003-06-06,64.92521667480469,99.26000213623047,101.4000015258789,99.12999725341797,100.4000015258789,60356800
2003-06-09,64.26461029052734,98.25,99.0999984741211,97.7699966430664,98.7699966430664,37808500
2003-06-10,64.918701171875,99.25,99.26000213623047,98.19000244140625,98.45999908447266,29965900
2003-06-11,65.60549926757812,100.30000305175781,100.38999938964844,98.70999908447266,99.16000366210938,37610200
2003-06-12,65.80826568603516,100.61000061035156,100.9000015258789,99.62000274658203,100.75,36442000
2003-06-13,65.1214828491211,99.55999755859375,100.75,98.94999694824219,100.61000061035156,48628300
2003-06-16,66.49503326416016,101.66000366210938,101.69999694824219,99.80000305175781,99.95999908447266,36326300
2003-06-17,66.49503326416016,101.66000366210938,102.18000030517578,101.2300033569336,102.06999969482422,36801800
2003-06-18,66.4361572265625,101.56999969482422,102.13999938964844,101.0,101.29000091552734,35521000
2003-06-19,65.4223403930664,100.0199966430664,101.7300033569336,99.83999633789062,101.63999938964844,43551700
2003-06-20,65.27791595458984,99.44000244140625,100.5,99.41999816894531,100.38999938964844,41545000
2003-06-23,64.60830688476562,98.41999816894531,99.66000366210938,97.91999816894531,99.44999694824219,34237500
2003-06-24,64.67393493652344,98.5199966430664,99.08999633789062,98.0199966430664,98.22000122070312,36213600
2003-06-25,64.02408599853516,97.52999877929688,99.44000244140625,97.52999877929688,98.52999877929688,47743400
2003-06-26,64.85779571533203,98.80000305175781,98.9800033569336,96.95999908447266,97.77999877929688,33477300
2003-06-27,64.10944366455078,97.66000366210938,99.19000244140625,97.58000183105469,98.75,54208800
2003-06-30,64.08975982666016,97.62999725341797,98.66999816894531,97.47000122070312,98.22000122070312,33349000
2003-07-01,64.6805419921875,98.52999877929688,98.8499984741211,96.43000030517578,97.25,51322800
2003-07-02,65.49453735351562,99.7699966430664,99.79000091552734,98.56999969482422,98.7699966430664,34662100
2003-07-03,64.81837463378906,98.73999786376953,99.8499984741211,97.9000015258789,99.06999969482422,30792800
2003-07-07,66.10502624511719,100.69999694824219,100.9000015258789,99.6500015258789,99.6500015258789,31391100
2003-07-08,66.40044403076172,101.1500015258789,101.29000091552734,100.16999816894531,100.5,30952500
2003-07-09,66.02629089355469,100.58000183105469,101.4000015258789,100.02999877929688,100.91999816894531,36528500
2003-07-10,65.1860122680664,99.30000305175781,100.04000091552734,98.62999725341797,99.83999633789062,49777700
2003-07-11,65.8030776977539,100.23999786376953,100.44999694824219,99.38999938964844,99.38999938964844,39976300
2003-07-14,66.12476348876953,100.7300033569336,101.9000015258789,100.44999694824219,101.19999694824219,42114900
2003-07-15,65.9803237915039,100.51000213623047,101.45999908447266,99.94999694824219,101.37999725341797,42573600
2003-07-16,65.59303283691406,99.91999816894531,100.87000274658203,99.2300033569336,100.80999755859375,39894200
2003-07-17,64.66084289550781,98.5,99.87999725341797,98.16000366210938,99.1500015258789,52253500
2003-07-18,65.32386016845703,99.51000213623047,99.80000305175781,98.45999908447266,99.0199966430664,35698100
2003-07-21,64.51638793945312,98.27999877929688,99.48999786376953,97.8499984741211,99.44999694824219,34786000
2003-07-22,65.10066223144531,99.16999816894531,99.41000366210938,97.91999816894531,98.69000244140625,49968300
2003-07-23,65.14663696289062,99.23999786376953,99.44999694824219,98.27999877929688,99.20999908447266,37275400
2003-07-24,64.65428924560547,98.48999786376953,100.33999633789062,98.37000274658203,99.98999786376953,40896200
2003-07-25,65.79650115966797,100.2300033569336,100.29000091552734,98.04000091552734,98.66000366210938,43241100
2003-07-28,65.55361938476562,99.86000061035156,100.9800033569336,99.66999816894531,100.37000274658203,34382800
2003-07-29,65.25164794921875,99.4000015258789,100.26000213623047,98.68000030517578,100.13999938964844,53472100
2003-07-30,65.0941390991211,99.16000366210938,99.75,98.93000030517578,99.5999984741211,28363300
2003-07-31,65.24510192871094,99.38999938964844,100.91000366210938,99.16999816894531,99.9800033569336,54937200
2003-08-01,64.66739654541016,98.51000213623047,99.52999877929688,98.23999786376953,99.19000244140625,49321000
2003-08-04,64.66739654541016,98.51000213623047,99.0,97.0,98.30999755859375,55214100
2003-08-05,63.295433044433594,96.41999816894531,98.76000213623047,96.33999633789062,98.41000366210938,61415600
2003-08-06,63.66303634643555,96.9800033569336,98.05999755859375,96.41999816894531,96.69000244140625,50096900
2003-08-07,64.33259582519531,98.0,98.06999969482422,96.76000213623047,97.16999816894531,43427400
2003-08-08,64.51638793945312,98.27999877929688,98.55000305175781,97.76000213623047,98.31999969482422,27357300
2003-08-11,64.75931549072266,98.6500015258789,99.04000091552734,97.83999633789062,98.26000213623047,34631400
2003-08-12,65.35014343261719,99.55000305175781,99.58999633789062,98.41999816894531,98.70999908447266,43285600
2003-08-13,65.01533508300781,99.04000091552734,99.8499984741211,98.52999877929688,99.81999969482422,36152000
2003-08-14,65.19259643554688,99.30999755859375,99.75,98.44999694824219,99.0999984741211,35525100
2003-08-15,65.39607238769531,99.62000274658203,99.79000091552734,99.12000274658203,99.36000061035156,12567000
2003-08-18,65.96062469482422,100.4800033569336,100.5999984741211,99.73999786376953,99.93000030517578,22873800
2003-08-19,66.2100830078125,100.86000061035156,100.94000244140625,100.0,100.69000244140625,37437700
2003-08-20,65.94095611572266,100.44999694824219,100.88999938964844,100.16000366210938,100.29000091552734,21295300
2003-08-21,66.15100860595703,100.7699966430664,101.5199966430664,100.4000015258789,101.05000305175781,46494200
2003-08-22,65.49453735351562,99.7699966430664,101.81999969482422,99.7300033569336,101.75,52040300
2003-08-25,65.5995864868164,99.93000030517578,100.83000183105469,99.27999877929688,99.70999908447266,23473000
2003-08-26,65.71774291992188,100.11000061035156,100.38999938964844,98.83000183105469,99.5,45065800
2003-08-27,65.73744201660156,100.13999938964844,100.36000061035156,99.56999969482422,100.05000305175781,18919500
2003-08-28,66.14443969726562,100.76000213623047,101.0,99.66000366210938,100.4000015258789,27402400
2003-08-29,66.5908432006836,101.44000244140625,101.4800033569336,100.4800033569336,100.61000061035156,28706600
2003-09-02,67.48359680175781,102.80000305175781,102.87999725341797,101.05000305175781,101.63999938964844,49419100
2003-09-03,67.85122680664062,103.36000061035156,103.69999694824219,102.77999877929688,103.02999877929688,44912400
2003-09-04,67.88406372070312,103.41000366210938,103.55000305175781,102.76000213623047,103.0999984741211,28381000
2003-09-05,67.50331115722656,102.83000183105469,103.55000305175781,102.4000015258789,102.94000244140625,31637300
2003-09-08,68.061279296875,103.68000030517578,103.87999725341797,102.93000030517578,103.04000091552734,32632800
2003-09-09,67.61491394042969,103.0,103.45999908447266,102.68000030517578,103.37000274658203,35053200
2003-09-10,66.93219757080078,101.95999908447266,102.80000305175781,101.55000305175781,102.52999877929688,45904900
2003-09-11,67.12911987304688,102.26000213623047,102.76000213623047,101.83999633789062,102.0999984741211,38396300
2003-09-12,67.25386047363281,102.44999694824219,102.63999938964844,101.3499984741211,101.91000366210938,42524800
2003-09-15,67.01753997802734,102.08999633789062,102.62999725341797,101.94999694824219,102.5199966430664,21312800
2003-09-16,67.9956283569336,103.58000183105469,103.63999938964844,102.16999816894531,102.2300033569336,37892600
2003-09-17,67.86432647705078,103.37999725341797,103.79000091552734,103.05000305175781,103.4800033569336,31885800
2003-09-18,68.66521453857422,104.5999984741211,104.69999694824219,103.16999816894531,103.4000015258789,30243600
2003-09-19,68.31595611572266,103.66999816894531,104.5999984741211,103.4000015258789,104.2699966430664,34331600
2003-09-22,67.57793426513672,102.55000305175781,102.95999908447266,102.02999877929688,102.8499984741211,36677400
2003-09-23,67.83492279052734,102.94000244140625,103.29000091552734,102.36000061035156,102.58999633789062,32489200
2003-09-24,66.62898254394531,101.11000061035156,103.22000122070312,101.06999969482422,103.12000274658203,41694700
2003-09-25,66.08204650878906,100.27999877929688,101.87999725341797,100.19999694824219,101.41000366210938,52673100
2003-09-26,65.86456298828125,99.94999694824219,100.66000366210938,99.8499984741211,100.44000244140625,42914700
2003-09-29,66.5103759765625,100.93000030517578,100.98999786376953,99.79000091552734,100.30000305175781,36771600
2003-09-30,65.86456298828125,99.94999694824219,100.76000213623047,99.25,100.4800033569336,70764500
2003-10-01,67.26822662353516,102.08000183105469,102.18000030517578,100.19999694824219,100.23999786376953,65797600
2003-10-02,67.51200866699219,102.44999694824219,102.55999755859375,101.62999725341797,101.93000030517578,44591500
2003-10-03,68.13145446777344,103.38999938964844,104.27999877929688,103.08000183105469,103.66999816894531,48806900
2003-10-06,68.4411849975586,103.86000061035156,103.98999786376953,103.19999694824219,103.4800033569336,20226500
2003-10-07,68.70475769042969,104.26000213623047,104.30999755859375,102.91000366210938,103.26000213623047,42602900
2003-10-08,68.53341674804688,104.0,104.38999938964844,103.41000366210938,104.33000183105469,30920800
2003-10-09,68.71795654296875,104.27999877929688,105.22000122070312,103.83000183105469,104.87999725341797,40066500
2003-10-10,68.90906524658203,104.56999969482422,104.5999984741211,103.91000366210938,104.2699966430664,22682800
2003-10-13,69.12651824951172,104.9000015258789,105.29000091552734,104.51000213623047,104.70999908447266,23825600
2003-10-14,69.3703384399414,105.2699966430664,105.43000030517578,104.36000061035156,104.80000305175781,38484400
2003-10-15,69.18582916259766,104.98999786376953,105.88999938964844,104.63999938964844,105.86000061035156,39021700
2003-10-16,69.46257781982422,105.41000366210938,105.7300033569336,104.6500015258789,104.68000030517578,32772200
2003-10-17,68.70475769042969,104.26000213623047,105.62999725341797,103.9800033569336,105.47000122070312,32790300
2003-10-20,69.21876525878906,105.04000091552734,105.04000091552734,103.94000244140625,104.44999694824219,27657000
2003-10-21,69.10015869140625,104.86000061035156,105.27999877929688,104.31999969482422,104.81999969482422,26729100
2003-10-22,68.23027801513672,103.54000091552734,104.19000244140625,103.19000244140625,104.02999877929688,33914500
2003-10-23,68.10511016845703,103.3499984741211,103.94999694824219,102.83999633789062,102.88999938964844,45830500
2003-10-24,68.25666809082031,103.58000183105469,103.58000183105469,102.18000030517578,102.83000183105469,51723600
2003-10-27,68.28959655761719,103.62999725341797,104.18000030517578,103.2699966430664,103.73999786376953,32460200
2003-10-28,69.21876525878906,105.04000091552734,105.1500015258789,103.81999969482422,103.9800033569336,34956200
2003-10-29,69.31099700927734,105.18000030517578,105.43000030517578,103.87000274658203,104.7699966430664,30955400
2003-10-30,69.45597839355469,105.4000015258789,105.97000122070312,104.80000305175781,105.79000091552734,39123100
2003-10-31,69.39009094238281,105.30000305175781,105.73999786376953,105.22000122070312,105.4000015258789,25761600
2003-11-03,69.84481811523438,105.98999786376953,106.61000061035156,105.70999908447266,105.75,37589300
2003-11-04,69.6932601928711,105.76000213623047,106.2699966430664,105.58000183105469,105.98999786376953,31421600
2003-11-05,69.74596405029297,105.83999633789062,105.97000122070312,104.9000015258789,105.48999786376953,33558800
2003-11-06,70.11497497558594,106.4000015258789,106.44000244140625,105.0999984741211,105.5999984741211,28392300
2003-11-07,69.59435272216797,105.61000061035156,106.72000122070312,105.56999969482422,106.63999938964844,31723200
2003-11-10,69.31099700927734,105.18000030517578,105.83999633789062,105.01000213623047,105.73999786376953,25530800
2003-11-11,69.29125213623047,105.1500015258789,105.33000183105469,104.80000305175781,105.08999633789062,26558600
2003-11-12,70.06890106201172,106.33000183105469,106.47000122070312,105.16000366210938,105.2300033569336,28000000
2003-11-13,70.08861541748047,106.36000061035156,106.54000091552734,105.77999877929688,106.01000213623047,29714800
2003-11-14,69.49555206298828,105.45999908447266,106.94999694824219,105.29000091552734,106.4000015258789,49158500
2003-11-17,69.14630889892578,104.93000030517578,105.13999938964844,104.04000091552734,104.91000366210938,44382100
2003-11-18,68.42803192138672,103.83999633789062,105.44999694824219,103.69999694824219,105.23999786376953,41155000
2003-11-19,69.00788879394531,104.72000122070312,105.01000213623047,103.91999816894531,104.02999877929688,29827000
2003-11-20,68.38843536376953,103.77999877929688,105.23999786376953,103.75,104.0,53578700
2003-11-21,68.67184448242188,104.20999908447266,104.33000183105469,103.62000274658203,104.23999786376953,30016000
2003-11-24,69.5811996459961,105.58999633789062,105.77999877929688,104.68000030517578,104.69000244140625,28906400
2003-11-25,69.84481811523438,105.98999786376953,106.41999816894531,105.44999694824219,105.7300033569336,37580000
2003-11-26,70.09521484375,106.37000274658203,106.44999694824219,105.38999938964844,106.41999816894531,33053600
2003-11-28,70.14791870117188,106.44999694824219,106.66000366210938,106.19999694824219,106.27999877929688,10507500
2003-12-01,70.90577697753906,107.5999984741211,107.68000030517578,106.80000305175781,106.8499984741211,38699000
2003-12-02,70.7278060913086,107.33000183105469,107.7699966430664,107.06999969482422,107.37999725341797,35352000
2003-12-03,70.61582946777344,107.16000366210938,108.08000183105469,107.06999969482422,107.6500015258789,39078600
2003-12-04,70.90577697753906,107.5999984741211,107.72000122070312,106.94000244140625,107.16999816894531,36089500
2003-12-05,70.41154479980469,106.8499984741211,107.80000305175781,106.62000274658203,107.12000274658203,28824400
2003-12-08,70.8859634399414,107.56999969482422,107.63999938964844,106.68000030517578,106.73999786376953,32482900
2003-12-09,70.33905029296875,106.73999786376953,107.93000030517578,106.54000091552734,107.9000015258789,43596100
2003-12-10,70.33246612548828,106.7300033569336,106.9800033569336,105.95999908447266,106.7699966430664,36915400
2003-12-11,71.12322235107422,107.93000030517578,108.0999984741211,106.66999816894531,106.68000030517578,45304000
2003-12-12,71.2615966796875,108.13999938964844,108.19999694824219,107.38999938964844,107.97000122070312,34142200
2003-12-15,70.90577697753906,107.5999984741211,109.2300033569336,107.4800033569336,109.16999816894531,38693400
2003-12-16,71.27474212646484,108.16000366210938,108.5,107.5199966430664,107.68000030517578,32894200
2003-12-17,71.49885559082031,108.5,108.5,107.80000305175781,108.05999755859375,23198800
2003-12-18,72.30276489257812,109.72000122070312,109.7300033569336,108.38999938964844,108.55000305175781,29353100
2003-12-19,72.10150909423828,108.9000015258789,109.37000274658203,108.58000183105469,109.30000305175781,41465100
2003-12-22,72.60468292236328,109.66000366210938,109.66000366210938,108.77999877929688,108.79000091552734,27611300
2003-12-23,72.65106201171875,109.7300033569336,109.94999694824219,109.37999725341797,109.4800033569336,24741200
2003-12-24,72.57823181152344,109.62000274658203,109.87999725341797,109.43000030517578,109.5199966430664,8055800
2003-12-26,72.63121032714844,109.69999694824219,110.08000183105469,109.62999725341797,109.70999908447266,8308400
2003-12-29,73.59782409667969,111.16000366210938,111.2699966430664,109.77999877929688,110.0999984741211,22483700
2003-12-30,73.61104583740234,111.18000030517578,111.2699966430664,110.8499984741211,111.08999633789062,19559500
2003-12-31,73.67725372314453,111.27999877929688,111.5199966430664,110.83999633789062,111.22000122070312,31501800
2004-01-02,73.64419555664062,111.2300033569336,112.19000244140625,110.7300033569336,111.73999786376953,38072300
2004-01-05,74.44527435302734,112.44000244140625,112.5199966430664,111.58999633789062,111.69000244140625,27959800
2004-01-06,74.51815032958984,112.55000305175781,112.7300033569336,112.0,112.16000366210938,20472800
2004-01-07,74.76970672607422,112.93000030517578,113.05999755859375,111.88999938964844,112.38999938964844,30170400
2004-01-08,75.06765747070312,113.37999725341797,113.41000366210938,112.7699966430664,113.25,36438400
2004-01-09,74.4122085571289,112.38999938964844,113.5,112.2699966430664,112.83000183105469,54084300
2004-01-12,74.96170806884766,113.22000122070312,113.25,112.36000061035156,112.55000305175781,31564100
2004-01-13,74.52478790283203,112.55999755859375,113.2300033569336,111.76000213623047,113.08999633789062,54239700
2004-01-14,75.1470947265625,113.5,113.66000366210938,112.66999816894531,112.76000213623047,30112800
2004-01-15,75.3324966430664,113.77999877929688,114.05999755859375,112.58000183105469,113.56999969482422,38408700
2004-01-16,75.6304702758789,114.2300033569336,114.30999755859375,113.62999725341797,114.04000091552734,31922700
2004-01-20,75.61054992675781,114.19999694824219,114.6500015258789,113.81999969482422,114.52999877929688,29863000
2004-01-21,76.20645904541016,115.0999984741211,115.30000305175781,113.72000122070312,114.12999725341797,30725000
2004-01-22,76.00779724121094,114.80000305175781,115.37999725341797,114.58000183105469,115.13999938964844,29888500
2004-01-23,75.7628402709961,114.43000030517578,115.37000274658203,113.94999694824219,115.0,44245300
2004-01-26,76.71623992919922,115.87000274658203,115.93000030517578,114.37999725341797,114.38999938964844,30460600
2004-01-27,75.92841339111328,114.68000030517578,116.5,114.6500015258789,115.75,35322800
2004-01-28,75.06103515625,113.37000274658203,115.27999877929688,112.94000244140625,114.9800033569336,52621300
2004-01-29,75.13385772705078,113.4800033569336,113.8499984741211,112.55999755859375,113.55999755859375,60117100
2004-01-30,75.13385772705078,113.4800033569336,113.72000122070312,113.08999633789062,113.5199966430664,30984400
2004-02-02,75.4582748413086,113.97000122070312,114.68000030517578,113.12000274658203,113.69999694824219,38832400
2004-02-03,75.3324966430664,113.77999877929688,114.13999938964844,113.44000244140625,113.73999786376953,25093500
2004-02-04,74.71675109863281,112.8499984741211,113.7300033569336,112.79000091552734,113.19000244140625,39332600
2004-02-05,74.93527221679688,113.18000030517578,113.54000091552734,112.77999877929688,113.16999816894531,37226800
2004-02-06,75.7761001586914,114.44999694824219,114.69999694824219,113.19999694824219,113.41999816894531,37216000
2004-02-09,75.79596710205078,114.4800033569336,114.87000274658203,114.29000091552734,114.66999816894531,24851300
2004-02-10,76.04093933105469,114.8499984741211,115.13999938964844,114.26000213623047,114.27999877929688,27908100
2004-02-11,76.84867095947266,116.06999969482422,116.38999938964844,114.16999816894531,114.8499984741211,42965700
2004-02-12,76.57060241699219,115.6500015258789,116.2699966430664,115.58000183105469,115.97000122070312,27814700
2004-02-13,76.226318359375,115.12999725341797,116.19999694824219,114.75,115.81999969482422,44739900
2004-02-17,76.9148941040039,116.16999816894531,116.43000030517578,115.7699966430664,115.8499984741211,23984300
2004-02-18,76.57722473144531,115.66000366210938,116.5999984741211,115.3499984741211,116.19999694824219,28618000
2004-02-19,76.29251098632812,115.2300033569336,116.38999938964844,115.05999755859375,116.33000183105469,51146200
2004-02-20,76.060791015625,114.87999725341797,115.55999755859375,114.31999969482422,115.4800033569336,46728800
2004-02-23,75.86878967285156,114.58999633789062,115.26000213623047,114.16999816894531,115.22000122070312,36357000
2004-02-24,75.7363510131836,114.38999938964844,114.98999786376953,113.02999877929688,114.2699966430664,43953000
2004-02-25,76.05415344238281,114.87000274658203,115.05999755859375,114.31999969482422,114.45999908447266,31213600
2004-02-26,76.10052490234375,114.94000244140625,115.29000091552734,114.33999633789062,114.61000061035156,29683000
2004-02-27,76.15347290039062,115.0199966430664,115.73999786376953,114.62999725341797,115.19000244140625,39312000
2004-03-01,76.90829467773438,116.16000366210938,116.33999633789062,115.25,115.43000030517578,33130800
2004-03-02,76.45806884765625,115.4800033569336,116.97000122070312,115.2300033569336,115.94000244140625,38556400
2004-03-03,76.59708404541016,115.69000244140625,115.87000274658203,114.91999816894531,115.25,31346200
2004-03-04,76.79573822021484,115.98999786376953,116.0999984741211,115.5199966430664,115.72000122070312,21060000
2004-03-05,77.05396270751953,116.37999725341797,116.94999694824219,115.27999877929688,115.41999816894531,55905600
2004-03-08,76.1137466430664,114.95999908447266,116.62000274658203,114.91000366210938,116.33999633789062,39281600
2004-03-09,75.80917358398438,114.5,115.20999908447266,114.23999786376953,115.0999984741211,39746100
2004-03-10,74.53797149658203,112.58000183105469,114.7699966430664,112.55999755859375,114.72000122070312,67671800
2004-03-11,73.57134246826172,111.12000274658203,113.2699966430664,111.0999984741211,112.4000015258789,89134800
2004-03-12,74.53797149658203,112.58000183105469,112.70999908447266,111.58000183105469,111.7300033569336,54012200
2004-03-15,73.62430572509766,111.19999694824219,112.3499984741211,110.9000015258789,112.2699966430664,57677200
2004-03-16,74.01495361328125,111.79000091552734,112.05999755859375,110.83999633789062,111.77999877929688,59832600
2004-03-17,74.84258270263672,113.04000091552734,113.26000213623047,112.0999984741211,112.18000030517578,41607300
2004-03-18,74.8624038696289,113.06999969482422,113.2699966430664,111.93000030517578,112.69999694824219,60014300
2004-03-19,73.78938293457031,111.05999755859375,112.56999969482422,111.04000091552734,112.41000366210938,48636200
2004-03-22,72.85254669189453,109.6500015258789,110.56999969482422,109.0999984741211,110.54000091552734,62752100
2004-03-23,72.72631072998047,109.45999908447266,110.4000015258789,109.36000061035156,110.25,54080200
2004-03-24,72.78610229492188,109.55000305175781,110.13999938964844,108.8499984741211,109.58000183105469,51584300
2004-03-25,73.74951934814453,111.0,111.30000305175781,109.79000091552734,110.08000183105469,49873600
2004-03-26,73.76951599121094,111.02999877929688,111.79000091552734,110.80000305175781,110.95999908447266,37409500
2004-03-29,74.80593872070312,112.58999633789062,112.73999786376953,111.58000183105469,111.62999725341797,44113600
2004-03-30,75.05839538574219,112.97000122070312,113.06999969482422,112.22000122070312,112.30000305175781,39059900
2004-03-31,75.144775390625,113.0999984741211,113.4000015258789,112.37999725341797,112.98999786376953,48517600
2004-04-01,75.59658813476562,113.77999877929688,113.87000274658203,113.05000305175781,113.06999969482422,45103800
2004-04-02,76.16800689697266,114.63999938964844,114.83999633789062,113.9000015258789,114.80999755859375,50987700
2004-04-05,76.58653259277344,115.2699966430664,115.37999725341797,114.44000244140625,114.45999908447266,30251800
2004-04-06,76.34071350097656,114.9000015258789,115.18000030517578,114.62000274658203,114.83000183105469,28420900
2004-04-07,76.16136169433594,114.62999725341797,114.9800033569336,114.11000061035156,114.94999694824219,45890500
2004-04-08,75.98857879638672,114.37000274658203,115.41000366210938,113.73999786376953,115.41000366210938,46929700
2004-04-12,76.28756713867188,114.81999969482422,115.08000183105469,114.56999969482422,114.58000183105469,23085200
2004-04-13,75.2178955078125,113.20999908447266,115.30000305175781,113.0199966430664,115.26000213623047,56210300
2004-04-14,75.33744812011719,113.38999938964844,113.63999938964844,112.55000305175781,112.61000061035156,62322300
2004-04-15,75.05177307128906,112.95999908447266,113.77999877929688,112.36000061035156,113.44999694824219,61602500
2004-04-16,75.6297836303711,113.83000183105469,114.05000305175781,112.9800033569336,113.37999725341797,47059200
2004-04-19,75.6297836303711,113.83000183105469,113.98999786376953,113.2699966430664,113.55000305175781,28277600
2004-04-20,74.36080169677734,111.91999816894531,114.31999969482422,111.77999877929688,114.08000183105469,53299400
2004-04-21,74.85905456542969,112.66999816894531,112.94999694824219,111.87000274658203,112.19999694824219,50177300
2004-04-22,75.90882873535156,114.25,114.66999816894531,112.44000244140625,112.4800033569336,62071500
2004-04-23,75.9819564819336,114.36000061035156,114.56999969482422,113.79000091552734,114.41999816894531,29395700
2004-04-26,75.87562561035156,114.19999694824219,114.94000244140625,113.5999984741211,114.5,35515200
2004-04-27,75.94207000732422,114.30000305175781,115.12000274658203,113.95999908447266,114.2300033569336,43485500
2004-04-28,74.95874786376953,112.81999969482422,114.01000213623047,112.5,113.88999938964844,50165800
2004-04-29,74.3010025024414,111.83000183105469,113.31999969482422,111.16000366210938,112.72000122070312,69687600
2004-04-30,73.7229232788086,110.95999908447266,112.37999725341797,110.9000015258789,112.16999816894531,48681400
2004-05-03,74.51361083984375,112.1500015258789,112.29000091552734,111.3499984741211,111.37000274658203,33758000
2004-05-04,74.45378875732422,112.05999755859375,113.26000213623047,111.66000366210938,112.25,51185100
2004-05-05,74.93217468261719,112.77999877929688,112.95999908447266,112.16000366210938,112.41000366210938,34405000
2004-05-06,74.28768920898438,111.80999755859375,112.58999633789062,111.0,112.0199966430664,54997000
2004-05-07,73.05854797363281,109.95999908447266,112.2300033569336,109.95999908447266,111.22000122070312,60950000
2004-05-10,72.3077621459961,108.83000183105469,109.75,108.36000061035156,109.44000244140625,75279400
2004-05-11,72.91902160644531,109.75,110.05000305175781,109.33000183105469,109.45999908447266,48300600
2004-05-12,73.38411712646484,110.44999694824219,110.54000091552734,108.05999755859375,109.56999969482422,90830500
2004-05-13,73.07848358154297,109.98999786376953,110.80999755859375,109.62999725341797,109.76000213623047,57393700
2004-05-14,73.1116714477539,110.04000091552734,110.73999786376953,109.2699966430664,109.94999694824219,54123100
2004-05-17,72.48714447021484,109.0999984741211,109.5,108.41000366210938,108.88999938964844,55020400
2004-05-18,72.85254669189453,109.6500015258789,109.94000244140625,109.33000183105469,109.48999786376953,30193100
2004-05-19,72.60006713867188,109.2699966430664,111.18000030517578,109.1500015258789,110.5,54804100
2004-05-20,72.83265686035156,109.62000274658203,109.87000274658203,109.04000091552734,109.44999694824219,38082900
2004-05-21,72.9588851928711,109.80999755859375,110.55000305175781,109.47000122070312,109.97000122070312,47480400
2004-05-24,73.26451110839844,110.2699966430664,110.76000213623047,109.68000030517578,110.52999877929688,40961500
2004-05-25,74.31427764892578,111.8499984741211,111.9800033569336,109.5999984741211,109.9000015258789,48668000
2004-05-26,74.5733871459961,112.23999786376953,112.29000091552734,111.51000213623047,111.66000366210938,35977000
2004-05-27,74.99195861816406,112.87000274658203,113.02999877929688,112.05999755859375,112.54000091552734,45306900
2004-05-28,74.9853286743164,112.86000061035156,112.87999725341797,112.36000061035156,112.7300033569336,23367200
2004-06-01,74.88567352294922,112.70999908447266,112.86000061035156,111.87000274658203,112.45999908447266,41044700
2004-06-02,75.16472625732422,113.12999725341797,113.4800033569336,112.45999908447266,113.02999877929688,39774200
2004-06-03,74.47374725341797,112.08999633789062,113.19000244140625,112.06999969482422,112.80999755859375,38688300
2004-06-04,75.06503295898438,112.9800033569336,113.58000183105469,112.70999908447266,112.9800033569336,32739500
2004-06-07,76.2078628540039,114.69999694824219,114.80999755859375,113.41999816894531,113.43000030517578,31643800
2004-06-08,76.31414794921875,114.86000061035156,114.91999816894531,114.16999816894531,114.37000274658203,32846500
2004-06-09,75.6032485961914,113.79000091552734,114.69999694824219,113.72000122070312,114.51000213623047,36737600
2004-06-10,75.9753189086914,114.3499984741211,114.3499984741211,113.93000030517578,114.04000091552734,21711000
2004-06-14,75.2245101928711,113.22000122070312,113.8499984741211,112.87000274658203,113.81999969482422,34633000
2004-06-15,75.75606536865234,114.0199966430664,114.44999694824219,113.51000213623047,113.9000015258789,37445000
2004-06-16,75.74275970458984,114.0,114.19999694824219,113.69999694824219,114.0,26633400
2004-06-17,75.6297836303711,113.83000183105469,114.06999969482422,113.33000183105469,113.8499984741211,28402400
2004-06-18,75.77249908447266,113.62999725341797,114.22000122070312,113.18000030517578,113.2699966430664,31799800
2004-06-21,75.48578643798828,113.19999694824219,114.13999938964844,113.12999725341797,113.75,25284000
2004-06-22,75.86585998535156,113.7699966430664,113.87999725341797,112.66999816894531,113.12999725341797,37334000
2004-06-23,76.51939392089844,114.75,114.83999633789062,113.41999816894531,113.61000061035156,35580000
2004-06-24,76.27928924560547,114.38999938964844,114.93000030517578,114.26000213623047,114.55999755859375,35272100
2004-06-25,75.91252899169922,113.83999633789062,114.94000244140625,113.68000030517578,114.41000366210938,32837900
2004-06-28,75.65245819091797,113.44999694824219,114.61000061035156,113.41000366210938,114.5199966430664,40824500
2004-06-29,75.96588134765625,113.91999816894531,114.16999816894531,113.41999816894531,113.52999877929688,28418100
2004-06-30,76.3726806640625,114.52999877929688,114.79000091552734,113.6500015258789,114.06999969482422,52230600
2004-07-01,75.3124008178711,112.94000244140625,114.4000015258789,112.58000183105469,114.25,57734700
2004-07-02,75.27239990234375,112.87999725341797,113.29000091552734,112.5999984741211,113.16000366210938,34615100
2004-07-06,74.6121826171875,111.88999938964844,112.44999694824219,111.62999725341797,112.37000274658203,38698200
2004-07-07,74.832275390625,112.22000122070312,112.56999969482422,111.75,111.80999755859375,29839800
2004-07-08,74.3121337890625,111.44000244140625,112.31999969482422,111.19999694824219,111.80999755859375,45291100
2004-07-09,74.50553894042969,111.7300033569336,111.94000244140625,111.37999725341797,111.72000122070312,27412900
2004-07-12,74.53890228271484,111.77999877929688,112.04000091552734,111.0,111.5199966430664,35691300
2004-07-13,74.59222412109375,111.86000061035156,112.0199966430664,111.5999984741211,111.91999816894531,26752000
2004-07-14,74.3654556274414,111.5199966430664,112.38999938964844,111.12000274658203,111.26000213623047,54089400
2004-07-15,73.88539123535156,110.80000305175781,111.91000366210938,110.69999694824219,111.73999786376953,38403500
2004-07-16,73.8252944946289,110.70999908447266,111.66999816894531,110.44000244140625,111.56999969482422,40871200
2004-07-19,73.5119400024414,110.23999786376953,110.95999908447266,109.98999786376953,110.75,39592800
2004-07-20,74.44551849365234,111.63999938964844,111.9000015258789,110.25,110.52999877929688,46679800
2004-07-21,73.07183837890625,109.58000183105469,112.05999755859375,109.44999694824219,111.81999969482422,56241100
2004-07-22,73.27188110351562,109.87999725341797,110.38999938964844,108.7699966430664,109.36000061035156,72477100
2004-07-23,72.65840911865234,108.95999908447266,109.70999908447266,108.69000244140625,109.62000274658203,49610500
2004-07-26,72.5183334350586,108.75,109.43000030517578,108.20999908447266,109.19000244140625,49679100
2004-07-27,73.19852447509766,109.7699966430664,110.11000061035156,108.97000122070312,109.05000305175781,51295100
2004-07-28,73.4185562133789,110.0999984741211,110.37000274658203,108.58999633789062,109.55000305175781,65862300
2004-07-29,73.73200225830078,110.56999969482422,110.87000274658203,110.0,110.54000091552734,52200500
2004-07-30,73.91207122802734,110.83999633789062,110.9000015258789,110.0999984741211,110.31999969482422,41581700
2004-08-02,74.06539916992188,111.06999969482422,111.36000061035156,110.05000305175781,110.19000244140625,38263100
2004-08-03,73.49191284179688,110.20999908447266,111.05999755859375,110.16000366210938,110.93000030517578,40948800
2004-08-04,73.48521423339844,110.19999694824219,110.75,109.63999938964844,109.88999938964844,40763200
2004-08-05,72.28497314453125,108.4000015258789,110.37999725341797,108.2699966430664,110.29000091552734,50772000
2004-08-06,71.25135803222656,106.8499984741211,107.95999908447266,106.62000274658203,107.62999725341797,74729000
2004-08-09,71.35139465332031,107.0,107.4800033569336,106.87000274658203,107.0199966430664,37476300
2004-08-10,72.2716293334961,108.37999725341797,108.41000366210938,107.26000213623047,107.30999755859375,55870600
2004-08-11,72.12494659423828,108.16000366210938,108.33000183105469,107.0999984741211,107.68000030517578,52933200
2004-08-12,71.33807373046875,106.9800033569336,107.94999694824219,106.62999725341797,107.68000030517578,50015900
2004-08-13,71.47808837890625,107.19000244140625,107.3499984741211,106.58999633789062,107.0999984741211,41634700
2004-08-16,72.21829986572266,108.30000305175781,108.63999938964844,107.0999984741211,107.13999938964844,45731900
2004-08-17,72.62506103515625,108.91000366210938,109.27999877929688,108.52999877929688,108.75,40701600
2004-08-18,73.3719253540039,110.02999877929688,110.16999816894531,108.48999786376953,108.5199966430664,43165400
2004-08-19,73.15849304199219,109.70999908447266,110.0199966430664,109.18000030517578,109.80999755859375,39881600
2004-08-20,73.67202758789062,110.4800033569336,110.62999725341797,109.51000213623047,109.61000061035156,44870900
2004-08-23,73.48521423339844,110.19999694824219,110.7699966430664,110.05000305175781,110.55000305175781,33745100
2004-08-24,73.58528900146484,110.3499984741211,110.7300033569336,109.8499984741211,110.63999938964844,30453100
2004-08-25,74.08541107177734,111.0999984741211,111.2699966430664,109.9000015258789,110.33000183105469,38551400
2004-08-26,74.08541107177734,111.0999984741211,111.30999755859375,110.8499984741211,110.95999908447266,26629500
2004-08-27,74.31880187988281,111.44999694824219,111.62999725341797,111.05000305175781,111.19999694824219,24902900
2004-08-30,73.70530700683594,110.52999877929688,111.33999633789062,110.44999694824219,111.22000122070312,26726500
2004-08-31,74.0920639038086,111.11000061035156,111.16000366210938,110.0999984741211,110.66000366210938,44125300
2004-09-01,74.23213195800781,111.31999969482422,111.63999938964844,110.4800033569336,110.94999694824219,52778300
2004-09-02,75.07231903076172,112.58000183105469,112.69999694824219,111.23999786376953,111.23999786376953,42736600
2004-09-03,74.76559448242188,112.12000274658203,112.81999969482422,112.01000213623047,112.33000183105469,30480500
2004-09-07,75.259033203125,112.86000061035156,113.12999725341797,112.31999969482422,112.54000091552734,37338800
2004-09-08,75.07231903076172,112.58000183105469,113.05999755859375,112.30999755859375,112.62000274658203,32963100
2004-09-09,75.00566101074219,112.4800033569336,112.87999725341797,112.02999877929688,112.56999969482422,34314800
2004-09-10,75.39238739013672,113.05999755859375,113.2699966430664,112.08000183105469,112.5199966430664,27900600
2004-09-13,75.63912200927734,113.43000030517578,113.73999786376953,113.01000213623047,113.30999755859375,44398100
2004-09-14,75.79249572753906,113.66000366210938,113.69000244140625,113.19000244140625,113.30000305175781,28048900
2004-09-15,75.21902465820312,112.80000305175781,113.36000061035156,112.68000030517578,113.30000305175781,38295000
2004-09-16,75.44578552246094,113.13999938964844,113.37000274658203,112.80000305175781,112.8499984741211,23911700
2004-09-17,75.76654052734375,113.1500015258789,113.36000061035156,112.69000244140625,112.94999694824219,33683000
2004-09-20,75.3111572265625,112.47000122070312,112.98999786376953,112.27999877929688,112.66999816894531,37149400
2004-09-21,75.6392822265625,112.95999908447266,113.47000122070312,112.54000091552734,112.75,40920800
2004-09-22,74.69511413574219,111.55000305175781,112.5199966430664,111.47000122070312,112.5,49042100
2004-09-23,74.29338073730469,110.94999694824219,111.69999694824219,110.94999694824219,111.5999984741211,44068700
2004-09-24,74.63488006591797,111.45999908447266,111.7300033569336,111.12999725341797,111.16999816894531,34981100
2004-09-27,74.159423828125,110.75,111.19999694824219,110.58000183105469,111.0999984741211,39355100
2004-09-28,74.5143051147461,111.27999877929688,111.51000213623047,110.41000366210938,110.91000366210938,41662900
2004-09-29,74.8893051147461,111.83999633789062,111.8499984741211,111.0,111.20999908447266,33325700
2004-09-30,74.83573913574219,111.76000213623047,111.9800033569336,111.26000213623047,111.55000305175781,43536700
2004-10-01,76.10132598876953,113.6500015258789,113.6500015258789,112.20999908447266,112.26000213623047,62824300
2004-10-04,76.22852325439453,113.83999633789062,114.44000244140625,113.80000305175781,114.0999984741211,33082400
2004-10-05,76.26871490478516,113.9000015258789,114.16000366210938,113.54000091552734,113.8499984741211,36910600
2004-10-06,76.7910385131836,114.68000030517578,114.68000030517578,113.68000030517578,113.7699966430664,42297800
2004-10-07,75.96736907958984,113.44999694824219,114.4000015258789,113.36000061035156,114.37999725341797,39388800
2004-10-08,75.33795928955078,112.51000213623047,113.7699966430664,112.3499984741211,113.1500015258789,51872600
2004-10-11,75.6459732055664,112.97000122070312,113.0199966430664,112.63999938964844,112.77999877929688,20229100
2004-10-12,75.35135650634766,112.52999877929688,112.83000183105469,111.94000244140625,112.19999694824219,41754700
2004-10-13,74.68842315673828,111.54000091552734,113.06999969482422,111.31999969482422,113.0,54212600
2004-10-14,74.08576965332031,110.63999938964844,111.93000030517578,110.58000183105469,111.68000030517578,64082200
2004-10-15,74.50093078613281,111.26000213623047,111.73999786376953,110.56999969482422,111.0199966430664,63482200
2004-10-18,74.78215026855469,111.68000030517578,111.9000015258789,110.69999694824219,110.88999938964844,43535100
2004-10-19,74.15274810791016,110.73999786376953,112.2300033569336,110.58999633789062,112.0199966430664,55851900
2004-10-20,74.00542449951172,110.5199966430664,110.81999969482422,109.75,110.37999725341797,57118500
2004-10-21,74.48751068115234,111.23999786376953,111.31999969482422,110.20999908447266,110.79000091552734,53218300
2004-10-22,73.65052032470703,109.98999786376953,111.25,109.86000061035156,111.19000244140625,48752400
2004-10-25,73.56348419189453,109.86000061035156,110.12000274658203,109.3499984741211,109.75,43990900
2004-10-26,74.68842315673828,111.54000091552734,111.5999984741211,109.87999725341797,110.12999725341797,54337400
2004-10-27,75.5857162475586,112.87999725341797,113.0999984741211,111.12000274658203,111.37999725341797,73896000
2004-10-28,75.81334686279297,113.22000122070312,113.55999755859375,112.48999786376953,112.77999877929688,54413300
2004-10-29,75.79998016357422,113.19999694824219,113.63999938964844,112.9000015258789,113.12000274658203,48820200
2004-11-01,76.007568359375,113.51000213623047,113.83999633789062,113.19999694824219,113.55999755859375,36720900
2004-11-02,76.03438568115234,113.55000305175781,114.56999969482422,113.22000122070312,113.66999816894531,56210000
2004-11-03,76.9919204711914,114.9800033569336,115.36000061035156,114.23999786376953,115.02999877929688,76960200
2004-11-04,78.043212890625,116.55000305175781,116.66999816894531,114.68000030517578,114.77999877929688,55350300
2004-11-05,78.53197479248047,117.27999877929688,117.63999938964844,116.48999786376953,117.05000305175781,63287200
2004-11-08,78.41816711425781,117.11000061035156,117.2300033569336,116.72000122070312,116.9800033569336,33863800
2004-11-09,78.26417541503906,116.87999725341797,117.5,116.76000213623047,117.08000183105469,44658100
2004-11-10,78.32443237304688,116.97000122070312,117.55000305175781,116.76000213623047,117.05999755859375,45265400
2004-11-11,78.92042541503906,117.86000061035156,118.12000274658203,117.0999984741211,117.18000030517578,37863200
2004-11-12,79.54312133789062,118.79000091552734,119.0,117.68000030517578,117.97000122070312,55583700
2004-11-15,79.738525390625,118.7300033569336,118.7699966430664,118.2300033569336,118.5,35297900
2004-11-16,79.16768646240234,117.87999725341797,118.41000366210938,117.7300033569336,118.36000061035156,40028700
2004-11-17,79.63780212402344,118.58000183105469,119.13999938964844,118.06999969482422,118.37000274658203,54494000
2004-11-18,79.7452621459961,118.73999786376953,118.80000305175781,118.2300033569336,118.52999877929688,31854300
2004-11-19,78.85872650146484,117.41999816894531,118.72000122070312,117.13999938964844,118.69999694824219,54276500
2004-11-22,79.23483276367188,117.9800033569336,118.12000274658203,117.02999877929688,117.16999816894531,37560200
2004-11-23,79.35575103759766,118.16000366210938,118.26000213623047,117.37000274658203,117.93000030517578,41968800
2004-11-24,79.54379272460938,118.44000244140625,118.58999633789062,118.05000305175781,118.2699966430664,29724800
2004-11-26,79.48332977294922,118.3499984741211,118.9800033569336,118.30000305175781,118.51000213623047,15487700
2004-11-29,79.12067413330078,117.80999755859375,119.01000213623047,117.4800033569336,118.79000091552734,61460800
2004-11-30,79.1744155883789,117.88999938964844,118.23999786376953,117.63999938964844,118.0,53685200
2004-12-01,80.07435607910156,119.2300033569336,119.5,118.0999984741211,118.16000366210938,49898300
2004-12-02,80.14151763916016,119.33000183105469,119.87000274658203,119.01000213623047,119.0999984741211,60163500
2004-12-03,80.0877914428711,119.25,120.13999938964844,119.08999633789062,119.30999755859375,49067900
2004-12-06,80.06090545654297,119.20999908447266,119.63999938964844,118.83999633789062,119.20999908447266,33030500
2004-12-07,79.31543731689453,118.0999984741211,119.62000274658203,118.04000091552734,119.48999786376953,52047200
2004-12-08,79.77885437011719,118.79000091552734,118.81999969482422,118.01000213623047,118.20999908447266,43895100
2004-12-09,80.06090545654297,119.20999908447266,119.45999908447266,117.7300033569336,118.13999938964844,60922800
2004-12-10,80.14151763916016,119.33000183105469,119.55999755859375,118.8499984741211,118.91999816894531,47828600
2004-12-13,80.83995056152344,120.37000274658203,120.4000015258789,119.3499984741211,119.76000213623047,38541000
2004-12-14,81.12203979492188,120.79000091552734,120.95999908447266,120.18000030517578,120.18000030517578,41500700
2004-12-15,81.18246459960938,120.87999725341797,121.11000061035156,120.30999755859375,120.69999694824219,46699200
2004-12-16,81.13545989990234,120.80999755859375,121.23999786376953,120.04000091552734,120.72000122070312,51641800
2004-12-17,80.59428405761719,119.44000244140625,119.97000122070312,119.16000366210938,119.45999908447266,70761900
2004-12-20,80.61454772949219,119.47000122070312,120.29000091552734,119.16999816894531,119.75,47187400
2004-12-21,81.2353286743164,120.38999938964844,120.4800033569336,119.45999908447266,119.5999984741211,33094200
2004-12-22,81.43099975585938,120.68000030517578,121.08000183105469,120.30000305175781,120.37999725341797,31500700
2004-12-23,81.49173736572266,120.7699966430664,121.27999877929688,120.66000366210938,120.87000274658203,25646100
2004-12-27,81.32303619384766,120.5199966430664,121.36000061035156,120.38999938964844,121.19999694824219,29944100
2004-12-28,81.76838684082031,121.18000030517578,121.33000183105469,120.5999984741211,120.63999938964844,23422900
2004-12-29,81.88984680175781,121.36000061035156,121.4000015258789,120.94999694824219,121.08000183105469,22650600
2004-12-30,81.73466491699219,121.12999725341797,121.56999969482422,121.04000091552734,121.4000015258789,21076900
2004-12-31,81.5592041015625,120.87000274658203,121.66000366210938,120.80000305175781,121.30000305175781,28648800
2005-01-03,81.17459869384766,120.30000305175781,121.76000213623047,119.9000015258789,121.55999755859375,55748000
2005-01-04,80.18269348144531,118.83000183105469,120.54000091552734,118.44000244140625,120.45999908447266,69167600
2005-01-05,79.62939453125,118.01000213623047,119.25,118.0,118.73999786376953,65667300
2005-01-06,80.03423309326172,118.61000061035156,119.1500015258789,118.26000213623047,118.44000244140625,47814700
2005-01-07,79.9195327758789,118.44000244140625,119.2300033569336,118.12999725341797,118.97000122070312,55847700
2005-01-10,80.29740905761719,119.0,119.45999908447266,118.33999633789062,118.33999633789062,56563300
2005-01-11,79.7441177368164,118.18000030517578,118.73999786376953,117.98999786376953,118.63999938964844,63099700
2005-01-12,80.00726318359375,118.56999969482422,118.83999633789062,117.5199966430664,118.4000015258789,72720500
2005-01-13,79.3662109375,117.62000274658203,118.7300033569336,117.5,118.63999938964844,55537500
2005-01-14,79.78458404541016,118.23999786376953,118.52999877929688,117.76000213623047,117.97000122070312,42032500
2005-01-18,80.61454772949219,119.47000122070312,119.62000274658203,117.94999694824219,118.05000305175781,57391700
2005-01-19,79.7710952758789,118.22000122070312,119.5199966430664,118.20999908447266,119.43000030517578,54378900
2005-01-20,79.2852554321289,117.5,118.19999694824219,117.29000091552734,117.88999938964844,72049300
2005-01-21,78.7994155883789,116.77999877929688,118.0,116.6500015258789,117.79000091552734,63160400
2005-01-24,78.64421844482422,116.55000305175781,117.33999633789062,116.37000274658203,117.08999633789062,58441900
2005-01-25,78.86688995361328,116.87999725341797,117.47000122070312,116.72000122070312,116.91000366210938,68245000
2005-01-26,79.10306549072266,117.2300033569336,117.5999984741211,117.04000091552734,117.31999969482422,57195100
2005-01-27,79.2380142211914,117.43000030517578,117.75,116.9800033569336,117.19000244140625,55878800
2005-01-28,79.2380142211914,117.43000030517578,117.55000305175781,116.61000061035156,117.48999786376953,60738900
2005-01-31,79.73057556152344,118.16000366210938,118.25,117.70999908447266,117.94999694824219,52532700
2005-02-01,80.23666381835938,118.91000366210938,119.08000183105469,118.0999984741211,118.25,49841200
2005-02-02,80.47956848144531,119.2699966430664,119.58999633789062,118.9000015258789,119.05999755859375,52468900
2005-02-03,80.27037811279297,118.95999908447266,119.16000366210938,118.56999969482422,119.05999755859375,48837100
2005-02-04,81.12736511230469,120.2300033569336,120.43000030517578,118.9800033569336,119.0,50024600
2005-02-07,81.0194091796875,120.06999969482422,120.5199966430664,119.95999908447266,120.25,45412000
2005-02-08,81.1138687133789,120.20999908447266,120.6500015258789,120.06999969482422,120.16999816894531,39263500
2005-02-09,80.50659942626953,119.30999755859375,120.48999786376953,119.25,120.41999816894531,55279400
2005-02-10,80.7967529296875,119.73999786376953,120.0199966430664,119.26000213623047,119.66000366210938,45858600
2005-02-11,81.49173736572266,120.7699966430664,121.04000091552734,119.45999908447266,119.69999694824219,53133000
2005-02-14,81.43099975585938,120.68000030517578,120.86000061035156,120.4800033569336,120.69000244140625,32432100
2005-02-15,81.73466491699219,121.12999725341797,121.43000030517578,120.68000030517578,120.80000305175781,43852700
2005-02-16,81.78865814208984,121.20999908447266,121.45999908447266,120.66999816894531,120.93000030517578,55523000
2005-02-17,81.12736511230469,120.2300033569336,121.33000183105469,120.22000122070312,121.2300033569336,58124000
2005-02-18,81.2353286743164,120.38999938964844,120.4800033569336,119.9000015258789,120.23999786376953,47723300
2005-02-22,80.0274887084961,118.5999984741211,120.47000122070312,118.58000183105469,119.9000015258789,80697600
2005-02-23,80.60104370117188,119.44999694824219,119.56999969482422,118.62000274658203,118.93000030517578,68292600
2005-02-24,81.13410949707031,120.23999786376953,120.31999969482422,118.9800033569336,119.23999786376953,68563600
2005-02-25,81.93709564208984,121.43000030517578,121.66999816894531,120.18000030517578,120.2699966430664,60899900
2005-02-28,81.39726257324219,120.62999725341797,121.30000305175781,120.04000091552734,121.1500015258789,69381300
2005-03-01,81.80211639404297,121.2300033569336,121.5199966430664,120.77999877929688,120.81999969482422,47294400
2005-03-02,81.76162719726562,121.16999816894531,121.93000030517578,120.6500015258789,120.76000213623047,64226500
2005-03-03,81.79535675048828,121.22000122070312,121.9000015258789,120.69999694824219,121.66000366210938,61230800
2005-03-04,82.81427764892578,122.7300033569336,122.83000183105469,121.79000091552734,122.05000305175781,56168500
2005-03-07,82.85478210449219,122.79000091552734,123.25,122.4000015258789,122.66000366210938,43442400
2005-03-08,82.54438018798828,122.33000183105469,123.0,122.11000061035156,122.66999816894531,44362000
2005-03-09,81.62667846679688,120.97000122070312,122.29000091552734,120.95999908447266,121.97000122070312,73263600
2005-03-10,81.80884552001953,121.23999786376953,121.5,120.4000015258789,121.19999694824219,65149000
2005-03-11,81.2353286743164,120.38999938964844,121.72000122070312,120.16000366210938,121.30999755859375,57976500
2005-03-14,81.74140930175781,121.13999938964844,121.16000366210938,120.27999877929688,120.61000061035156,36336400
2005-03-15,81.06663513183594,120.13999938964844,121.45999908447266,120.08000183105469,121.41999816894531,62438500
2005-03-16,80.37837219238281,119.12000274658203,120.16000366210938,118.9000015258789,119.69999694824219,74874200
2005-03-17,80.54032135009766,119.36000061035156,119.73999786376953,118.9800033569336,119.30999755859375,62584200
2005-03-18,80.30118560791016,118.54000091552734,119.52999877929688,118.1500015258789,119.11000061035156,60232000
2005-03-21,80.00312805175781,118.0999984741211,118.77999877929688,117.76000213623047,118.70999908447266,61244300
2005-03-22,79.19024658203125,116.9000015258789,118.93000030517578,116.9000015258789,118.37000274658203,92472400
2005-03-23,79.25796508789062,117.0,117.72000122070312,116.75,116.94999694824219,70817300
2005-03-24,79.352783203125,117.13999938964844,117.98999786376953,117.05999755859375,117.45999908447266,51932500
2005-03-28,79.46797943115234,117.30999755859375,117.94000244140625,117.30999755859375,117.41999816894531,46765500
2005-03-29,78.93955993652344,116.52999877929688,117.9000015258789,116.25,117.13999938964844,71160300
2005-03-30,80.05731201171875,118.18000030517578,118.19999694824219,116.7699966430664,116.77999877929688,62002100
2005-03-31,79.90827178955078,117.95999908447266,118.45999908447266,117.87000274658203,118.19000244140625,64575400
2005-04-01,79.54924774169922,117.43000030517578,118.98999786376953,116.91000366210938,118.62999725341797,95255300
2005-04-04,79.68473052978516,117.62999725341797,117.86000061035156,116.73999786376953,117.36000061035156,71581200
2005-04-05,80.06407928466797,118.19000244140625,118.37999725341797,117.66999816894531,117.77999877929688,46853900
2005-04-06,80.34184265136719,118.5999984741211,118.94999694824219,118.18000030517578,118.44999694824219,53268200
2005-04-07,80.77535247802734,119.23999786376953,119.26000213623047,118.31999969482422,118.41000366210938,46734600
2005-04-08,79.93534088134766,118.0,119.20999908447266,118.0,119.16999816894531,63772900
2005-04-11,79.99634552001953,118.08999633789062,118.41999816894531,117.83000183105469,118.29000091552734,44945000
2005-04-12,80.40959167480469,118.69999694824219,119.05999755859375,117.06999969482422,117.88999938964844,86144800
2005-04-13,79.46121978759766,117.30000305175781,118.80000305175781,117.12999725341797,118.55999755859375,65949000
2005-04-14,78.42473602294922,115.7699966430664,117.5,115.7699966430664,117.4000015258789,96119800
2005-04-15,77.3272933959961,114.1500015258789,116.19999694824219,114.0999984741211,115.73999786376953,128677300
2005-04-18,77.56442260742188,114.5,114.95999908447266,113.95999908447266,114.12000274658203,100035200
2005-04-19,78.18085479736328,115.41000366210938,115.52999877929688,114.83000183105469,115.0999984741211,64930100
2005-04-20,77.09019470214844,113.80000305175781,115.62999725341797,113.55000305175781,115.37999725341797,107735900
2005-04-21,78.58729553222656,116.01000213623047,116.20999908447266,114.37999725341797,114.79000091552734,86952200
2005-04-22,78.28924560546875,115.56999969482422,116.5,114.2699966430664,115.73999786376953,88845800
2005-04-25,78.8040542602539,116.33000183105469,116.5,115.72000122070312,115.86000061035156,52284100
2005-04-26,78.03861999511719,115.19999694824219,116.7699966430664,115.1500015258789,115.95999908447266,72626000
2005-04-27,78.34341430664062,115.6500015258789,116.06999969482422,114.44000244140625,114.86000061035156,84131900
2005-04-28,77.36119079589844,114.19999694824219,115.68000030517578,114.19999694824219,115.2699966430664,72481500
2005-04-29,78.41116333007812,115.75,115.87000274658203,113.97000122070312,115.06999969482422,103993800
2005-05-02,78.85149383544922,116.4000015258789,116.41000366210938,115.5199966430664,116.06999969482422,56026400
2005-05-03,78.98699951171875,116.5999984741211,116.8499984741211,115.69000244140625,116.06999969482422,86000300
2005-05-04,79.5967025756836,117.5,117.75,116.27999877929688,116.6500015258789,81055700
2005-05-05,79.5696029663086,117.45999908447266,118.0,116.73999786376953,117.66999816894531,96906700
2005-05-06,79.31893157958984,117.08999633789062,117.98999786376953,117.05999755859375,117.93000030517578,67415400
2005-05-09,79.81346130371094,117.81999969482422,118.08000183105469,117.05000305175781,117.20999908447266,43750500
2005-05-10,78.98699951171875,116.5999984741211,117.5,116.38999938964844,117.36000061035156,74613500
2005-05-11,79.42052459716797,117.23999786376953,117.4000015258789,115.8499984741211,116.93000030517578,91647400
2005-05-12,78.5466537475586,115.94999694824219,117.58999633789062,115.94999694824219,117.31999969482422,95086800
2005-05-13,78.39083862304688,115.72000122070312,116.62000274658203,114.80000305175781,116.30000305175781,85267000
2005-05-16,79.12248229980469,116.80000305175781,116.83999633789062,115.66000366210938,115.69999694824219,49207000
2005-05-17,79.65088653564453,117.58000183105469,117.69999694824219,116.16000366210938,116.41000366210938,61071800
2005-05-18,80.47055053710938,118.79000091552734,119.08000183105469,118.01000213623047,118.08999633789062,77944900
2005-05-19,80.80925750732422,119.29000091552734,119.41000366210938,118.69999694824219,119.0199966430664,61768100
2005-05-20,80.69409942626953,119.12000274658203,119.38999938964844,118.73999786376953,119.33999633789062,46345500
2005-05-23,81.14120483398438,119.77999877929688,120.04000091552734,119.19000244140625,119.20999908447266,51047900
2005-05-24,80.95153045654297,119.5,119.83000183105469,119.19999694824219,119.44000244140625,50654100
2005-05-25,80.89055633544922,119.41000366210938,119.87000274658203,118.83000183105469,119.3499984741211,47608800
2005-05-26,81.32408142089844,120.05000305175781,120.20999908447266,119.62000274658203,119.79000091552734,43256200
2005-05-27,81.4595718383789,120.25,120.25,119.80000305175781,120.05999755859375,24596100
2005-05-31,80.93798828125,119.4800033569336,120.16999816894531,119.4000015258789,120.08000183105469,43377200
2005-06-01,81.62894439697266,120.5,120.91999816894531,119.44999694824219,119.5199966430664,69611000
2005-06-02,81.8050308227539,120.76000213623047,120.83999633789062,120.0999984741211,120.2300033569336,39704500
2005-06-03,81.391845703125,120.1500015258789,120.88999938964844,119.7300033569336,120.55000305175781,60999400
2005-06-06,81.31731414794922,120.04000091552734,120.19999694824219,119.55000305175781,119.94999694824219,36046400
2005-06-07,81.3782730102539,120.12999725341797,121.25,120.01000213623047,120.38999938964844,66501300
2005-06-08,81.229248046875,119.91000366210938,120.58999633789062,119.66999816894531,120.43000030517578,46881200
2005-06-09,81.6153335571289,120.4800033569336,120.58000183105469,119.44000244140625,119.73999786376953,56653300
2005-06-10,81.42568969726562,120.19999694824219,120.6500015258789,119.5999984741211,120.55999755859375,36465300
2005-06-13,81.68313598632812,120.58000183105469,121.08000183105469,119.80999755859375,119.94000244140625,49383200
2005-06-14,81.8727798461914,120.86000061035156,121.19999694824219,120.37999725341797,120.44999694824219,33857100
2005-06-15,82.02864074707031,121.08999633789062,121.23999786376953,120.2300033569336,121.16000366210938,53195600
2005-06-16,82.23860931396484,121.4000015258789,121.63999938964844,120.91999816894531,121.05999755859375,46564500
2005-06-17,82.54328155517578,121.36000061035156,121.9000015258789,121.22000122070312,121.54000091552734,51529400
2005-06-20,82.5705337524414,121.4000015258789,121.83999633789062,120.94000244140625,121.08000183105469,41019400
2005-06-21,82.61813354492188,121.47000122070312,121.6500015258789,121.02999877929688,121.5,39879800
2005-06-22,82.6861572265625,121.56999969482422,121.94000244140625,121.06999969482422,121.68000030517578,46310100
2005-06-23,81.52310943603516,119.86000061035156,121.5999984741211,119.83000183105469,121.31999969482422,62185600
2005-06-24,80.92457580566406,118.9800033569336,120.01000213623047,118.83999633789062,119.87999725341797,58572500
2005-06-27,81.04016876220703,119.1500015258789,119.41000366210938,118.75,118.97000122070312,48183800
2005-06-28,81.72035217285156,120.1500015258789,120.23999786376953,119.37000274658203,119.4000015258789,41174200
2005-06-29,81.50270080566406,119.83000183105469,120.4000015258789,119.76000213623047,120.37000274658203,42316500
2005-06-30,81.06061553955078,119.18000030517578,120.31999969482422,118.94999694824219,120.22000122070312,62288800
2005-07-01,81.29862213134766,119.52999877929688,119.80000305175781,119.20999908447266,119.44999694824219,49737500
2005-07-05,81.9515609741211,120.48999786376953,120.6500015258789,119.19000244140625,119.25,51549000
2005-07-06,81.26464080810547,119.4800033569336,120.6500015258789,119.41000366210938,120.38999938964844,52363600
2005-07-07,81.58429718017578,119.94999694824219,119.94999694824219,118.26000213623047,118.29000091552734,103268800
2005-07-08,82.51609802246094,121.31999969482422,121.31999969482422,119.72000122070312,119.97000122070312,64491200
2005-07-11,82.93781280517578,121.94000244140625,122.0999984741211,121.30999755859375,121.33000183105469,49688300
2005-07-12,83.15548706054688,122.26000213623047,122.62999725341797,121.63999938964844,121.98999786376953,51871100
2005-07-13,83.27108764648438,122.43000030517578,122.5199966430664,121.98999786376953,122.2699966430664,41182300
2005-07-14,83.59754180908203,122.91000366210938,123.44000244140625,122.48999786376953,122.9800033569336,63638800
2005-07-15,83.54991149902344,122.83999633789062,123.04000091552734,122.36000061035156,122.79000091552734,56075900
2005-07-18,83.2166519165039,122.3499984741211,122.62999725341797,122.05000305175781,122.5,56598400
2005-07-19,83.67237091064453,123.0199966430664,123.11000061035156,122.41000366210938,122.70999908447266,59165700
2005-07-20,83.95805358886719,123.44000244140625,123.7300033569336,122.30000305175781,122.58999633789062,69477000
2005-07-21,83.46833038330078,122.72000122070312,123.61000061035156,122.47000122070312,123.55000305175781,101110900
2005-07-22,84.02604675292969,123.54000091552734,123.55999755859375,122.62999725341797,122.87999725341797,52607100
2005-07-25,83.78801727294922,123.19000244140625,123.94999694824219,122.8499984741211,123.41000366210938,57301600
2005-07-26,83.89002227783203,123.33999633789062,123.52999877929688,122.94999694824219,123.2300033569336,42758800
2005-07-27,84.19606018066406,123.79000091552734,123.88999938964844,123.05000305175781,123.5,43181600
2005-07-28,84.72662353515625,124.56999969482422,124.63999938964844,123.63999938964844,123.95999908447266,47880700
2005-07-29,84.16207122802734,123.73999786376953,124.62999725341797,123.5,124.41000366210938,62358100
2005-08-01,84.10087585449219,123.6500015258789,124.04000091552734,123.44999694824219,123.83000183105469,40418200
2005-08-02,84.60418701171875,124.38999938964844,124.5999984741211,123.73999786376953,123.87000274658203,45147400
2005-08-03,84.82862091064453,124.72000122070312,124.73999786376953,124.12000274658203,124.25,36837200
2005-08-04,84.14849090576172,123.72000122070312,124.30999755859375,123.56999969482422,124.2300033569336,50855600
2005-08-05,83.57714080810547,122.87999725341797,123.9800033569336,122.66999816894531,123.44999694824219,53595500
2005-08-08,83.4206771850586,122.6500015258789,123.41000366210938,122.37999725341797,123.1500015258789,47616000
2005-08-09,83.92400360107422,123.38999938964844,123.58999633789062,122.87000274658203,123.05999755859375,47170000
2005-08-10,83.88322448730469,123.33000183105469,124.5,122.81999969482422,123.81999969482422,72863700
2005-08-11,84.21648406982422,123.81999969482422,124.02999877929688,123.01000213623047,123.2699966430664,58570200
2005-08-12,83.69955444335938,123.05999755859375,123.69000244140625,122.75,123.56999969482422,54776900
2005-08-15,84.21648406982422,123.81999969482422,123.87000274658203,122.83000183105469,123.22000122070312,36208500
2005-08-16,83.1214599609375,122.20999908447266,123.5199966430664,122.08999633789062,123.44000244140625,71942100
2005-08-17,83.11463165283203,122.19999694824219,122.87000274658203,122.02999877929688,122.19000244140625,62275100
2005-08-18,83.10784149169922,122.19000244140625,122.55999755859375,121.83999633789062,122.05000305175781,53388600
2005-08-19,83.29830932617188,122.47000122070312,122.81999969482422,122.19999694824219,122.62999725341797,39842100
2005-08-22,83.29830932617188,122.47000122070312,123.2300033569336,121.87999725341797,122.58000183105469,69912000
2005-08-23,83.14186096191406,122.23999786376953,122.61000061035156,121.1500015258789,122.5,55168600
2005-08-24,82.40047454833984,121.1500015258789,122.7300033569336,121.08999633789062,121.94000244140625,79104600
2005-08-25,82.69974517822266,121.58999633789062,121.66999816894531,121.20999908447266,121.3499984741211,35631100
2005-08-26,82.13521575927734,120.76000213623047,121.48999786376953,120.68000030517578,121.4800033569336,61956800
2005-08-29,82.76775360107422,121.69000244140625,121.77999877929688,120.37999725341797,120.41000366210938,56179200
2005-08-30,82.33246612548828,121.05000305175781,121.30000305175781,120.38999938964844,121.25,74160200
2005-08-31,83.37310791015625,122.58000183105469,122.66000366210938,120.73999786376953,121.19000244140625,102945200
2005-09-01,83.31192016601562,122.48999786376953,123.1500015258789,121.13999938964844,122.5199966430664,74578700
2005-09-02,83.16227722167969,122.2699966430664,122.87999725341797,122.04000091552734,122.8499984741211,47653400
2005-09-06,84.1348876953125,123.69999694824219,123.80000305175781,122.6500015258789,122.66000366210938,57251300
2005-09-07,84.2777099609375,123.91000366210938,124.12999725341797,123.45999908447266,123.62999725341797,41749700
2005-09-08,83.99886322021484,123.5,124.0,123.30999755859375,123.66000366210938,39068700
2005-09-09,84.74701690673828,124.5999984741211,124.73999786376953,123.80000305175781,123.83000183105469,43093900
2005-09-12,84.57696533203125,124.3499984741211,124.66999816894531,124.2699966430664,124.44999694824219,33017600
2005-09-13,84.10769653320312,123.66000366210938,124.41999816894531,123.5199966430664,124.12999725341797,58427500
2005-09-14,83.80158996582031,123.20999908447266,123.91999816894531,123.0199966430664,123.73999786376953,57694600
2005-09-15,83.76080322265625,123.1500015258789,123.6500015258789,122.9000015258789,123.58999633789062,73156900
2005-09-16,84.3564224243164,123.5,123.73999786376953,122.87000274658203,123.30000305175781,75424100
2005-09-19,84.07633972167969,123.08999633789062,123.55000305175781,122.63999938964844,123.47000122070312,53355300
2005-09-20,83.3659896850586,122.05000305175781,123.61000061035156,121.87000274658203,123.19999694824219,84480300
2005-09-21,82.58732604980469,120.91000366210938,121.87000274658203,120.77999877929688,121.79000091552734,94469100
2005-09-22,82.88102722167969,121.33999633789062,121.66000366210938,120.44000244140625,120.94999694824219,84597200
2005-09-23,82.94934844970703,121.44000244140625,121.88999938964844,120.9000015258789,121.23999786376953,59368100
2005-09-26,83.04496765136719,121.58000183105469,122.23999786376953,121.08000183105469,122.0199966430664,70415400
2005-09-27,83.02445220947266,121.55000305175781,121.98999786376953,121.0199966430664,121.5199966430664,66150800
2005-09-28,83.10641479492188,121.66999816894531,122.12000274658203,121.19999694824219,121.93000030517578,58620500
2005-09-29,83.78263092041016,122.66000366210938,122.86000061035156,121.08000183105469,121.55000305175781,66607700
2005-09-30,84.04219818115234,123.04000091552734,123.04000091552734,121.73999786376953,122.62000274658203,47824200
2005-10-03,83.74164581298828,122.5999984741211,123.33999633789062,122.44999694824219,122.95999908447266,50994800
2005-10-04,82.799072265625,121.22000122070312,123.02999877929688,121.16000366210938,122.79000091552734,60776300
2005-10-05,81.7129898071289,119.62999725341797,121.30999755859375,119.56999969482422,121.25,106052100
2005-10-06,81.41931915283203,119.19999694824219,120.26000213623047,118.16999816894531,119.77999877929688,140941800
2005-10-07,81.69937896728516,119.61000061035156,120.05000305175781,119.12999725341797,119.69999694824219,75661400
2005-10-10,81.00947570800781,118.5999984741211,119.70999908447266,118.30000305175781,119.68000030517578,52677000
2005-10-11,80.89334106445312,118.43000030517578,119.38999938964844,118.31999969482422,118.98999786376953,75629800
2005-10-12,80.25810241699219,117.5,119.12999725341797,117.41000366210938,118.38999938964844,100510400
2005-10-13,80.21028900146484,117.43000030517578,118.08000183105469,116.87999725341797,117.45999908447266,99052900
2005-10-14,81.05729675292969,118.66999816894531,118.80999755859375,117.55999755859375,118.12000274658203,88651000
2005-10-17,81.35782623291016,119.11000061035156,119.2699966430664,118.44999694824219,118.80000305175781,68109300
2005-10-18,80.47669982910156,117.81999969482422,118.95999908447266,117.80000305175781,118.94000244140625,74996900
2005-10-19,81.81549835205078,119.77999877929688,119.80000305175781,117.12000274658203,117.5,116563800
2005-10-20,80.37422180175781,117.66999816894531,119.80999755859375,117.30000305175781,119.48999786376953,131966700
2005-10-21,80.68842315673828,118.12999725341797,118.77999877929688,117.51000213623047,118.29000091552734,96579500
2005-10-24,81.93840789794922,119.95999908447266,120.08999633789062,118.41000366210938,118.44000244140625,71308400
2005-10-25,81.77448272705078,119.72000122070312,120.23999786376953,118.94000244140625,119.72000122070312,76594500
2005-10-26,81.53544616699219,119.37000274658203,120.54000091552734,119.19000244140625,119.51000213623047,80855800
2005-10-27,80.66796875,118.0999984741211,119.37000274658203,117.93000030517578,119.19999694824219,66623100
2005-10-28,81.82910919189453,119.80000305175781,119.94999694824219,118.0999984741211,118.43000030517578,72322000
2005-10-31,82.05455780029297,120.12999725341797,121.30000305175781,120.12999725341797,120.29000091552734,77698900
2005-11-01,82.30043029785156,120.48999786376953,120.9000015258789,120.22000122070312,120.58000183105469,66365100
2005-11-02,83.16108703613281,121.75,121.75,120.12999725341797,120.16999816894531,74012300
2005-11-03,83.5162582397461,122.2699966430664,122.66000366210938,121.75,122.1500015258789,84897600
2005-11-04,83.40695190429688,122.11000061035156,122.45999908447266,121.55000305175781,122.4000015258789,59156000
2005-11-07,83.48892211914062,122.2300033569336,122.62000274658203,121.8499984741211,122.37000274658203,46765400
2005-11-08,83.48892211914062,122.2300033569336,122.41999816894531,121.79000091552734,121.93000030517578,42152800
2005-11-09,83.59822082519531,122.38999938964844,122.94999694824219,121.86000061035156,122.08000183105469,57666800
2005-11-10,84.24711608886719,123.33999633789062,123.5199966430664,121.75,122.33999633789062,79048100
2005-11-11,84.53400421142578,123.76000213623047,123.83999633789062,122.43000030517578,123.3499984741211,34867000
2005-11-14,84.48622131347656,123.69000244140625,124.0199966430664,123.37999725341797,123.79000091552734,45092200
2005-11-15,84.1788330078125,123.23999786376953,124.08999633789062,122.86000061035156,123.55000305175781,69592500
2005-11-16,84.34956359863281,123.48999786376953,123.55000305175781,122.9800033569336,123.37000274658203,51133000
2005-11-17,85.13507843017578,124.63999938964844,124.6500015258789,123.13999938964844,123.68000030517578,55717500
2005-11-18,85.46977233886719,125.12999725341797,125.27999877929688,124.33000183105469,125.05999755859375,72437200
2005-11-21,85.90010070800781,125.76000213623047,125.91000366210938,124.9800033569336,125.1500015258789,50021200
2005-11-22,86.26895141601562,126.30000305175781,126.5199966430664,125.41999816894531,125.55999755859375,66438800
2005-11-23,86.76756286621094,127.02999877929688,127.41000366210938,126.20999908447266,126.25,50854700
2005-11-25,86.83586883544922,127.12999725341797,127.22000122070312,126.80999755859375,126.9800033569336,15270000
2005-11-28,86.22113800048828,126.2300033569336,127.2699966430664,126.04000091552734,127.25,54498500
2005-11-29,86.1255111694336,126.08999633789062,126.9800033569336,126.08999633789062,126.6500015258789,51738900
2005-11-30,85.6610107421875,125.41000366210938,126.5199966430664,125.29000091552734,126.16000366210938,56007200
2005-12-01,86.53533935546875,126.69000244140625,127.02999877929688,125.9800033569336,126.0199966430664,65468200
2005-12-02,86.64464569091797,126.8499984741211,127.08000183105469,126.5,126.7699966430664,46699400
2005-12-05,86.46017456054688,126.58000183105469,126.7300033569336,126.18000030517578,126.69999694824219,59273400
2005-12-06,86.62413787841797,126.81999969482422,127.73999786376953,126.62999725341797,127.05000305175781,57935200
2005-12-07,86.11869049072266,126.08000183105469,126.87000274658203,125.68000030517578,126.7699966430664,66816500
2005-12-08,86.06405639648438,126.0,126.81999969482422,125.4800033569336,126.22000122070312,62608600
2005-12-09,86.28946685791016,126.33000183105469,126.77999877929688,125.81999969482422,126.16000366210938,50744500
2005-12-12,86.37142181396484,126.44999694824219,126.86000061035156,125.95999908447266,126.70999908447266,48389900
2005-12-13,86.95881652832031,127.30999755859375,127.69999694824219,126.29000091552734,126.41999816894531,88630900
2005-12-14,87.30034637451172,127.80999755859375,128.08999633789062,127.13999938964844,127.19000244140625,64375000
2005-12-15,87.04762268066406,127.44000244140625,128.0,127.18000030517578,127.83999633789062,55900300
2005-12-16,86.76747131347656,126.36000061035156,127.36000061035156,126.36000061035156,127.27999877929688,46238300
2005-12-19,86.32113647460938,125.70999908447266,126.87000274658203,125.69000244140625,126.7300033569336,48733000
2005-12-20,86.40350341796875,125.83000183105469,126.58999633789062,125.4800033569336,125.86000061035156,46603200
2005-12-21,86.54085540771484,126.02999877929688,126.76000213623047,125.80000305175781,126.22000122070312,51806900
2005-12-22,86.99404907226562,126.69000244140625,126.69000244140625,126.08000183105469,126.30999755859375,32247900
2005-12-23,87.04212188720703,126.76000213623047,126.86000061035156,126.41999816894531,126.77999877929688,27977300
2005-12-27,86.15630340576172,125.47000122070312,127.05000305175781,125.37999725341797,126.95999908447266,44499500
2005-12-28,86.34857940673828,125.75,125.98999786376953,125.5,125.73999786376953,30764300
2005-12-29,85.96404266357422,125.19000244140625,125.95999908447266,125.05999755859375,125.72000122070312,32788900
2005-12-30,85.49708557128906,124.51000213623047,125.05999755859375,124.36000061035156,124.80000305175781,44645600
2006-01-03,87.00086975097656,126.69999694824219,127.0,124.38999938964844,125.19000244140625,73256700
2006-01-04,87.41291809082031,127.30000305175781,127.48999786376953,126.69999694824219,126.86000061035156,51899600
2006-01-05,87.46783447265625,127.37999725341797,127.58999633789062,126.87999725341797,127.1500015258789,47307500
2006-01-06,88.19572448730469,128.44000244140625,128.5800018310547,127.36000061035156,128.02000427246094,62885900
2006-01-09,88.42232513427734,128.77000427246094,129.05999755859375,128.3800048828125,128.4199981689453,43527400
2006-01-10,88.51156616210938,128.89999389648438,128.97999572753906,128.25999450683594,128.38999938964844,44960800
2006-01-11,88.79314422607422,129.30999755859375,129.44000244140625,128.72999572753906,129.02000427246094,49598900
2006-01-12,88.44291687011719,128.8000030517578,129.27999877929688,128.44000244140625,129.0800018310547,40509200
2006-01-13,88.36054229736328,128.67999267578125,128.89999389648438,128.1999969482422,128.57000732421875,44856700
2006-01-17,88.12019348144531,128.3300018310547,128.4199981689453,127.80999755859375,128.1999969482422,52066600
2006-01-18,87.76998901367188,127.81999969482422,128.89999389648438,127.16000366210938,127.58000183105469,75067600
2006-01-19,88.10645294189453,128.30999755859375,128.77000427246094,127.80999755859375,128.1300048828125,81530400
2006-01-20,86.49964904785156,125.97000122070312,128.30999755859375,125.97000122070312,128.27999877929688,114957800
2006-01-23,86.80867004394531,126.41999816894531,126.81999969482422,126.12999725341797,126.20999908447266,67017400
2006-01-24,86.89790344238281,126.55000305175781,127.1500015258789,126.41999816894531,126.62999725341797,53008800
2006-01-25,86.97343444824219,126.66000366210938,127.18000030517578,125.83999633789062,127.04000091552734,87747700
2006-01-26,87.4541244506836,127.36000061035156,127.66999816894531,126.76000213623047,127.25,71294000
2006-01-27,88.2644271850586,128.5399932861328,128.66000366210938,127.44999694824219,127.66000366210938,65771200
2006-01-30,88.19572448730469,128.44000244140625,128.80999755859375,128.35000610351562,128.44000244140625,33709600
2006-01-31,87.55026245117188,127.5,128.5399932861328,127.48999786376953,128.32000732421875,72937000
2006-02-01,88.16141510009766,128.38999938964844,128.42999267578125,127.72000122070312,127.81999969482422,63561000
2006-02-02,87.13826751708984,126.9000015258789,128.13999938964844,126.80000305175781,128.10000610351562,83626900
2006-02-03,86.70564270019531,126.2699966430664,128.38999938964844,126.13999938964844,126.58000183105469,86040400
2006-02-06,86.93225860595703,126.5999984741211,126.80000305175781,126.16999816894531,126.44000244140625,45511900
2006-02-07,86.1631851196289,125.4800033569336,126.66000366210938,125.4000015258789,126.37999725341797,71208100
2006-02-08,86.94598388671875,126.62000274658203,128.10000610351562,125.5999984741211,125.8499984741211,59422200
2006-02-09,86.80181121826172,126.41000366210938,127.5999984741211,126.37000274658203,126.91999816894531,62023300
2006-02-10,86.95973205566406,126.63999938964844,127.12999725341797,125.44999694824219,126.43000030517578,64508700
2006-02-13,86.80181121826172,126.41000366210938,126.79000091552734,125.94999694824219,126.5999984741211,52308700
2006-02-14,87.72191619873047,127.75,128.02999877929688,126.20999908447266,126.45999908447266,90964400
2006-02-15,88.03092193603516,128.1999969482422,128.32000732421875,127.23999786376953,127.68000030517578,85471300
2006-02-16,88.69013214111328,129.16000366210938,129.2100067138672,128.17999267578125,128.33999633789062,61017900
2006-02-17,88.44979858398438,128.80999755859375,129.16000366210938,128.5800018310547,129.0500030517578,40342600
2006-02-21,88.23007202148438,128.49000549316406,129.39999389648438,128.2899932861328,129.11000061035156,46456300
2006-02-22,88.76567077636719,129.27000427246094,129.64999389648438,128.64999389648438,128.77000427246094,42326700
2006-02-23,88.63520812988281,129.0800018310547,129.63999938964844,128.27999877929688,129.27000427246094,43423200
2006-02-24,88.8617935180664,129.41000366210938,129.47999572753906,128.75999450683594,129.11000061035156,36777400
2006-02-27,88.89615631103516,129.4600067138672,130.0399932861328,129.27999877929688,129.39999389648438,35858600
2006-02-28,88.05149841308594,128.22999572753906,129.91000366210938,128.1300048828125,129.1999969482422,74394800
2006-03-01,88.8343276977539,129.3699951171875,129.49000549316406,128.5,128.60000610351562,48641600
2006-03-02,88.82746887207031,129.36000061035156,129.4199981689453,128.61000061035156,128.89999389648438,60642300
2006-03-03,88.41543579101562,128.75999450683594,130.07000732421875,128.64999389648438,128.6699981689453,73402500
2006-03-06,88.01031494140625,128.1699981689453,129.17999267578125,127.8499984741211,129.13999938964844,57478400
2006-03-07,87.87298583984375,127.97000122070312,128.05999755859375,127.4000015258789,127.86000061035156,61780800
2006-03-08,88.05838012695312,128.24000549316406,128.44000244140625,127.18000030517578,127.69999694824219,66692400
2006-03-09,87.46783447265625,127.37999725341797,128.67999267578125,127.37999725341797,128.27999877929688,56313600
2006-03-10,88.29873657226562,128.58999633789062,128.83999633789062,127.44000244140625,127.70999908447266,60490800
2006-03-13,88.4635238647461,128.8300018310547,129.16000366210938,128.52999877929688,128.83999633789062,45479100
2006-03-14,89.3905029296875,130.17999267578125,130.22999572753906,128.61000061035156,128.7100067138672,69877300
2006-03-15,89.78880310058594,130.75999450683594,130.86000061035156,129.85000610351562,130.14999389648438,53398900
2006-03-16,89.97419738769531,131.02999877929688,131.47000122070312,130.83999633789062,131.00999450683594,65526400
2006-03-17,90.04933166503906,130.6199951171875,130.89999389648438,130.3800048828125,130.67999267578125,47286800
2006-03-20,89.9045639038086,130.41000366210938,130.89999389648438,130.2100067138672,130.63999938964844,45538500
2006-03-21,89.3392562866211,129.58999633789062,130.99000549316406,129.4499969482422,130.3699951171875,87102700
2006-03-22,89.88387298583984,130.3800048828125,130.50999450683594,129.4499969482422,129.50999450683594,51605700
2006-03-23,89.69776916503906,130.11000061035156,130.38999938964844,129.66000366210938,130.25999450683594,46704200
2006-03-24,89.7667007446289,130.2100067138672,130.57000732421875,129.74000549316406,129.99000549316406,43209200
2006-03-27,89.63569641113281,130.02000427246094,130.27999877929688,129.74000549316406,130.02999877929688,32523000
2006-03-28,89.08414459228516,129.22000122070312,130.52999877929688,129.0500030517578,129.92999267578125,82079900
2006-03-29,89.64261627197266,130.02999877929688,130.5,129.2899932861328,129.41000366210938,61505700
2006-03-30,89.4840316772461,129.8000030517578,130.97999572753906,129.5500030517578,130.11000061035156,70571700
2006-03-31,89.50472259521484,129.8300018310547,130.24000549316406,129.3699951171875,130.02000427246094,62925600
2006-04-03,89.43573760986328,129.72999572753906,130.8699951171875,129.49000549316406,130.07000732421875,61624700
2006-04-04,90.00794219970703,130.55999755859375,130.72999572753906,129.36000061035156,129.72999572753906,54809300
2006-04-05,90.31818389892578,131.00999450683594,131.27999877929688,130.3800048828125,130.61000061035156,50607200
2006-04-06,90.2217025756836,130.8699951171875,131.2100067138672,130.19000244140625,130.85000610351562,57906200
2006-04-07,89.30475616455078,129.5399932861328,131.39999389648438,129.35000610351562,131.05999755859375,80180900
2006-04-10,89.44264221191406,129.74000549316406,130.0800018310547,129.25999450683594,129.74000549316406,41496500
2006-04-11,88.68431854248047,128.63999938964844,130.05999755859375,128.25,129.85000610351562,72799400
2006-04-12,88.84976196289062,128.8800048828125,129.1300048828125,128.61000061035156,128.77000427246094,43033700
2006-04-13,88.73261260986328,128.7100067138672,129.25,128.30999755859375,128.58999633789062,51051800
2006-04-17,88.69812774658203,128.66000366210938,129.30999755859375,128.02000427246094,128.8300018310547,64167700
2006-04-18,90.1044921875,130.6999969482422,130.94000244140625,128.92999267578125,128.92999267578125,92531800
2006-04-19,90.27684020996094,130.9499969482422,131.07000732421875,130.24000549316406,130.75,87269000
2006-04-20,90.40097045898438,131.1300048828125,131.86000061035156,130.60000610351562,131.0,86005500
2006-04-21,90.41473388671875,131.14999389648438,131.7899932861328,130.6199951171875,131.69000244140625,72342600
2006-04-24,90.249267578125,130.91000366210938,131.07000732421875,130.3800048828125,130.88999938964844,52546400
2006-04-25,89.87700653076172,130.3699951171875,131.1199951171875,129.9199981689453,131.0399932861328,84359800
2006-04-26,89.89768981933594,130.39999389648438,131.13999938964844,130.3000030517578,130.5,67262400
2006-04-27,90.33199310302734,131.02999877929688,131.6300048828125,129.58999633789062,129.89999389648438,124478600
2006-04-28,90.63533782958984,131.47000122070312,131.75,130.7100067138672,130.7899932861328,55854400
2006-05-01,89.89768981933594,130.39999389648438,131.8000030517578,130.32000732421875,131.47000122070312,64990300
2006-05-02,90.57327270507812,131.3800048828125,131.4600067138672,130.74000549316406,131.00999450683594,49063500
2006-05-03,90.23545837402344,130.88999938964844,131.32000732421875,130.4499969482422,131.14999389648438,60821300
2006-05-04,90.55952453613281,131.36000061035156,131.6199951171875,130.97000122070312,131.0800018310547,42921400
2006-05-05,91.35918426513672,132.52000427246094,132.8000030517578,131.85000610351562,132.0500030517578,62588200
2006-05-08,91.24889373779297,132.36000061035156,132.77000427246094,132.36000061035156,132.50999450683594,30016700
2006-05-09,91.4281234741211,132.6199951171875,132.77000427246094,132.30999755859375,132.4199981689453,29864000
2006-05-10,91.3798828125,132.5500030517578,132.75,131.88999938964844,132.41000366210938,64378200
2006-05-11,90.27684020996094,130.9499969482422,132.5500030517578,130.52000427246094,132.50999450683594,80626900
2006-05-12,89.09798431396484,129.24000549316406,130.72000122070312,129.19000244140625,130.36000061035156,91726500
2006-05-15,89.2771987915039,129.5,129.74000549316406,128.61000061035156,128.7899932861328,84029300
2006-05-16,89.146240234375,129.30999755859375,130.0,129.00999450683594,129.75999450683594,62137600
2006-05-17,87.45027923583984,126.8499984741211,129.10000610351562,126.7699966430664,128.6699981689453,144789500
2006-05-18,87.00910186767578,126.20999908447266,127.75,126.11000061035156,127.3499984741211,87906300
2006-05-19,87.62267303466797,127.0999984741211,127.48999786376953,125.80000305175781,126.87000274658203,124309400
2006-05-22,86.9539566040039,126.12999725341797,127.16999816894531,125.5,126.27999877929688,110852800
2006-05-23,86.29212188720703,125.16999816894531,127.62999725341797,125.16999816894531,127.18000030517578,92006500
2006-05-24,86.98151397705078,126.16999816894531,126.88999938964844,124.76000213623047,125.68000030517578,168405000
2006-05-25,88.05696105957031,127.7300033569336,127.7300033569336,126.43000030517578,126.91999816894531,78977900
2006-05-26,88.50508880615234,128.3800048828125,128.3800048828125,127.51000213623047,128.00999450683594,62989700
2006-05-30,86.93326568603516,126.0999984741211,128.0,126.05000305175781,127.97000122070312,72419900
2006-05-31,87.90528869628906,127.51000213623047,127.51000213623047,126.19999694824219,126.62000274658203,86926200
2006-06-01,88.74639892578125,128.72999572753906,128.94000244140625,127.2699966430664,127.37999725341797,73721700
2006-06-02,88.93253326416016,129.0,129.42999267578125,128.32000732421875,129.25,91702600
2006-06-05,87.6364517211914,127.12000274658203,128.86000061035156,126.7699966430664,128.85000610351562,86105100
2006-06-06,87.42272186279297,126.80999755859375,127.37999725341797,125.76000213623047,127.20999908447266,130498600
2006-06-07,86.76780700683594,125.86000061035156,127.6500015258789,125.79000091552734,126.91000366210938,108599400
2006-06-08,86.69197082519531,125.75,126.5,123.87000274658203,125.58000183105469,204957200
2006-06-09,86.41618347167969,125.3499984741211,126.95999908447266,125.29000091552734,126.36000061035156,94972200
2006-06-12,85.47859954833984,123.98999786376953,125.93000030517578,123.81999969482422,125.87999725341797,95815900
2006-06-13,84.48587799072266,122.55000305175781,124.83999633789062,122.55000305175781,123.73999786376953,185688800
2006-06-14,85.14083862304688,123.5,123.62999725341797,122.33999633789062,122.83999633789062,163566400
2006-06-15,86.94705963134766,126.12000274658203,126.36000061035156,123.86000061035156,123.94999694824219,134057000
2006-06-16,86.31342315673828,124.6500015258789,125.55999755859375,124.45999908447266,125.29000091552734,94253500
2006-06-19,85.63481903076172,123.66999816894531,125.4800033569336,123.55000305175781,125.4000015258789,95804400
2006-06-20,85.92566680908203,124.08999633789062,124.80999755859375,123.72000122070312,124.01000213623047,65494700
2006-06-21,86.5627212524414,125.01000213623047,125.69999694824219,123.95999908447266,124.0,75008200
2006-06-22,86.181884765625,124.45999908447266,125.05999755859375,124.04000091552734,124.94999694824219,74566100
2006-06-23,86.16802978515625,124.44000244140625,125.30000305175781,124.02999877929688,124.33000183105469,54107000
2006-06-26,86.54889678955078,124.98999786376953,125.05999755859375,124.25,124.54000091552734,37899600
2006-06-27,85.80104064941406,123.91000366210938,125.29000091552734,123.7699966430664,125.01000213623047,69780200
2006-06-28,86.3827133178711,124.75,124.7699966430664,123.6500015258789,124.19000244140625,62368100
2006-06-29,88.12763977050781,127.2699966430664,127.3499984741211,125.16999816894531,125.19999694824219,110634800
2006-06-30,88.13459777832031,127.27999877929688,127.66000366210938,126.95999908447266,127.54000091552734,54227800
2006-07-03,88.4946517944336,127.80000305175781,128.00999450683594,127.30999755859375,127.43000030517578,23914000
2006-07-05,87.98912811279297,127.06999969482422,127.44999694824219,126.5199966430664,127.29000091552734,69653400
2006-07-06,88.24535369873047,127.44000244140625,127.8499984741211,127.08000183105469,127.19999694824219,50100300
2006-07-07,87.670654296875,126.61000061035156,127.55999755859375,126.29000091552734,127.19000244140625,81626500
2006-07-10,87.83680725097656,126.8499984741211,127.43000030517578,126.41000366210938,126.94000244140625,60964100
2006-07-11,88.22459411621094,127.41000366210938,127.41000366210938,125.94000244140625,126.61000061035156,73640800
2006-07-12,87.28290557861328,126.05000305175781,127.4000015258789,125.72000122070312,127.1500015258789,82561300
2006-07-13,85.86337280273438,124.0,125.68000030517578,124.0,125.44999694824219,102405700
2006-07-14,85.53099060058594,123.5199966430664,124.26000213623047,122.83000183105469,124.12999725341797,103242500
2006-07-17,85.4063491821289,123.33999633789062,124.0999984741211,123.1500015258789,123.5199966430664,81159000
2006-07-18,85.84259796142578,123.97000122070312,124.05000305175781,122.38999938964844,123.70999908447266,122771000
2006-07-19,87.03357696533203,125.69000244140625,126.26000213623047,123.72000122070312,124.18000030517578,133565300
2006-07-20,86.43810272216797,124.83000183105469,126.30000305175781,124.66000366210938,126.12000274658203,112259800
2006-07-21,85.82875061035156,123.94999694824219,125.19000244140625,123.81999969482422,125.1500015258789,101560000
2006-07-24,87.39368438720703,126.20999908447266,126.31999969482422,124.44000244140625,124.44000244140625,92884000
2006-07-25,87.70529174804688,126.66000366210938,127.30000305175781,125.72000122070312,125.9800033569336,95480700
2006-07-26,87.822998046875,126.83000183105469,127.44999694824219,126.18000030517578,126.58999633789062,84525800
2006-07-27,87.7398910522461,126.70999908447266,127.69000244140625,126.19999694824219,127.37999725341797,87257100
2006-07-28,88.61927795410156,127.9800033569336,128.13999938964844,126.86000061035156,127.04000091552734,82137000
2006-07-31,88.5293197631836,127.8499984741211,127.95999908447266,127.44999694824219,127.66000366210938,49593100
2006-08-01,88.09303283691406,127.22000122070312,127.37999725341797,126.5999984741211,127.33999633789062,65225600
2006-08-02,88.68852996826172,128.0800018310547,128.4600067138672,127.55000305175781,127.58000183105469,64770900
2006-08-03,88.92400360107422,128.4199981689453,128.5500030517578,127.1500015258789,127.33999633789062,63693800
2006-08-04,88.77159881591797,128.1999969482422,129.42999267578125,127.4800033569336,129.0800018310547,96294200
2006-08-07,88.56388854980469,127.9000015258789,128.0800018310547,127.4000015258789,127.9000015258789,45377300
2006-08-08,88.22459411621094,127.41000366210938,128.4600067138672,126.94999694824219,128.08999633789062,90901300
2006-08-09,87.92682647705078,126.9800033569336,128.60000610351562,126.61000061035156,128.17999267578125,78910600
2006-08-10,88.19691467285156,127.37000274658203,127.5,126.27999877929688,126.58000183105469,69322300
2006-08-11,87.94761657714844,127.01000213623047,127.19999694824219,126.38999938964844,127.16999816894531,47482200
2006-08-14,88.01685333251953,127.11000061035156,128.16000366210938,126.91999816894531,127.62999725341797,57839000
2006-08-15,89.06937408447266,128.6300048828125,128.8699951171875,127.9000015258789,128.25,68143000
2006-08-16,89.8103256225586,129.6999969482422,129.88999938964844,129.0399932861328,129.32000732421875,71737600
2006-08-17,90.03883361816406,130.02999877929688,130.3699951171875,129.49000549316406,129.5800018310547,70992800
2006-08-18,90.495849609375,130.69000244140625,130.69000244140625,129.58999633789062,130.19000244140625,58288400
2006-08-21,90.10807800292969,130.1300048828125,130.27999877929688,129.8000030517578,130.17999267578125,42133600
2006-08-22,90.10112762451172,130.1199951171875,130.52000427246094,129.67999267578125,129.99000549316406,60839900
2006-08-23,89.85185241699219,129.75999450683594,130.44000244140625,129.19000244140625,130.17999267578125,66592100
2006-08-24,89.77570343017578,129.64999389648438,130.10000610351562,129.39999389648438,129.99000549316406,57983000
2006-08-25,89.886474609375,129.80999755859375,130.25,129.5500030517578,129.63999938964844,41756000
2006-08-28,90.31578063964844,130.42999267578125,130.82000732421875,129.63999938964844,129.64999389648438,52681500
2006-08-29,90.41967010498047,130.5800018310547,130.8300018310547,129.80999755859375,130.49000549316406,61817800
2006-08-30,90.47503662109375,130.66000366210938,131.0399932861328,130.5500030517578,130.8699951171875,50052200
2006-08-31,90.46121978759766,130.63999938964844,130.99000549316406,130.5800018310547,130.85000610351562,37510300
2006-09-01,91.0013427734375,131.4199981689453,131.5800018310547,130.83999633789062,131.13999938964844,48794500
2006-09-05,91.17442321777344,131.6699981689453,131.85000610351562,131.1999969482422,131.50999450683594,52348300
2006-09-06,90.37115478515625,130.50999450683594,131.16000366210938,130.3300018310547,131.11000061035156,53795600
2006-09-07,89.95574188232422,129.91000366210938,130.57000732421875,129.35000610351562,130.05999755859375,86269400
2006-09-08,90.21192932128906,130.27999877929688,130.4600067138672,129.8300018310547,130.0800018310547,45096300
2006-09-11,90.30194854736328,130.41000366210938,130.69000244140625,129.47999572753906,129.86000061035156,68496600
2006-09-12,91.18830108642578,131.69000244140625,131.83999633789062,130.3699951171875,130.55999755859375,69875600
2006-09-13,91.55529022216797,132.22000122070312,132.4499969482422,131.52000427246094,131.63999938964844,62898400
2006-09-14,91.56217193603516,132.22999572753906,132.24000549316406,131.75,131.9600067138672,57805400
2006-09-15,91.777099609375,131.9600067138672,132.38999938964844,131.67999267578125,132.30999755859375,76703100
2006-09-18,91.90230560302734,132.13999938964844,132.38999938964844,131.64999389648438,131.7899932861328,64154100
2006-09-19,91.67277526855469,131.80999755859375,132.1300048828125,131.07000732421875,132.1199951171875,92089100
2006-09-20,92.15962219238281,132.50999450683594,132.77000427246094,132.05999755859375,132.25,75204100
2006-09-21,91.71448516845703,131.8699951171875,132.75,131.4199981689453,132.61000061035156,88932500
2006-09-22,91.43633270263672,131.47000122070312,131.67999267578125,131.0,131.6699981689453,65966800
2006-09-25,92.13873291015625,132.47999572753906,132.85000610351562,131.0500030517578,131.72999572753906,92299100
2006-09-26,92.90383911132812,133.5800018310547,133.60000610351562,132.39999389648438,132.5,73962700
2006-09-27,93.01510620117188,133.74000549316406,133.97000122070312,133.27000427246094,133.49000549316406,82432200
2006-09-28,92.98028564453125,133.69000244140625,133.99000549316406,133.27999877929688,133.74000549316406,58597500
2006-09-29,92.90383911132812,133.5800018310547,133.94000244140625,133.47999572753906,133.8000030517578,47966600
2006-10-02,92.55606842041016,133.0800018310547,133.8300018310547,132.9499969482422,133.5399932861328,51687400
2006-10-03,92.75080108642578,133.36000061035156,133.8699951171875,132.64999389648438,132.88999938964844,73108100
2006-10-04,93.83575439453125,134.9199981689453,135.0,133.0800018310547,133.22999572753906,80890500
2006-10-05,94.0166015625,135.17999267578125,135.41000366210938,134.75,134.9199981689453,60505900
2006-10-06,93.89835357666016,135.00999450683594,135.10000610351562,134.39999389648438,134.9499969482422,64983600
2006-10-09,93.95399475097656,135.08999633789062,135.3000030517578,134.63999938964844,134.85000610351562,41176800
2006-10-10,94.07916259765625,135.27000427246094,135.4499969482422,134.83999633789062,135.10000610351562,56403700
2006-10-11,93.96788787841797,135.11000061035156,135.42999267578125,134.3000030517578,134.83999633789062,104071800
2006-10-12,94.78163146972656,136.27999877929688,136.38999938964844,135.39999389648438,135.4499969482422,59158600
2006-10-13,95.0250473022461,136.6300048828125,136.7100067138672,136.0399932861328,136.16000366210938,53944000
2006-10-16,95.17107391357422,136.83999633789062,137.0500030517578,136.4199981689453,136.52000427246094,42273000
2006-10-17,94.87202453613281,136.41000366210938,136.6999969482422,135.6699981689453,136.47000122070312,90500600
2006-10-18,94.99723052978516,136.58999633789062,137.3699951171875,136.10000610351562,137.0399932861328,86848600
2006-10-19,95.15026092529297,136.80999755859375,136.8800048828125,136.22999572753906,136.38999938964844,64063200
2006-10-20,95.17107391357422,136.83999633789062,136.9499969482422,136.3300018310547,136.83999633789062,48094500
2006-10-23,95.6092529296875,137.47000122070312,137.8000030517578,136.38999938964844,136.55999755859375,66219900
2006-10-24,95.8944320678711,137.8800048828125,137.92999267578125,137.22000122070312,137.27999877929688,53234900
2006-10-25,96.22132873535156,138.35000610351562,138.41000366210938,137.50999450683594,137.74000549316406,78105400
2006-10-26,96.52033996582031,138.77999877929688,139.0,137.97999572753906,138.66000366210938,66843700
2006-10-27,95.91529083251953,137.91000366210938,138.75,137.6300048828125,138.61000061035156,80238000
2006-10-30,95.84574890136719,137.80999755859375,138.1999969482422,137.39999389648438,137.66000366210938,49717800
2006-10-31,95.83181762695312,137.7899932861328,138.25999450683594,137.25,138.07000732421875,71274100
2006-11-01,95.18502044677734,136.86000061035156,138.30999755859375,136.72000122070312,138.22000122070312,83005600
2006-11-02,95.12933349609375,136.77999877929688,137.00999450683594,136.36000061035156,136.50999450683594,60693100
2006-11-03,94.96245574951172,136.5399932861328,137.38999938964844,135.6199951171875,137.27000427246094,71346400
2006-11-06,96.03352355957031,138.0800018310547,138.27999877929688,136.9499969482422,136.9600067138672,63303300
2006-11-07,96.40215301513672,138.61000061035156,138.97999572753906,138.0,138.1999969482422,63318900
2006-11-08,96.61074829101562,138.91000366210938,139.0500030517578,136.86000061035156,138.0,87517800
2006-11-09,96.10305786132812,138.17999267578125,139.13999938964844,137.89999389648438,139.00999450683594,95916300
2006-11-10,96.14482879638672,138.24000549316406,138.33999633789062,137.72000122070312,138.13999938964844,48991500
2006-11-13,96.38128662109375,138.5800018310547,139.0399932861328,138.07000732421875,138.17999267578125,59398200
2006-11-14,97.1045913696289,139.6199951171875,139.74000549316406,138.1199951171875,138.97000122070312,96704000
2006-11-15,97.38278198242188,140.02000427246094,140.4499969482422,139.52999877929688,139.57000732421875,76509600
2006-11-16,97.63316345214844,140.3800048828125,140.67999267578125,139.49000549316406,140.44000244140625,76728800
2006-11-17,97.66093444824219,140.4199981689453,140.42999267578125,139.72999572753906,139.92999267578125,56353800
2006-11-20,97.71659851074219,140.5,140.74000549316406,139.94000244140625,140.3000030517578,69174200
2006-11-21,97.81399536132812,140.63999938964844,140.6699981689453,140.2899932861328,140.49000549316406,51367900
2006-11-22,98.0086898803711,140.9199981689453,141.16000366210938,140.5,140.75,45505300
2006-11-24,97.61222839355469,140.35000610351562,140.83999633789062,140.1999969482422,140.24000549316406,30998000
2006-11-27,96.2699966430664,138.4199981689453,140.35000610351562,138.3800048828125,140.27999877929688,84545100
2006-11-28,96.68726348876953,139.02000427246094,139.16000366210938,138.11000061035156,138.24000549316406,106652900
2006-11-29,97.69575500488281,140.47000122070312,140.52999877929688,139.0800018310547,139.47000122070312,90034900
2006-11-30,97.73745727539062,140.52999877929688,141.0500030517578,139.75999450683594,140.44000244140625,83994300
2006-12-01,97.52185821533203,140.22000122070312,140.66000366210938,138.97000122070312,140.52999877929688,126080000
2006-12-04,98.26604461669922,141.2899932861328,141.5500030517578,140.22999572753906,140.25,87813200
2006-12-05,98.69027709960938,141.89999389648438,141.9600067138672,141.25999450683594,141.55999755859375,73374400
2006-12-06,98.60686492919922,141.77999877929688,142.07000732421875,141.5,141.8699951171875,53253200
2006-12-07,98.17559814453125,141.16000366210938,142.3000030517578,141.11000061035156,142.02999877929688,62857400
2006-12-08,98.35648345947266,141.4199981689453,141.89999389648438,140.77999877929688,141.1300048828125,79625500
2006-12-11,98.64161682128906,141.8300018310547,142.08999633789062,141.33999633789062,141.4199981689453,39779400
2006-12-12,98.56509399414062,141.72000122070312,141.8699951171875,140.88999938964844,141.69000244140625,77451600
2006-12-13,98.66940307617188,141.8699951171875,142.33999633789062,141.55999755859375,142.22999572753906,55520200
2006-12-14,99.5387954711914,143.1199951171875,143.24000549316406,141.83999633789062,141.86000061035156,64755200
2006-12-15,99.54788970947266,142.33999633789062,142.88999938964844,142.24000549316406,142.63999938964844,70857400
2006-12-18,99.27513885498047,141.9499969482422,142.8800048828125,141.75,142.5399932861328,48954600
2006-12-19,99.4639892578125,142.22000122070312,142.55999755859375,141.19000244140625,141.5500030517578,65023600
2006-12-20,99.40801239013672,142.13999938964844,142.66000366210938,142.00999450683594,142.27999877929688,41469600
2006-12-21,99.0443344116211,141.6199951171875,142.42999267578125,141.32000732421875,142.27000427246094,48698400
2006-12-22,98.43588256835938,140.75,141.64999389648438,140.6699981689453,141.63999938964844,62069100
2006-12-26,99.016357421875,141.5800018310547,141.61000061035156,140.77999877929688,140.80999755859375,32696900
2006-12-27,99.6667709350586,142.50999450683594,142.60000610351562,141.8300018310547,141.8699951171875,39727100
2006-12-28,99.4570083618164,142.2100067138672,142.6999969482422,141.99000549316406,142.41000366210938,37288800
2006-12-29,99.0443344116211,141.6199951171875,142.5399932861328,141.42999267578125,142.05999755859375,45461200
2007-01-03,98.86949157714844,141.3699951171875,142.86000061035156,140.57000732421875,142.25,94807600
2007-01-04,99.07933044433594,141.6699981689453,142.0500030517578,140.61000061035156,141.22999572753906,69620600
2007-01-05,98.28902435302734,140.5399932861328,141.39999389648438,140.3800048828125,141.3300018310547,76645300
2007-01-08,98.74361419677734,141.19000244140625,141.41000366210938,140.25,140.82000732421875,71655000
2007-01-09,98.6596908569336,141.07000732421875,141.60000610351562,140.39999389648438,141.30999755859375,75680100
2007-01-10,98.98834991455078,141.5399932861328,141.57000732421875,140.3000030517578,140.5800018310547,72428000
2007-01-11,99.42201232910156,142.16000366210938,142.6199951171875,141.5,141.5800018310547,54476800
2007-01-12,100.17732238769531,143.24000549316406,143.24000549316406,142.11000061035156,142.14999389648438,55370600
2007-01-16,99.9814682006836,142.9600067138672,143.44000244140625,142.72999572753906,143.07000732421875,44871300
2007-01-17,100.02345275878906,143.02000427246094,143.4600067138672,142.72999572753906,142.85000610351562,50241400
2007-01-18,99.68772888183594,142.5399932861328,143.25999450683594,142.30999755859375,143.1699981689453,68177300
2007-01-19,99.88359832763672,142.82000732421875,143.10000610351562,142.4600067138672,142.5399932861328,56973000
2007-01-22,99.57588195800781,142.3800048828125,143.10000610351562,141.92999267578125,143.07000732421875,60253600
2007-01-23,99.86954498291016,142.8000030517578,143.0800018310547,142.05999755859375,142.25999450683594,54064400
2007-01-24,100.67388916015625,143.9499969482422,143.97999572753906,142.91000366210938,142.97000122070312,55834700
2007-01-25,99.49193572998047,142.25999450683594,143.9199981689453,142.00999450683594,143.86000061035156,73583800
2007-01-26,99.40108489990234,142.1300048828125,142.64999389648438,141.5800018310547,142.57000732421875,67255600
2007-01-29,99.34504699707031,142.0500030517578,142.8000030517578,141.74000549316406,142.19000244140625,66114600
2007-01-30,99.86260986328125,142.7899932861328,142.86000061035156,142.05999755859375,142.35000610351562,70407600
2007-01-31,100.53398132324219,143.75,144.1300048828125,142.39999389648438,142.6300048828125,91868600
2007-02-01,101.13545989990234,144.61000061035156,144.66000366210938,143.91000366210938,144.14999389648438,69312400
2007-02-02,101.27530670166016,144.80999755859375,144.9499969482422,144.3800048828125,144.72999572753906,49607000
2007-02-05,101.30328369140625,144.85000610351562,144.94000244140625,144.33999633789062,144.6999969482422,45705300
2007-02-06,101.33129119873047,144.88999938964844,145.02999877929688,144.3300018310547,144.97000122070312,57081300
2007-02-07,101.5550765991211,145.2100067138672,145.36000061035156,144.57000732421875,145.1199951171875,55669700
2007-02-08,101.42217254638672,145.02000427246094,145.1199951171875,144.27000427246094,144.77999877929688,70641000
2007-02-09,100.6668701171875,143.94000244140625,145.3300018310547,143.38999938964844,145.05999755859375,79084400
2007-02-12,100.32420349121094,143.4499969482422,144.0399932861328,143.19000244140625,143.94000244140625,65657000
2007-02-13,101.17039489746094,144.66000366210938,144.89999389648438,143.75999450683594,143.77000427246094,64081800
2007-02-14,101.83485412597656,145.61000061035156,145.89999389648438,144.77999877929688,144.8000030517578,66039400
2007-02-15,101.96768951416016,145.8000030517578,145.9499969482422,145.42999267578125,145.6699981689453,38715200
2007-02-16,101.91871643066406,145.72999572753906,145.75999450683594,145.22999572753906,145.44000244140625,39841800
2007-02-20,102.13555908203125,146.0399932861328,146.1999969482422,145.0,145.55999755859375,56911800
2007-02-21,102.0936050415039,145.97999572753906,146.07000732421875,145.35000610351562,145.61000061035156,63971600
2007-02-22,102.01660919189453,145.8699951171875,146.4199981689453,145.1699981689453,146.0500030517578,79067400
2007-02-23,101.61799621582031,145.3000030517578,145.7899932861328,145.02999877929688,145.74000549316406,71966200
2007-02-26,101.52703094482422,145.1699981689453,145.9499969482422,144.75,145.8300018310547,69192800
2007-02-27,97.56169128417969,139.5,144.1999969482422,139.0,143.8800048828125,274466500
2007-02-28,98.56178283691406,140.92999267578125,141.97999572753906,139.8000030517578,140.38999938964844,177536300
2007-03-01,98.26805114746094,140.50999450683594,141.25,138.0500030517578,139.33999633789062,212828600
2007-03-02,96.98118591308594,138.6699981689453,140.66000366210938,138.66000366210938,140.0500030517578,162574000
2007-03-05,96.05805969238281,137.35000610351562,139.5800018310547,137.3300018310547,137.92999267578125,143750400
2007-03-06,97.7015380859375,139.6999969482422,140.1199951171875,137.72000122070312,138.77999877929688,143333300
2007-03-07,97.6036148071289,139.55999755859375,140.4600067138672,139.39999389648438,139.58999633789062,115144900
2007-03-08,98.42887878417969,140.74000549316406,141.16000366210938,140.07000732421875,140.5399932861328,117891600
2007-03-09,98.45685577392578,140.77999877929688,141.4199981689453,140.0800018310547,141.30999755859375,107765100
2007-03-12,98.60372161865234,140.99000549316406,141.33999633789062,140.16000366210938,140.4199981689453,80366900
2007-03-13,96.68743133544922,138.25,140.77000427246094,138.0399932861328,140.17999267578125,190605200
2007-03-14,97.40778350830078,139.27999877929688,139.36000061035156,136.75,138.42999267578125,231853800
2007-03-15,97.54068756103516,139.47000122070312,139.99000549316406,138.8000030517578,138.97000122070312,132435900
2007-03-16,97.26757049560547,138.52999877929688,139.6300048828125,138.1199951171875,139.30999755859375,121531600
2007-03-19,98.44012451171875,140.1999969482422,140.3300018310547,139.14999389648438,139.25999450683594,96161200
2007-03-20,98.98080444335938,140.97000122070312,141.0500030517578,139.9600067138672,140.0800018310547,82147400
2007-03-21,100.6097640991211,143.2899932861328,143.64999389648438,140.82000732421875,141.10000610351562,152368700
2007-03-22,100.53253173828125,143.17999267578125,143.67999267578125,142.7899932861328,143.47999572753906,118942200
2007-03-23,100.67996215820312,143.38999938964844,143.80999755859375,143.14999389648438,143.27999877929688,74416800
2007-03-26,100.54655456542969,143.1999969482422,143.64999389648438,142.08999633789062,143.5,113787500
2007-03-27,100.30785369873047,142.86000061035156,143.16000366210938,142.38999938964844,143.1199951171875,99864600
2007-03-28,99.57764434814453,141.82000732421875,142.47000122070312,141.25999450683594,142.13999938964844,152907900
2007-03-29,99.68292236328125,141.97000122070312,142.61000061035156,141.19000244140625,142.5399932861328,139432700
2007-03-30,99.70397186279297,142.0,142.83999633789062,140.55999755859375,142.24000549316406,128194100
2007-04-02,99.81634521484375,142.16000366210938,142.4600067138672,141.47999572753906,142.16000366210938,79416400
2007-04-03,100.89058685302734,143.69000244140625,143.97999572753906,142.91000366210938,142.97000122070312,82417800
2007-04-04,101.00296020507812,143.85000610351562,143.9499969482422,143.16000366210938,143.69000244140625,63995200
2007-04-05,101.27678680419922,144.24000549316406,144.44000244140625,143.61000061035156,143.6699981689453,46822800
2007-04-09,101.41724395751953,144.44000244140625,144.8000030517578,144.14999389648438,144.64999389648438,50967400
2007-04-10,101.53657531738281,144.61000061035156,144.85000610351562,144.27000427246094,144.3300018310547,56620000
2007-04-11,101.122314453125,144.02000427246094,144.86000061035156,143.5399932861328,144.82000732421875,106365700
2007-04-12,101.57170867919922,144.66000366210938,144.9199981689453,143.33999633789062,143.74000549316406,115534400
2007-04-13,102.03507995605469,145.32000732421875,145.32000732421875,144.36000061035156,144.89999389648438,84287000
2007-04-16,103.00406646728516,146.6999969482422,146.86000061035156,145.82000732421875,145.8300018310547,83064600
2007-04-17,103.27789306640625,147.08999633789062,147.39999389648438,146.64999389648438,146.97000122070312,108424100
2007-04-18,103.404296875,147.27000427246094,147.6999969482422,146.57000732421875,146.60000610351562,88345300
2007-04-19,103.37616729736328,147.22999572753906,147.39999389648438,146.36000061035156,146.5500030517578,102947700
2007-04-20,104.3521499633789,148.6199951171875,148.6199951171875,147.0399932861328,148.22000122070312,124114100
2007-04-23,103.95901489257812,148.05999755859375,148.72999572753906,147.97000122070312,148.3699951171875,77270800
2007-04-24,104.00108337402344,148.1199951171875,148.39999389648438,147.32000732421875,148.22999572753906,114471000
2007-04-25,104.95602416992188,149.47999572753906,149.66000366210938,148.02000427246094,148.72999572753906,108418800
2007-04-26,105.07539367675781,149.64999389648438,149.8000030517578,149.10000610351562,149.49000549316406,88741600
2007-04-27,104.99114227294922,149.52999877929688,149.74000549316406,148.83999633789062,149.08999633789062,108191100
2007-04-30,104.12045288085938,148.2899932861328,149.74000549316406,148.2100067138672,149.63999938964844,100874100
2007-05-01,104.38728332519531,148.6699981689453,149.47000122070312,147.6699981689453,148.4199981689453,134342700
2007-05-02,104.99811553955078,149.5399932861328,149.9499969482422,148.75,148.89999389648438,87129800
2007-05-03,105.56686401367188,150.35000610351562,150.39999389648438,149.72999572753906,149.97000122070312,86569700
2007-05-04,105.96705627441406,150.9199981689453,151.1199951171875,150.22000122070312,150.75,96409000
2007-05-07,105.98819732666016,150.9499969482422,151.1999969482422,150.80999755859375,150.8800048828125,63461400
2007-05-08,105.84770965576172,150.75,150.9199981689453,150.1300048828125,150.5800018310547,80584000
2007-05-09,106.13557434082031,151.16000366210938,152.82000732421875,150.3699951171875,150.63999938964844,102070100
2007-05-10,105.02623748779297,149.5800018310547,151.02000427246094,149.27000427246094,150.72999572753906,153617800
2007-05-11,105.92494201660156,150.86000061035156,150.92999267578125,149.72000122070312,149.75,113408900
2007-05-14,105.6932601928711,150.52999877929688,151.3000030517578,149.7899932861328,150.86000061035156,108027500
2007-05-15,105.72137451171875,150.57000732421875,151.66000366210938,150.19000244140625,150.6999969482422,180673300
2007-05-16,106.44456481933594,151.60000610351562,151.6300048828125,150.3800048828125,150.8000030517578,114166500
2007-05-17,106.23394012451172,151.3000030517578,151.9600067138672,151.11000061035156,151.3800048828125,101132800
2007-05-18,107.16072845458984,152.6199951171875,152.6199951171875,151.80999755859375,152.00999450683594,99182000
2007-05-21,107.10455322265625,152.5399932861328,153.22999572753906,152.5,152.5800018310547,174664600
2007-05-22,107.02034759521484,152.4199981689453,153.16000366210938,152.3800048828125,152.6999969482422,82148800
2007-05-23,107.03433990478516,152.44000244140625,153.5,152.36000061035156,152.9499969482422,133786600
2007-05-24,106.06539916992188,151.05999755859375,153.2100067138672,150.74000549316406,152.52999877929688,187593000
2007-05-25,106.50775146484375,151.69000244140625,152.02000427246094,151.17999267578125,151.5,83309200
2007-05-29,106.89389038085938,152.24000549316406,152.5,151.4499969482422,151.94000244140625,82020000
2007-05-30,107.76457977294922,153.47999572753906,153.5399932861328,151.33999633789062,151.4600067138672,129013600
2007-05-31,107.6522216796875,153.32000732421875,153.88999938964844,153.1199951171875,153.6699981689453,114866700
2007-06-01,108.18584442138672,154.0800018310547,154.39999389648438,153.50999450683594,153.8800048828125,107771700
2007-06-04,108.19993591308594,154.10000610351562,154.38999938964844,153.47999572753906,153.5399932861328,78008800
2007-06-05,107.77156829833984,153.49000549316406,153.89999389648438,152.86000061035156,153.74000549316406,126917900
2007-06-06,106.61302947998047,151.83999633789062,152.9499969482422,151.75,152.86000061035156,164096800
2007-06-07,104.6892318725586,149.10000610351562,152.5,149.05999755859375,151.55999755859375,232414600
2007-06-08,106.05138397216797,151.0399932861328,151.19000244140625,149.08999633789062,149.5800018310547,175886000
2007-06-11,106.23394012451172,151.3000030517578,151.9499969482422,150.6999969482422,150.92999267578125,102015600
2007-06-12,105.07539367675781,149.64999389648438,151.5399932861328,149.5500030517578,150.6699981689453,233898000
2007-06-13,106.64816284179688,151.88999938964844,152.07000732421875,149.72000122070312,150.5,193208200
2007-06-14,107.32923889160156,152.86000061035156,153.1199951171875,152.02999877929688,152.05999755859375,146396500
2007-06-15,107.93991088867188,153.07000732421875,153.66000366210938,152.92999267578125,153.13999938964844,154030800
2007-06-18,107.8130111694336,152.88999938964844,153.38999938964844,152.66000366210938,153.3800048828125,88537500
2007-06-19,108.08098602294922,153.27000427246094,153.3800048828125,152.36000061035156,152.5500030517578,110851700
2007-06-20,106.57897186279297,151.13999938964844,153.5800018310547,150.9600067138672,153.5800018310547,177119700
2007-06-21,107.17130279541016,151.97999572753906,152.11000061035156,150.25,151.0800018310547,205262000
2007-06-22,106.16287231445312,150.5500030517578,151.77000427246094,149.85000610351562,151.52000427246094,204964700
2007-06-25,105.6551513671875,149.8300018310547,151.25,149.02000427246094,150.24000549316406,232014400
2007-06-26,104.56922149658203,148.2899932861328,150.4600067138672,148.27999877929688,150.2100067138672,198445700
2007-06-27,106.05707550048828,150.39999389648438,150.57000732421875,148.05999755859375,148.1300048828125,213638000
2007-06-28,106.04307556152344,150.3800048828125,151.41000366210938,149.6699981689453,150.3800048828125,157705000
2007-06-29,106.07826232910156,150.42999267578125,151.64999389648438,149.14999389648438,150.89999389648438,199701800
2007-07-02,107.03729248046875,151.7899932861328,151.9199981689453,150.77000427246094,150.8699951171875,103357000
2007-07-03,107.4251480102539,152.33999633789062,152.5,151.99000549316406,152.17999267578125,54048400
2007-07-05,107.31233978271484,152.17999267578125,152.55999755859375,151.6300048828125,152.39999389648438,89279000
2007-07-06,107.87647247314453,152.97999572753906,153.1699981689453,151.92999267578125,152.3800048828125,81109000
2007-07-09,107.9610595703125,153.10000610351562,153.36000061035156,152.6199951171875,153.16000366210938,72348100
2007-07-10,106.42378234863281,150.9199981689453,152.61000061035156,150.77000427246094,152.2899932861328,180362600
2007-07-11,107.17833709716797,151.99000549316406,152.0500030517578,150.52000427246094,150.75,175607600
2007-07-12,108.87076568603516,154.38999938964844,154.75,152.33999633789062,152.3699951171875,133882500
2007-07-13,109.19510650634766,154.85000610351562,155.4600067138672,154.38999938964844,154.57000732421875,111794300
2007-07-16,109.1810302734375,154.8300018310547,155.52999877929688,154.5800018310547,154.99000549316406,98378700
2007-07-17,109.12458038330078,154.75,155.47999572753906,154.67999267578125,154.92999267578125,126201300
2007-07-18,108.92713928222656,154.47000122070312,154.8000030517578,153.3000030517578,154.22999572753906,237887400
2007-07-19,109.35027313232422,155.07000732421875,155.52999877929688,154.75,155.1999969482422,145212700
2007-07-20,108.2431640625,153.5,154.99000549316406,152.8300018310547,154.88999938964844,245502500
2007-07-23,108.5746078491211,153.97000122070312,154.72000122070312,153.3000030517578,154.17999267578125,121183900
2007-07-24,106.69181060791016,151.3000030517578,154.27999877929688,150.75999450683594,153.1199951171875,256732400
2007-07-25,106.910400390625,151.61000061035156,152.38999938964844,150.25,152.02000427246094,265214500
2007-07-26,104.3788070678711,148.02000427246094,150.8000030517578,146.38999938964844,150.19000244140625,467592500
2007-07-27,102.3268051147461,145.11000061035156,148.8699951171875,145.0500030517578,148.2100067138672,422987600
2007-07-30,103.92752075195312,147.3800048828125,147.80999755859375,145.2899932861328,145.92999267578125,283017500
2007-07-31,102.75694274902344,145.72000122070312,149.4600067138672,145.0399932861328,148.3300018310547,316976700
2007-08-01,103.25759887695312,146.42999267578125,147.00999450683594,143.9499969482422,145.17999267578125,467670000
2007-08-02,104.08265686035156,147.60000610351562,147.75999450683594,145.25999450683594,146.75999450683594,294758400
2007-08-03,101.40304565429688,143.8000030517578,147.5800018310547,143.1999969482422,147.27999877929688,359398200
2007-08-06,103.10247802734375,146.2100067138672,146.8300018310547,142.52999877929688,144.2100067138672,324980000
2007-08-07,104.20252990722656,147.77000427246094,149.0,145.22999572753906,145.94000244140625,232568700
2007-08-08,105.6551513671875,149.8300018310547,150.58999633789062,147.33999633789062,148.41000366210938,274930600
2007-08-09,102.52423858642578,145.38999938964844,148.9499969482422,145.2899932861328,147.42999267578125,357622100
2007-08-10,102.04473114013672,144.7100067138672,146.5,143.1199951171875,144.38999938964844,411018400
2007-08-13,102.41139221191406,145.22999572753906,146.88999938964844,145.02000427246094,146.5,181917200
2007-08-14,100.84590911865234,143.00999450683594,146.05999755859375,142.72000122070312,145.6999969482422,264134500
2007-08-15,99.4567642211914,141.0399932861328,144.4600067138672,140.6199951171875,142.72000122070312,323834000
2007-08-16,100.20423126220703,142.10000610351562,142.94000244140625,137.0,139.7899932861328,546743700
2007-08-17,102.04473114013672,144.7100067138672,145.80999755859375,141.38999938964844,145.5,388218100
2007-08-20,101.99539947509766,144.63999938964844,145.47000122070312,143.2899932861328,145.1699981689453,187320400
2007-08-21,102.19986724853516,144.92999267578125,145.97000122070312,144.13999938964844,144.60000610351562,157066400
2007-08-22,103.4127426147461,146.64999389648438,146.8000030517578,145.3300018310547,146.00999450683594,173156700
2007-08-23,103.32112121582031,146.52000427246094,147.64999389648438,145.61000061035156,147.33999633789062,203915300
2007-08-24,104.59738159179688,148.3300018310547,148.3300018310547,146.27999877929688,146.47999572753906,128901900
2007-08-27,103.62431335449219,146.9499969482422,148.3300018310547,146.72999572753906,147.85000610351562,113024300
2007-08-28,101.34658813476562,143.72000122070312,146.25,143.4600067138672,146.16000366210938,219790700
2007-08-29,103.33521270751953,146.5399932861328,146.74000549316406,143.9600067138672,144.3699951171875,207654200
2007-08-30,103.0602035522461,146.14999389648438,147.19000244140625,145.30999755859375,145.4499969482422,191817300
2007-08-31,104.07559204101562,147.58999633789062,148.5,146.8300018310547,147.64999389648438,185477500
2007-09-04,105.12631225585938,149.0800018310547,149.97999572753906,147.39999389648438,147.4499969482422,120062000
2007-09-05,104.21662139892578,147.7899932861328,148.36000061035156,147.0,148.1999969482422,166261800
2007-09-06,104.45639038085938,148.1300048828125,148.61000061035156,147.1199951171875,147.9499969482422,127878400
2007-09-07,103.00377655029297,146.07000732421875,146.88999938964844,145.25999450683594,146.47999572753906,235447600
2007-09-10,102.80632019042969,145.7899932861328,146.72000122070312,144.3300018310547,146.52000427246094,192305900
2007-09-11,104.00511932373047,147.49000549316406,147.6999969482422,146.1300048828125,146.24000549316406,162081900
2007-09-12,104.27305603027344,147.8699951171875,148.44000244140625,146.97999572753906,147.2899932861328,149554600
2007-09-13,105.00641632080078,148.91000366210938,149.4499969482422,148.1999969482422,148.5500030517578,154079000
2007-09-14,104.9993896484375,148.89999389648438,149.08999633789062,147.74000549316406,147.9600067138672,121911000
2007-09-17,104.43524932861328,148.10000610351562,148.64999389648438,147.6300048828125,148.30999755859375,109870800
2007-09-18,107.50975799560547,152.4600067138672,152.5,148.1300048828125,148.8300018310547,263759500
2007-09-19,108.1444320678711,153.36000061035156,154.38999938964844,152.7100067138672,153.41000366210938,193779900
2007-09-20,107.38287353515625,152.27999877929688,153.42999267578125,152.11000061035156,153.33999633789062,175186800
2007-09-21,107.67264556884766,151.97000122070312,153.1199951171875,151.74000549316406,152.7100067138672,141457500
2007-09-24,107.47425079345703,151.69000244140625,152.82000732421875,151.36000061035156,152.4199981689453,139450200
2007-09-25,107.26168060302734,151.38999938964844,151.66000366210938,150.47000122070312,150.80999755859375,142289900
2007-09-26,107.8284912109375,152.19000244140625,152.77000427246094,151.38999938964844,152.25,135547000
2007-09-27,108.46620178222656,153.08999633789062,153.10000610351562,152.19000244140625,152.91000366210938,102713300
2007-09-28,108.10478973388672,152.5800018310547,153.19000244140625,151.97999572753906,152.85000610351562,133372100
2007-10-01,109.323486328125,154.3000030517578,154.75,152.5,152.60000610351562,148162300
2007-10-02,109.17461395263672,154.08999633789062,154.64999389648438,153.80999755859375,154.61000061035156,112978800
2007-10-03,108.9549789428711,153.77999877929688,154.41000366210938,153.00999450683594,153.80999755859375,119055900
2007-10-04,109.12506866455078,154.02000427246094,154.25999450683594,153.58999633789062,154.11000061035156,76864400
2007-10-05,110.42166900634766,155.85000610351562,156.10000610351562,154.6300048828125,155.02999877929688,134579700
2007-10-08,109.83361053466797,155.02000427246094,155.49000549316406,154.77000427246094,155.38999938964844,71280400
2007-10-09,110.86804962158203,156.47999572753906,156.5,155.02999877929688,155.60000610351562,94054300
2007-10-10,110.6838150024414,156.22000122070312,156.44000244140625,155.41000366210938,156.0399932861328,101711100
2007-10-11,110.15245056152344,155.47000122070312,157.52000427246094,154.5399932861328,156.92999267578125,233529100
2007-10-12,110.76171112060547,156.3300018310547,156.35000610351562,155.27000427246094,155.4600067138672,124546700
2007-10-15,109.82646179199219,155.00999450683594,156.36000061035156,153.94000244140625,156.27000427246094,161151900
2007-10-16,108.9549789428711,153.77999877929688,154.52000427246094,153.47000122070312,154.41000366210938,166525700
2007-10-17,109.28803253173828,154.25,155.08999633789062,152.47000122070312,154.97999572753906,216687300
2007-10-18,108.89124298095703,153.69000244140625,154.19000244140625,153.0800018310547,153.4499969482422,148367500
2007-10-19,106.04310607910156,149.6699981689453,156.47999572753906,149.66000366210938,153.08999633789062,297169900
2007-10-22,106.65943908691406,150.5399932861328,150.75999450683594,148.66000366210938,148.86000061035156,261989800
2007-10-23,107.52388000488281,151.75999450683594,151.9499969482422,150.25,151.4600067138672,180085100
2007-10-24,107.3254623413086,151.47999572753906,151.74000549316406,148.83999633789062,151.2100067138672,326694200
2007-10-25,107.58045959472656,151.83999633789062,152.2899932861328,149.8800048828125,151.64999389648438,237374500
2007-10-26,108.84164428710938,153.6199951171875,153.6199951171875,151.89999389648438,153.05999755859375,176484000
2007-10-29,109.2030258178711,154.1300048828125,154.44000244140625,153.5500030517578,153.92999267578125,106841000
2007-10-30,108.44488525390625,153.05999755859375,153.75,152.8699951171875,153.4499969482422,132981600
2007-10-31,109.57140350341797,154.64999389648438,155.27000427246094,152.83999633789062,153.97999572753906,220954400
2007-11-01,107.0066146850586,151.02999877929688,153.41000366210938,150.58999633789062,153.2899932861328,333040800
2007-11-02,107.12702941894531,151.1999969482422,152.0,149.2100067138672,151.52999877929688,331228200
2007-11-05,106.312255859375,150.0500030517578,151.16000366210938,148.97000122070312,149.63999938964844,226841000
2007-11-06,107.74341583251953,152.07000732421875,152.11000061035156,149.89999389648438,150.86000061035156,177800500
2007-11-07,104.79605102539062,147.91000366210938,151.1300048828125,147.5500030517578,150.44000244140625,306639700
2007-11-08,104.26467895507812,147.16000366210938,148.39999389648438,145.07000732421875,147.99000549316406,374509900
2007-11-09,102.83348846435547,145.13999938964844,147.5399932861328,144.88999938964844,145.69000244140625,277745100
2007-11-12,101.81321716308594,143.6999969482422,146.61000061035156,143.6999969482422,145.2100067138672,243087800
2007-11-13,104.91653442382812,148.0800018310547,148.30999755859375,145.22000122070312,145.3699951171875,191117400
2007-11-14,104.62601470947266,147.6699981689453,149.39999389648438,146.77999877929688,149.22000122070312,230558800
2007-11-15,103.11689758300781,145.5399932861328,147.49000549316406,144.52000427246094,146.57000732421875,263111100
2007-11-16,103.29400634765625,145.7899932861328,146.47000122070312,144.57000732421875,146.30999755859375,308770600
2007-11-19,101.85572052001953,143.75999450683594,145.36000061035156,143.19000244140625,145.27999877929688,267746000
2007-11-20,102.47921752929688,144.63999938964844,145.52999877929688,142.11000061035156,144.02000427246094,414767500
2007-11-21,100.38200378417969,141.67999267578125,143.91000366210938,141.6699981689453,143.0800018310547,259012400
2007-11-23,102.11787414550781,144.1300048828125,144.33999633789062,142.6999969482422,143.07000732421875,77688400
2007-11-26,99.8648452758789,140.9499969482422,144.8800048828125,140.66000366210938,144.42999267578125,214232000
2007-11-27,101.01260375976562,142.57000732421875,143.22999572753906,140.9499969482422,141.74000549316406,293897900
2007-11-28,104.24339294433594,147.1300048828125,147.47000122070312,144.13999938964844,144.19000244140625,258596900
2007-11-29,104.27886199951172,147.17999267578125,147.72000122070312,146.10000610351562,146.6199951171875,199409900
2007-11-30,105.32743072509766,148.66000366210938,149.8699951171875,147.3300018310547,149.0399932861328,222908000
2007-12-03,104.6330795288086,147.67999267578125,148.4499969482422,147.2899932861328,148.19000244140625,146430400
2007-12-04,103.69784545898438,146.36000061035156,147.5399932861328,146.30999755859375,146.66000366210938,136533900
2007-12-05,105.43376922607422,148.80999755859375,149.1999969482422,147.8300018310547,147.92999267578125,171130000
2007-12-06,106.9428482055664,150.94000244140625,151.2100067138672,148.57000732421875,148.6300048828125,154457400
2007-12-07,106.9216079711914,150.91000366210938,151.5,150.5500030517578,151.4199981689453,148980100
2007-12-10,107.75056457519531,152.0800018310547,152.25,150.86000061035156,151.27999877929688,123914300
2007-12-11,104.79605102539062,147.91000366210938,152.88999938964844,147.8300018310547,152.13999938964844,250346400
2007-12-12,105.83049774169922,149.3699951171875,151.77000427246094,147.1999969482422,151.05999755859375,322435600
2007-12-13,105.61083984375,149.05999755859375,149.38999938964844,147.3000030517578,148.32000732421875,237551300
2007-12-14,104.27176666259766,147.1699981689453,149.10000610351562,147.10000610351562,147.92999267578125,159152900
2007-12-17,102.78385925292969,145.07000732421875,146.8699951171875,144.86000061035156,146.61000061035156,177269400
2007-12-18,103.3577651977539,145.8800048828125,146.47999572753906,143.9600067138672,146.10000610351562,245569300
2007-12-19,103.3577651977539,145.8800048828125,146.88999938964844,144.94000244140625,145.94000244140625,198917200
2007-12-20,104.00962829589844,146.8000030517578,146.86000061035156,145.17999267578125,146.83999633789062,214813800
2007-12-21,105.50895690917969,148.1300048828125,148.4199981689453,147.08999633789062,147.3699951171875,146084400
2007-12-24,106.29244995117188,149.22999572753906,149.47999572753906,148.47999572753906,148.82000732421875,45601400
2007-12-26,106.52037811279297,149.5500030517578,149.67999267578125,148.5,148.64999389648438,67093100
2007-12-27,105.18132019042969,147.6699981689453,149.02999877929688,147.32000732421875,149.02000427246094,122981700
2007-12-28,104.91778564453125,147.3000030517578,148.61000061035156,146.89999389648438,148.5399932861328,116398100
2007-12-31,104.14141082763672,146.2100067138672,147.61000061035156,146.05999755859375,147.10000610351562,108126800
2008-01-02,103.22966003417969,144.92999267578125,146.99000549316406,143.8800048828125,146.52999877929688,204935600
2008-01-03,103.17980194091797,144.86000061035156,145.49000549316406,144.07000732421875,144.91000366210938,125133300
2008-01-04,100.65123748779297,141.30999755859375,143.44000244140625,140.91000366210938,143.33999633789062,232330900
2008-01-07,100.56580352783203,141.19000244140625,142.22999572753906,140.10000610351562,141.80999755859375,234991000
2008-01-08,98.94180297851562,138.91000366210938,142.89999389648438,138.44000244140625,142.0800018310547,326365700
2008-01-09,99.98170471191406,140.3699951171875,140.7899932861328,137.6999969482422,139.08999633789062,301824900
2008-01-10,100.63699340820312,141.2899932861328,142.8000030517578,139.3699951171875,139.67999267578125,335701200
2008-01-11,99.82499694824219,140.14999389648438,141.89999389648438,139.0,140.77999877929688,267076600
2008-01-14,100.6298828125,141.27999877929688,141.86000061035156,140.39999389648438,141.16000366210938,170365500
2008-01-15,98.4146957397461,138.1699981689453,141.49000549316406,137.89999389648438,139.7899932861328,239940100
2008-01-16,97.567138671875,136.97999572753906,139.1199951171875,136.27999877929688,137.36000061035156,378802600
2008-01-17,95.0385513305664,133.42999267578125,137.8800048828125,132.92999267578125,137.80999755859375,397892600
2008-01-18,94.06271362304688,132.05999755859375,135.02000427246094,131.10000610351562,134.74000549316406,348561500
2008-01-22,93.10828399658203,130.72000122070312,132.42999267578125,126.0,127.20999908447266,435923700
2008-01-23,95.34480285644531,133.86000061035156,134.19000244140625,126.83999633789062,127.08999633789062,511913000
2008-01-24,96.14969635009766,134.99000549316406,135.4600067138672,133.30999755859375,134.47999572753906,259949300
2008-01-25,94.7607421875,133.0399932861328,136.75999450683594,132.60000610351562,136.50999450683594,269603900
2008-01-28,96.32772827148438,135.24000549316406,135.52000427246094,132.05999755859375,133.25999450683594,217934600
2008-01-29,96.80500030517578,135.91000366210938,136.4499969482422,134.8800048828125,136.10000610351562,168968300
2008-01-30,96.09265899658203,134.91000366210938,138.5399932861328,134.60000610351562,135.5800018310547,334939200
2008-01-31,97.84490966796875,137.3699951171875,138.5399932861328,133.1999969482422,133.39999389648438,343680800
2008-02-01,99.41897583007812,139.5800018310547,139.61000061035156,137.52000427246094,137.94000244140625,206843600
2008-02-04,98.16544342041016,137.82000732421875,139.3000030517578,137.63999938964844,139.2100067138672,124694300
2008-02-05,95.5371322631836,134.1300048828125,136.25,133.6699981689453,135.94000244140625,286882500
2008-02-06,94.76787567138672,133.0500030517578,135.25,132.41000366210938,134.5800018310547,250792900
2008-02-07,95.39466094970703,133.92999267578125,134.7899932861328,131.72999572753906,131.8000030517578,297368100
2008-02-08,94.7821273803711,133.07000732421875,134.22000122070312,132.10000610351562,133.08999633789062,221643500
2008-02-11,95.26644134521484,133.75,134.22999572753906,132.0399932861328,133.10000610351562,188576300
2008-02-12,96.14969635009766,134.99000549316406,136.30999755859375,133.97999572753906,134.91000366210938,256654400
2008-02-13,97.13262176513672,136.3699951171875,137.05999755859375,135.13999938964844,136.00999450683594,181967800
2008-02-14,96.27790832519531,135.1699981689453,137.0,134.7899932861328,136.9499969482422,215207200
2008-02-15,96.25652313232422,135.13999938964844,135.22000122070312,133.91000366210938,134.5,154110300
2008-02-19,96.52719116210938,135.52000427246094,136.88999938964844,134.61000061035156,136.72000122070312,145190000
2008-02-20,96.81208801269531,135.9199981689453,136.5500030517578,133.75999450683594,133.99000549316406,220085700
2008-02-21,96.00724029541016,134.7899932861328,137.00999450683594,134.07000732421875,136.66000366210938,201051200
2008-02-22,96.5984115600586,135.6199951171875,135.85000610351562,132.86000061035156,134.97000122070312,205491000
2008-02-25,97.81640625,137.3300018310547,137.64999389648438,134.77999877929688,135.5399932861328,190107000
2008-02-26,98.55004119873047,138.36000061035156,138.9499969482422,136.5,136.75,212420700
2008-02-27,98.45034790039062,138.22000122070312,139.13999938964844,137.41000366210938,137.55999755859375,168395800
2008-02-28,97.48876190185547,136.8699951171875,137.9600067138672,136.5500030517578,137.24000549316406,170831100
2008-02-29,95.31635284423828,133.82000732421875,135.67999267578125,132.77999877929688,135.60000610351562,252715200
2008-03-03,95.08836364746094,133.5,133.80999755859375,132.24000549316406,133.13999938964844,189483500
2008-03-04,94.7251205444336,132.99000549316406,133.39999389648438,130.99000549316406,132.22999572753906,282513100
2008-03-05,95.32347106933594,133.8300018310547,134.77000427246094,132.33999633789062,133.4199981689453,270681400
2008-03-06,93.35043334960938,131.05999755859375,133.22000122070312,130.5500030517578,132.97999572753906,247911700
2008-03-07,92.388916015625,129.7100067138672,131.74000549316406,128.5800018310547,129.77000427246094,326434600
2008-03-10,91.17092895507812,128.0,129.92999267578125,127.58999633789062,129.83999633789062,235683600
2008-03-11,94.4473648071289,132.60000610351562,132.72000122070312,128.9499969482422,130.72000122070312,341440600
2008-03-12,93.56412506103516,131.36000061035156,133.77000427246094,131.16000366210938,132.74000549316406,229161100
2008-03-13,93.77070617675781,131.64999389648438,132.63999938964844,128.60000610351562,129.61000061035156,351504200
2008-03-14,92.3176498413086,129.61000061035156,132.80999755859375,127.77999877929688,132.77000427246094,484687800
2008-03-17,91.38459014892578,128.3000030517578,129.25999450683594,126.06999969482422,126.56999969482422,405311100
2008-03-18,95.1810073852539,133.6300048828125,133.69000244140625,129.97999572753906,130.6199951171875,334416600
2008-03-19,92.82337188720703,130.32000732421875,134.64999389648438,130.0399932861328,134.13999938964844,345971600
2008-03-20,94.542724609375,132.0800018310547,132.91000366210938,129.25999450683594,130.0500030517578,245320700
2008-03-24,96.43240356445312,134.72000122070312,135.80999755859375,133.24000549316406,133.30999755859375,208977300
2008-03-25,96.52552032470703,134.85000610351562,135.5500030517578,133.77000427246094,134.86000061035156,192947200
2008-03-26,95.34439086914062,133.1999969482422,135.08999633789062,133.11000061035156,134.4600067138672,196934300
2008-03-27,95.04375457763672,132.77999877929688,134.44000244140625,132.36000061035156,134.1999969482422,225153200
2008-03-28,94.13470458984375,131.50999450683594,133.36000061035156,131.05999755859375,132.99000549316406,180896100
2008-03-31,94.46401977539062,131.97000122070312,132.72999572753906,131.08999633789062,131.2899932861328,166692100
2008-04-01,97.7853012084961,136.61000061035156,136.83999633789062,133.50999450683594,133.61000061035156,254547300
2008-04-02,97.84973907470703,136.6999969482422,137.6699981689453,135.97999572753906,137.0500030517578,210910800
2008-04-03,98.09307098388672,137.0399932861328,137.44000244140625,135.7100067138672,135.9600067138672,175884800
2008-04-04,97.9857177734375,136.88999938964844,137.9600067138672,136.1199951171875,137.1199951171875,204446800
2008-04-07,98.03584289550781,136.9600067138672,138.57000732421875,136.74000549316406,137.8699951171875,154245500
2008-04-08,97.93560791015625,136.82000732421875,136.9199981689453,135.9499969482422,136.19000244140625,148937300
2008-04-09,97.22695922851562,135.8300018310547,136.8000030517578,134.88999938964844,136.61000061035156,195610600
2008-04-10,97.36299896240234,136.02000427246094,136.6699981689453,134.89999389648438,135.4199981689453,192967800
2008-04-11,95.4732437133789,133.3800048828125,135.1199951171875,133.00999450683594,134.49000549316406,222973300
2008-04-14,95.15110778808594,132.92999267578125,133.5399932861328,132.5500030517578,133.19000244140625,160522000
2008-04-15,95.373046875,133.24000549316406,133.69000244140625,132.3300018310547,133.5800018310547,172389200
2008-04-16,97.95709228515625,136.85000610351562,136.91000366210938,134.52000427246094,134.5399932861328,189268900
2008-04-17,98.10025024414062,137.0500030517578,137.25,135.66000366210938,136.02000427246094,179665700
2008-04-18,99.12383270263672,138.47999572753906,139.55999755859375,138.25999450683594,138.94000244140625,218530600
2008-04-21,99.17390441894531,138.5500030517578,138.97999572753906,137.85000610351562,138.22999572753906,118587400
2008-04-22,98.73731231689453,137.94000244140625,138.30999755859375,136.89999389648438,138.19000244140625,162166000
2008-04-23,98.57981872558594,137.72000122070312,138.77999877929688,137.1199951171875,138.08999633789062,193309000
2008-04-24,99.00931549072266,138.32000732421875,139.74000549316406,137.0399932861328,138.0800018310547,229381300
2008-04-25,99.92552185058594,139.60000610351562,139.88999938964844,137.91000366210938,139.39999389648438,190788100
2008-04-28,99.94701385498047,139.6300048828125,140.25,139.3800048828125,139.8800048828125,105610200
2008-04-29,99.55330657958984,139.0800018310547,139.72999572753906,138.61000061035156,139.38999938964844,125514100
2008-04-30,98.96632385253906,138.25999450683594,140.58999633789062,138.25999450683594,139.2899932861328,208395900
2008-05-01,101.01354217529297,141.1199951171875,141.1199951171875,138.27000427246094,138.3800048828125,187279500
2008-05-02,101.29266357421875,141.50999450683594,142.3699951171875,140.55999755859375,142.33999633789062,181585500
2008-05-05,100.80599212646484,140.8300018310547,141.61000061035156,140.41000366210938,141.0500030517578,118504500
2008-05-06,101.6792221069336,142.0500030517578,142.1999969482422,139.69000244140625,140.02000427246094,179339800
2008-05-07,99.86824798583984,139.52000427246094,142.0399932861328,139.1300048828125,141.88999938964844,199267300
2008-05-08,99.61058807373047,139.16000366210938,140.32000732421875,138.97999572753906,139.74000549316406,178321200
2008-05-09,99.4244613647461,138.89999389648438,139.38999938964844,138.4499969482422,138.60000610351562,152588200
2008-05-12,100.54113006591797,140.4600067138672,140.55999755859375,138.72999572753906,139.25,147865900
2008-05-13,100.55540466308594,140.47999572753906,140.88999938964844,139.72999572753906,140.8000030517578,159132200
2008-05-14,100.76301574707031,140.77000427246094,142.1999969482422,140.4600067138672,141.07000732421875,181910800
2008-05-15,102.0228042602539,142.52999877929688,142.6300048828125,140.8300018310547,141.0399932861328,166927000
2008-05-16,102.11585998535156,142.66000366210938,142.8699951171875,141.61000061035156,142.86000061035156,204236800
2008-05-19,102.3950424194336,143.0500030517578,144.3000030517578,142.3000030517578,142.80999755859375,165664400
2008-05-20,101.56470489501953,141.88999938964844,142.33999633789062,141.0,142.27000427246094,178552100
2008-05-21,99.8468017578125,139.49000549316406,142.1199951171875,139.0,141.80999755859375,252724800
2008-05-22,99.86112976074219,139.50999450683594,140.1699981689453,139.0,139.42999267578125,170820400
2008-05-23,98.52255249023438,137.63999938964844,139.66000366210938,137.52000427246094,139.0500030517578,181376400
2008-05-27,99.25269317626953,138.66000366210938,139.0,137.52999877929688,137.8000030517578,168322900
2008-05-28,99.71080017089844,139.3000030517578,140.0,138.0,139.1699981689453,181288100
2008-05-29,100.21187591552734,140.0,140.92999267578125,139.0800018310547,139.1300048828125,173927200
2008-05-30,100.46238708496094,140.35000610351562,140.74000549316406,139.94000244140625,140.47000122070312,117362000
2008-06-02,99.4244613647461,138.89999389648438,139.86000061035156,138.0,139.8300018310547,181069900
2008-06-03,98.84466552734375,138.08999633789062,139.6199951171875,137.22999572753906,139.3000030517578,271965700
2008-06-04,98.79456329345703,138.02000427246094,139.16000366210938,137.4600067138672,137.6999969482422,246637700
2008-06-05,100.77015686035156,140.77999877929688,140.88999938964844,138.32000732421875,138.5800018310547,237867100
2008-06-06,97.55619049072266,136.2899932861328,139.8000030517578,136.22000122070312,139.5500030517578,384276300
2008-06-09,97.79244232177734,136.6199951171875,137.5,135.41000366210938,136.86000061035156,228263900
2008-06-10,97.30571746826172,135.94000244140625,137.10000610351562,135.35000610351562,135.6699981689453,260234900
2008-06-11,95.87410736083984,133.94000244140625,136.25999450683594,133.92999267578125,135.97000122070312,283890100
2008-06-12,96.23917388916016,134.4499969482422,135.8699951171875,133.52000427246094,134.60000610351562,252791800
2008-06-13,97.4560317993164,136.14999389648438,136.52000427246094,134.4199981689453,135.1699981689453,244726900
2008-06-16,97.51326751708984,136.22999572753906,136.92999267578125,135.4600067138672,135.5500030517578,185832500
2008-06-17,97.04086303710938,135.57000732421875,137.1199951171875,135.3699951171875,137.07000732421875,191707700
2008-06-18,96.09598541259766,134.25,135.52000427246094,133.7100067138672,134.69000244140625,265893000
2008-06-19,96.21773529052734,134.4199981689453,135.24000549316406,133.5,134.14999389648438,304204900
2008-06-20,94.65593719482422,131.5800018310547,133.08999633789062,131.22000122070312,132.83999633789062,289275700
2008-06-23,94.56237030029297,131.4499969482422,132.22999572753906,131.32000732421875,132.08999633789062,165096400
2008-06-24,94.37535858154297,131.19000244140625,132.44000244140625,130.19000244140625,131.0500030517578,267300600
2008-06-25,94.8214111328125,131.80999755859375,133.39999389648438,131.24000549316406,131.72000122070312,287853900
2008-06-26,92.24598693847656,128.22999572753906,131.4199981689453,128.0800018310547,130.57000732421875,297775000
2008-06-27,91.74241638183594,127.52999877929688,128.86000061035156,127.04000091552734,128.27999877929688,303423400
2008-06-30,92.06616973876953,127.9800033569336,128.91000366210938,127.30000305175781,127.88999938964844,258842600
2008-07-01,92.3539047241211,128.3800048828125,128.47000122070312,125.93000030517578,126.5199966430664,388622000
2008-07-02,90.77127075195312,126.18000030517578,129.16000366210938,125.94999694824219,128.7899932861328,288064600
2008-07-03,90.86478424072266,126.30999755859375,127.11000061035156,124.98999786376953,127.11000061035156,239352500
2008-07-07,89.93675994873047,125.0199966430664,127.33999633789062,123.91999816894531,126.79000091552734,372427300
2008-07-08,91.53380584716797,127.23999786376953,127.38999938964844,124.19999694824219,124.98999786376953,375973700
2008-07-09,89.77132415771484,124.79000091552734,127.73999786376953,124.38999938964844,127.5,336729400
2008-07-10,90.13822174072266,125.30000305175781,125.79000091552734,123.58000183105469,124.43000030517578,436475700
2008-07-11,89.08792114257812,123.83999633789062,125.9000015258789,122.48999786376953,123.97000122070312,481124600
2008-07-14,88.28218841552734,122.72000122070312,125.5,122.4000015258789,125.26000213623047,322720800
2008-07-15,87.03767395019531,120.98999786376953,123.48999786376953,120.0199966430664,121.80000305175781,502502500
2008-07-16,89.17424774169922,123.95999908447266,124.56999969482422,121.0999984741211,121.44999694824219,371642900
2008-07-17,90.0663070678711,125.19999694824219,126.26000213623047,124.08999633789062,125.13999938964844,375490600
2008-07-18,90.62739562988281,125.9800033569336,126.41999816894531,125.1500015258789,126.16999816894531,267030100
2008-07-21,90.67777252197266,126.05000305175781,126.80000305175781,125.19000244140625,126.51000213623047,222863000
2008-07-22,91.70645141601562,127.4800033569336,127.80000305175781,124.8499984741211,125.1500015258789,296904200
2008-07-23,92.20284271240234,128.1699981689453,129.14999389648438,127.55000305175781,127.88999938964844,311698400
2008-07-24,90.28929901123047,125.51000213623047,128.41000366210938,125.16000366210938,128.33999633789062,248634500
2008-07-25,90.26769256591797,125.4800033569336,126.48999786376953,125.16999816894531,125.88999938964844,219131000
2008-07-28,88.94403076171875,123.63999938964844,126.05999755859375,123.41999816894531,125.51000213623047,205201300
2008-07-29,90.84320068359375,126.27999877929688,126.37999725341797,123.63999938964844,123.9800033569336,261505600
2008-07-30,92.46178436279297,128.52999877929688,128.60000610351562,126.27999877929688,127.11000061035156,354710000
2008-07-31,91.2388916015625,126.83000183105469,128.57000732421875,126.62999725341797,127.4000015258789,277402100
2008-08-01,90.75688934326172,126.16000366210938,127.27999877929688,125.45999908447266,127.12000274658203,248690900
2008-08-04,89.91522216796875,124.98999786376953,126.13999938964844,124.76000213623047,126.04000091552734,188239600
2008-08-05,92.3395004272461,128.36000061035156,128.55999755859375,124.97000122070312,126.0199966430664,251577600
2008-08-06,92.74954986572266,128.92999267578125,129.3000030517578,127.4800033569336,128.02000427246094,209555400
2008-08-07,91.36835479736328,127.01000213623047,128.44000244140625,126.54000091552734,127.95999908447266,246312500
2008-08-08,93.0660629272461,129.3699951171875,129.92999267578125,126.37999725341797,126.58000183105469,260811700
2008-08-11,94.03005981445312,130.7100067138672,131.50999450683594,129.22999572753906,129.47000122070312,249425800
2008-08-12,93.05171966552734,129.35000610351562,130.6999969482422,128.72999572753906,130.27999877929688,213200800
2008-08-13,92.49058532714844,128.57000732421875,129.64999389648438,127.66999816894531,128.7899932861328,256393200
2008-08-14,93.1883544921875,129.5399932861328,130.27999877929688,127.75,127.83999633789062,239555300
2008-08-15,93.6415786743164,130.1699981689453,130.5,129.3000030517578,129.92999267578125,181000800
2008-08-18,92.36111450195312,128.38999938964844,130.47999572753906,127.66000366210938,130.42999267578125,172275100
2008-08-19,91.35395812988281,126.98999786376953,127.69000244140625,126.52999877929688,127.41999816894531,194673700
2008-08-20,91.77843475341797,127.58000183105469,127.94999694824219,126.33999633789062,127.38999938964844,225498200
2008-08-21,91.93665313720703,127.80000305175781,128.44000244140625,126.5999984741211,126.75,180609800
2008-08-22,93.26750946044922,129.64999389648438,129.64999389648438,127.80000305175781,128.6699981689453,167715300
2008-08-25,91.37556457519531,127.0199966430664,129.64999389648438,126.75,128.8000030517578,171936900
2008-08-26,91.64171600341797,127.38999938964844,127.87000274658203,126.58000183105469,127.0199966430664,159117200
2008-08-27,92.53373718261719,128.6300048828125,128.8300018310547,127.30000305175781,127.55000305175781,171032800
2008-08-28,93.656005859375,130.19000244140625,130.33999633789062,129.11000061035156,129.27999877929688,167537100
2008-08-29,92.64884185791016,128.7899932861328,130.13999938964844,128.50999450683594,129.72999572753906,189195800
2008-09-02,92.07333374023438,127.98999786376953,130.7100067138672,127.5199966430664,130.02999877929688,252364900
2008-09-03,91.99422454833984,127.87999725341797,128.5,126.93000030517578,127.87999725341797,251947000
2008-09-04,89.2245864868164,124.02999877929688,127.2300033569336,123.95999908447266,126.97000122070312,340042500
2008-09-05,89.50514221191406,124.41999816894531,124.94999694824219,122.0,123.29000091552734,289503400
2008-09-08,91.35395812988281,126.98999786376953,128.24000549316406,124.41999816894531,128.0399932861328,364075300
2008-09-09,88.64191436767578,123.22000122070312,127.36000061035156,122.80000305175781,127.0999984741211,377326800
2008-09-10,89.00159454345703,123.72000122070312,124.9000015258789,122.55000305175781,123.88999938964844,298916600
2008-09-11,90.28929901123047,125.51000213623047,125.73999786376953,121.5999984741211,122.12000274658203,375369400
2008-09-12,90.70654296875,126.08999633789062,126.20999908447266,123.83000183105469,124.29000091552734,297851200
2008-09-15,86.39024353027344,120.08999633789062,125.6500015258789,119.88999938964844,121.62999725341797,483607000
2008-09-16,87.83621978759766,122.0999984741211,122.31999969482422,117.0,117.19999694824219,581744300
2008-09-17,83.88678741455078,116.61000061035156,121.8499984741211,116.0,119.63999938964844,624095600
2008-09-18,86.37589263916016,120.06999969482422,121.79000091552734,113.80000305175781,118.05000305175781,776114700
2008-09-19,89.80618286132812,124.12000274658203,128.0,123.33000183105469,126.69999694824219,501087800
2008-09-22,87.77301025390625,121.30999755859375,124.75,120.36000061035156,124.44999694824219,249966500
2008-09-23,85.77606201171875,118.55000305175781,122.0199966430664,118.27999877929688,120.8499984741211,327470400
2008-09-24,86.05098724365234,118.93000030517578,120.0,117.79000091552734,119.3499984741211,311818400
2008-09-25,87.39678955078125,120.79000091552734,121.91000366210938,118.44000244140625,119.4000015258789,328253000
2008-09-26,87.44021606445312,120.8499984741211,121.5,118.51000213623047,118.83000183105469,285917400
2008-09-29,80.58827209472656,111.37999725341797,119.33999633789062,110.97000122070312,119.13999938964844,459562300
2008-09-30,83.92376708984375,115.98999786376953,116.80000305175781,110.52999877929688,113.51000213623047,328154400
2008-10-01,83.97442626953125,116.05999755859375,116.69000244140625,113.94999694824219,115.2699966430664,332783000
2008-10-02,80.92826843261719,111.8499984741211,115.11000061035156,111.05999755859375,114.94999694824219,365337800
2008-10-03,79.83573913574219,110.33999633789062,115.44999694824219,109.68000030517578,112.86000061035156,461798000
2008-10-06,75.7694320678711,104.72000122070312,107.62000274658203,100.63999938964844,107.1500015258789,610637500
2008-10-07,72.37602996826172,100.02999877929688,107.33000183105469,99.6500015258789,106.83999633789062,540012100
2008-10-08,70.5527114868164,97.51000213623047,102.18000030517578,96.80999755859375,97.5199966430664,725414800
2008-10-09,65.6253433227539,90.69999694824219,100.62000274658203,90.25,99.66000366210938,534485200
2008-10-10,64.0335922241211,88.5,93.94000244140625,83.58000183105469,86.76000213623047,871026300
2008-10-13,73.33111572265625,101.3499984741211,101.3499984741211,89.94999694824219,93.87000274658203,455584000
2008-10-14,72.24575805664062,99.8499984741211,105.52999877929688,97.11000061035156,104.69999694824219,546268300
2008-10-15,65.13334655761719,90.0199966430664,97.80000305175781,89.70999908447266,97.45999908447266,484627500
2008-10-16,67.84667205810547,93.7699966430664,94.7699966430664,86.54000091552734,91.29000091552734,708811200
2008-10-17,67.44145202636719,93.20999908447266,98.58999633789062,91.6500015258789,91.98999786376953,476649000
2008-10-20,71.49331665039062,98.80999755859375,99.0999984741211,94.08999633789062,95.3499984741211,321294200
2008-10-21,69.35884094238281,95.86000061035156,98.63999938964844,95.22000122070312,96.97000122070312,356502000
2008-10-22,65.58199310302734,90.63999938964844,95.86000061035156,87.52999877929688,93.19999694824219,516168000
2008-10-23,66.34169006347656,91.69000244140625,92.44999694824219,85.80999755859375,90.29000091552734,634666400
2008-10-24,62.977203369140625,87.04000091552734,89.91999816894531,84.0,84.05999755859375,545812600
2008-10-27,60.7414436340332,83.94999694824219,89.51000213623047,83.69999694824219,85.97000122070312,397288600
2008-10-28,67.83943176269531,93.76000213623047,94.23999786376953,84.52999877929688,87.33999633789062,639939500
2008-10-29,67.34740447998047,93.08000183105469,97.16999816894531,92.0999984741211,93.7699966430664,531270100
2008-10-30,69.6772232055664,96.30000305175781,96.54000091552734,92.9000015258789,95.77999877929688,414582100
2008-10-31,70.06066131591797,96.83000183105469,98.56999969482422,94.4800033569336,95.08000183105469,411394000
2008-11-03,70.26326751708984,97.11000061035156,97.69000244140625,95.94999694824219,96.77999877929688,205419400
2008-11-04,72.65098571777344,100.41000366210938,100.86000061035156,96.70999908447266,99.05999755859375,346793400
2008-11-05,69.59761810302734,96.19000244140625,100.70999908447266,95.0,99.19999694824219,387844100
2008-11-06,65.74111938476562,90.86000061035156,95.44000244140625,90.05999755859375,94.45999908447266,477721900
2008-11-07,67.91178894042969,93.86000061035156,94.0,90.5,91.6500015258789,380391000
2008-11-10,67.02177429199219,92.62999725341797,95.52999877929688,90.91999816894531,95.20999908447266,301773000
2008-11-11,64.95248413085938,89.7699966430664,92.13999938964844,88.6500015258789,90.76000213623047,418498200
2008-11-12,62.094482421875,85.81999969482422,88.94999694824219,85.12000274658203,88.2300033569336,454330600
2008-11-13,65.96543884277344,91.16999816894531,91.7300033569336,82.08999633789062,86.12999725341797,753141900
2008-11-14,62.67332077026367,86.62000274658203,92.05999755859375,86.5199966430664,89.41000366210938,540352300
2008-11-17,61.84123992919922,85.47000122070312,88.55999755859375,85.16000366210938,86.37999725341797,415254900
2008-11-18,63.00612258911133,87.08000183105469,87.22000122070312,82.91000366210938,85.1500015258789,523811800
2008-11-19,58.96877670288086,81.5,86.87000274658203,80.91999816894531,85.91000366210938,558327600
2008-11-20,54.59132766723633,75.44999694824219,82.51000213623047,75.05000305175781,80.12999725341797,814180400
2008-11-21,57.536163330078125,79.5199966430664,80.9000015258789,74.33999633789062,77.45999908447266,718536500
2008-11-24,61.52286911010742,85.02999877929688,86.98999786376953,80.36000061035156,81.91999816894531,523305300
2008-11-25,61.97872543334961,85.66000366210938,87.51000213623047,83.81999969482422,87.30000305175781,454112400
2008-11-26,64.37367248535156,88.97000122070312,89.19000244140625,84.23999786376953,84.30000305175781,370134200
2008-11-28,65.18400573730469,90.08999633789062,90.12999725341797,88.4800033569336,88.62999725341797,118308100
2008-12-01,59.410152435302734,82.11000061035156,87.55000305175781,81.86000061035156,87.51000213623047,369927100
2008-12-02,61.69651794433594,85.2699966430664,85.48999786376953,82.04000091552734,83.47000122070312,469508400
2008-12-03,63.17979049682617,87.31999969482422,87.83000183105469,83.13999938964844,83.4000015258789,519863500
2008-12-04,61.718204498291016,85.30000305175781,88.05000305175781,83.73999786376953,86.05999755859375,444173800
2008-12-05,63.62113571166992,87.93000030517578,88.41999816894531,82.23999786376953,83.6500015258789,471905300
2008-12-08,65.8424301147461,91.0,92.37999725341797,88.08000183105469,90.33999633789062,412859300
2008-12-09,64.75714111328125,89.5,92.12999725341797,88.9800033569336,90.37000274658203,370790000
2008-12-10,65.19845581054688,90.11000061035156,91.36000061035156,89.0,90.31999969482422,396187400
2008-12-11,63.628387451171875,87.94000244140625,91.0,87.37000274658203,89.54000091552734,365061000
2008-12-12,64.38809967041016,88.98999786376953,89.06999969482422,85.19999694824219,85.55000305175781,415060400
2008-12-15,63.49089050292969,87.75,89.1500015258789,86.29000091552734,89.0199966430664,256694200
2008-12-16,66.4791030883789,91.87999725341797,92.0199966430664,88.18000030517578,91.87999725341797,377699500
2008-12-17,65.83517456054688,90.98999786376953,92.43000030517578,90.05999755859375,90.83999633789062,281819800
2008-12-18,64.60517120361328,89.29000091552734,91.66999816894531,88.20999908447266,91.4000015258789,374673300
2008-12-19,64.3272705078125,88.19000244140625,90.62000274658203,88.08999633789062,89.0999984741211,301451300
2008-12-22,63.503028869628906,87.05999755859375,88.66999816894531,85.48999786376953,88.58000183105469,243759500
2008-12-23,62.846519470214844,86.16000366210938,87.93000030517578,85.80000305175781,87.52999877929688,221625200
2008-12-24,63.21125411987305,86.66000366210938,86.87000274658203,86.0,86.44999694824219,62061600
2008-12-26,63.575984954833984,87.16000366210938,87.30000305175781,86.5,87.23999786376953,74767700
2008-12-29,63.39360046386719,86.91000366210938,87.33000183105469,85.5999984741211,87.23999786376953,127795900
2008-12-30,64.896240234375,88.97000122070312,89.05000305175781,86.87999725341797,87.51000213623047,168256300
2008-12-31,65.82257843017578,90.23999786376953,90.97000122070312,88.87000274658203,89.08000183105469,193987200
2009-01-02,67.80660247802734,92.95999908447266,93.44000244140625,89.8499984741211,90.44000244140625,227566300
2009-01-05,67.72634887695312,92.8499984741211,93.66000366210938,91.88999938964844,92.62999725341797,240349700
2009-01-06,68.17857360839844,93.47000122070312,94.44999694824219,92.68000030517578,93.63999938964844,328260900
2009-01-07,66.13621520996094,90.66999816894531,92.26000213623047,90.19999694824219,92.0,280899200
2009-01-08,66.4061050415039,91.04000091552734,91.08999633789062,89.66999816894531,90.16000366210938,263834400
2009-01-09,64.98371124267578,89.08999633789062,91.31999969482422,85.36000061035156,91.16000366210938,330953600
2009-01-12,63.422752380371094,86.94999694824219,88.91000366210938,86.41000366210938,88.83999633789062,277858500
2009-01-13,63.53947067260742,87.11000061035156,87.87999725341797,86.19999694824219,86.7300033569336,356432300
2009-01-14,61.54086685180664,84.37000274658203,85.75,83.16000366210938,85.54000091552734,435491600
2009-01-15,61.562774658203125,84.4000015258789,85.25,81.72000122070312,84.12000274658203,532647300
2009-01-16,62.044189453125,85.05999755859375,85.98999786376953,83.05000305175781,85.86000061035156,399237200
2009-01-20,58.76908874511719,80.56999969482422,85.05999755859375,80.05000305175781,84.2300033569336,419855200
2009-01-21,61.3074836730957,84.05000305175781,84.23999786376953,80.47000122070312,81.94000244140625,364360700
2009-01-22,60.35920333862305,82.75,84.04000091552734,81.16999816894531,82.41999816894531,427940300
2009-01-23,60.62181854248047,83.11000061035156,83.98999786376953,80.56999969482422,80.9000015258789,386800600
2009-01-26,61.037567138671875,83.68000030517578,85.36000061035156,82.80999755859375,83.58999633789062,317978800
2009-01-27,61.65760803222656,84.52999877929688,85.1500015258789,83.30000305175781,84.12999725341797,273789700
2009-01-28,63.74372482299805,87.38999938964844,87.94999694824219,86.06999969482422,86.4000015258789,330007000
2009-01-29,61.67219924926758,84.55000305175781,87.48999786376953,84.47000122070312,86.11000061035156,294392500
2009-01-30,60.4176025390625,82.83000183105469,85.4000015258789,82.20999908447266,84.9800033569336,383383600
2009-02-02,60.2352409362793,82.58000183105469,83.18000030517578,81.30999755859375,81.56999969482422,288233300
2009-02-03,61.08134078979492,83.73999786376953,84.36000061035156,82.22000122070312,83.0999984741211,278385800
2009-02-04,60.78229522705078,83.33000183105469,85.37000274658203,83.04000091552734,84.30000305175781,322989300
2009-02-05,61.686744689941406,84.56999969482422,85.29000091552734,77.7300033569336,82.69999694824219,417679400
2009-02-06,63.444705963134766,86.9800033569336,87.33999633789062,84.68000030517578,84.86000061035156,366101700
2009-02-09,63.532196044921875,87.0999984741211,87.73999786376953,86.31999969482422,86.95999908447266,240075200
2009-02-10,60.62181854248047,83.11000061035156,87.02999877929688,82.44999694824219,86.2699966430664,536212800
2009-02-11,60.9792366027832,83.5999984741211,84.05000305175781,82.4000015258789,83.44999694824219,324442500
2009-02-12,61.02302169799805,83.66000366210938,83.81999969482422,81.05000305175781,82.16999816894531,469302200
2009-02-13,60.36651611328125,82.76000213623047,84.23999786376953,82.73999786376953,83.55000305175781,293998400
2009-02-17,57.78438186645508,79.22000122070312,82.95999908447266,79.16999816894531,80.16000366210938,478910100
2009-02-18,57.64579391479492,79.02999877929688,79.94000244140625,78.27999877929688,79.79000091552734,362964800
2009-02-19,57.025779724121094,78.18000030517578,80.1500015258789,78.0199966430664,79.83999633789062,316867500
2009-02-20,56.4714241027832,77.41999816894531,78.33999633789062,75.7699966430664,76.7300033569336,477176600
2009-02-23,54.45097732543945,74.6500015258789,78.2699966430664,74.58999633789062,78.2699966430664,379641400
2009-02-24,56.51517868041992,77.4800033569336,77.94999694824219,74.69999694824219,75.29000091552734,426260900
2009-02-25,56.070247650146484,76.87000274658203,78.41999816894531,75.62999725341797,77.13999938964844,461985800
2009-02-26,55.15850067138672,75.62000274658203,79.66999816894531,75.52999877929688,77.81999969482422,363353900
2009-02-27,53.925777435302734,73.93000030517578,75.69000244140625,73.80999755859375,74.01000213623047,470510900
2009-03-02,51.49683380126953,70.5999984741211,73.91999816894531,70.37000274658203,72.5199966430664,426452600
2009-03-03,51.1102294921875,70.06999969482422,71.69999694824219,69.63999938964844,71.61000061035156,443761000
2009-03-04,52.321044921875,71.7300033569336,72.87000274658203,70.06999969482422,71.2300033569336,462753100
2009-03-05,50.183876037597656,68.80000305175781,71.7300033569336,68.16999816894531,70.0999984741211,485549400
2009-03-06,50.27140426635742,68.91999816894531,70.44999694824219,67.0999984741211,69.4000015258789,490470000
2009-03-09,49.68058395385742,68.11000061035156,70.0,67.7300033569336,67.94999694824219,379905300
2009-03-10,52.64198303222656,72.16999816894531,72.37000274658203,69.37000274658203,69.51000213623047,406227900
2009-03-11,52.9848518371582,72.63999938964844,73.75,71.83000183105469,73.0,356648300
2009-03-12,55.070960998535156,75.5,75.75,71.97000122070312,72.62000274658203,409702700
2009-03-13,55.50130844116211,76.08999633789062,76.9800033569336,74.7300033569336,76.01000213623047,337474700
2009-03-16,55.33354187011719,75.86000061035156,77.97000122070312,75.80999755859375,76.95999908447266,360644900
2009-03-17,57.025779724121094,78.18000030517578,78.36000061035156,75.44999694824219,76.06999969482422,356814300
2009-03-18,58.30229949951172,79.93000030517578,80.9000015258789,77.06999969482422,77.80999755859375,473273200
2009-03-19,57.580142974853516,78.94000244140625,81.0,78.69000244140625,80.93000030517578,428520400
2009-03-20,56.35404586791992,76.70999908447266,78.91000366210938,76.52999877929688,78.76000213623047,371078200
2009-03-23,60.40189743041992,82.22000122070312,82.29000091552734,78.30999755859375,78.73999786376953,419933300
2009-03-24,59.21180725097656,80.5999984741211,82.36000061035156,80.51000213623047,81.23999786376953,330271000
2009-03-25,59.836246490478516,81.44999694824219,82.69999694824219,79.05999755859375,81.2300033569336,441775100
2009-03-26,61.05572509765625,83.11000061035156,83.30000305175781,81.31999969482422,82.25,422025200
2009-03-27,59.95377731323242,81.61000061035156,82.52999877929688,81.30999755859375,82.05000305175781,322332300
2009-03-30,57.88210678100586,78.79000091552734,79.87000274658203,77.95999908447266,79.80000305175781,324108500
2009-03-31,58.418392181396484,79.5199966430664,81.08000183105469,79.05000305175781,79.55999755859375,364238300
2009-04-01,59.54973220825195,81.05999755859375,81.41999816894531,78.33000183105469,78.52999877929688,377018300
2009-04-02,61.29082489013672,83.43000030517578,84.61000061035156,81.12999725341797,83.08000183105469,476230700
2009-04-03,61.90056610107422,84.26000213623047,84.27999877929688,82.66999816894531,83.48999786376953,284646300
2009-04-06,61.41569900512695,83.5999984741211,84.27999877929688,82.29000091552734,83.33999633789062,264866600
2009-04-07,59.983150482177734,81.6500015258789,82.6500015258789,81.51000213623047,82.25,258947800
2009-04-08,60.629642486572266,82.52999877929688,82.94000244140625,81.54000091552734,82.05999755859375,230402800
2009-04-09,63.03924560546875,85.80999755859375,85.81999969482422,84.33000183105469,84.66999816894531,269653500
2009-04-13,63.05394744873047,85.83000183105469,86.54000091552734,84.58000183105469,84.91999816894531,224847500
2009-04-14,61.9666862487793,84.3499984741211,85.76000213623047,84.08000183105469,85.02999877929688,276598800
2009-04-15,62.62784957885742,85.25,85.41999816894531,83.61000061035156,83.83999633789062,250726100
2009-04-16,63.5461540222168,86.5,87.1500015258789,84.7699966430664,85.93000030517578,335202900
2009-04-17,63.972232818603516,87.08000183105469,87.6500015258789,86.13999938964844,86.83000183105469,262649000
2009-04-20,61.29082489013672,83.43000030517578,87.05000305175781,83.33999633789062,85.54000091552734,293690100
2009-04-21,62.48826599121094,85.05999755859375,85.12999725341797,82.75,82.81999969482422,114090900
2009-04-22,62.10624694824219,84.54000091552734,86.33999633789062,84.06999969482422,84.29000091552734,340395200
2009-04-23,62.716026306152344,85.37000274658203,85.41999816894531,83.62999725341797,84.70999908447266,324903700
2009-04-24,63.6636962890625,86.66000366210938,87.30999755859375,85.69000244140625,86.02999877929688,287703000
2009-04-27,63.061283111572266,85.83999633789062,87.01000213623047,85.54000091552734,85.68000030517578,289581600
2009-04-28,62.862945556640625,85.56999969482422,86.58999633789062,84.76000213623047,84.97000122070312,247926300
2009-04-29,64.19996643066406,87.38999938964844,88.36000061035156,86.30000305175781,86.5199966430664,311505700
2009-04-30,64.22203826904297,87.41999816894531,89.0199966430664,86.91999816894531,88.55000305175781,301419800
2009-05-01,64.56730651855469,87.88999938964844,88.20999908447266,86.72000122070312,87.44000244140625,236110300
2009-05-04,66.76383972167969,90.87999725341797,90.94000244140625,88.37999725341797,88.55000305175781,287120000
2009-05-05,66.53609466552734,90.56999969482422,90.93000030517578,89.83999633789062,90.56999969482422,243036300
2009-05-06,67.6894760131836,92.13999938964844,92.19999694824219,90.61000061035156,91.68000030517578,291941000
2009-05-07,66.7491683959961,90.86000061035156,93.1500015258789,90.27999877929688,93.01000213623047,317728000
2009-05-08,68.30659484863281,92.9800033569336,93.22000122070312,91.44000244140625,92.02999877929688,299081700
2009-05-11,67.02831268310547,91.23999786376953,92.11000061035156,91.04000091552734,91.69999694824219,247923600
2009-05-12,66.83000183105469,90.97000122070312,91.83000183105469,89.8499984741211,91.62999725341797,282431300
2009-05-13,65.14765930175781,88.68000030517578,90.01000213623047,88.5,89.73999786376953,269619100
2009-05-14,65.70598602294922,89.44000244140625,90.12000274658203,88.5,88.72000122070312,260098700
2009-05-15,65.1697006225586,88.70999908447266,90.0,88.1500015258789,89.37000274658203,271502700
2009-05-18,67.02098083496094,91.2300033569336,91.33999633789062,88.56999969482422,89.55000305175781,241447400
2009-05-19,66.9401626586914,91.12000274658203,91.97000122070312,90.80999755859375,91.18000030517578,206102200
2009-05-20,66.49205780029297,90.51000213623047,92.80000305175781,90.41000366210938,91.94999694824219,285722200
2009-05-21,65.53703308105469,89.20999908447266,89.80000305175781,88.26000213623047,89.45999908447266,258988400
2009-05-22,65.39743041992188,89.0199966430664,90.0,88.68000030517578,89.45999908447266,166811900
2009-05-26,67.07242584228516,91.30000305175781,91.55999755859375,88.31999969482422,88.36000061035156,236318500
2009-05-27,65.87493896484375,89.66999816894531,91.75,89.52999877929688,91.44000244140625,246015800
2009-05-28,66.79327392578125,90.91999816894531,91.33999633789062,89.0999984741211,90.45999908447266,289095000
2009-05-29,67.97599792480469,92.52999877929688,93.69999694824219,90.68000030517578,91.41999816894531,258641500
2009-06-01,69.62161254882812,94.7699966430664,95.16999816894531,93.43000030517578,93.66999816894531,276246800
2009-06-02,69.68035888671875,94.8499984741211,95.37000274658203,94.2300033569336,94.4000015258789,230874500
2009-06-03,68.79878234863281,93.6500015258789,94.12999725341797,92.76000213623047,94.04000091552734,235310500
2009-06-04,69.44525909423828,94.52999877929688,94.66999816894531,93.30000305175781,94.0,210102300
2009-06-05,69.45999145507812,94.55000305175781,95.66999816894531,93.80000305175781,95.48999786376953,284257900
2009-06-08,69.17350006103516,94.16000366210938,95.0999984741211,93.04000091552734,93.83999633789062,238565100
2009-06-09,69.52607727050781,94.63999938964844,95.13999938964844,94.0199966430664,94.69000244140625,225125500
2009-06-10,69.34981536865234,94.4000015258789,95.48999786376953,93.19000244140625,95.4800033569336,296100400
2009-06-11,69.65830993652344,94.81999969482422,96.11000061035156,94.55999755859375,94.58000183105469,275414200
2009-06-12,69.84933471679688,95.08000183105469,95.13999938964844,94.0,94.4000015258789,184361800
2009-06-15,68.24784088134766,92.9000015258789,94.0199966430664,92.4000015258789,93.95999908447266,224190500
2009-06-16,67.3221664428711,91.63999938964844,93.29000091552734,91.58000183105469,93.2300033569336,227319000
2009-06-17,67.25607299804688,91.55000305175781,92.33000183105469,90.83000183105469,91.5999984741211,223445200
2009-06-18,67.74828338623047,92.22000122070312,92.66999816894531,91.25,91.69000244140625,211725100
2009-06-19,67.99799346923828,92.04000091552734,92.69999694824219,91.5199966430664,92.58000183105469,215655600
2009-06-22,65.95892333984375,89.27999877929688,91.19000244140625,89.25,91.13999938964844,251913600
2009-06-23,66.01068878173828,89.3499984741211,89.87999725341797,88.8499984741211,89.47000122070312,188309800
2009-06-24,66.57952117919922,90.12000274658203,91.08000183105469,89.5999984741211,90.16000366210938,211577700
2009-06-25,68.02754211425781,92.08000183105469,92.16999816894531,89.56999969482422,89.66999816894531,279411000
2009-06-26,67.8501968383789,91.83999633789062,92.23999786376953,91.2699966430664,91.7699966430664,167579000
2009-06-29,68.48554992675781,92.69999694824219,92.81999969482422,91.5999984741211,92.11000061035156,168481300
2009-06-30,67.93150329589844,91.94999694824219,93.05999755859375,91.2699966430664,92.72000122070312,228888200
2009-07-01,68.21223449707031,92.33000183105469,93.2300033569336,92.20999908447266,92.33999633789062,173041100
2009-07-02,66.35050964355469,89.80999755859375,92.36000061035156,89.76000213623047,91.12999725341797,212309900
2009-07-06,66.34310913085938,89.80000305175781,89.93000030517578,88.66000366210938,88.94000244140625,174499600
2009-07-07,65.0576400756836,88.05999755859375,89.81999969482422,88.0,89.70999908447266,197088900
2009-07-08,65.01327514648438,88.0,88.80000305175781,87.0,88.58999633789062,248050500
2009-07-09,65.13888549804688,88.16999816894531,88.9000015258789,87.91000366210938,88.61000061035156,163777600
2009-07-10,64.98370361328125,87.95999908447266,88.48999786376953,87.3499984741211,87.69999694824219,173520300
2009-07-13,66.56473541259766,90.0999984741211,90.16999816894531,87.58999633789062,88.30999755859375,217413500
2009-07-14,66.94152069091797,90.61000061035156,90.69000244140625,89.7300033569336,90.37999725341797,181487400
2009-07-15,68.89932250976562,93.26000213623047,93.51000213623047,90.68000030517578,91.80999755859375,220877900
2009-07-16,68.78848266601562,93.11000061035156,94.51000213623047,92.81999969482422,93.0,231174500
2009-07-17,69.54206085205078,94.12999725341797,94.31999969482422,93.54000091552734,94.05999755859375,138561700
2009-07-20,70.28086853027344,95.12999725341797,95.29000091552734,94.19000244140625,94.68000030517578,164179400
2009-07-21,70.6059341430664,95.56999969482422,95.9000015258789,94.41999816894531,95.87000274658203,217718300
2009-07-22,70.59112548828125,95.55000305175781,96.12999725341797,94.88999938964844,94.95999908447266,196068100
2009-07-23,72.14998626708984,97.66000366210938,98.08000183105469,95.52999877929688,95.61000061035156,258795500
2009-07-24,72.44548797607422,98.05999755859375,98.13999938964844,96.69000244140625,97.19999694824219,154003100
2009-07-27,72.65970611572266,98.3499984741211,98.4000015258789,97.33999633789062,97.87999725341797,159259400
2009-07-28,72.31990051269531,97.88999938964844,98.37000274658203,97.05999755859375,97.66000366210938,186685200
2009-07-29,72.14262390136719,97.6500015258789,98.08999633789062,96.9800033569336,97.44000244140625,194399300
2009-07-30,72.89612579345703,98.66999816894531,99.83000183105469,98.5999984741211,98.83000183105469,225575400
2009-07-31,72.99955749511719,98.80999755859375,99.47000122070312,98.37999725341797,98.6500015258789,207358000
2009-08-03,74.20380401611328,100.44000244140625,100.52999877929688,99.30999755859375,99.8499984741211,175776900
2009-08-04,74.39588165283203,100.69999694824219,100.83999633789062,99.77999877929688,99.98999786376953,176714600
2009-08-05,74.18162536621094,100.41000366210938,100.86000061035156,99.58000183105469,100.7699966430664,184726400
2009-08-06,73.79743957519531,99.88999938964844,101.0199966430664,99.41999816894531,100.87000274658203,193203800
2009-08-07,74.7652587890625,101.19999694824219,102.02999877929688,100.38999938964844,100.94000244140625,220640900
2009-08-10,74.61012268066406,100.98999786376953,101.22000122070312,100.2699966430664,100.73999786376953,130898700
2009-08-11,73.67926788330078,99.7300033569336,100.61000061035156,99.45999908447266,100.54000091552734,157301000
2009-08-12,74.46973419189453,100.80000305175781,101.55999755859375,99.51000213623047,99.55999755859375,219052400
2009-08-13,75.03862762451172,101.56999969482422,101.61000061035156,100.26000213623047,101.26000213623047,176449500
2009-08-14,74.46235656738281,100.79000091552734,101.5999984741211,99.69999694824219,101.5199966430664,199616100
2009-08-17,72.63018798828125,98.30999755859375,98.94999694824219,98.11000061035156,98.8499984741211,237667500
2009-08-18,73.20645904541016,99.08999633789062,99.44000244140625,98.3499984741211,98.52999877929688,173461500
2009-08-19,73.84917449951172,99.95999908447266,100.30000305175781,98.20999908447266,98.30999755859375,192812800
2009-08-20,74.61012268066406,100.98999786376953,101.22000122070312,99.87000274658203,100.08999633789062,174131300
2009-08-21,76.07292938232422,102.97000122070312,103.12999725341797,101.62000274658203,101.81999969482422,224605000
2009-08-24,76.0655517578125,102.95999908447266,103.94999694824219,102.58999633789062,103.38999938964844,191279000
2009-08-25,76.21331787109375,103.16000366210938,104.26000213623047,102.94000244140625,103.37000274658203,215310600
2009-08-26,76.22071075439453,103.16999816894531,103.63999938964844,102.48999786376953,102.83999633789062,194620700
2009-08-27,76.390625,103.4000015258789,103.72000122070312,101.94000244140625,103.11000061035156,196230100
2009-08-28,76.3758544921875,103.37999725341797,104.3499984741211,102.66999816894531,104.2300033569336,147024400
2009-08-31,75.69617462158203,102.45999908447266,102.58000183105469,101.79000091552734,102.37000274658203,176051600
2009-09-01,74.02648162841797,100.19999694824219,103.23999786376953,99.98999786376953,101.94999694824219,321276800
2009-09-02,73.74577331542969,99.81999969482422,100.44000244140625,99.56999969482422,99.77999877929688,171805000
2009-09-03,74.35897827148438,100.6500015258789,100.7699966430664,99.58999633789062,100.4000015258789,143572300
2009-09-04,75.40064239501953,102.05999755859375,102.08999633789062,100.55000305175781,100.8499984741211,142687900
2009-09-08,76.05078125,102.94000244140625,103.05000305175781,102.38999938964844,103.0,132909100
2009-09-09,76.63441467285156,103.7300033569336,104.08000183105469,102.80000305175781,103.12000274658203,154612500
2009-09-10,77.41752624511719,104.79000091552734,104.86000061035156,103.22000122070312,103.80000305175781,162902400
2009-09-11,77.4027328491211,104.7699966430664,105.30000305175781,104.27999877929688,104.98999786376953,152360100
2009-09-14,77.77954864501953,105.27999877929688,105.45999908447266,103.1500015258789,103.87999725341797,149593800
2009-09-15,78.10458374023438,105.72000122070312,106.11000061035156,104.76000213623047,105.44999694824219,196795900
2009-09-16,79.28662109375,107.31999969482422,107.33999633789062,105.7300033569336,106.0999984741211,206406300
2009-09-17,79.16844940185547,107.16000366210938,108.05999755859375,106.56999969482422,107.16999816894531,229170900
2009-09-18,79.21894836425781,106.72000122070312,107.16000366210938,106.36000061035156,107.1500015258789,153799100
2009-09-21,79.01850128173828,106.44999694824219,107.0,105.66000366210938,105.88999938964844,151892000
2009-09-22,79.478759765625,107.06999969482422,107.37000274658203,106.5999984741211,107.08000183105469,143126700
2009-09-23,78.81809997558594,106.18000030517578,108.02999877929688,105.98999786376953,107.31999969482422,225947400
2009-09-24,77.9495849609375,105.01000213623047,106.63999938964844,104.55000305175781,106.41000366210938,228636800
2009-09-25,77.5339126586914,104.44999694824219,105.36000061035156,104.08999633789062,104.77999877929688,204059000
2009-09-28,78.9220199584961,106.31999969482422,106.55000305175781,104.83000183105469,104.8499984741211,118285800
2009-09-29,78.68450927734375,106.0,107.0199966430664,105.77999877929688,106.51000213623047,133733900
2009-09-30,78.38011932373047,105.58999633789062,106.45999908447266,104.62000274658203,106.36000061035156,254383000
2009-10-01,76.4352798461914,102.97000122070312,105.7300033569336,102.94999694824219,103.0,281840600
2009-10-02,76.07896423339844,102.48999786376953,103.0999984741211,101.98999786376953,102.0199966430664,224748800
2009-10-05,77.21468353271484,104.0199966430664,104.31999969482422,102.5999984741211,102.9000015258789,149875000
2009-10-06,78.32074737548828,105.51000213623047,106.11000061035156,104.70999908447266,104.7699966430664,202491100
2009-10-07,78.53600311279297,105.80000305175781,105.91000366210938,105.06999969482422,105.2699966430664,159200300
2009-10-08,79.13729095458984,106.61000061035156,107.16999816894531,105.8499984741211,106.55000305175781,183305800
2009-10-09,79.61978149414062,107.26000213623047,107.26000213623047,106.36000061035156,106.63999938964844,135008300
2009-10-12,79.93154907226562,107.68000030517578,108.08999633789062,107.27999877929688,107.76000213623047,118031000
2009-10-13,79.76824188232422,107.45999908447266,107.70999908447266,106.76000213623047,107.38999938964844,157692700
2009-10-14,81.14149475097656,109.30999755859375,109.41999816894531,107.41999816894531,108.72000122070312,191421600
2009-10-15,81.43844604492188,109.70999908447266,109.70999908447266,108.7300033569336,108.77999877929688,173873600
2009-10-16,80.8297348022461,108.88999938964844,109.2699966430664,108.2300033569336,108.80000305175781,192069400
2009-10-19,81.49781036376953,109.79000091552734,110.12999725341797,108.7300033569336,109.06999969482422,159530400
2009-10-20,81.0672836303711,109.20999908447266,109.98999786376953,108.68000030517578,109.94999694824219,180921100
2009-10-21,80.33979797363281,108.2300033569336,110.30999755859375,108.1500015258789,109.04000091552734,225379300
2009-10-22,81.15634155273438,109.33000183105469,109.68000030517578,107.5,108.19000244140625,238444000
2009-10-23,80.22846221923828,108.08000183105469,109.76000213623047,107.62999725341797,109.69000244140625,240033200
2009-10-26,79.3599624633789,106.91000366210938,109.30999755859375,106.61000061035156,108.19999694824219,242028200
2009-10-27,78.99620819091797,106.41999816894531,107.38999938964844,106.16000366210938,107.02999877929688,253266300
2009-10-28,77.50421142578125,104.41000366210938,106.4800033569336,104.3499984741211,106.1500015258789,248821400
2009-10-29,79.1669692993164,106.6500015258789,106.86000061035156,104.94000244140625,105.19000244140625,198110600
2009-10-30,76.8732681274414,103.55999755859375,106.62000274658203,103.44000244140625,106.30000305175781,325608100
2009-11-02,77.43741607666016,104.31999969482422,105.41000366210938,103.08000183105469,104.12999725341797,254222900
2009-11-03,77.68236541748047,104.6500015258789,104.80000305175781,103.54000091552734,103.73999786376953,228362600
2009-11-04,77.8827896118164,104.91999816894531,106.33000183105469,104.6500015258789,105.51000213623047,247996700
2009-11-05,79.31541442871094,106.8499984741211,106.87999725341797,105.44000244140625,105.66000366210938,180015300
2009-11-06,79.52328491210938,107.12999725341797,107.4000015258789,106.05000305175781,106.26000213623047,170954100
2009-11-09,81.33448791503906,109.56999969482422,109.62999725341797,107.87000274658203,107.94999694824219,159495700
2009-11-10,81.34937286376953,109.58999633789062,109.93000030517578,108.97000122070312,109.30999755859375,171899800
2009-11-11,81.7650375366211,110.1500015258789,110.81999969482422,109.62000274658203,110.30999755859375,169466200
2009-11-12,80.93364715576172,109.02999877929688,110.56999969482422,108.75,110.0,157144500
2009-11-13,81.37162017822266,109.62000274658203,110.08999633789062,108.75,109.30999755859375,150963000
2009-11-16,82.5518798828125,111.20999908447266,111.69000244140625,110.31999969482422,110.37999725341797,210922200
2009-11-17,82.64839935302734,111.33999633789062,111.38999938964844,110.5,110.91999816894531,147134100
2009-11-18,82.59638977050781,111.2699966430664,111.43000030517578,110.56999969482422,111.26000213623047,156486800
2009-11-19,81.52006530761719,109.81999969482422,111.30999755859375,109.12999725341797,110.51000213623047,208734600
2009-11-20,81.23057556152344,109.43000030517578,109.76000213623047,109.01000213623047,109.25,134196000
2009-11-23,82.26239013671875,110.81999969482422,111.73999786376953,110.5999984741211,110.72000122070312,148010200
2009-11-24,82.38858795166016,110.98999786376953,111.19999694824219,110.01000213623047,111.0,138420100
2009-11-25,82.67810821533203,111.37999725341797,111.5,110.81999969482422,111.16999816894531,109564800
2009-11-27,81.33448791503906,109.56999969482422,110.31999969482422,108.29000091552734,108.4000015258789,126001800
2009-11-30,81.60916137695312,109.94000244140625,110.19999694824219,108.12000274658203,109.4800033569336,160874800
2009-12-01,82.6186752319336,111.30000305175781,111.66000366210938,110.7300033569336,110.91999816894531,159613700
2009-12-02,82.58158111572266,111.25,112.01000213623047,110.91999816894531,111.27999877929688,132315100
2009-12-03,81.935791015625,110.37999725341797,112.18000030517578,110.29000091552734,111.55000305175781,167324900
2009-12-04,82.40343475341797,111.01000213623047,112.37999725341797,110.04000091552734,111.83999633789062,274907800
2009-12-07,82.27722930908203,110.83999633789062,111.52999877929688,110.48999786376953,110.91000366210938,127973800
2009-12-08,81.36420440673828,109.61000061035156,110.7699966430664,109.2699966430664,110.04000091552734,169863700
2009-12-09,81.6685562133789,110.0199966430664,110.18000030517578,109.0199966430664,109.58000183105469,155063400
2009-12-10,82.12873840332031,110.63999938964844,111.12000274658203,110.44999694824219,110.69999694824219,138014600
2009-12-11,82.47764587402344,111.11000061035156,111.36000061035156,110.61000061035156,111.11000061035156,124854000
2009-12-14,83.04181671142578,111.87000274658203,112.0,111.12999725341797,111.87000274658203,107141500
2009-12-15,82.65579986572266,111.3499984741211,111.91999816894531,111.0,111.45999908447266,120408800
2009-12-16,82.78199768066406,111.5199966430664,112.12999725341797,111.2699966430664,111.80000305175781,155358200
2009-12-17,81.78729248046875,110.18000030517578,110.93000030517578,110.08000183105469,110.72000122070312,183390100
2009-12-18,82.25000762939453,110.20999908447266,110.30000305175781,109.27999877929688,110.19999694824219,174591200
2009-12-21,83.08588409423828,111.33000183105469,111.69999694824219,110.76000213623047,110.76000213623047,118039600
2009-12-22,83.38439178466797,111.7300033569336,111.97000122070312,111.43000030517578,111.56999969482422,91707500
2009-12-23,83.54857635498047,111.94999694824219,112.11000061035156,111.5,112.0,111783100
2009-12-24,83.94413757324219,112.4800033569336,112.5999984741211,112.0,112.19000244140625,39677500
2009-12-28,84.12323760986328,112.72000122070312,112.98999786376953,112.31999969482422,112.9000015258789,87508500
2009-12-29,84.00381469726562,112.55999755859375,113.02999877929688,112.55000305175781,113.01000213623047,80572500
2009-12-30,83.97399139404297,112.5199966430664,112.6500015258789,112.16999816894531,112.2300033569336,73138400
2009-12-31,83.16797637939453,111.44000244140625,112.80000305175781,111.38999938964844,112.7699966430664,90637900
2010-01-04,84.5784912109375,113.33000183105469,113.38999938964844,111.51000213623047,112.37000274658203,118944600
2010-01-05,84.8023681640625,113.62999725341797,113.68000030517578,112.8499984741211,113.26000213623047,111579900
2010-01-06,84.8620834350586,113.70999908447266,113.98999786376953,113.43000030517578,113.5199966430664,116074400
2010-01-07,85.22029876708984,114.19000244140625,114.33000183105469,113.18000030517578,113.5,131091100
2010-01-08,85.50386810302734,114.56999969482422,114.62000274658203,113.66000366210938,113.88999938964844,126402800
2010-01-11,85.62332153320312,114.7300033569336,115.12999725341797,114.23999786376953,115.08000183105469,106375700
2010-01-12,84.82476806640625,113.66000366210938,114.20999908447266,113.22000122070312,113.97000122070312,163333500
2010-01-13,85.54118347167969,114.62000274658203,114.94000244140625,113.37000274658203,113.94999694824219,161822000
2010-01-14,85.7725601196289,114.93000030517578,115.13999938964844,114.41999816894531,114.48999786376953,115718800
2010-01-15,84.8098373413086,113.63999938964844,114.83999633789062,113.19999694824219,114.7300033569336,212283100
2010-01-19,85.8696060180664,115.05999755859375,115.12999725341797,113.58999633789062,113.62000274658203,139172700
2010-01-20,84.99640655517578,113.88999938964844,114.44999694824219,112.9800033569336,114.27999877929688,216490200
2010-01-21,83.36201477050781,111.69999694824219,114.2699966430664,111.55999755859375,113.91999816894531,344859600
2010-01-22,81.50373077392578,109.20999908447266,111.73999786376953,109.08999633789062,111.19999694824219,345942400
2010-01-25,81.92163848876953,109.7699966430664,110.41000366210938,109.41000366210938,110.20999908447266,186937500
2010-01-26,81.57833099365234,109.30999755859375,110.47000122070312,109.04000091552734,109.33999633789062,211168800
2010-01-27,81.96643829345703,109.83000183105469,110.08000183105469,108.33000183105469,109.16999816894531,271863600
2010-01-28,81.02607727050781,108.56999969482422,110.25,107.91000366210938,110.19000244140625,316104000
2010-01-29,80.14544677734375,107.38999938964844,109.80000305175781,107.22000122070312,109.04000091552734,310677600
2010-02-01,81.39176940917969,109.05999755859375,109.06999969482422,107.5,108.1500015258789,187865000
2010-02-02,82.37689971923828,110.37999725341797,110.58999633789062,108.87999725341797,109.26000213623047,216327900
2010-02-03,81.96643829345703,109.83000183105469,110.4800033569336,109.51000213623047,109.87999725341797,172730700
2010-02-04,79.43647003173828,106.44000244140625,109.02999877929688,106.41999816894531,108.9800033569336,356715700
2010-02-05,79.60063934326172,106.66000366210938,106.87999725341797,104.58000183105469,106.55999755859375,493585800
2010-02-08,79.02599334716797,105.88999938964844,107.33000183105469,105.80999755859375,106.73999786376953,224166900
2010-02-09,80.0185775756836,107.22000122070312,108.1500015258789,106.2699966430664,107.12999725341797,337820500
2010-02-10,79.8618392944336,107.01000213623047,107.5999984741211,106.11000061035156,107.05000305175781,240511500
2010-02-11,80.69768524169922,108.12999725341797,108.25,106.25,106.87000274658203,223591600
2010-02-12,80.63053131103516,108.04000091552734,108.0999984741211,106.51000213623047,106.98999786376953,304622100
2010-02-16,81.89924621582031,109.73999786376953,109.8499984741211,107.81999969482422,108.86000061035156,159317500
2010-02-17,82.28733825683594,110.26000213623047,110.41000366210938,109.73999786376953,110.2699966430664,168845100
2010-02-18,82.77241516113281,110.91000366210938,111.13999938964844,110.04000091552734,110.08000183105469,193708600
2010-02-19,82.94407653808594,111.13999938964844,111.56999969482422,110.36000061035156,110.62000274658203,222684900
2010-02-22,82.95899963378906,111.16000366210938,111.58000183105469,110.83000183105469,111.55000305175781,132346900
2010-02-23,81.95150756835938,109.80999755859375,111.19999694824219,109.5199966430664,110.86000061035156,207497000
2010-02-24,82.70524597167969,110.81999969482422,111.0,109.86000061035156,110.13999938964844,176350700
2010-02-25,82.59330749511719,110.66999816894531,110.75,108.94000244140625,109.23999786376953,259634700
2010-02-26,82.64556884765625,110.73999786376953,111.12000274658203,110.11000061035156,110.7699966430664,173589300
2010-03-01,83.50381469726562,111.88999938964844,112.0,111.16999816894531,111.19999694824219,147709700
2010-03-02,83.73516082763672,112.19999694824219,112.73999786376953,112.0,112.37000274658203,160992400
2010-03-03,83.80978393554688,112.30000305175781,112.97000122070312,112.0199966430664,112.48999786376953,150785000
2010-03-04,84.06354522705078,112.63999938964844,112.80000305175781,112.02999877929688,112.44999694824219,135770400
2010-03-05,85.26506805419922,114.25,114.33999633789062,113.0999984741211,113.37000274658203,176118800
2010-03-08,85.28002166748047,114.2699966430664,114.5199966430664,114.06999969482422,114.26000213623047,114631200
2010-03-09,85.42179870605469,114.45999908447266,114.98999786376953,113.87000274658203,113.93000030517578,154556700
2010-03-10,85.80241394042969,114.97000122070312,115.27999877929688,114.41000366210938,114.51000213623047,186088800
2010-03-11,86.16064453125,115.44999694824219,115.4800033569336,114.3499984741211,114.69999694824219,160791100
2010-03-12,86.16810607910156,115.45999908447266,115.97000122070312,115.13999938964844,115.94999694824219,162074800
2010-03-15,86.19046020507812,115.48999786376953,115.56999969482422,114.5999984741211,115.26000213623047,146816800
2010-03-16,86.87710571289062,116.41000366210938,116.5199966430664,115.48999786376953,115.80999755859375,168673000
2010-03-17,87.39205932617188,117.0999984741211,117.4800033569336,116.41999816894531,116.76000213623047,177468100
2010-03-18,87.34727478027344,117.04000091552734,117.2699966430664,116.56999969482422,117.11000061035156,196509100
2010-03-19,86.90512084960938,115.97000122070312,117.29000091552734,115.5199966430664,115.97000122070312,226641100
2010-03-22,87.36972045898438,116.58999633789062,116.80000305175781,115.23999786376953,115.30999755859375,184477800
2010-03-23,87.98426055908203,117.41000366210938,117.51000213623047,116.37999725341797,116.76000213623047,182941600
2010-03-24,87.55707550048828,116.83999633789062,117.43000030517578,115.58000183105469,116.97000122070312,196072600
2010-03-25,87.41468811035156,116.6500015258789,118.16999816894531,116.51000213623047,117.62999725341797,223396300
2010-03-26,87.3622817993164,116.58000183105469,117.41999816894531,116.12000274658203,116.87000274658203,205808500
2010-03-29,87.91679382324219,117.31999969482422,117.52999877929688,116.69000244140625,117.16999816894531,134513500
2010-03-30,87.97674560546875,117.4000015258789,117.83000183105469,116.91000366210938,117.45999908447266,145772500
2010-03-31,87.677001953125,117.0,117.5199966430664,116.61000061035156,116.94999694824219,161078700
2010-04-01,88.27648162841797,117.80000305175781,118.25,117.0999984741211,117.80000305175781,161215200
2010-04-05,88.99589538574219,118.76000213623047,118.83999633789062,117.91999816894531,118.25,105847600
2010-04-06,89.20571899414062,119.04000091552734,119.25,118.29000091552734,118.41999816894531,110384200
2010-04-07,88.69612121582031,118.36000061035156,119.36000061035156,117.80999755859375,118.80000305175781,184576300
2010-04-08,89.00334930419922,118.7699966430664,118.97000122070312,117.5999984741211,117.94999694824219,158704000
2010-04-09,89.58788299560547,119.55000305175781,119.5999984741211,118.80000305175781,119.0199966430664,133006500
2010-04-12,89.73028564453125,119.73999786376953,120.05000305175781,119.55999755859375,119.69999694824219,110279000
2010-04-13,89.7977523803711,119.83000183105469,120.04000091552734,119.0,119.62000274658203,125043600
2010-04-14,90.81684875488281,121.19000244140625,121.19000244140625,120.08000183105469,120.2699966430664,161609000
2010-04-15,90.89183044433594,121.29000091552734,121.56999969482422,120.94999694824219,120.98999786376953,144615300
2010-04-16,89.44551086425781,119.36000061035156,121.29000091552734,118.75,120.86000061035156,366786700
2010-04-19,89.7827377319336,119.80999755859375,119.93000030517578,118.47000122070312,119.01000213623047,217947800
2010-04-20,90.58457946777344,120.87999725341797,120.9800033569336,119.87000274658203,120.55999755859375,157708000
2010-04-21,90.41972351074219,120.66000366210938,121.2300033569336,119.98999786376953,120.94999694824219,192910100
2010-04-22,90.6894760131836,121.0199966430664,121.16999816894531,119.12000274658203,119.80999755859375,115360300
2010-04-23,91.28147888183594,121.80999755859375,121.86000061035156,120.62999725341797,120.94000244140625,177335500
2010-04-26,90.93675231933594,121.3499984741211,122.12000274658203,121.2300033569336,121.8499984741211,143457300
2010-04-27,88.7861099243164,118.4800033569336,121.33999633789062,118.25,120.6500015258789,355853300
2010-04-28,89.46048736572266,119.37999725341797,119.68000030517578,118.2699966430664,119.05000305175781,300674100
2010-04-29,90.569580078125,120.86000061035156,121.11000061035156,120.06999969482422,120.0999984741211,193775000
2010-04-30,89.03337097167969,118.80999755859375,121.01000213623047,118.77999877929688,120.87999725341797,270000900
2010-05-03,90.18742370605469,120.3499984741211,120.68000030517578,119.19999694824219,119.37999725341797,182747900
2010-05-04,88.06668090820312,117.5199966430664,119.02999877929688,116.91999816894531,119.01000213623047,360353400
2010-05-05,87.54210662841797,116.81999969482422,117.80000305175781,115.97000122070312,116.55999755859375,328973200
2010-05-06,84.63450622558594,112.94000244140625,117.0,105.0,116.26000213623047,647356600
2010-05-07,83.37555694580078,111.26000213623047,113.7699966430664,109.41000366210938,112.63999938964844,637558800
2010-05-10,87.04752349853516,116.16000366210938,116.6500015258789,114.91000366210938,115.80999755859375,396159600
2010-05-11,86.80022430419922,115.83000183105469,117.36000061035156,114.91000366210938,115.06999969482422,317849800
2010-05-12,88.01422119140625,117.44999694824219,117.62000274658203,116.08999633789062,116.29000091552734,235607100
2010-05-13,86.92011260986328,115.98999786376953,117.68000030517578,115.88999938964844,117.12999725341797,234452500
2010-05-14,85.34644317626953,113.88999938964844,115.33000183105469,112.87000274658203,115.12000274658203,345601400
2010-05-17,85.39136505126953,113.94999694824219,114.5199966430664,111.7699966430664,114.19999694824219,325739800
2010-05-18,84.22984313964844,112.4000015258789,115.22000122070312,112.02999877929688,114.87999725341797,360556800
2010-05-19,83.7502670288086,111.76000213623047,112.7699966430664,110.36000061035156,111.7699966430664,394742700
2010-05-20,80.587890625,107.54000091552734,109.88999938964844,107.47000122070312,109.37999725341797,530418300
2010-05-21,81.76441955566406,109.11000061035156,109.37999725341797,105.36000061035156,105.91000366210938,500909400
2010-05-24,80.71528625488281,107.70999908447266,109.38999938964844,107.61000061035156,108.5199966430664,269823000
2010-05-25,80.79772186279297,107.81999969482422,107.87000274658203,104.37999725341797,105.11000061035156,396505200
2010-05-26,80.31062316894531,107.16999816894531,109.47000122070312,106.8499984741211,108.4800033569336,349719300
2010-05-27,83.00086212158203,110.76000213623047,110.80000305175781,108.77999877929688,109.19000244140625,300870500
2010-05-28,81.95925903320312,109.37000274658203,110.72000122070312,108.8499984741211,110.63999938964844,297933500
2010-06-01,80.58039093017578,107.52999877929688,109.94999694824219,107.37000274658203,108.3499984741211,277909400
2010-06-02,82.67864990234375,110.33000183105469,110.33999633789062,107.51000213623047,108.08000183105469,240243700
2010-06-03,82.9634017944336,110.70999908447266,111.05999755859375,109.58000183105469,110.6500015258789,226618300
2010-06-04,80.0483627319336,106.81999969482422,109.33000183105469,106.45999908447266,108.61000061035156,398475600
2010-06-07,79.05166625976562,105.48999786376953,107.61000061035156,105.41000366210938,107.19999694824219,264609100
2010-06-08,79.89848327636719,106.62000274658203,106.83000183105469,104.6500015258789,105.56999969482422,357774300
2010-06-09,79.47132110595703,106.05000305175781,108.27999877929688,105.5999984741211,107.23999786376953,268023300
2010-06-10,81.79436492919922,109.1500015258789,109.27999877929688,106.04000091552734,107.86000061035156,317890600
2010-06-11,82.1915512084961,109.68000030517578,109.75,108.12000274658203,108.19000244140625,214128200
2010-06-14,82.06415557861328,109.51000213623047,111.12000274658203,109.4000015258789,110.5199966430664,207196100
2010-06-15,83.93009185791016,112.0,112.0999984741211,110.08999633789062,110.27999877929688,238268700
2010-06-16,83.90013122558594,111.95999908447266,112.41999816894531,111.19999694824219,111.41999816894531,216374000
2010-06-17,84.03501892089844,112.13999938964844,112.33000183105469,111.05000305175781,112.27999877929688,263185800
2010-06-18,84.12615203857422,111.7300033569336,112.12999725341797,111.37000274658203,111.83000183105469,174006600
2010-06-21,83.88517761230469,111.41000366210938,113.19999694824219,110.79000091552734,113.12000274658203,213140700
2010-06-22,82.49980163574219,109.56999969482422,111.9000015258789,109.41000366210938,111.41000366210938,239355400
2010-06-23,82.2437744140625,109.2300033569336,110.02999877929688,108.4800033569336,109.63999938964844,254639900
2010-06-24,80.88097381591797,107.41999816894531,108.83000183105469,107.13999938964844,108.69000244140625,268523600
2010-06-25,81.2197494506836,107.87000274658203,108.41999816894531,106.7699966430664,107.73999786376953,238726500
2010-06-28,80.96376037597656,107.52999877929688,108.31999969482422,107.13999938964844,108.02999877929688,169218600
2010-06-29,78.46400451660156,104.20999908447266,107.51000213623047,103.55000305175781,106.0199966430664,373649500
2010-06-30,77.71858215332031,103.22000122070312,104.87999725341797,102.87999725341797,103.91999816894531,284101700
2010-07-01,77.37226104736328,102.76000213623047,103.48999786376953,101.12999725341797,103.1500015258789,382924800
2010-07-02,76.95055389404297,102.19999694824219,103.41999816894531,101.62000274658203,103.11000061035156,233385200
2010-07-06,77.45507049560547,102.87000274658203,104.37000274658203,101.87999725341797,103.63999938964844,256935300
2010-07-07,79.89459228515625,106.11000061035156,106.23999786376953,103.0199966430664,103.12999725341797,253769400
2010-07-08,80.6852035522461,107.16000366210938,107.27999877929688,105.91000366210938,107.0,210842100
2010-07-09,81.2874984741211,107.95999908447266,107.97000122070312,106.93000030517578,107.12999725341797,144999900
2010-07-12,81.34026336669922,108.02999877929688,108.23999786376953,107.1500015258789,107.5999984741211,131283600
2010-07-13,82.56752014160156,109.66000366210938,110.08999633789062,108.93000030517578,109.1500015258789,213025900
2010-07-14,82.55998992919922,109.6500015258789,110.08000183105469,108.86000061035156,109.30999755859375,184426800
2010-07-15,82.58260345458984,109.68000030517578,110.05999755859375,108.16999816894531,109.61000061035156,232337900
2010-07-16,80.30873107910156,106.66000366210938,109.20999908447266,106.44999694824219,109.08999633789062,282693400
2010-07-19,80.78307342529297,107.29000091552734,107.62999725341797,106.22000122070312,107.05000305175781,186709000
2010-07-20,81.67906951904297,108.4800033569336,108.55999755859375,105.81999969482422,105.87000274658203,258162400
2010-07-21,80.61741638183594,107.06999969482422,109.06999969482422,106.62999725341797,109.04000091552734,264527000
2010-07-22,82.41695404052734,109.45999908447266,109.94000244140625,108.33000183105469,108.33999633789062,274781300
2010-07-23,83.1323013305664,110.41000366210938,110.56999969482422,108.93000030517578,109.23999786376953,222020800
2010-07-26,83.99813842773438,111.55999755859375,111.66999816894531,110.29000091552734,110.5999984741211,184445700
2010-07-27,83.99060821533203,111.55000305175781,112.29000091552734,111.11000061035156,112.16999816894531,204855600
2010-07-28,83.44847869873047,110.83000183105469,111.66000366210938,110.45999908447266,111.31999969482422,163056200
2010-07-29,83.04187774658203,110.29000091552734,111.81999969482422,109.41000366210938,111.5199966430664,220149100
2010-07-30,83.02682495117188,110.2699966430664,110.86000061035156,108.9800033569336,109.16999816894531,220070600
2010-08-02,84.90167999267578,112.76000213623047,112.94000244140625,111.54000091552734,111.98999786376953,188263200
2010-08-03,84.49507904052734,112.22000122070312,112.7699966430664,111.8499984741211,112.4800033569336,146657300
2010-08-04,85.05976104736328,112.97000122070312,113.11000061035156,112.16000366210938,112.52999877929688,158171700
2010-08-05,84.96942138671875,112.8499984741211,112.91000366210938,112.08000183105469,112.25,140473800
2010-08-06,84.62307739257812,112.38999938964844,112.56999969482422,110.91999816894531,111.73999786376953,239728300
2010-08-09,85.0748291015625,112.98999786376953,113.18000030517578,112.31999969482422,112.91999816894531,120800400
2010-08-10,84.61553955078125,112.37999725341797,112.9800033569336,111.37000274658203,112.02999877929688,242916300
2010-08-11,82.2964859008789,109.30000305175781,110.69000244140625,109.12000274658203,110.6500015258789,273406900
2010-08-12,81.79200744628906,108.62999725341797,109.0199966430664,107.5999984741211,107.6500015258789,239542600
2010-08-13,81.55107879638672,108.30999755859375,108.95999908447266,108.18000030517578,108.29000091552734,158698500
2010-08-16,81.51342010498047,108.26000213623047,108.61000061035156,107.18000030517578,107.56999969482422,147895300
2010-08-17,82.51483154296875,109.58999633789062,110.38999938964844,108.87999725341797,109.19000244140625,172270300
2010-08-18,82.66543579101562,109.79000091552734,110.37999725341797,108.91000366210938,109.54000091552734,182922100
2010-08-19,81.22731018066406,107.87999725341797,109.48999786376953,107.43000030517578,109.22000122070312,265847600
2010-08-20,80.96376037597656,107.52999877929688,107.94000244140625,106.75,107.55999755859375,209714200
2010-08-23,80.65508270263672,107.12000274658203,108.56999969482422,107.06999969482422,108.04000091552734,163490300
2010-08-24,79.45790100097656,105.52999877929688,106.38999938964844,104.97000122070312,105.94999694824219,280677800
2010-08-25,79.7666015625,105.94000244140625,106.33999633789062,104.29000091552734,104.94999694824219,272234800
2010-08-26,79.23198699951172,105.2300033569336,106.58000183105469,104.87999725341797,106.44000244140625,224439500
2010-08-27,80.45930480957031,106.86000061035156,106.97000122070312,104.30999755859375,105.88999938964844,272649000
2010-08-30,79.29226684570312,105.30999755859375,106.91000366210938,105.30000305175781,106.58000183105469,167238600
2010-08-31,79.29226684570312,105.30999755859375,105.9800033569336,104.48999786376953,104.91999816894531,273933100
2010-09-01,81.66403198242188,108.45999908447266,108.61000061035156,106.66000366210938,106.7300033569336,256828100
2010-09-02,82.42449188232422,109.47000122070312,109.48999786376953,108.48999786376953,108.72000122070312,156112200
2010-09-03,83.49365997314453,110.88999938964844,110.98999786376953,109.94999694824219,110.54000091552734,212197300
2010-09-07,82.5524673461914,109.63999938964844,110.51000213623047,109.55000305175781,110.37000274658203,141973700
2010-09-08,83.1323013305664,110.41000366210938,110.8499984741211,109.80999755859375,109.86000061035156,149924400
2010-09-09,83.51625061035156,110.91999816894531,111.68000030517578,110.62000274658203,111.6500015258789,147017900
2010-09-10,83.93789672851562,111.4800033569336,111.61000061035156,110.87000274658203,111.12000274658203,127819000
2010-09-13,84.87153625488281,112.72000122070312,112.94999694824219,112.12999725341797,112.58000183105469,178503500
2010-09-14,84.81884765625,112.6500015258789,113.29000091552734,112.08000183105469,112.5,209823600
2010-09-15,85.14260864257812,113.08000183105469,113.20999908447266,111.9800033569336,112.31999969482422,168608400
2010-09-16,85.12000274658203,113.05000305175781,113.12000274658203,112.3499984741211,112.7300033569336,199962900
2010-09-17,85.15178680419922,112.48999786376953,113.1500015258789,112.18000030517578,113.04000091552734,195836900
2010-09-20,86.45380401611328,114.20999908447266,114.45999908447266,112.5199966430664,112.87999725341797,214555200
2010-09-21,86.27969360351562,113.9800033569336,114.83999633789062,113.51000213623047,114.30000305175781,268389100
2010-09-22,85.85579681396484,113.41999816894531,114.44000244140625,113.0999984741211,113.80000305175781,191322400
2010-09-23,85.15938568115234,112.5,113.66999816894531,112.18000030517578,112.48999786376953,202354300
2010-09-24,86.91554260253906,114.81999969482422,114.9000015258789,113.6500015258789,113.75,209671800
2010-09-27,86.49919891357422,114.2699966430664,114.98999786376953,114.16000366210938,114.86000061035156,128761800
2010-09-28,86.802001953125,114.66999816894531,115.04000091552734,113.18000030517578,114.41999816894531,209207500
2010-09-29,86.65059661865234,114.47000122070312,114.91000366210938,114.0199966430664,114.37999725341797,179665800
2010-09-30,86.39322662353516,114.12999725341797,115.79000091552734,113.58999633789062,115.05000305175781,287106700
2010-10-01,86.75658416748047,114.61000061035156,115.12000274658203,113.93000030517578,114.98999786376953,174638700
2010-10-04,86.1055908203125,113.75,114.8499984741211,113.18000030517578,114.37000274658203,166153200
2010-10-05,87.83905029296875,116.04000091552734,116.31999969482422,114.66999816894531,114.80000305175781,229634100
2010-10-06,87.83147430419922,116.02999877929688,116.33000183105469,115.55999755859375,116.0199966430664,148626600
2010-10-07,87.72554016113281,115.88999938964844,116.52999877929688,115.19000244140625,116.5,164860000
2010-10-08,88.2175521850586,116.54000091552734,116.86000061035156,115.61000061035156,116.05000305175781,177760100
2010-10-11,88.30081176757812,116.6500015258789,116.97000122070312,116.25,116.72000122070312,103098300
2010-10-12,88.57332611083984,117.01000213623047,117.3499984741211,115.6500015258789,116.2699966430664,182210000
2010-10-13,89.26214599609375,117.91999816894531,118.55000305175781,117.37999725341797,117.66000366210938,194347200
2010-10-14,88.9139633178711,117.45999908447266,118.01000213623047,116.72000122070312,117.80999755859375,217764300
2010-10-15,89.09562683105469,117.69999694824219,118.3499984741211,116.76000213623047,118.27999877929688,243705000
2010-10-18,89.53467559814453,118.27999877929688,118.66999816894531,117.30999755859375,117.73999786376953,141204800
2010-10-19,88.36135864257812,116.7300033569336,117.8499984741211,116.0199966430664,117.19000244140625,280604700
2010-10-20,89.22431945800781,117.87000274658203,118.44000244140625,116.87000274658203,116.94000244140625,200051800
2010-10-21,89.42113494873047,118.12999725341797,119.08999633789062,117.20999908447266,118.4000015258789,221585500
2010-10-22,89.58763122558594,118.3499984741211,118.52999877929688,118.0,118.30999755859375,108212400
2010-10-25,89.85261535644531,118.69999694824219,119.76000213623047,118.61000061035156,119.13999938964844,151145700
2010-10-26,89.86772918701172,118.72000122070312,118.83999633789062,117.87000274658203,118.0999984741211,158982900
2010-10-27,89.61035919189453,118.37999725341797,118.51000213623047,117.26000213623047,117.88999938964844,190024000
2010-10-28,89.62550354003906,118.4000015258789,119.11000061035156,117.83000183105469,119.05999755859375,168576000
2010-10-29,89.69363403320312,118.48999786376953,118.72000122070312,118.06999969482422,118.27999877929688,144305500
2010-11-01,89.72391510009766,118.52999877929688,119.75,117.8499984741211,119.06999969482422,174074800
2010-11-02,90.43546295166016,119.47000122070312,119.75,119.0999984741211,119.41999816894531,158345900
2010-11-03,90.79883575439453,119.94999694824219,120.0199966430664,118.44999694824219,119.68000030517578,226702800
2010-11-04,92.54740142822266,122.26000213623047,122.31999969482422,119.97000122070312,121.27999877929688,215039400
2010-11-05,92.89561462402344,122.72000122070312,122.91999816894531,122.18000030517578,122.33999633789062,180654100
2010-11-08,92.72156524658203,122.48999786376953,122.69000244140625,121.94000244140625,122.33999633789062,156107100
2010-11-09,92.05538177490234,121.61000061035156,122.94999694824219,121.12000274658203,122.81999969482422,186621600
2010-11-10,92.42630767822266,122.0999984741211,122.16000366210938,120.66000366210938,121.58000183105469,221387400
2010-11-11,92.0781021118164,121.63999938964844,121.81999969482422,120.68000030517578,121.05000305175781,158017600
2010-11-12,90.98804473876953,120.19999694824219,121.3499984741211,119.6500015258789,120.81999969482422,239068800
2010-11-15,90.85936737060547,120.02999877929688,121.05000305175781,119.9800033569336,120.58000183105469,163940800
2010-11-16,89.44384765625,118.16000366210938,119.48999786376953,117.58999633789062,119.29000091552734,299566200
2010-11-17,89.48927307128906,118.22000122070312,118.70999908447266,117.86000061035156,118.20999908447266,172308900
2010-11-18,90.80640411376953,119.95999908447266,120.38999938964844,119.3499984741211,119.36000061035156,197723700
2010-11-19,91.05618286132812,120.29000091552734,120.33999633789062,119.25,119.9000015258789,156852900
2010-11-22,90.98049926757812,120.19000244140625,120.23999786376953,118.7699966430664,119.69000244140625,181361000
2010-11-23,89.66336822509766,118.44999694824219,119.0199966430664,117.98999786376953,118.7699966430664,222309000
2010-11-24,90.98804473876953,120.19999694824219,120.2300033569336,119.18000030517578,119.19999694824219,140046100
2010-11-26,89.92829895019531,118.80000305175781,119.80999755859375,118.80000305175781,119.16000366210938,76007800
2010-11-29,90.2008056640625,119.16000366210938,119.4800033569336,117.73999786376953,118.5,223642300
2010-11-30,89.69363403320312,118.48999786376953,119.16999816894531,117.80999755859375,117.9800033569336,233930700
2010-12-01,91.60116577148438,121.01000213623047,121.23999786376953,120.19000244140625,120.19999694824219,221037200
2010-12-02,92.77452087402344,122.55999755859375,122.6500015258789,121.12999725341797,121.19999694824219,191213600
2010-12-03,93.02430725097656,122.88999938964844,123.02999877929688,122.11000061035156,122.13999938964844,151288900
2010-12-06,92.92591857910156,122.76000213623047,123.04000091552734,122.5,122.62999725341797,103050500
2010-12-07,92.97887420654297,122.83000183105469,124.01000213623047,122.76000213623047,123.94000244140625,206581000
2010-12-08,93.31953430175781,123.27999877929688,123.37999725341797,122.41000366210938,122.9800033569336,138019200
2010-12-09,93.68289184570312,123.76000213623047,124.0199966430664,123.1500015258789,123.97000122070312,123705100
2010-12-10,94.22789764404297,124.4800033569336,124.5999984741211,123.7300033569336,124.13999938964844,117571700
2010-12-13,94.2884521484375,124.55999755859375,125.19999694824219,124.5199966430664,125.05000305175781,133812700
2010-12-14,94.37171936035156,124.66999816894531,125.2300033569336,124.29000091552734,124.75,147249600
2010-12-15,93.94026184082031,124.0999984741211,124.93000030517578,123.88999938964844,124.44000244140625,160823100
2010-12-16,94.48524475097656,124.81999969482422,124.91000366210938,123.75,124.18000030517578,185035200
2010-12-17,94.58645629882812,124.30000305175781,124.45999908447266,123.81999969482422,124.08000183105469,141075300
2010-12-20,94.81478118896484,124.5999984741211,124.9000015258789,123.9800033569336,124.63999938964844,119085500
2010-12-21,95.4159164428711,125.38999938964844,125.47000122070312,124.87000274658203,124.98999786376953,94965500
2010-12-22,95.71269226074219,125.77999877929688,125.81999969482422,125.41000366210938,125.4800033569336,78878100
2010-12-23,95.57571411132812,125.5999984741211,125.77999877929688,125.29000091552734,125.63999938964844,70053700
2010-12-27,95.61377716064453,125.6500015258789,125.7699966430664,125.04000091552734,125.12999725341797,58126000
2010-12-28,95.75074005126953,125.83000183105469,125.94999694824219,125.5,125.9000015258789,55309100
2010-12-29,95.81922912597656,125.91999816894531,126.19999694824219,125.9000015258789,125.9800033569336,58033100
2010-12-30,95.66707611083984,125.72000122070312,126.12999725341797,125.52999877929688,125.80000305175781,76616900
2010-12-31,95.68982696533203,125.75,125.87000274658203,125.33000183105469,125.52999877929688,91218900
2011-01-03,96.67906951904297,127.05000305175781,127.5999984741211,125.69999694824219,126.70999908447266,138725200
2011-01-04,96.62584686279297,126.9800033569336,127.37000274658203,126.19000244140625,127.33000183105469,137409700
2011-01-05,97.12805938720703,127.63999938964844,127.72000122070312,126.45999908447266,126.58000183105469,133975300
2011-01-06,96.93781280517578,127.38999938964844,127.83000183105469,127.01000213623047,127.69000244140625,122519000
2011-01-07,96.74758911132812,127.13999938964844,127.7699966430664,126.1500015258789,127.55999755859375,156034600
2011-01-10,96.62584686279297,126.9800033569336,127.16000366210938,126.19999694824219,126.58000183105469,122401700
2011-01-11,96.96826934814453,127.43000030517578,127.73999786376953,126.94999694824219,127.44000244140625,110287000
2011-01-12,97.84334564208984,128.5800018310547,128.72000122070312,127.45999908447266,128.2100067138672,107929200
2011-01-13,97.6835708618164,128.3699951171875,128.69000244140625,128.0500030517578,128.6300048828125,129048400
2011-01-14,98.39125061035156,129.3000030517578,129.3300018310547,128.10000610351562,128.19000244140625,117677900
2011-01-18,98.55863952636719,129.52000427246094,129.63999938964844,129.02999877929688,129.17999267578125,114401300
2011-01-19,97.59225463867188,128.25,129.5399932861328,127.91000366210938,129.41000366210938,151958400
2011-01-20,97.46289825439453,128.0800018310547,128.39999389648438,127.12999725341797,127.95999908447266,175745700
2011-01-21,97.6835708618164,128.3699951171875,129.1699981689453,128.22999572753906,128.8800048828125,151462900
2011-01-24,98.23904418945312,129.10000610351562,129.25,128.25999450683594,128.2899932861328,113715500
2011-01-25,98.29230499267578,129.1699981689453,129.27999877929688,128.11000061035156,128.75999450683594,167552200
2011-01-26,98.67279052734375,129.6699981689453,130.0500030517578,129.22999572753906,129.49000549316406,141281500
2011-01-27,98.9162826538086,129.99000549316406,130.2100067138672,129.47000122070312,129.6999969482422,123302700
2011-01-28,97.1889419555664,127.72000122070312,130.35000610351562,127.51000213623047,130.13999938964844,295637300
2011-01-31,97.91946411132812,128.67999267578125,128.77999877929688,127.75,128.07000732421875,149249200
2011-02-01,99.48702239990234,130.74000549316406,130.97000122070312,129.3800048828125,129.4600067138672,167194300
2011-02-02,99.2967758178711,130.49000549316406,130.83999633789062,130.3300018310547,130.39999389648438,118323600
2011-02-03,99.51744079589844,130.77999877929688,130.97999572753906,129.57000732421875,130.25999450683594,145886700
2011-02-04,99.79899597167969,131.14999389648438,131.1999969482422,130.22999572753906,130.8300018310547,134634800
2011-02-07,100.42298126220703,131.97000122070312,132.39999389648438,131.42999267578125,131.44000244140625,112439100
2011-02-08,100.87957763671875,132.57000732421875,132.63999938964844,131.72999572753906,132.08999633789062,99072800
2011-02-09,100.6512680053711,132.27000427246094,132.6300048828125,131.61000061035156,132.2100067138672,146436700
2011-02-10,100.68934631347656,132.32000732421875,132.47000122070312,131.3000030517578,131.60000610351562,162708500
2011-02-11,101.29047393798828,133.11000061035156,133.27999877929688,131.77000427246094,131.8000030517578,137710300
2011-02-14,101.53400421142578,133.42999267578125,133.5399932861328,132.8800048828125,133.02999877929688,101690700
2011-02-15,101.2143783569336,133.00999450683594,133.22000122070312,132.32000732421875,133.02000427246094,119575400
2011-02-16,101.85359191894531,133.85000610351562,134.00999450683594,133.19000244140625,133.4600067138672,130183500
2011-02-17,102.157958984375,134.25,134.42999267578125,133.33999633789062,133.4600067138672,109810500
2011-02-18,102.37103271484375,134.52999877929688,134.69000244140625,134.05999755859375,134.3699951171875,130002400
2011-02-22,100.31646728515625,131.8300018310547,134.55999755859375,131.47000122070312,133.1199951171875,233116400
2011-02-23,99.70008087158203,131.02000427246094,132.07000732421875,130.2100067138672,131.75,227584000
2011-02-24,99.63160705566406,130.92999267578125,131.44000244140625,129.6999969482422,130.8800048828125,260431400
2011-02-25,100.69692993164062,132.3300018310547,132.41000366210938,131.39999389648438,131.47999572753906,141686900
2011-02-28,101.32093048095703,133.14999389648438,133.32000732421875,132.3800048828125,132.82000732421875,141585500
2011-03-01,99.63160705566406,130.92999267578125,133.69000244140625,130.88999938964844,133.57000732421875,258565500
2011-03-02,99.84467315673828,131.2100067138672,131.82000732421875,130.35000610351562,130.75,200277400
2011-03-03,101.56439971923828,133.47000122070312,133.6199951171875,132.38999938964844,132.39999389648438,176480100
2011-03-04,100.8034439086914,132.47000122070312,133.6300048828125,131.60000610351562,133.3699951171875,277202300
2011-03-07,100.0120849609375,131.42999267578125,133.16000366210938,130.74000549316406,132.86000061035156,216790400
2011-03-08,100.88717651367188,132.5800018310547,133.0,131.07000732421875,131.63999938964844,174615000
2011-03-09,100.74260711669922,132.38999938964844,132.8000030517578,131.60000610351562,132.32000732421875,153806000
2011-03-10,98.87823486328125,129.94000244140625,131.17999267578125,129.80999755859375,131.0,301291800
2011-03-11,99.5631332397461,130.83999633789062,131.30999755859375,129.49000549316406,129.52000427246094,225621800
2011-03-14,98.96197509765625,130.0500030517578,130.47999572753906,129.05999755859375,129.99000549316406,234974100
2011-03-15,97.82815551757812,128.55999755859375,129.3300018310547,126.5,126.58999633789062,359585400
2011-03-16,96.01708221435547,126.18000030517578,128.57000732421875,125.27999877929688,128.14999389648438,468670300
2011-03-17,97.2878646850586,127.8499984741211,128.38999938964844,127.0999984741211,128.0,254303700
2011-03-18,97.64173889160156,127.76000213623047,128.8800048828125,127.51000213623047,128.83999633789062,230435400
2011-03-21,99.15494537353516,129.74000549316406,130.00999450683594,129.1999969482422,129.35000610351562,153992600
2011-03-22,98.81101989746094,129.2899932861328,129.88999938964844,129.1699981689453,129.72000122070312,129538600
2011-03-23,99.09381103515625,129.66000366210938,130.0,128.32000732421875,128.92999267578125,148603100
2011-03-24,100.04146575927734,130.89999389648438,131.08999633789062,129.6699981689453,130.39999389648438,159129800
2011-03-25,100.34720611572266,131.3000030517578,131.8699951171875,130.88999938964844,131.24000549316406,155642800
2011-03-28,100.10262298583984,130.97999572753906,131.9199981689453,130.94000244140625,131.5800018310547,109762400
2011-03-29,100.7751693725586,131.86000061035156,131.89999389648438,130.44000244140625,130.8699951171875,129798800
2011-03-30,101.47065734863281,132.77000427246094,133.16000366210938,132.36000061035156,132.5500030517578,135835000
2011-03-31,101.33306884765625,132.58999633789062,132.9600067138672,132.4499969482422,132.60000610351562,132537100
2011-04-01,101.7610855102539,133.14999389648438,133.77000427246094,132.8300018310547,133.41000366210938,153850100
2011-04-04,101.84512329101562,133.25999450683594,133.6699981689453,132.8800048828125,133.42999267578125,100768900
2011-04-05,101.82987213134766,133.24000549316406,133.8300018310547,132.94000244140625,133.0,120791500
2011-04-06,102.15081787109375,133.66000366210938,134.0,133.1199951171875,133.8800048828125,120411600
2011-04-07,101.89102935791016,133.32000732421875,133.97999572753906,132.66000366210938,133.4199981689453,170731500
2011-04-08,101.53942108154297,132.86000061035156,133.99000549316406,132.30999755859375,133.91000366210938,147945400
2011-04-11,101.23373413085938,132.4600067138672,133.4499969482422,132.13999938964844,133.0,121385400
2011-04-12,100.47711944580078,131.47000122070312,131.97999572753906,130.99000549316406,131.72000122070312,161187400
2011-04-13,100.469482421875,131.4600067138672,132.17999267578125,130.9600067138672,132.0800018310547,162059000
2011-04-14,100.54590606689453,131.55999755859375,131.75999450683594,130.27000427246094,130.6999969482422,161220400
2011-04-15,100.91275787353516,132.0399932861328,132.3699951171875,131.41000366210938,131.8000030517578,170006700
2011-04-18,99.78164672851562,130.55999755859375,132.02999877929688,129.50999450683594,130.58999633789062,210759300
2011-04-19,100.35484313964844,131.30999755859375,131.35000610351562,130.44000244140625,130.75999450683594,124258800
2011-04-20,101.72286987304688,133.10000610351562,133.38999938964844,132.7899932861328,132.8800048828125,156133800
2011-04-21,102.24254608154297,133.77999877929688,133.83999633789062,133.10000610351562,133.7899932861328,135935400
2011-04-25,102.13553619384766,133.63999938964844,133.86000061035156,133.1999969482422,133.67999267578125,65757100
2011-04-26,103.01447296142578,134.7899932861328,135.05999755859375,133.91000366210938,134.0500030517578,146600000
2011-04-27,103.68701171875,135.6699981689453,135.8699951171875,134.5,135.0500030517578,143031000
2011-04-28,104.0233154296875,136.11000061035156,136.2899932861328,135.41000366210938,135.42999267578125,124791100
2011-04-29,104.2678451538086,136.42999267578125,136.57000732421875,135.97999572753906,136.16000366210938,115094100
2011-05-02,104.10736846923828,136.22000122070312,137.17999267578125,135.9499969482422,137.07000732421875,126278700
2011-05-03,103.73286437988281,135.72999572753906,136.19000244140625,135.0399932861328,135.9600067138672,138375000
2011-05-04,103.04502868652344,134.8300018310547,135.72999572753906,134.22999572753906,135.6699981689453,182678500
2011-05-05,102.11261749267578,133.61000061035156,134.9499969482422,133.02000427246094,134.0800018310547,226900000
2011-05-06,102.56355285644531,134.1999969482422,135.6300048828125,133.67999267578125,134.94000244140625,222787200
2011-05-09,102.9609375,134.72000122070312,135.11000061035156,133.97999572753906,134.19000244140625,114104500
2011-05-10,103.8398666381836,135.8699951171875,136.11000061035156,135.0,135.1699981689453,114806900
2011-05-11,102.74697875976562,134.44000244140625,135.69000244140625,133.82000732421875,135.6699981689453,193564200
2011-05-12,103.23609161376953,135.0800018310547,135.36000061035156,133.38999938964844,134.0800018310547,171550700
2011-05-13,102.44125366210938,134.0399932861328,135.33999633789062,133.55999755859375,135.14999389648438,157444900
2011-05-16,101.79165649414062,133.19000244140625,134.61000061035156,132.97000122070312,133.55999755859375,141675400
2011-05-17,101.77635192871094,133.1699981689453,133.35000610351562,132.1199951171875,132.69000244140625,192686200
2011-05-18,102.68582916259766,134.36000061035156,134.5,132.9499969482422,133.24000549316406,135217900
2011-05-19,102.93038177490234,134.67999267578125,135.02999877929688,133.94000244140625,134.8000030517578,119489500
2011-05-20,102.11261749267578,133.61000061035156,134.67999267578125,133.36000061035156,134.3300018310547,182594900
2011-05-23,100.92803192138672,132.05999755859375,132.72000122070312,131.58999633789062,131.97999572753906,168700000
2011-05-24,100.84394836425781,131.9499969482422,132.72999572753906,131.6999969482422,132.44000244140625,147199600
2011-05-25,101.18024444580078,132.38999938964844,132.94000244140625,131.3800048828125,131.4199981689453,151050100
2011-05-26,101.64644622802734,133.0,133.24000549316406,131.77999877929688,132.02999877929688,164850000
2011-05-27,102.03619384765625,133.50999450683594,133.8699951171875,132.9600067138672,133.3699951171875,120921900
2011-05-31,103.09852600097656,134.89999389648438,134.9199981689453,133.83999633789062,134.77000427246094,164731200
2011-06-01,100.7828140258789,131.8699951171875,134.9199981689453,131.75999450683594,134.50999450683594,233094300
2011-06-02,100.67581939697266,131.72999572753906,132.24000549316406,130.9600067138672,131.9600067138672,200466800
2011-06-03,99.67460632324219,130.4199981689453,131.4199981689453,130.0800018310547,130.14999389648438,234690200
2011-06-06,98.6199722290039,129.0399932861328,130.36000061035156,128.8699951171875,130.08999633789062,179951200
2011-06-07,98.558837890625,128.9600067138672,130.07000732421875,128.85000610351562,129.6999969482422,161660500
2011-06-08,98.14614868164062,128.4199981689453,129.19000244140625,128.17999267578125,128.75999450683594,198696400
2011-06-09,98.89510345458984,129.39999389648438,129.92999267578125,128.4600067138672,128.77000427246094,160964400
2011-06-10,97.51946258544922,127.5999984741211,128.92999267578125,127.26000213623047,128.85000610351562,238629400
2011-06-13,97.59587097167969,127.69999694824219,128.24000549316406,127.05000305175781,127.88999938964844,207599800
2011-06-14,98.83399200439453,129.32000732421875,129.77000427246094,128.82000732421875,128.8699951171875,160570400
2011-06-15,97.07616424560547,127.0199966430664,129.3000030517578,126.68000030517578,128.24000549316406,300958000
2011-06-16,97.29015350341797,127.30000305175781,127.97000122070312,126.31999969482422,127.05999755859375,308032800
2011-06-17,97.58045959472656,127.05000305175781,127.94000244140625,126.62000274658203,127.93000030517578,233284900
2011-06-20,98.0797348022461,127.69999694824219,127.97000122070312,126.58000183105469,126.62000274658203,159479000
2011-06-21,99.42378997802734,129.4499969482422,129.6999969482422,127.75,128.36000061035156,193157300
2011-06-22,98.82473754882812,128.6699981689453,129.80999755859375,128.58999633789062,129.0500030517578,176703000
2011-06-23,98.54053497314453,128.3000030517578,128.63999938964844,126.19000244140625,127.16000366210938,334286500
2011-06-24,97.39616394042969,126.80999755859375,128.3699951171875,126.62000274658203,128.27000427246094,226129300
2011-06-27,98.2640609741211,127.94000244140625,128.42999267578125,126.63999938964844,126.88999938964844,168904700
2011-06-28,99.54666900634766,129.61000061035156,129.6300048828125,128.27000427246094,128.4499969482422,165556300
2011-06-29,100.39918518066406,130.72000122070312,130.92999267578125,129.6300048828125,130.1999969482422,244295500
2011-06-30,101.3592758178711,131.97000122070312,132.17999267578125,130.7100067138672,131.13999938964844,223322700
2011-07-01,102.85697937011719,133.9199981689453,134.10000610351562,131.77999877929688,132.08999633789062,202385700
2011-07-05,102.77246856689453,133.80999755859375,134.0800018310547,133.38999938964844,133.77999877929688,165936000
2011-07-06,102.89540100097656,133.97000122070312,134.13999938964844,133.11000061035156,133.49000549316406,143331600
2011-07-07,103.96296691894531,135.36000061035156,135.6999969482422,134.8800048828125,135.16000366210938,170464200
2011-07-08,103.22557830810547,134.39999389648438,135.36000061035156,133.38999938964844,133.8300018310547,194100500
2011-07-11,101.3592758178711,131.97000122070312,133.17999267578125,131.66000366210938,132.75,195918600
2011-07-12,100.92149353027344,131.39999389648438,132.77999877929688,131.36000061035156,131.69000244140625,214675700
2011-07-13,101.2594223022461,131.83999633789062,133.22000122070312,131.52000427246094,132.08999633789062,204062600
2011-07-14,100.56049346923828,130.92999267578125,132.77999877929688,130.67999267578125,132.1699981689453,226111800
2011-07-15,101.14421844482422,131.69000244140625,131.8699951171875,130.77000427246094,131.66000366210938,220012800
2011-07-18,100.31472778320312,130.61000061035156,131.27999877929688,129.6300048828125,131.0800018310547,196872100
2011-07-19,101.94297790527344,132.72999572753906,132.88999938964844,131.30999755859375,131.33999633789062,166554900
2011-07-20,101.88155364990234,132.64999389648438,133.14999389648438,132.4199981689453,133.07000732421875,137145400
2011-07-21,103.29476928710938,134.49000549316406,134.82000732421875,132.6699981689453,133.39999389648438,245246300
2011-07-22,103.36388397216797,134.5800018310547,134.72000122070312,133.75999450683594,134.52000427246094,126019400
2011-07-25,102.78784942626953,133.8300018310547,134.49000549316406,133.16000366210938,133.3000030517578,136653800
2011-07-26,102.40382385253906,133.3300018310547,133.9600067138672,133.02999877929688,133.74000549316406,131278200
2011-07-27,100.30708312988281,130.60000610351562,132.6300048828125,130.42999267578125,132.58999633789062,249020100
2011-07-28,100.01522064208984,130.22000122070312,131.77000427246094,130.00999450683594,130.60000610351562,207939900
2011-07-29,99.33161163330078,129.3300018310547,130.5500030517578,127.97000122070312,128.91000366210938,307038400
2011-08-01,98.90918731689453,128.77999877929688,130.9600067138672,127.52999877929688,130.83999633789062,325790900
2011-08-02,96.38233184814453,125.48999786376953,128.5,125.48999786376953,127.80999755859375,346653800
2011-08-03,96.90457916259766,126.16999816894531,126.30999755859375,123.52999877929688,125.66000366210938,370830800
2011-08-04,92.36542510986328,120.26000213623047,124.62000274658203,120.05999755859375,124.41999816894531,520721800
2011-08-05,92.2271728515625,120.08000183105469,122.06999969482422,116.86000061035156,121.76000213623047,655619200
2011-08-08,86.2210693359375,112.26000213623047,120.12000274658203,112.0199966430664,116.91000366210938,702263900
2011-08-09,90.23028564453125,117.4800033569336,117.63999938964844,110.2699966430664,114.06999969482422,717828700
2011-08-10,86.24411010742188,112.29000091552734,116.27999877929688,111.94999694824219,115.26000213623047,662607400
2011-08-11,90.11506652832031,117.33000183105469,118.91999816894531,112.31999969482422,113.26000213623047,487979700
2011-08-12,90.72184753417969,118.12000274658203,119.20999908447266,117.27999877929688,118.4000015258789,313731600
2011-08-15,92.64193725585938,120.62000274658203,120.73999786376953,119.0,119.19000244140625,258810600
2011-08-16,91.85084533691406,119.58999633789062,120.69000244140625,118.30999755859375,119.47000122070312,294095200
2011-08-17,91.91230010986328,119.66999816894531,121.19999694824219,118.72000122070312,120.25,238201100
2011-08-18,87.94916534423828,114.51000213623047,119.70999908447266,113.38999938964844,116.5,512956300
2011-08-19,86.512939453125,112.63999938964844,115.87999725341797,112.5,112.95999908447266,428281300
2011-08-22,86.58203887939453,112.7300033569336,115.2300033569336,112.41000366210938,115.16999816894531,275090600
2011-08-23,89.43147277832031,116.44000244140625,116.56999969482422,112.58000183105469,113.1500015258789,331136600
2011-08-24,90.69110107421875,118.08000183105469,118.23999786376953,115.91999816894531,116.19000244140625,246869700
2011-08-25,89.30859375,116.27999877929688,119.4000015258789,115.87000274658203,118.7300033569336,312365400
2011-08-26,90.60661315917969,117.97000122070312,118.51000213623047,113.8499984741211,115.69000244140625,314495900
2011-08-29,93.2103042602539,121.36000061035156,121.43000030517578,118.05999755859375,119.55999755859375,190977200
2011-08-30,93.45606231689453,121.68000030517578,122.43000030517578,119.26000213623047,120.83000183105469,241315700
2011-08-31,93.87081146240234,122.22000122070312,123.51000213623047,121.30000305175781,122.45999908447266,301828400
2011-09-01,92.88771057128906,120.94000244140625,123.4000015258789,120.77999877929688,122.29000091552734,254585900
2011-09-02,90.51445007324219,117.8499984741211,120.87000274658203,117.43000030517578,118.41999816894531,255517200
2011-09-06,89.85394287109375,116.98999786376953,117.16000366210938,114.37999725341797,114.38999938964844,285130500
2011-09-07,92.38848114013672,120.29000091552734,120.33999633789062,118.36000061035156,118.76000213623047,209803200
2011-09-08,91.42842864990234,119.04000091552734,120.94000244140625,118.7699966430664,119.56999969482422,250568200
2011-09-09,89.0321044921875,115.91999816894531,119.05999755859375,115.27999877929688,117.68000030517578,380195100
2011-09-12,89.60813903808594,116.66999816894531,116.76000213623047,114.05000305175781,114.47000122070312,305793500
2011-09-13,90.4299545288086,117.73999786376953,118.18000030517578,116.22000122070312,117.05000305175781,272514700
2011-09-14,91.68185424804688,119.37000274658203,120.80000305175781,116.72000122070312,118.33999633789062,319389500
2011-09-15,93.26405334472656,121.43000030517578,121.47000122070312,119.4000015258789,120.6500015258789,326777200
2011-09-16,93.8160629272461,121.5199966430664,121.97000122070312,120.31999969482422,121.29000091552734,284528300
2011-09-19,92.88188934326172,120.30999755859375,120.93000030517578,118.72000122070312,119.52999877929688,241517000
2011-09-20,92.7738265991211,120.16999816894531,121.98999786376953,120.01000213623047,120.81999969482422,218932200
2011-09-21,90.04087829589844,116.62999725341797,120.5999984741211,116.44000244140625,120.2300033569336,316251300
2011-09-22,87.13031768798828,112.86000061035156,114.20999908447266,111.30000305175781,113.25,513911300
2011-09-23,87.65531158447266,113.54000091552734,114.16000366210938,112.0199966430664,112.11000061035156,307242500
2011-09-26,89.73974609375,116.23999786376953,116.4000015258789,112.9800033569336,114.61000061035156,260673700
2011-09-27,90.743408203125,117.54000091552734,119.55999755859375,116.83999633789062,118.52999877929688,311753900
2011-09-28,88.89054107666016,115.13999938964844,118.48999786376953,114.97000122070312,117.77999877929688,286696800
2011-09-29,89.59307098388672,116.05000305175781,117.62999725341797,113.93000030517578,117.05000305175781,298108900
2011-09-30,87.35420989990234,113.1500015258789,115.44999694824219,113.06999969482422,114.44999694824219,288392300
2011-10-03,84.86833953857422,109.93000030517578,113.94999694824219,109.80999755859375,112.48999786376953,365136800
2011-10-04,86.72888946533203,112.33999633789062,112.58000183105469,107.43000030517578,108.3499984741211,459177500
2011-10-05,88.33470916748047,114.41999816894531,114.72000122070312,111.58000183105469,112.62000274658203,284108000
2011-10-06,89.9327621459961,116.48999786376953,116.66000366210938,113.51000213623047,114.36000061035156,257800800
2011-10-07,89.33060455322266,115.70999908447266,117.25,115.05999755859375,117.16999816894531,312657900
2011-10-10,92.31835174560547,119.58000183105469,119.62999725341797,117.66999816894531,117.68000030517578,230666300
2011-10-11,92.41094970703125,119.69999694824219,120.04000091552734,118.75,118.87000274658203,209088000
2011-10-12,93.22158813476562,120.75,122.13999938964844,120.33000183105469,120.5999984741211,281544900
2011-10-13,93.03633880615234,120.51000213623047,120.87000274658203,119.12000274658203,120.04000091552734,212538800
2011-10-14,94.62667083740234,122.56999969482422,122.5999984741211,121.2300033569336,121.91000366210938,211397600
2011-10-17,92.82012939453125,120.2300033569336,122.55000305175781,119.93000030517578,121.98999786376953,202311600
2011-10-18,94.63438415527344,122.58000183105469,123.5,119.19999694824219,120.13999938964844,318857900
2011-10-19,93.51496887207031,121.12999725341797,123.08000183105469,120.70999908447266,122.37999725341797,226601300
2011-10-20,93.92411041259766,121.66000366210938,122.0999984741211,119.81999969482422,121.43000030517578,262075600
2011-10-21,95.70751190185547,123.97000122070312,124.12000274658203,122.72000122070312,123.08999633789062,278999400
2011-10-24,96.8809814453125,125.48999786376953,125.80000305175781,124.05999755859375,124.16999816894531,203215600
2011-10-25,94.99722290039062,123.05000305175781,124.94999694824219,122.77999877929688,124.88999938964844,268596800
2011-10-26,95.96226501464844,124.30000305175781,124.7699966430664,122.20999908447266,124.3499984741211,289053800
2011-10-27,99.30509948730469,128.6300048828125,129.4199981689453,126.61000061035156,127.62999725341797,393220200
2011-10-28,99.28195190429688,128.60000610351562,128.85000610351562,127.80000305175781,128.0,225906500
2011-10-31,96.88868713378906,125.5,128.6199951171875,125.31999969482422,127.16000366210938,228146700
2011-11-01,94.1866455078125,122.0,123.51000213623047,121.5199966430664,122.02999877929688,416565800
2011-11-02,95.72293853759766,123.98999786376953,124.4000015258789,122.79000091552734,123.83000183105469,244717600
2011-11-03,97.46772003173828,126.25,126.5,123.5999984741211,125.2699966430664,291174800
2011-11-04,96.87324523925781,125.4800033569336,125.69999694824219,124.01000213623047,125.2300033569336,249401600
2011-11-07,97.47547149658203,126.26000213623047,126.38999938964844,124.19999694824219,125.38999938964844,196617200
2011-11-08,98.7260971069336,127.87999725341797,128.02000427246094,125.70999908447266,126.91999816894531,224426300
2011-11-09,95.08216857910156,123.16000366210938,125.80000305175781,122.86000061035156,124.88999938964844,337982000
2011-11-10,95.97769165039062,124.31999969482422,124.94000244140625,123.0199966430664,124.79000091552734,231866500
2011-11-11,97.78424835205078,126.66000366210938,126.98999786376953,125.79000091552734,125.83000183105469,189924400
2011-11-14,96.85782623291016,125.45999908447266,127.44999694824219,124.91999816894531,126.19000244140625,159258300
2011-11-15,97.3364486694336,126.08000183105469,126.75,124.72000122070312,125.16999816894531,184709400
2011-11-16,95.79243469238281,124.08000183105469,126.33999633789062,123.9000015258789,124.80999755859375,235782500
2011-11-17,94.27153778076172,122.11000061035156,124.16000366210938,121.2300033569336,123.8499984741211,331219600
2011-11-18,94.17115020751953,121.9800033569336,122.75,121.47000122070312,122.5,215580400
2011-11-21,92.3801040649414,119.66000366210938,120.3499984741211,118.6500015258789,120.19999694824219,229611600
2011-11-22,92.01721954345703,119.19000244140625,120.0999984741211,118.5199966430664,119.4000015258789,216494900
2011-11-23,89.98681640625,116.55999755859375,119.19000244140625,116.55999755859375,118.06999969482422,224329100
2011-11-25,89.8169937133789,116.33999633789062,117.69999694824219,116.19999694824219,116.37999725341797,99557000
2011-11-28,92.418701171875,119.70999908447266,120.18000030517578,118.81999969482422,119.54000091552734,210686000
2011-11-29,92.68119812011719,120.05000305175781,121.0,119.61000061035156,120.05000305175781,199241500
2011-11-30,96.49492645263672,124.98999786376953,125.22000122070312,120.0,123.48999786376953,324439500
2011-12-01,96.4795150756836,124.97000122070312,125.63999938964844,124.43000030517578,124.8499984741211,176954800
2011-12-02,96.39461517333984,124.86000061035156,126.5,124.77999877929688,126.12000274658203,221109700
2011-12-05,97.4445571899414,126.22000122070312,127.18000030517578,125.44000244140625,126.83999633789062,225263900
2011-12-06,97.47547149658203,126.26000213623047,127.11000061035156,125.76000213623047,126.20999908447266,178842100
2011-12-07,97.83832550048828,126.7300033569336,127.26000213623047,124.97000122070312,125.83999633789062,237802500
2011-12-08,95.69207000732422,123.94999694824219,126.18000030517578,123.6500015258789,125.9000015258789,240862800
2011-12-09,97.31331634521484,126.05000305175781,126.37000274658203,124.4000015258789,124.51000213623047,209111400
2011-12-12,95.89279174804688,124.20999908447266,124.97000122070312,123.16000366210938,124.94999694824219,215826100
2011-12-13,94.99722290039062,123.05000305175781,125.56999969482422,122.44999694824219,124.86000061035156,245159800
2011-12-14,93.98589324951172,121.73999786376953,123.02999877929688,121.47000122070312,122.55999755859375,238618800
2011-12-15,94.32557678222656,122.18000030517578,123.19999694824219,121.98999786376953,123.02999877929688,199109200
2011-12-16,94.46542358398438,121.58999633789062,122.94999694824219,121.30000305175781,122.2300033569336,220481400
2011-12-19,93.45545196533203,120.29000091552734,122.31999969482422,120.02999877929688,122.05999755859375,183903000
2011-12-20,96.2834243774414,123.93000030517578,124.13999938964844,120.37000274658203,122.18000030517578,225418100
2011-12-21,96.46988677978516,124.16999816894531,124.36000061035156,122.75,123.93000030517578,194230900
2011-12-22,97.32449340820312,125.2699966430664,125.4000015258789,124.2300033569336,124.62999725341797,119465400
2011-12-23,98.19464111328125,126.38999938964844,126.43000030517578,125.41000366210938,125.66999816894531,92187200
2011-12-27,98.27233123779297,126.48999786376953,126.81999969482422,126.05999755859375,126.16999816894531,86075700
2011-12-28,96.98263549804688,124.83000183105469,126.52999877929688,124.7300033569336,126.51000213623047,119107100
2011-12-29,97.98485565185547,126.12000274658203,126.25,124.86000061035156,125.23999786376953,123507200
2011-12-30,97.50316619873047,125.5,126.33000183105469,125.5,126.0199966430664,95599000
2012-01-03,99.05699157714844,127.5,128.3800048828125,127.43000030517578,127.76000213623047,193697900
2012-01-04,99.21239471435547,127.69999694824219,127.80999755859375,126.70999908447266,127.19999694824219,127186500
2012-01-05,99.47652435302734,128.0399932861328,128.22999572753906,126.43000030517578,127.01000213623047,173895000
2012-01-06,99.22016143798828,127.70999908447266,128.22000122070312,127.29000091552734,128.1999969482422,148050000
2012-01-09,99.46102905273438,128.02000427246094,128.17999267578125,127.41000366210938,128.0,99530200
2012-01-10,100.32340240478516,129.1300048828125,129.64999389648438,128.9499969482422,129.38999938964844,115282000
2012-01-11,100.37776947021484,129.1999969482422,129.3699951171875,128.52000427246094,128.72999572753906,111540700
2012-01-12,100.61862182617188,129.50999450683594,129.6999969482422,128.5399932861328,129.57000732421875,118983700
2012-01-13,100.09806823730469,128.83999633789062,129.0500030517578,127.72000122070312,128.63999938964844,179836200
2012-01-17,100.48653411865234,129.33999633789062,130.32000732421875,128.89999389648438,130.0800018310547,132209200
2012-01-18,101.59754180908203,130.77000427246094,130.83999633789062,129.0800018310547,129.30999755859375,163395200
2012-01-19,102.13359832763672,131.4600067138672,131.57000732421875,130.8000030517578,131.22000122070312,126328900
2012-01-20,102.51426696777344,131.9499969482422,131.9499969482422,130.9199981689453,131.24000549316406,138230200
2012-01-23,102.2501449584961,131.61000061035156,132.25,130.97999572753906,131.50999450683594,129295800
2012-01-24,102.13359832763672,131.4600067138672,131.5,130.60000610351562,130.8000030517578,103083300
2012-01-25,102.98821258544922,132.55999755859375,132.8699951171875,130.75,131.25999450683594,198613200
2012-01-26,102.45992279052734,131.8800048828125,133.39999389648438,131.36000061035156,133.14999389648438,184880500
2012-01-27,102.4133071899414,131.82000732421875,132.0500030517578,131.14999389648438,131.24000549316406,135259100
2012-01-30,102.06366729736328,131.3699951171875,131.44000244140625,130.05999755859375,130.50999450683594,147311800
2012-01-31,102.02485656738281,131.32000732421875,132.17999267578125,130.67999267578125,132.02000427246094,157212000
2012-02-01,102.91827392578125,132.47000122070312,133.13999938964844,132.1300048828125,132.2899932861328,166234500
2012-02-02,103.0814208984375,132.67999267578125,133.02000427246094,132.2100067138672,132.72999572753906,113090400
2012-02-03,104.52649688720703,134.5399932861328,134.6199951171875,133.77000427246094,134.0,160598500
2012-02-06,104.45659637451172,134.4499969482422,134.50999450683594,133.8300018310547,133.97999572753906,107694500
2012-02-07,104.72076416015625,134.7899932861328,135.02000427246094,133.63999938964844,134.1699981689453,135528100
2012-02-08,105.03150177001953,135.19000244140625,135.22000122070312,134.30999755859375,134.86000061035156,139361400
2012-02-09,105.16358184814453,135.36000061035156,135.58999633789062,134.55999755859375,135.41000366210938,148602900
2012-02-10,104.38667297363281,134.36000061035156,134.47000122070312,133.83999633789062,134.16000366210938,167907500
2012-02-13,105.16358184814453,135.36000061035156,135.52000427246094,134.74000549316406,135.32000732421875,115841900
2012-02-14,105.03150177001953,135.19000244140625,135.27000427246094,134.25,135.0,165329500
2012-02-15,104.54206085205078,134.55999755859375,135.8300018310547,134.2899932861328,135.6300048828125,195195100
2012-02-16,105.6996841430664,136.0500030517578,136.1699981689453,134.3300018310547,134.57000732421875,186567800
2012-02-17,105.97931671142578,136.41000366210938,136.6300048828125,135.9600067138672,136.52000427246094,129869400
2012-02-21,106.02593994140625,136.47000122070312,137.0500030517578,136.0500030517578,136.72999572753906,134042300
2012-02-22,105.68414306640625,136.02999877929688,136.5500030517578,135.7899932861328,136.25999450683594,124455300
2012-02-23,106.1502456665039,136.6300048828125,136.72999572753906,135.5,135.9600067138672,137704300
2012-02-24,106.38334655761719,136.92999267578125,137.1999969482422,136.6300048828125,136.92999267578125,105539100
2012-02-27,106.5620346069336,137.16000366210938,137.52999877929688,135.8000030517578,136.02000427246094,145728900
2012-02-28,106.87284088134766,137.55999755859375,137.72000122070312,136.92999267578125,137.1999969482422,129355900
2012-02-29,106.45328521728516,137.02000427246094,138.19000244140625,136.5399932861328,137.75999450683594,185934700
2012-03-01,107.00486755371094,137.72999572753906,137.99000549316406,136.92999267578125,137.30999755859375,145023500
2012-03-02,106.67855834960938,137.30999755859375,137.82000732421875,137.0,137.63999938964844,120638300
2012-03-05,106.24353790283203,136.75,137.1999969482422,136.27999877929688,137.10000610351562,140765000
2012-03-06,104.68966674804688,134.75,135.42999267578125,134.36000061035156,135.35000610351562,202129900
2012-03-07,105.41995239257812,135.69000244140625,135.91000366210938,134.92999267578125,135.05999755859375,143692200
2012-03-08,106.4687728881836,137.0399932861328,137.32000732421875,136.24000549316406,136.52000427246094,116968900
2012-03-09,106.88057708740234,137.57000732421875,137.92999267578125,137.1300048828125,137.3000030517578,122836800
2012-03-12,106.88834381103516,137.5800018310547,137.75999450683594,137.08999633789062,137.5500030517578,104003500
2012-03-13,108.81510925292969,140.05999755859375,140.1300048828125,138.08999633789062,138.32000732421875,184090500
2012-03-14,108.69857788085938,139.91000366210938,140.4499969482422,139.47999572753906,140.10000610351562,145163600
2012-03-15,109.32789611816406,140.72000122070312,140.77999877929688,139.75999450683594,140.1199951171875,165118500
2012-03-16,109.47925567626953,140.3000030517578,140.47999572753906,140.0,140.36000061035156,152893500
2012-03-19,109.90846252441406,140.85000610351562,141.27999877929688,140.11000061035156,140.2100067138672,125291100
2012-03-20,109.5884780883789,140.44000244140625,140.61000061035156,139.63999938964844,140.0500030517578,121729700
2012-03-21,109.40902709960938,140.2100067138672,140.64999389648438,139.9199981689453,140.52000427246094,122388400
2012-03-22,108.62088775634766,139.1999969482422,139.5500030517578,138.74000549316406,139.17999267578125,135216700
2012-03-23,108.97200012207031,139.64999389648438,139.80999755859375,138.5500030517578,139.32000732421875,120521000
2012-03-26,110.5014877319336,141.61000061035156,141.61000061035156,140.60000610351562,140.64999389648438,120164000
2012-03-27,110.15813446044922,141.1699981689453,141.8300018310547,141.0800018310547,141.74000549316406,119868500
2012-03-28,109.61192321777344,140.47000122070312,141.32000732421875,139.63999938964844,141.10000610351562,148562100
2012-03-29,109.42465209960938,140.22999572753906,140.49000549316406,139.08999633789062,139.63999938964844,164963700
2012-03-30,109.87724304199219,140.80999755859375,141.0500030517578,140.0500030517578,140.9199981689453,135486800
2012-04-02,110.68092346191406,141.83999633789062,142.2100067138672,140.36000061035156,140.63999938964844,151741100
2012-04-03,110.22834777832031,141.25999450683594,141.8800048828125,140.42999267578125,141.63999938964844,155806700
2012-04-04,109.13589477539062,139.86000061035156,140.33999633789062,139.33999633789062,140.22000122070312,146896000
2012-04-05,109.08123016357422,139.7899932861328,140.1999969482422,139.25999450683594,139.3800048828125,137439400
2012-04-09,107.8561782836914,138.22000122070312,139.83999633789062,137.83999633789062,138.02999877929688,127555900
2012-04-10,106.04581451416016,135.89999389648438,138.33999633789062,135.75999450683594,137.9499969482422,235360300
2012-04-11,106.90418243408203,137.0,137.5399932861328,136.75,137.2899932861328,154133000
2012-04-12,108.30094909667969,138.7899932861328,138.89999389648438,137.02999877929688,137.1300048828125,154321500
2012-04-13,107.01338195800781,137.13999938964844,138.82000732421875,137.00999450683594,138.47000122070312,169246700
2012-04-16,106.94318389892578,137.0500030517578,138.0399932861328,136.5800018310547,137.83999633789062,147825300
2012-04-17,108.52722930908203,139.0800018310547,139.36000061035156,137.6999969482422,137.83999633789062,147877600
2012-04-18,108.16050720214844,138.61000061035156,139.0800018310547,138.3800048828125,138.4600067138672,123884200
2012-04-19,107.46601867675781,137.72000122070312,139.14999389648438,137.07000732421875,138.6300048828125,198666700
2012-04-20,107.64550018310547,137.9499969482422,138.8300018310547,137.8699951171875,138.3300018310547,143199600
2012-04-23,106.74031829833984,136.7899932861328,136.91000366210938,135.94000244140625,136.5399932861328,171844900
2012-04-24,107.14606475830078,137.30999755859375,137.66000366210938,136.8000030517578,136.91000366210938,137484200
2012-04-25,108.61309051513672,139.19000244140625,139.25,138.52999877929688,138.64999389648438,150252200
2012-04-26,109.3699951171875,140.16000366210938,140.32000732421875,138.80999755859375,138.88999938964844,136291600
2012-04-27,109.54949951171875,140.38999938964844,140.7899932861328,139.8000030517578,140.5800018310547,130725000
2012-04-30,109.14371490478516,139.8699951171875,140.2100067138672,139.49000549316406,140.11000061035156,115092200
2012-05-01,109.8226089477539,140.74000549316406,141.66000366210938,139.6300048828125,139.7899932861328,138832200
2012-05-02,109.49484252929688,140.32000732421875,140.4600067138672,139.4600067138672,139.9199981689453,121081000
2012-05-03,108.65989685058594,139.25,140.4499969482422,138.99000549316406,140.33999633789062,143759700
2012-05-04,106.90418243408203,137.0,139.3000030517578,136.9199981689453,138.52000427246094,193927300
2012-05-07,106.98223876953125,137.10000610351562,137.55999755859375,136.4600067138672,136.50999450683594,127765900
2012-05-08,106.5530776977539,136.5500030517578,136.77000427246094,134.9199981689453,136.27999877929688,213377700
2012-05-09,105.92098999023438,135.74000549316406,136.61000061035156,134.49000549316406,135.10000610351562,220752500
2012-05-10,106.13947296142578,136.02000427246094,136.85000610351562,135.7100067138672,136.67999267578125,150600000
2012-05-11,105.81953430175781,135.61000061035156,136.8699951171875,135.11000061035156,135.1699981689453,153032400
2012-05-14,104.64906311035156,134.11000061035156,135.61000061035156,133.91000366210938,134.30999755859375,163910000
2012-05-15,104.0481948852539,133.33999633789062,134.80999755859375,133.1300048828125,134.02000427246094,207629300
2012-05-16,103.65022277832031,132.8300018310547,134.5500030517578,132.8000030517578,133.94000244140625,207265500
2012-05-17,102.11299896240234,130.86000061035156,133.02000427246094,130.7899932861328,132.86000061035156,247992900
2012-05-18,101.23902893066406,129.74000549316406,131.60000610351562,129.5500030517578,131.3699951171875,319615900
2012-05-21,102.97917938232422,131.97000122070312,132.02000427246094,129.9499969482422,130.16000366210938,177861100
2012-05-22,103.15861511230469,132.1999969482422,133.22999572753906,131.33999633789062,132.30999755859375,197531200
2012-05-23,103.2132797241211,132.27000427246094,132.4600067138672,129.99000549316406,131.25,204958400
2012-05-24,103.41613006591797,132.52999877929688,132.83999633789062,131.4199981689453,132.6300048828125,167357600
2012-05-25,103.08061218261719,132.10000610351562,132.85000610351562,131.77999877929688,132.47999572753906,135465600
2012-05-29,104.3291244506836,133.6999969482422,133.92999267578125,131.1699981689453,133.16000366210938,152883500
2012-05-30,102.81527709960938,131.75999450683594,133.69000244140625,131.49000549316406,132.55999755859375,162370400
2012-05-31,102.58899688720703,131.47000122070312,132.4499969482422,130.33999633789062,131.7100067138672,196186000
2012-06-01,100.00614166259766,128.16000366210938,131.5,128.16000366210938,129.41000366210938,253240900
2012-06-04,99.95928955078125,128.10000610351562,128.74000549316406,127.13999938964844,128.38999938964844,202545800
2012-06-05,100.71623229980469,129.07000732421875,129.25999450683594,127.77999877929688,127.8499984741211,164149400
2012-06-06,102.97917938232422,131.97000122070312,132.02999877929688,129.92999267578125,129.97000122070312,184202800
2012-06-07,103.0416030883789,132.0500030517578,133.52999877929688,131.77999877929688,133.47000122070312,184772700
2012-06-08,103.8609390258789,133.10000610351562,133.1300048828125,131.2899932861328,131.7100067138672,143915400
2012-06-11,102.54218292236328,131.41000366210938,134.25,131.27999877929688,134.1699981689453,169756100
2012-06-12,103.72044372558594,132.9199981689453,133.00999450683594,131.16000366210938,131.7899932861328,181931800
2012-06-13,103.05719757080078,132.07000732421875,133.36000061035156,131.6199951171875,132.52999877929688,172223900
2012-06-14,104.14962768554688,133.47000122070312,134.0,131.97999572753906,132.33999633789062,230615500
2012-06-15,105.21482849121094,134.13999938964844,134.25999450683594,133.10000610351562,133.3800048828125,169444500
2012-06-18,105.41873168945312,134.39999389648438,134.72999572753906,133.27999877929688,133.5800018310547,131360900
2012-06-19,106.43840026855469,135.6999969482422,136.25,134.3699951171875,135.0800018310547,137382600
2012-06-20,106.26587677001953,135.47999572753906,136.10000610351562,134.27000427246094,135.7100067138672,206451800
2012-06-21,103.88136291503906,132.44000244140625,135.77999877929688,132.3300018310547,135.63999938964844,205272200
2012-06-22,104.68144226074219,133.4600067138672,133.7100067138672,132.6199951171875,133.1300048828125,130029200
2012-06-25,103.0029067993164,131.32000732421875,132.10000610351562,130.85000610351562,132.0500030517578,146375700
2012-06-26,103.52057647705078,131.97999572753906,132.3800048828125,130.92999267578125,131.6999969482422,141634000
2012-06-27,104.45396423339844,133.1699981689453,133.42999267578125,131.97000122070312,132.4199981689453,108088000
2012-06-28,104.15591430664062,132.7899932861328,132.99000549316406,131.27999877929688,132.2899932861328,169242100
2012-06-29,106.75216674804688,136.10000610351562,136.27000427246094,134.85000610351562,135.1999969482422,212250900
2012-07-02,107.07373809814453,136.50999450683594,136.64999389648438,135.52000427246094,136.47999572753906,129524500
2012-07-03,107.77970123291016,137.41000366210938,137.50999450683594,136.33999633789062,136.47999572753906,80450000
2012-07-05,107.29337310791016,136.7899932861328,137.8000030517578,136.2899932861328,136.89999389648438,126177500
2012-07-06,106.27369689941406,135.49000549316406,135.77000427246094,134.85000610351562,135.47000122070312,151192100
2012-07-09,106.1403579711914,135.32000732421875,135.57000732421875,134.6999969482422,135.3800048828125,103780500
2012-07-10,105.21482849121094,134.13999938964844,136.22999572753906,133.67999267578125,136.00999450683594,167884800
2012-07-11,105.23046875,134.16000366210938,134.60000610351562,133.3800048828125,134.2100067138672,141733400
2012-07-12,104.72066497802734,133.50999450683594,134.22999572753906,132.60000610351562,133.3800048828125,143583200
2012-07-13,106.47761535644531,135.75,135.88999938964844,133.83999633789062,133.86000061035156,129642600
2012-07-16,106.22665405273438,135.42999267578125,135.8300018310547,134.89999389648438,135.44000244140625,97525200
2012-07-17,106.95611572265625,136.36000061035156,136.63999938964844,134.5500030517578,135.97000122070312,138860300
2012-07-18,107.74832153320312,137.3699951171875,137.63999938964844,135.9600067138672,136.0399932861328,113349700
2012-07-19,108.03064727783203,137.72999572753906,138.17999267578125,137.2100067138672,137.64999389648438,129847300
2012-07-20,107.0423812866211,136.47000122070312,137.16000366210938,136.32000732421875,136.9499969482422,142904500
2012-07-23,105.95990753173828,135.08999633789062,136.3800048828125,133.83999633789062,134.47000122070312,145210900
2012-07-24,105.05010986328125,133.92999267578125,135.25,133.02999877929688,135.19000244140625,173301200
2012-07-25,105.07365417480469,133.9600067138672,134.55999755859375,133.25,134.2100067138672,129122300
2012-07-26,106.80708312988281,136.1699981689453,136.4600067138672,135.25999450683594,135.88999938964844,156526500
2012-07-27,108.77587127685547,138.67999267578125,139.07000732421875,136.13999938964844,136.88999938964844,236768900
2012-07-30,108.77587127685547,138.67999267578125,139.33999633789062,138.27000427246094,138.52000427246094,106782000
2012-07-31,108.01500701904297,137.7100067138672,138.8699951171875,137.7100067138672,138.49000549316406,120575900
2012-08-01,107.92084503173828,137.58999633789062,138.72999572753906,137.39999389648438,138.6999969482422,138293800
2012-08-02,107.17572784423828,136.63999938964844,137.57000732421875,135.5800018310547,136.5500030517578,199556600
2012-08-03,109.30136108398438,139.35000610351562,139.63999938964844,136.67999267578125,138.55999755859375,157825000
2012-08-06,109.51313781738281,139.6199951171875,140.1699981689453,139.55999755859375,139.72000122070312,86326200
2012-08-07,110.06219482421875,140.32000732421875,140.9199981689453,140.02999877929688,140.17999267578125,109545100
2012-08-08,110.1955337524414,140.49000549316406,140.64999389648438,139.80999755859375,139.85000610351562,89754700
2012-08-09,110.28966522216797,140.61000061035156,140.88999938964844,140.14999389648438,140.2899932861328,90291700
2012-08-10,110.47004699707031,140.83999633789062,140.88999938964844,139.80999755859375,140.0399932861328,99792700
2012-08-13,110.41514587402344,140.77000427246094,140.83999633789062,140.0399932861328,140.60000610351562,79426900
2012-08-14,110.43087768554688,140.7899932861328,141.3800048828125,140.3699951171875,141.2899932861328,102379400
2012-08-15,110.5563735961914,140.9499969482422,141.19000244140625,140.5500030517578,140.63999938964844,71085900
2012-08-16,111.37210083007812,141.99000549316406,142.16000366210938,140.8000030517578,141.14999389648438,112014200
2012-08-17,111.52108001708984,142.17999267578125,142.3000030517578,141.86000061035156,142.22999572753906,90813700
2012-08-20,111.5289535522461,142.19000244140625,142.22000122070312,141.58999633789062,141.97999572753906,78255700
2012-08-21,111.19171142578125,141.75999450683594,143.08999633789062,141.4499969482422,142.5399932861328,105581100
2012-08-22,111.23872375488281,141.82000732421875,142.0500030517578,141.07000732421875,141.39999389648438,133243500
2012-08-23,110.32886505126953,140.66000366210938,141.47999572753906,140.44000244140625,141.47000122070312,111466400
2012-08-24,110.99559783935547,141.50999450683594,141.8300018310547,140.22000122070312,140.30999755859375,99481200
2012-08-27,111.01908874511719,141.5399932861328,142.0800018310547,141.33999633789062,141.88999938964844,68785900
2012-08-28,110.90930938720703,141.39999389648438,141.83999633789062,140.97000122070312,141.17999267578125,75689600
2012-08-29,110.99559783935547,141.50999450683594,141.88999938964844,141.1199951171875,141.52000427246094,65421300
2012-08-30,110.1955337524414,140.49000549316406,140.94000244140625,140.19000244140625,140.89999389648438,96589900
2012-08-31,110.72103881835938,141.16000366210938,141.82000732421875,140.36000061035156,141.2899932861328,151970400
2012-09-04,110.61911010742188,141.02999877929688,141.4600067138672,140.1300048828125,141.0399932861328,120226200
2012-09-05,110.52497863769531,140.91000366210938,141.47000122070312,140.6300048828125,141.08999633789062,100660300
2012-09-06,112.76825714111328,143.77000427246094,143.77999877929688,141.75,141.75999450683594,158272500
2012-09-07,113.20750427246094,144.3300018310547,144.38999938964844,143.8800048828125,144.00999450683594,107272100
2012-09-10,112.5643310546875,143.50999450683594,144.44000244140625,143.4600067138672,144.19000244140625,86458500
2012-09-11,112.87805938720703,143.91000366210938,144.3699951171875,143.55999755859375,143.60000610351562,88760000
2012-09-12,113.25457000732422,144.38999938964844,144.5500030517578,143.89999389648438,144.38999938964844,87640900
2012-09-13,114.98015594482422,146.58999633789062,147.0399932861328,143.99000549316406,144.3699951171875,225470200
2012-09-14,115.48999786376953,147.24000549316406,148.11000061035156,146.75999450683594,146.8800048828125,169777000
2012-09-17,115.09784698486328,146.74000549316406,147.19000244140625,146.3699951171875,146.94000244140625,119427800
2012-09-18,115.00370025634766,146.6199951171875,146.80999755859375,146.25,146.49000549316406,98326600
2012-09-19,115.06645965576172,146.6999969482422,147.1699981689453,146.41000366210938,146.7899932861328,128318300
2012-09-20,115.07430267333984,146.7100067138672,146.7899932861328,145.6300048828125,146.02999877929688,154009800
2012-09-21,115.02616882324219,145.8699951171875,146.6699981689453,145.80999755859375,146.63999938964844,108737500
2012-09-24,114.85270690917969,145.64999389648438,145.97999572753906,145.0399932861328,145.14999389648438,95682000
2012-09-25,113.63046264648438,144.10000610351562,146.24000549316406,144.05999755859375,145.9600067138672,133165200
2012-09-26,112.99176025390625,143.2899932861328,144.11000061035156,142.9499969482422,144.07000732421875,146502200
2012-09-27,114.05625915527344,144.63999938964844,144.97000122070312,143.50999450683594,143.88999938964844,111830300
2012-09-28,113.52796173095703,143.97000122070312,144.55999755859375,143.4600067138672,144.08999633789062,150696100
2012-10-01,113.82756805419922,144.35000610351562,145.69000244140625,144.00999450683594,144.52000427246094,135911200
2012-10-02,113.94585418701172,144.5,145.14999389648438,143.8300018310547,144.9199981689453,113422200
2012-10-03,114.41112518310547,145.08999633789062,145.42999267578125,144.1300048828125,144.88999938964844,121283100
2012-10-04,115.2312240600586,146.1300048828125,146.33999633789062,145.44000244140625,145.63999938964844,124311600
2012-10-05,115.2391357421875,146.13999938964844,147.16000366210938,145.6999969482422,146.91000366210938,124842100
2012-10-08,114.84479522705078,145.63999938964844,146.1199951171875,145.30999755859375,145.60000610351562,78415400
2012-10-09,113.7093505859375,144.1999969482422,145.64999389648438,144.14999389648438,145.52999877929688,148872900
2012-10-10,112.98380279541016,143.27999877929688,144.32000732421875,143.08999633789062,144.17999267578125,124247500
2012-10-11,113.04692840576172,143.36000061035156,144.49000549316406,143.3300018310547,144.27999877929688,123601500
2012-10-12,112.67631530761719,142.88999938964844,143.9499969482422,142.5800018310547,143.4600067138672,124181900
2012-10-15,113.61470031738281,144.0800018310547,144.22999572753906,142.77000427246094,143.22999572753906,107689100
2012-10-16,114.76597595214844,145.5399932861328,145.63999938964844,144.66000366210938,144.75999450683594,108815500
2012-10-17,115.28641510009766,146.1999969482422,146.32000732421875,145.4199981689453,145.63999938964844,128834100
2012-10-18,114.98674774169922,145.82000732421875,146.52000427246094,145.3300018310547,145.82000732421875,148108500
2012-10-19,113.07057189941406,143.38999938964844,145.55999755859375,143.0500030517578,145.5500030517578,185645200
2012-10-22,113.08633422851562,143.41000366210938,143.6699981689453,142.27999877929688,143.14999389648438,125578600
2012-10-23,111.51714324951172,141.4199981689453,142.05999755859375,140.8300018310547,141.86000061035156,192056300
2012-10-24,111.20170593261719,141.02000427246094,142.10000610351562,140.8000030517578,141.92999267578125,120179400
2012-10-25,111.52499389648438,141.42999267578125,142.27999877929688,140.57000732421875,142.02000427246094,134457400
2012-10-26,111.4618911743164,141.35000610351562,141.83999633789062,140.38999938964844,141.3000030517578,146023500
2012-10-31,111.4618911743164,141.35000610351562,142.02999877929688,140.67999267578125,141.85000610351562,103438500
2012-11-01,112.62898254394531,142.8300018310547,143.00999450683594,141.52000427246094,141.64999389648438,100995600
2012-11-02,111.62752532958984,141.55999755859375,143.72000122070312,141.41000366210938,143.67999267578125,137702200
2012-11-05,111.85620880126953,141.85000610351562,142.1699981689453,140.92999267578125,141.35000610351562,98378500
2012-11-06,112.73149108886719,142.9600067138672,143.52000427246094,142.1300048828125,142.27999877929688,107068100
2012-11-07,110.17660522460938,139.72000122070312,141.67999267578125,139.05999755859375,141.66000366210938,264304500
2012-11-08,108.85183715820312,138.0399932861328,140.41000366210938,137.92999267578125,139.6999969482422,181517300
2012-11-09,108.9464340209961,138.16000366210938,139.44000244140625,137.5500030517578,137.6199951171875,201055300
2012-11-12,109.0332260131836,138.27000427246094,138.80999755859375,137.9600067138672,138.58999633789062,97677500
2012-11-13,108.6546630859375,137.7899932861328,139.25,137.36000061035156,137.5399932861328,123018300
2012-11-14,107.18797302246094,135.92999267578125,138.42999267578125,135.6199951171875,138.2100067138672,191505000
2012-11-15,107.00662994384766,135.6999969482422,136.49000549316406,135.17999267578125,135.97999572753906,178128400
2012-11-16,107.53495788574219,136.3699951171875,136.63999938964844,134.6999969482422,135.89999389648438,239483900
2012-11-19,109.71136474609375,139.1300048828125,139.14999389648438,136.41000366210938,137.89999389648438,151495800
2012-11-20,109.7586898803711,139.19000244140625,139.4199981689453,138.0800018310547,138.91000366210938,119807400
2012-11-21,109.96367645263672,139.4499969482422,139.57000732421875,139.02999877929688,139.30999755859375,81710800
2012-11-23,111.4618911743164,141.35000610351562,141.39999389648438,140.0399932861328,140.1300048828125,65409200
2012-11-26,111.22535705566406,141.0500030517578,141.36000061035156,140.19000244140625,140.64999389648438,100124400
2012-11-27,110.65763854980469,140.3300018310547,141.38999938964844,140.24000549316406,140.91000366210938,128646200
2012-11-28,111.54867553710938,141.4600067138672,141.5399932861328,139.0,139.75999450683594,177086500
2012-11-29,112.06909942626953,142.1199951171875,142.50999450683594,141.3699951171875,141.99000549316406,151085900
2012-11-30,112.0927963256836,142.14999389648438,142.4199981689453,141.66000366210938,142.13999938964844,136568300
2012-12-03,111.5407943725586,141.4499969482422,142.9199981689453,141.33999633789062,142.8000030517578,124656300
2012-12-04,111.38311767578125,141.25,141.8699951171875,140.8699951171875,141.44000244140625,127512200
2012-12-05,111.58019256591797,141.5,142.16000366210938,140.3699951171875,141.3699951171875,147300500
2012-12-06,111.95870971679688,141.97999572753906,142.0399932861328,141.16000366210938,141.3699951171875,103220600
2012-12-07,112.29782104492188,142.41000366210938,142.69000244140625,141.6699981689453,142.52999877929688,108726400
2012-12-10,112.34507751464844,142.47000122070312,142.80999755859375,142.14999389648438,142.2100067138672,98840700
2012-12-11,113.1100082397461,143.44000244140625,144.11000061035156,142.99000549316406,143.05999755859375,152570400
2012-12-12,113.16520690917969,143.50999450683594,144.5500030517578,143.30999755859375,144.0,145880100
2012-12-13,112.47126770019531,142.6300048828125,143.8300018310547,142.27000427246094,143.4199981689453,135715000
2012-12-14,112.05335998535156,142.10000610351562,142.5800018310547,141.8800048828125,142.32000732421875,137701700
2012-12-17,113.3702163696289,143.77000427246094,143.85000610351562,142.42999267578125,142.47000122070312,143238200
2012-12-18,114.6318588256836,145.3699951171875,145.5,143.7899932861328,144.0,177762800
2012-12-19,113.78026580810547,144.2899932861328,145.5800018310547,144.24000549316406,145.52999877929688,150895400
2012-12-20,114.43478393554688,145.1199951171875,145.13999938964844,143.97999572753906,144.3800048828125,168487000
2012-12-21,113.39603424072266,142.7899932861328,144.08999633789062,141.94000244140625,142.1699981689453,245883800
2012-12-24,113.0466537475586,142.35000610351562,142.55999755859375,142.19000244140625,142.47999572753906,53874600
2012-12-26,112.5701675415039,141.75,142.7100067138672,141.35000610351562,142.63999938964844,106947700
2012-12-27,112.41924285888672,141.55999755859375,142.0800018310547,139.9199981689453,141.7899932861328,167920600
2012-12-28,111.2042007446289,140.02999877929688,141.4199981689453,139.8699951171875,140.63999938964844,148806700
2012-12-31,113.0942611694336,142.41000366210938,142.55999755859375,139.5399932861328,139.66000366210938,243935200
2013-01-02,115.99287414550781,146.05999755859375,146.14999389648438,144.72999572753906,145.11000061035156,192059000
2013-01-03,115.73080444335938,145.72999572753906,146.3699951171875,145.33999633789062,145.99000549316406,144761800
2013-01-04,116.23908996582031,146.3699951171875,146.61000061035156,145.6699981689453,145.97000122070312,116817700
2013-01-07,115.92140197753906,145.97000122070312,146.11000061035156,145.42999267578125,145.85000610351562,110002500
2013-01-08,115.58784484863281,145.5500030517578,145.91000366210938,144.97999572753906,145.7100067138672,121265100
2013-01-09,115.8817367553711,145.9199981689453,146.32000732421875,145.63999938964844,145.8699951171875,90745600
2013-01-10,116.80293273925781,147.0800018310547,147.08999633789062,145.97000122070312,146.72999572753906,130735400
2013-01-11,116.79499053955078,147.07000732421875,147.14999389648438,146.61000061035156,147.0399932861328,113917300
2013-01-14,116.71556854248047,146.97000122070312,147.07000732421875,146.42999267578125,146.88999938964844,89567200
2013-01-15,116.79499053955078,147.07000732421875,147.2100067138672,146.1999969482422,146.2899932861328,93172600
2013-01-16,116.77909851074219,147.0500030517578,147.27999877929688,146.61000061035156,146.77000427246094,104849500
2013-01-17,117.53353881835938,148.0,148.4199981689453,147.14999389648438,147.6999969482422,133833500
2013-01-18,117.79559326171875,148.3300018310547,148.49000549316406,147.42999267578125,147.97000122070312,169906000
2013-01-22,118.43092346191406,149.1300048828125,149.1300048828125,147.97999572753906,148.3300018310547,111797300
2013-01-23,118.6214828491211,149.3699951171875,149.5,148.86000061035156,149.1300048828125,104596100
2013-01-24,118.65330505371094,149.41000366210938,150.13999938964844,149.00999450683594,149.14999389648438,146426400
2013-01-25,119.32035064697266,150.25,150.25,149.3699951171875,149.8800048828125,147211600
2013-01-28,119.17743682861328,150.07000732421875,150.3300018310547,149.50999450683594,150.2899932861328,113357700
2013-01-29,119.6459732055664,150.66000366210938,150.85000610351562,149.6699981689453,149.77000427246094,105694400
2013-01-30,119.17743682861328,150.07000732421875,150.94000244140625,149.92999267578125,150.63999938964844,137447700
2013-01-31,118.88358306884766,149.6999969482422,150.3800048828125,149.60000610351562,149.88999938964844,108975800
2013-02-01,120.10655975341797,151.24000549316406,151.4199981689453,150.38999938964844,150.64999389648438,131173000
2013-02-04,118.7564697265625,149.5399932861328,151.27000427246094,149.42999267578125,150.32000732421875,159073600
2013-02-05,119.95568084716797,151.0500030517578,151.47999572753906,150.2899932861328,150.35000610351562,113912400
2013-02-06,120.04302215576172,151.16000366210938,151.25999450683594,150.41000366210938,150.52000427246094,138762800
2013-02-07,119.88420867919922,150.9600067138672,151.35000610351562,149.86000061035156,151.2100067138672,162490000
2013-02-08,120.55128479003906,151.8000030517578,151.88999938964844,151.22000122070312,151.22000122070312,103133700
2013-02-11,120.52745056152344,151.77000427246094,151.89999389648438,151.38999938964844,151.74000549316406,73775000
2013-02-12,120.72599792480469,152.02000427246094,152.3000030517578,151.61000061035156,151.77999877929688,65392700
2013-02-13,120.8292465209961,152.14999389648438,152.61000061035156,151.72000122070312,152.3300018310547,82322600
2013-02-14,120.94042205810547,152.2899932861328,152.47000122070312,151.52000427246094,151.69000244140625,80834300
2013-02-15,120.7974624633789,152.11000061035156,152.58999633789062,151.5500030517578,152.42999267578125,215226500
2013-02-19,121.70278930664062,153.25,153.27999877929688,152.16000366210938,152.3699951171875,95105400
2013-02-20,120.18597412109375,151.33999633789062,153.19000244140625,151.25999450683594,153.13999938964844,160574800
2013-02-21,119.45535278320312,150.4199981689453,151.4199981689453,149.94000244140625,150.9600067138672,183257000
2013-02-22,120.62272644042969,151.88999938964844,151.88999938964844,150.49000549316406,151.14999389648438,106356600
2013-02-25,118.32769012451172,149.0,152.86000061035156,149.0,152.6300048828125,245824800
2013-02-26,119.13768005371094,150.02000427246094,150.1999969482422,148.72999572753906,149.72000122070312,186596200
2013-02-27,120.63865661621094,151.91000366210938,152.3300018310547,149.75999450683594,149.88999938964844,150781900
2013-02-28,120.40040588378906,151.61000061035156,152.8699951171875,151.41000366210938,151.89999389648438,126866000
2013-03-01,120.7974624633789,152.11000061035156,152.33999633789062,150.41000366210938,151.08999633789062,170634800
2013-03-04,121.44071960449219,152.9199981689453,152.9199981689453,151.52000427246094,151.75999450683594,99010200
2013-03-05,122.52867126464844,154.2899932861328,154.6999969482422,153.63999938964844,153.66000366210938,121431900
2013-03-06,122.6954345703125,154.5,154.9199981689453,154.16000366210938,154.83999633789062,94469900
2013-03-07,122.9178466796875,154.77999877929688,154.97999572753906,154.52000427246094,154.6999969482422,86101400
2013-03-08,123.44202423095703,155.44000244140625,155.64999389648438,154.66000366210938,155.4600067138672,123477800
2013-03-11,123.9105224609375,156.02999877929688,156.0399932861328,155.1300048828125,155.32000732421875,83746800
2013-03-12,123.6325454711914,155.67999267578125,156.10000610351562,155.2100067138672,155.9199981689453,105755800
2013-03-13,123.80726623535156,155.89999389648438,156.1199951171875,155.22999572753906,155.75999450683594,92550900
2013-03-14,124.46643829345703,156.72999572753906,156.8000030517578,155.91000366210938,156.30999755859375,126329900
2013-03-15,124.30207824707031,155.8300018310547,156.0399932861328,155.30999755859375,155.85000610351562,138601100
2013-03-18,123.61608123779297,154.97000122070312,155.63999938964844,154.1999969482422,154.33999633789062,126704300
2013-03-19,123.32891082763672,154.61000061035156,155.50999450683594,153.58999633789062,155.3000030517578,167567300
2013-03-20,124.19046783447266,155.69000244140625,155.9499969482422,155.25999450683594,155.52000427246094,113759300
2013-03-21,123.12950134277344,154.36000061035156,155.63999938964844,154.10000610351562,154.75999450683594,128605000
2013-03-22,124.11864471435547,155.60000610351562,155.60000610351562,154.72999572753906,154.85000610351562,111163600
2013-03-25,123.60014343261719,154.9499969482422,156.27000427246094,154.35000610351562,156.00999450683594,151322300
2013-03-26,124.58926391601562,156.19000244140625,156.22999572753906,155.4199981689453,155.58999633789062,86856600
2013-03-27,124.58926391601562,156.19000244140625,156.24000549316406,155.0,155.25999450683594,99950600
2013-03-28,124.97216033935547,156.6699981689453,156.85000610351562,155.75,156.08999633789062,102932800
2013-04-01,124.47758483886719,156.0500030517578,156.91000366210938,155.6699981689453,156.58999633789062,99194100
2013-04-02,125.09183502197266,156.82000732421875,157.2100067138672,156.3699951171875,156.61000061035156,101504300
2013-04-03,123.823486328125,155.22999572753906,157.02999877929688,154.82000732421875,156.91000366210938,154167400
2013-04-04,124.32606506347656,155.86000061035156,156.1699981689453,155.08999633789062,155.42999267578125,131885000
2013-04-05,123.76766204833984,155.16000366210938,155.35000610351562,153.77000427246094,153.9499969482422,159666000
2013-04-08,124.605224609375,156.2100067138672,156.22000122070312,154.75,155.27000427246094,86571200
2013-04-09,125.03595733642578,156.75,157.32000732421875,155.97999572753906,156.5,101922200
2013-04-10,126.56755828857422,158.6699981689453,158.8699951171875,157.1300048828125,157.1699981689453,135711100
2013-04-11,126.98235321044922,159.19000244140625,159.7100067138672,158.5399932861328,158.6999969482422,110142500
2013-04-12,126.67117309570312,158.8000030517578,159.0399932861328,157.9199981689453,158.67999267578125,116359900
2013-04-15,123.73579406738281,155.1199951171875,158.1300048828125,155.10000610351562,158.0,217259000
2013-04-16,125.56244659423828,157.41000366210938,157.49000549316406,155.91000366210938,156.2899932861328,147507800
2013-04-17,123.72775268554688,155.11000061035156,156.32000732421875,154.27999877929688,156.2899932861328,226834800
2013-04-18,122.95401000976562,154.13999938964844,155.41000366210938,153.5500030517578,155.3699951171875,167583200
2013-04-19,124.02291107177734,155.47999572753906,155.5500030517578,154.1199951171875,154.5,149687600
2013-04-22,124.57331848144531,156.1699981689453,156.5399932861328,154.75,155.77999877929688,106553500
2013-04-23,125.85757446289062,157.77999877929688,157.92999267578125,156.1699981689453,156.9499969482422,166141300
2013-04-24,125.93734741210938,157.8800048828125,158.3000030517578,157.5399932861328,157.8300018310547,96781200
2013-04-25,126.44786834716797,158.52000427246094,159.27000427246094,158.10000610351562,158.33999633789062,131060600
2013-04-26,126.22449493408203,158.24000549316406,158.60000610351562,157.72999572753906,158.3300018310547,95918800
2013-04-29,127.07008361816406,159.3000030517578,159.64999389648438,158.4199981689453,158.6699981689453,88572800
2013-04-30,127.37310791015625,159.67999267578125,159.72000122070312,158.61000061035156,159.27000427246094,116010700
2013-05-01,126.25643920898438,158.27999877929688,159.41000366210938,158.10000610351562,159.3300018310547,138874200
2013-05-02,127.42900848388672,159.75,159.88999938964844,158.52999877929688,158.67999267578125,96407600
2013-05-03,128.7212677001953,161.3699951171875,161.8800048828125,159.77999877929688,161.13999938964844,144202300
2013-05-06,129.0482635498047,161.77999877929688,162.00999450683594,161.4199981689453,161.49000549316406,66882100
2013-05-07,129.70240783691406,162.60000610351562,162.64999389648438,161.6699981689453,162.1300048828125,90359200
2013-05-08,130.29266357421875,163.33999633789062,163.38999938964844,162.3300018310547,162.4199981689453,97419200
2013-05-09,129.9257049560547,162.8800048828125,163.6999969482422,162.47000122070312,163.27000427246094,106738600
2013-05-10,130.34848022460938,163.41000366210938,163.5500030517578,162.50999450683594,162.99000549316406,103203000
2013-05-13,130.45217895507812,163.5399932861328,163.80999755859375,162.82000732421875,163.1999969482422,81843200
2013-05-14,131.8002166748047,165.22999572753906,165.35000610351562,163.6699981689453,163.6699981689453,119000900
2013-05-15,132.51022338867188,166.1199951171875,166.4499969482422,164.91000366210938,164.9600067138672,120718500
2013-05-16,131.88800048828125,165.33999633789062,166.36000061035156,165.08999633789062,165.77999877929688,109913600
2013-05-17,133.164306640625,166.94000244140625,167.0399932861328,165.72999572753906,165.9499969482422,129801000
2013-05-20,133.15634155273438,166.92999267578125,167.5800018310547,166.61000061035156,166.77999877929688,85071200
2013-05-21,133.34774780273438,167.1699981689453,167.8000030517578,166.5,167.0800018310547,95804200
2013-05-22,132.358642578125,165.92999267578125,169.07000732421875,165.1699981689453,167.33999633789062,244031800
2013-05-23,131.9757537841797,165.4499969482422,165.91000366210938,163.94000244140625,164.16000366210938,211064400
2013-05-24,131.8640594482422,165.30999755859375,165.3800048828125,163.97999572753906,164.47000122070312,151573900
2013-05-28,132.65379333496094,166.3000030517578,167.77999877929688,165.80999755859375,167.0399932861328,143679800
2013-05-29,131.79226684570312,165.22000122070312,165.8000030517578,164.33999633789062,165.4199981689453,160363400
2013-05-30,132.2789306640625,165.8300018310547,166.58999633789062,165.22000122070312,165.35000610351562,107793800
2013-05-31,130.38040161132812,163.4499969482422,166.30999755859375,163.1300048828125,165.3699951171875,176850100
2013-06-03,131.0983123779297,164.35000610351562,164.4600067138672,162.66000366210938,163.8300018310547,168390700
2013-06-04,130.4681854248047,163.55999755859375,165.10000610351562,162.72999572753906,164.44000244140625,157631500
2013-06-05,128.64144897460938,161.27000427246094,163.4199981689453,161.1300048828125,163.08999633789062,211737800
2013-06-06,129.80606079101562,162.72999572753906,162.74000549316406,160.25,161.1999969482422,200225500
2013-06-07,131.457275390625,164.8000030517578,164.9499969482422,163.13999938964844,163.85000610351562,188337800
2013-06-10,131.457275390625,164.8000030517578,165.39999389648438,164.3699951171875,165.30999755859375,105667100
2013-06-11,130.10121154785156,163.10000610351562,164.5399932861328,162.74000549316406,163.3000030517578,159505400
2013-06-12,129.0243377685547,161.75,164.38999938964844,161.60000610351562,164.22000122070312,177361500
2013-06-13,130.9866485595703,164.2100067138672,164.5,161.3000030517578,161.66000366210938,163587800
2013-06-14,130.16505432128906,163.17999267578125,164.6699981689453,162.91000366210938,164.02999877929688,141197500
2013-06-17,131.17010498046875,164.44000244140625,165.22000122070312,163.22000122070312,164.2899932861328,136295600
2013-06-18,132.2070770263672,165.74000549316406,165.99000549316406,164.52000427246094,164.52999877929688,114695600
2013-06-19,130.38040161132812,163.4499969482422,165.88999938964844,163.3800048828125,165.60000610351562,206149500
2013-06-20,127.1498031616211,159.39999389648438,163.47000122070312,158.97999572753906,161.86000061035156,321255900
2013-06-21,127.55796813964844,159.07000732421875,159.75999450683594,157.47000122070312,159.63999938964844,271956800
2013-06-24,125.9461669921875,157.05999755859375,158.42999267578125,155.72999572753906,157.41000366210938,222329000
2013-06-25,127.15701293945312,158.57000732421875,160.10000610351562,157.4199981689453,158.47999572753906,162262200
2013-06-26,128.41600036621094,160.13999938964844,160.5,159.25,159.8699951171875,134848000
2013-06-27,129.16981506347656,161.0800018310547,161.82000732421875,160.9499969482422,161.10000610351562,129483700
2013-06-28,128.6405487060547,160.4199981689453,161.39999389648438,159.86000061035156,160.6300048828125,160402900
2013-07-01,129.39434814453125,161.36000061035156,162.47999572753906,161.0800018310547,161.25999450683594,131954800
2013-07-02,129.27407836914062,161.2100067138672,162.3000030517578,160.5,161.1199951171875,154863700
2013-07-03,129.3301239013672,161.27999877929688,161.77000427246094,160.22000122070312,160.47999572753906,75216400
2013-07-05,130.72549438476562,163.02000427246094,163.0800018310547,161.3000030517578,162.47000122070312,122416900
2013-07-08,131.47120666503906,163.9499969482422,164.38999938964844,163.0800018310547,163.86000061035156,108092500
2013-07-09,132.41749572753906,165.1300048828125,165.3300018310547,164.27000427246094,164.97999572753906,119298000
2013-07-10,132.46563720703125,165.19000244140625,165.75,164.6300048828125,164.97000122070312,121410100
2013-07-11,134.2698516845703,167.44000244140625,167.61000061035156,165.17999267578125,167.11000061035156,135592200
2013-07-12,134.3260498046875,167.50999450683594,167.92999267578125,167.1300048828125,167.38999938964844,104212700
2013-07-15,134.83921813964844,168.14999389648438,168.38999938964844,167.67999267578125,167.97000122070312,69450600
2013-07-16,134.3340301513672,167.52000427246094,168.36000061035156,167.07000732421875,168.25999450683594,88702100
2013-07-17,134.6788330078125,167.9499969482422,168.47999572753906,167.72999572753906,168.16000366210938,92873900
2013-07-18,135.4165802001953,168.8699951171875,169.27000427246094,168.1999969482422,168.30999755859375,103620100
2013-07-19,135.6571807861328,169.1699981689453,169.22999572753906,168.30999755859375,168.52000427246094,103831700
2013-07-22,135.92176818847656,169.5,169.74000549316406,169.00999450683594,169.41000366210938,79428600
2013-07-23,135.63311767578125,169.13999938964844,169.8300018310547,169.0500030517578,169.8000030517578,80829700
2013-07-24,135.13587951660156,168.52000427246094,169.86000061035156,168.17999267578125,169.7899932861328,112914000
2013-07-25,135.4646759033203,168.92999267578125,169.0800018310547,167.94000244140625,168.22000122070312,111088600
2013-07-26,135.6090545654297,169.11000061035156,169.16000366210938,167.52000427246094,168.22000122070312,107814600
2013-07-29,135.1920928955078,168.58999633789062,169.05999755859375,168.11000061035156,168.67999267578125,79695000
2013-07-30,135.1920928955078,168.58999633789062,169.27999877929688,168.19000244140625,169.10000610351562,85209600
2013-07-31,135.2882843017578,168.7100067138672,169.85000610351562,168.49000549316406,168.94000244140625,142388700
2013-08-01,136.8520050048828,170.66000366210938,170.80999755859375,169.89999389648438,169.99000549316406,110438400
2013-08-02,137.08453369140625,170.9499969482422,170.97000122070312,170.0500030517578,170.27999877929688,91116700
2013-08-05,136.88406372070312,170.6999969482422,170.9600067138672,170.35000610351562,170.57000732421875,54072700
2013-08-06,136.1062469482422,169.72999572753906,170.74000549316406,169.35000610351562,170.3699951171875,87495000
2013-08-07,135.6652069091797,169.17999267578125,169.42999267578125,168.5500030517578,169.19000244140625,84854700
2013-08-08,136.16233825683594,169.8000030517578,170.17999267578125,168.92999267578125,169.97999572753906,102181300
2013-08-09,135.76939392089844,169.30999755859375,170.10000610351562,168.72000122070312,169.5800018310547,91757700
2013-08-12,135.6090545654297,169.11000061035156,169.30999755859375,168.3800048828125,168.4600067138672,68593300
2013-08-13,136.00999450683594,169.61000061035156,169.89999389648438,168.41000366210938,169.41000366210938,80806000
2013-08-14,135.31231689453125,168.74000549316406,169.8000030517578,168.6999969482422,169.52999877929688,79829200
2013-08-15,133.4198455810547,166.3800048828125,167.42999267578125,166.08999633789062,167.41000366210938,152931800
2013-08-16,132.9788360595703,165.8300018310547,166.6300048828125,165.5,166.05999755859375,130868200
2013-08-19,132.12879943847656,164.77000427246094,166.2100067138672,164.75999450683594,165.63999938964844,96437600
2013-08-20,132.77835083007812,165.5800018310547,166.1999969482422,164.86000061035156,165.0399932861328,89294400
2013-08-21,131.96046447753906,164.55999755859375,166.02999877929688,164.19000244140625,165.1199951171875,159530500
2013-08-22,133.1632537841797,166.05999755859375,166.3000030517578,164.88999938964844,164.89999389648438,101471400
2013-08-23,133.6122283935547,166.6199951171875,166.8300018310547,165.77000427246094,166.5500030517578,90888900
2013-08-26,133.11514282226562,166.0,167.3000030517578,165.88999938964844,166.7899932861328,89702100
2013-08-27,130.9740447998047,163.3300018310547,166.0,163.2100067138672,164.36000061035156,158619400
2013-08-28,131.4391632080078,163.91000366210938,164.49000549316406,163.0500030517578,163.25999450683594,108113000
2013-08-29,131.64764404296875,164.1699981689453,165.0399932861328,163.39999389648438,163.5500030517578,119200500
2013-08-30,131.2306365966797,163.64999389648438,164.52999877929688,163.1699981689453,164.50999450683594,134928900
2013-09-03,131.82406616210938,164.38999938964844,165.5800018310547,163.6999969482422,165.22999572753906,142375100
2013-09-04,132.91464233398438,165.75,166.02999877929688,164.1300048828125,164.42999267578125,97389400
2013-09-05,133.08306884765625,165.9600067138672,166.39999389648438,165.72999572753906,165.85000610351562,63090500
2013-09-06,133.14724731445312,166.0399932861328,166.97999572753906,164.47999572753906,166.50999450683594,159756500
2013-09-09,134.4222412109375,167.6300048828125,167.72999572753906,166.4499969482422,166.4499969482422,87559300
2013-09-10,135.4165802001953,168.8699951171875,168.89999389648438,168.25999450683594,168.63999938964844,105847200
2013-09-11,135.84161376953125,169.39999389648438,169.39999389648438,168.35000610351562,168.63999938964844,94545900
2013-09-12,135.48074340820312,168.9499969482422,169.55999755859375,168.72000122070312,169.33999633789062,83209000
2013-09-13,135.78546142578125,169.3300018310547,169.4600067138672,168.74000549316406,169.1300048828125,72727800
2013-09-16,136.5712890625,170.30999755859375,171.24000549316406,170.0399932861328,171.16000366210938,106299200
2013-09-17,137.18087768554688,171.07000732421875,171.11000061035156,170.4600067138672,170.4600067138672,82523300
2013-09-18,138.76852416992188,173.0500030517578,173.52000427246094,170.5800018310547,171.00999450683594,203460600
2013-09-19,138.5359649658203,172.75999450683594,173.60000610351562,172.58999633789062,173.52000427246094,146616900
2013-09-20,137.5673828125,170.72000122070312,172.3300018310547,170.5800018310547,172.3300018310547,132867100
2013-09-23,136.93077087402344,169.92999267578125,170.64999389648438,169.38999938964844,170.49000549316406,104616500
2013-09-24,136.60845947265625,169.52999877929688,170.52999877929688,169.2100067138672,169.89999389648438,106333100
2013-09-25,136.21365356445312,169.0399932861328,169.97999572753906,168.88999938964844,169.63999938964844,117306500
2013-09-26,136.73736572265625,169.69000244140625,170.1699981689453,169.0500030517578,169.32000732421875,77146900
2013-09-27,136.10890197753906,168.91000366210938,169.13999938964844,168.47000122070312,168.83999633789062,99141800
2013-09-30,135.3836212158203,168.00999450683594,168.5399932861328,167.14999389648438,167.47999572753906,143937000
2013-10-01,136.45533752441406,169.33999633789062,169.5,167.97000122070312,168.13999938964844,127160000
2013-10-02,136.32647705078125,169.17999267578125,169.33999633789062,167.8300018310547,168.35000610351562,113350000
2013-10-03,135.06936645507812,167.6199951171875,168.94000244140625,166.83999633789062,168.7899932861328,176698000
2013-10-04,136.09275817871094,168.88999938964844,169.05999755859375,167.52999877929688,167.75,96878000
2013-10-07,134.91622924804688,167.42999267578125,168.4499969482422,167.25,167.4199981689453,96295000
2013-10-08,133.34495544433594,165.47999572753906,167.6199951171875,165.36000061035156,167.39999389648438,178015000
2013-10-09,133.4416961669922,165.60000610351562,166.1999969482422,164.52999877929688,165.8000030517578,168973000
2013-10-10,136.3184051513672,169.1699981689453,169.25999450683594,167.22999572753906,167.2899932861328,195955000
2013-10-11,137.19668579101562,170.25999450683594,170.32000732421875,168.77000427246094,168.91000366210938,105040000
2013-10-14,137.74459838867188,170.94000244140625,171.0800018310547,169.0800018310547,169.2100067138672,112106000
2013-10-15,136.74546813964844,169.6999969482422,171.14999389648438,169.47000122070312,170.50999450683594,155485000
2013-10-16,138.65521240234375,172.07000732421875,172.16000366210938,170.63999938964844,170.72000122070312,161676000
2013-10-17,139.5819549560547,173.22000122070312,173.32000732421875,171.33999633789062,171.3699951171875,129389000
2013-10-18,140.5247344970703,174.38999938964844,174.50999450683594,173.50999450683594,173.86000061035156,138316000
2013-10-21,140.53271484375,174.39999389648438,174.75,174.00999450683594,174.4499969482422,104104000
2013-10-22,141.3466033935547,175.41000366210938,175.92999267578125,174.42999267578125,174.91000366210938,126663000
2013-10-23,140.66976928710938,174.57000732421875,174.88999938964844,173.9600067138672,174.80999755859375,105484000
2013-10-24,141.13705444335938,175.14999389648438,175.3699951171875,174.50999450683594,174.9199981689453,70350000
2013-10-25,141.7817840576172,175.9499969482422,176.0,175.1699981689453,175.50999450683594,93625000
2013-10-28,142.0074462890625,176.22999572753906,176.47000122070312,175.6999969482422,175.88999938964844,84979000
2013-10-29,142.76483154296875,177.1699981689453,177.24000549316406,176.3800048828125,176.6300048828125,87401000
2013-10-30,142.05572509765625,176.2899932861328,177.50999450683594,175.66000366210938,177.3800048828125,140002000
2013-10-31,141.65289306640625,175.7899932861328,176.88999938964844,175.52999877929688,176.14999389648438,133795000
2013-11-01,141.9912872314453,176.2100067138672,176.61000061035156,175.22000122070312,176.02000427246094,142805000
2013-11-04,142.49085998535156,176.8300018310547,176.89999389648438,175.97999572753906,176.69000244140625,85677000
2013-11-05,142.0395965576172,176.27000427246094,176.75,175.57000732421875,176.13999938964844,85825000
2013-11-06,142.76483154296875,177.1699981689453,177.5,176.5399932861328,177.02999877929688,87348000
2013-11-07,140.9597930908203,174.92999267578125,177.63999938964844,174.75999450683594,177.5,157000000
2013-11-08,142.86155700683594,177.2899932861328,177.30999755859375,174.85000610351562,174.8699951171875,136713000
2013-11-11,142.88572692871094,177.32000732421875,177.52999877929688,176.91000366210938,177.1199951171875,62614000
2013-11-12,142.5956268310547,176.9600067138672,177.36000061035156,176.3699951171875,176.94000244140625,83990000
2013-11-13,143.7398681640625,178.3800048828125,178.42999267578125,176.08999633789062,176.08999633789062,103844000
2013-11-14,144.45703125,179.27000427246094,179.4199981689453,178.25,178.5399932861328,103435000
2013-11-15,145.08560180664062,180.0500030517578,180.1199951171875,179.3300018310547,179.55999755859375,102818000
2013-11-18,144.57789611816406,179.4199981689453,180.5,179.02000427246094,180.35000610351562,104796000
2013-11-19,144.2635955810547,179.02999877929688,179.8699951171875,178.72000122070312,179.3300018310547,93891000
2013-11-20,143.8124237060547,178.47000122070312,179.92999267578125,177.97999572753906,179.38999938964844,124909000
2013-11-21,144.9727783203125,179.91000366210938,180.0500030517578,178.86000061035156,178.97000122070312,92841000
2013-11-22,145.69798278808594,180.80999755859375,180.8300018310547,179.77000427246094,179.97999572753906,81296000
2013-11-25,145.55288696289062,180.6300048828125,181.1699981689453,180.3699951171875,181.1300048828125,79486000
2013-11-26,145.59326171875,180.67999267578125,181.22000122070312,180.41000366210938,180.72000122070312,86994000
2013-11-27,145.94776916503906,181.1199951171875,181.24000549316406,180.64999389648438,180.8699951171875,58800000
2013-11-29,145.85108947753906,181.0,181.75,180.8000030517578,181.32000732421875,55870900
2013-12-02,145.47235107421875,180.52999877929688,181.42999267578125,180.25,181.08999633789062,99726000
2013-12-03,144.8438720703125,179.75,180.38999938964844,179.1699981689453,179.94000244140625,116563000
2013-12-04,144.8277587890625,179.72999572753906,180.47999572753906,178.35000610351562,179.10000610351562,123033000
2013-12-05,144.19110107421875,178.94000244140625,179.74000549316406,178.77000427246094,179.41000366210938,106934000
2013-12-06,145.80276489257812,180.94000244140625,181.11000061035156,180.14999389648438,180.6699981689453,127728000
2013-12-09,146.17340087890625,181.39999389648438,181.6699981689453,181.16000366210938,181.47000122070312,70124000
2013-12-10,145.649658203125,180.75,181.36000061035156,180.63999938964844,180.97999572753906,80976000
2013-12-11,144.0137939453125,178.72000122070312,180.85000610351562,178.5,180.82000732421875,130591000
2013-12-12,143.53842163085938,178.1300048828125,178.86000061035156,177.75999450683594,178.63999938964844,115565000
2013-12-13,143.52232360839844,178.11000061035156,178.66000366210938,177.77000427246094,178.5,107808000
2013-12-16,144.416748046875,179.22000122070312,179.80999755859375,178.89999389648438,178.9499969482422,96195000
2013-12-17,143.95748901367188,178.64999389648438,179.41000366210938,178.25,179.3800048828125,89886000
2013-12-18,146.4151611328125,181.6999969482422,181.72999572753906,177.32000732421875,178.9199981689453,234906000
2013-12-19,146.24594116210938,181.49000549316406,181.6999969482422,180.7100067138672,181.17999267578125,136531200
2013-12-20,147.0966033935547,181.55999755859375,181.99000549316406,180.57000732421875,180.69000244140625,197087000
2013-12-23,147.88250732421875,182.52999877929688,182.63999938964844,182.07000732421875,182.4499969482422,85598000
2013-12-24,148.20657348632812,182.92999267578125,183.00999450683594,182.52999877929688,182.5399932861328,45368800
2013-12-26,148.9600372314453,183.86000061035156,183.9600067138672,183.32000732421875,183.33999633789062,63365000
2013-12-27,148.95193481445312,183.85000610351562,184.17999267578125,183.66000366210938,184.10000610351562,61814000
2013-12-30,148.92764282226562,183.82000732421875,184.02000427246094,183.5800018310547,183.8699951171875,56857000
2013-12-31,149.63250732421875,184.69000244140625,184.69000244140625,183.92999267578125,184.07000732421875,86119900
2014-01-02,148.19847106933594,182.9199981689453,184.07000732421875,182.47999572753906,183.97999572753906,119636900
2014-01-03,148.17416381835938,182.88999938964844,183.60000610351562,182.6300048828125,183.22999572753906,81390600
2014-01-06,147.7448272705078,182.36000061035156,183.55999755859375,182.0800018310547,183.49000549316406,108028200
2014-01-07,148.65220642089844,183.47999572753906,183.7899932861328,182.9499969482422,183.08999633789062,86144200
2014-01-08,148.6846160888672,183.52000427246094,183.8300018310547,182.88999938964844,183.4499969482422,96582300
2014-01-09,148.78182983398438,183.63999938964844,184.1300048828125,182.8000030517578,184.11000061035156,90683400
2014-01-10,149.18690490722656,184.13999938964844,184.22000122070312,183.00999450683594,183.9499969482422,102026400
2014-01-13,147.20193481445312,181.69000244140625,184.17999267578125,181.33999633789062,183.6699981689453,149892000
2014-01-14,148.80615234375,183.6699981689453,183.77000427246094,181.9499969482422,182.2899932861328,105016100
2014-01-15,149.60816955566406,184.66000366210938,184.94000244140625,183.7100067138672,184.10000610351562,98525800
2014-01-16,149.4137420654297,184.4199981689453,184.66000366210938,183.8300018310547,184.27999877929688,72290600
2014-01-17,148.78182983398438,183.63999938964844,184.4499969482422,183.32000732421875,184.10000610351562,107848700
2014-01-21,149.2192840576172,184.17999267578125,184.77000427246094,183.0500030517578,184.6999969482422,88621200
2014-01-22,149.31654357910156,184.3000030517578,184.57000732421875,183.91000366210938,184.49000549316406,61270900
2014-01-23,148.09312438964844,182.7899932861328,183.39999389648438,181.82000732421875,183.3699951171875,132496900
2014-01-24,144.93345642089844,178.88999938964844,181.66000366210938,178.8300018310547,181.60000610351562,208677100
2014-01-27,144.22042846679688,178.00999450683594,179.52000427246094,177.1199951171875,179.05999755859375,180843100
2014-01-28,145.0792999267578,179.07000732421875,179.3000030517578,178.1199951171875,178.13999938964844,110463200
2014-01-29,143.68577575683594,177.35000610351562,178.5500030517578,176.8800048828125,177.5800018310547,216597300
2014-01-30,145.20889282226562,179.22999572753906,179.80999755859375,178.25999450683594,178.8300018310547,118938100
2014-01-31,144.35821533203125,178.17999267578125,179.2899932861328,176.9199981689453,177.00999450683594,194677900
2014-02-03,141.10935974121094,174.1699981689453,178.3699951171875,173.8300018310547,177.97000122070312,254837100
2014-02-04,142.0978240966797,175.38999938964844,175.83999633789062,174.11000061035156,174.9499969482422,165012400
2014-02-05,141.91954040527344,175.1699981689453,175.55999755859375,173.7100067138672,174.77999877929688,164230500
2014-02-06,143.7910919189453,177.47999572753906,177.47999572753906,175.22000122070312,175.5800018310547,132877600
2014-02-07,145.57342529296875,179.67999267578125,179.8699951171875,177.72999572753906,178.30999755859375,170787200
2014-02-10,145.84083557128906,180.00999450683594,180.07000732421875,179.2100067138672,179.6999969482422,92218800
2014-02-11,147.43685913085938,181.97999572753906,182.44000244140625,180.0399932861328,180.16000366210938,117814100
2014-02-12,147.5098419189453,182.07000732421875,182.8300018310547,181.7100067138672,182.25,94717700
2014-02-13,148.27137756347656,183.00999450683594,183.1999969482422,180.8300018310547,180.83999633789062,100542200
2014-02-14,149.08969116210938,184.02000427246094,184.36000061035156,182.6699981689453,182.83999633789062,96498400
2014-02-18,149.26791381835938,184.24000549316406,184.49000549316406,183.64999389648438,184.17999267578125,80460900
2014-02-19,148.2794647216797,183.02000427246094,184.9499969482422,182.8699951171875,183.75999450683594,126524300
2014-02-20,149.15447998046875,184.10000610351562,184.52000427246094,182.60000610351562,183.27000427246094,104998100
2014-02-21,148.9843292236328,183.88999938964844,184.88999938964844,183.8000030517578,184.4499969482422,118116400
2014-02-24,149.81072998046875,184.91000366210938,186.14999389648438,184.1999969482422,184.27999877929688,114063900
2014-02-25,149.75405883789062,184.83999633789062,185.58999633789062,184.22999572753906,185.05999755859375,117085000
2014-02-26,149.76205444335938,184.85000610351562,185.60000610351562,184.3300018310547,185.11000061035156,98677200
2014-02-27,150.54798889160156,185.82000732421875,185.8699951171875,184.3699951171875,184.5800018310547,93880800
2014-02-28,150.9287872314453,186.2899932861328,187.14999389648438,185.0500030517578,185.7899932861328,150842000
2014-03-03,149.8674774169922,184.97999572753906,185.4499969482422,183.75,184.64999389648438,167748500
2014-03-04,151.9739532470703,187.5800018310547,187.97999572753906,186.75,186.7899932861328,167545900
2014-03-05,152.1116485595703,187.75,188.07000732421875,187.4499969482422,187.74000549316406,88376900
2014-03-06,152.46002197265625,188.17999267578125,188.61000061035156,187.77999877929688,188.2100067138672,82516500
2014-03-07,152.52484130859375,188.25999450683594,188.9600067138672,187.42999267578125,188.9600067138672,114513500
2014-03-10,152.44387817382812,188.16000366210938,188.22999572753906,187.0800018310547,187.97000122070312,74939200
2014-03-11,151.6903533935547,187.22999572753906,188.7100067138672,186.8000030517578,188.44000244140625,99009100
2014-03-12,151.73086547851562,187.27999877929688,187.35000610351562,185.89999389648438,186.32000732421875,104824400
2014-03-13,150.0294647216797,185.17999267578125,187.99000549316406,184.66000366210938,187.83999633789062,155014300
2014-03-14,149.60816955566406,184.66000366210938,185.8000030517578,184.44000244140625,184.85000610351562,153919600
2014-03-17,150.961181640625,186.3300018310547,186.77000427246094,185.50999450683594,185.58999633789062,98359500
2014-03-18,152.03872680664062,187.66000366210938,187.91000366210938,186.50999450683594,186.7100067138672,101804600
2014-03-19,151.22853088378906,186.66000366210938,187.94000244140625,185.47000122070312,187.67999267578125,176267300
2014-03-20,152.1116485595703,187.75,187.88999938964844,185.9199981689453,186.25,117241000
2014-03-21,151.52171325683594,186.1999969482422,189.02000427246094,186.02999877929688,187.7100067138672,163128000
2014-03-24,150.89505004882812,185.42999267578125,187.07000732421875,184.6199951171875,186.83999633789062,121411000
2014-03-25,151.61122131347656,186.30999755859375,186.94000244140625,185.27000427246094,186.3699951171875,103852000
2014-03-26,150.52073669433594,184.97000122070312,187.33999633789062,184.9199981689453,187.0399932861328,119843000
2014-03-27,150.2034149169922,184.5800018310547,185.33999633789062,183.89999389648438,184.75,142383000
2014-03-28,150.94386291503906,185.49000549316406,186.4199981689453,185.0,185.11000061035156,101642000
2014-03-31,152.18080139160156,187.00999450683594,187.3000030517578,185.52000427246094,186.6699981689453,99745000
2014-04-01,153.1898651123047,188.25,188.36000061035156,187.0,187.6199951171875,89193000
2014-04-02,153.7025604248047,188.8800048828125,189.1300048828125,188.13999938964844,188.49000549316406,78774000
2014-04-03,153.49911499023438,188.6300048828125,189.22000122070312,188.0500030517578,189.1699981689453,77435000
2014-04-04,151.6844024658203,186.39999389648438,189.6999969482422,186.10000610351562,189.66000366210938,169381000
2014-04-07,150.00811767578125,184.33999633789062,186.25999450683594,183.9600067138672,185.9499969482422,140803000
2014-04-08,150.6265411376953,185.10000610351562,185.39999389648438,183.58999633789062,184.25999450683594,112660000
2014-04-09,152.2459259033203,187.08999633789062,187.14999389648438,185.05999755859375,185.60000610351562,100254000
2014-04-10,149.04783630371094,183.16000366210938,187.1699981689453,182.92999267578125,187.0800018310547,172959000
2014-04-11,147.70510864257812,181.50999450683594,183.4199981689453,181.30999755859375,182.13999938964844,167251000
2014-04-14,148.86883544921875,182.94000244140625,183.3699951171875,181.44000244140625,182.92999267578125,132382000
2014-04-15,149.89414978027344,184.1999969482422,184.3300018310547,181.50999450683594,183.32000732421875,157093000
2014-04-16,151.46469116210938,186.1300048828125,186.13999938964844,184.64999389648438,185.47000122070312,105197000
2014-04-17,151.67626953125,186.38999938964844,186.91000366210938,185.55999755859375,185.8800048828125,105255000
2014-04-21,152.2052764892578,187.0399932861328,187.10000610351562,186.2100067138672,186.44000244140625,68329000
2014-04-22,152.89686584472656,187.88999938964844,188.39999389648438,187.1300048828125,187.22999572753906,85790000
2014-04-23,152.53887939453125,187.4499969482422,187.9199981689453,187.3000030517578,187.82000732421875,73869000
2014-04-24,152.84815979003906,187.8300018310547,188.38999938964844,186.92999267578125,188.3699951171875,88170000
2014-04-25,151.5949249267578,186.2899932861328,187.3300018310547,185.8699951171875,187.22000122070312,100380000
2014-04-28,152.07504272460938,186.8800048828125,187.69000244140625,184.9600067138672,187.0500030517578,135121000
2014-04-29,152.78298950195312,187.75,188.0399932861328,187.0800018310547,187.47999572753906,84098000
2014-04-30,153.2386932373047,188.30999755859375,188.5,187.17999267578125,187.44000244140625,101508000
2014-05-01,153.2550048828125,188.3300018310547,188.83999633789062,187.72999572753906,188.22000122070312,93019000
2014-05-02,153.03529357910156,188.05999755859375,189.13999938964844,187.77999877929688,188.30999755859375,98122000
2014-05-05,153.32818603515625,188.4199981689453,188.5500030517578,186.6199951171875,187.13999938964844,75883000
2014-05-06,151.99363708496094,186.77999877929688,188.1300048828125,186.74000549316406,188.0,85454000
2014-05-07,152.88876342773438,187.8800048828125,187.97000122070312,186.00999450683594,187.41000366210938,106500000
2014-05-08,152.7259979248047,187.67999267578125,189.0500030517578,187.0800018310547,187.7100067138672,93618000
2014-05-09,152.95387268066406,187.9600067138672,188.0399932861328,186.8300018310547,187.7100067138672,83679000
2014-05-12,154.4430389404297,189.7899932861328,189.8800048828125,188.0,188.8000030517578,86940000
2014-05-13,154.58145141601562,189.9600067138672,190.4199981689453,189.77000427246094,190.0399932861328,66454000
2014-05-14,153.84902954101562,189.05999755859375,189.8800048828125,188.7899932861328,189.7899932861328,72367000
2014-05-15,152.49815368652344,187.39999389648438,188.72000122070312,186.47999572753906,188.67999267578125,154956000
2014-05-16,153.02713012695312,188.0500030517578,188.1300048828125,186.72000122070312,187.50999450683594,97458000
2014-05-19,153.58863830566406,188.74000549316406,188.88999938964844,187.52000427246094,187.69000244140625,63839000
2014-05-20,152.6202392578125,187.5500030517578,188.6699981689453,187.07000732421875,188.64999389648438,111644000
2014-05-21,153.9059600830078,189.1300048828125,189.22000122070312,188.05999755859375,188.08999633789062,89093000
2014-05-22,154.28028869628906,189.58999633789062,189.97999572753906,188.86000061035156,189.17999267578125,61549000
2014-05-23,154.89878845214844,190.35000610351562,190.47999572753906,189.58999633789062,189.75999450683594,61092800
2014-05-27,155.8509063720703,191.52000427246094,191.5800018310547,190.9499969482422,191.05999755859375,72010000
2014-05-28,155.73696899414062,191.3800048828125,191.82000732421875,191.05999755859375,191.52000427246094,66723000
2014-05-29,156.54254150390625,192.3699951171875,192.39999389648438,191.3300018310547,191.82000732421875,64377000
2014-05-30,156.79483032226562,192.67999267578125,192.8000030517578,192.02999877929688,192.19000244140625,76316000
2014-06-02,156.97386169433594,192.89999389648438,192.99000549316406,191.97000122070312,192.9499969482422,64656000
2014-06-03,156.89247131347656,192.8000030517578,192.89999389648438,192.25,192.42999267578125,65047000
2014-06-04,157.2098388671875,193.19000244140625,193.3000030517578,192.27000427246094,192.47000122070312,55529000
2014-06-05,158.2351531982422,194.4499969482422,194.64999389648438,192.6999969482422,193.41000366210938,92103000
2014-06-06,158.991943359375,195.3800048828125,195.42999267578125,194.77999877929688,194.8699951171875,78696000
2014-06-09,159.1546630859375,195.5800018310547,196.0500030517578,195.1699981689453,195.35000610351562,65119000
2014-06-10,159.17100524902344,195.60000610351562,195.63999938964844,194.9199981689453,195.33999633789062,57129000
2014-06-11,158.61767578125,194.9199981689453,195.1199951171875,194.47999572753906,194.89999389648438,68772000
2014-06-12,157.49464416503906,193.5399932861328,194.8000030517578,193.11000061035156,194.69000244140625,106350000
2014-06-13,157.97476196289062,194.1300048828125,194.32000732421875,193.3000030517578,193.9199981689453,82017000
2014-06-16,158.10491943359375,194.2899932861328,194.6999969482422,193.66000366210938,193.88999938964844,87424000
2014-06-17,158.54437255859375,194.8300018310547,194.97000122070312,193.80999755859375,194.02000427246094,84834000
2014-06-18,159.7081298828125,196.25999450683594,196.3699951171875,194.39999389648438,194.8300018310547,105267000
2014-06-19,159.88710021972656,196.47999572753906,196.60000610351562,195.8000030517578,196.42999267578125,85929000
2014-06-20,160.21173095703125,195.94000244140625,196.10000610351562,195.6999969482422,196.02999877929688,100587000
2014-06-23,160.1626434326172,195.8800048828125,196.0500030517578,195.52000427246094,195.99000549316406,70611000
2014-06-24,159.19778442382812,194.6999969482422,196.5,194.47999572753906,195.52999877929688,96237000
2014-06-25,159.91732788085938,195.5800018310547,195.77999877929688,194.25,194.2899932861328,82782000
2014-06-26,159.80288696289062,195.44000244140625,195.6300048828125,194.1300048828125,195.61000061035156,84312000
2014-06-27,160.11361694335938,195.82000732421875,195.8800048828125,194.88999938964844,194.97999572753906,71445100
2014-06-30,160.03182983398438,195.72000122070312,196.1699981689453,195.52999877929688,195.6999969482422,70201200
2014-07-01,161.10292053222656,197.02999877929688,197.6300048828125,196.1300048828125,196.1999969482422,90470000
2014-07-02,161.2665252685547,197.22999572753906,197.47999572753906,196.9600067138672,197.0500030517578,52475000
2014-07-03,162.0596160888672,198.1999969482422,198.2899932861328,197.63999938964844,197.7899932861328,52938800
2014-07-07,161.4954376220703,197.50999450683594,197.97999572753906,197.22000122070312,197.82000732421875,61696000
2014-07-08,160.45703125,196.24000549316406,197.22000122070312,195.75999450683594,197.14999389648438,108143000
2014-07-09,161.17657470703125,197.1199951171875,197.3000030517578,196.30999755859375,196.72999572753906,72992000
2014-07-10,160.5387420654297,196.33999633789062,196.86000061035156,195.05999755859375,195.22000122070312,99040000
2014-07-11,160.75953674316406,196.61000061035156,196.75,195.77999877929688,196.22000122070312,64243000
2014-07-14,161.5690460205078,197.60000610351562,197.86000061035156,197.44000244140625,197.61000061035156,58658000
2014-07-15,161.2665252685547,197.22999572753906,198.10000610351562,196.36000061035156,197.72000122070312,111307000
2014-07-16,161.8634033203125,197.9600067138672,198.25999450683594,197.4199981689453,198.11000061035156,79986400
2014-07-17,160.0236358642578,195.7100067138672,198.10000610351562,195.42999267578125,197.35000610351562,145398000
2014-07-18,161.65895080566406,197.7100067138672,197.91000366210938,196.24000549316406,196.35000610351562,124330000
2014-07-21,161.35643005371094,197.33999633789062,197.5,196.42999267578125,197.08999633789062,67592000
2014-07-22,162.0596160888672,198.1999969482422,198.55999755859375,197.8699951171875,198.00999450683594,67678000
2014-07-23,162.41940307617188,198.63999938964844,198.85000610351562,198.10000610351562,198.5,65612000
2014-07-24,162.4275360107422,198.64999389648438,199.05999755859375,198.4499969482422,198.8300018310547,56888000
2014-07-25,161.66712951660156,197.72000122070312,198.25999450683594,197.3300018310547,198.08999633789062,76837000
2014-07-28,161.73255920410156,197.8000030517578,198.08999633789062,196.6199951171875,197.75999450683594,69259000
2014-07-29,161.03750610351562,196.9499969482422,198.4499969482422,196.9199981689453,198.1699981689453,80466000
2014-07-30,161.0620880126953,196.97999572753906,197.91000366210938,196.16000366210938,197.64999389648438,104222000
2014-07-31,157.8813934326172,193.08999633789062,195.77999877929688,192.97000122070312,195.61000061035156,183479000
2014-08-01,157.39901733398438,192.5,193.75999450683594,191.57000732421875,192.55999755859375,189261000
2014-08-04,158.53549194335938,193.88999938964844,194.3000030517578,192.0500030517578,192.8699951171875,91340000
2014-08-05,156.99830627441406,192.00999450683594,193.60000610351562,191.30999755859375,193.10000610351562,152690000
2014-08-06,157.04739379882812,192.07000732421875,192.88999938964844,191.0800018310547,191.11000061035156,94818000
2014-08-07,156.19699096679688,191.02999877929688,193.1300048828125,190.5500030517578,192.94000244140625,135733000
2014-08-08,158.00404357910156,193.24000549316406,193.3699951171875,190.9499969482422,191.4600067138672,117014000
2014-08-11,158.46189880371094,193.8000030517578,194.66000366210938,193.7100067138672,193.97000122070312,74544000
2014-08-12,158.2412109375,193.52999877929688,194.14999389648438,192.94000244140625,193.61000061035156,73632000
2014-08-13,159.31227111816406,194.83999633789062,195.05999755859375,193.9600067138672,194.2899932861328,69047000
2014-08-14,160.0645294189453,195.75999450683594,195.75999450683594,194.97999572753906,195.16000366210938,57371000
2014-08-15,160.03182983398438,195.72000122070312,196.64999389648438,194.30999755859375,196.47000122070312,139951000
2014-08-18,161.37283325195312,197.36000061035156,197.4499969482422,196.69000244140625,196.8000030517578,75424000
2014-08-19,162.21499633789062,198.38999938964844,198.5399932861328,197.44000244140625,197.83999633789062,59135000
2014-08-20,162.64830017089844,198.9199981689453,199.16000366210938,198.0800018310547,198.1199951171875,72763000
2014-08-21,163.12257385253906,199.5,199.75999450683594,198.92999267578125,199.08999633789062,67791000
2014-08-22,162.86904907226562,199.19000244140625,199.69000244140625,198.74000549316406,199.33999633789062,76107000
2014-08-25,163.69497680664062,200.1999969482422,200.58999633789062,199.14999389648438,200.13999938964844,63855000
2014-08-26,163.80126953125,200.3300018310547,200.82000732421875,200.27999877929688,200.3300018310547,47298000
2014-08-27,163.73582458496094,200.25,200.57000732421875,199.94000244140625,200.42999267578125,47874000
2014-08-28,163.6458740234375,200.13999938964844,200.27000427246094,199.38999938964844,199.58999633789062,58330000
2014-08-29,164.1119384765625,200.7100067138672,200.72999572753906,199.82000732421875,200.4499969482422,65907000
2014-09-02,164.03016662597656,200.61000061035156,201.0,199.86000061035156,200.97000122070312,72426000
2014-09-03,163.9402313232422,200.5,201.41000366210938,200.22000122070312,201.3800048828125,57462000
2014-09-04,163.70315551757812,200.2100067138672,201.5800018310547,199.66000366210938,200.83999633789062,85236000
2014-09-05,164.4390106201172,201.11000061035156,201.19000244140625,199.41000366210938,200.1699981689453,102177000
2014-09-08,164.0137939453125,200.58999633789062,201.2100067138672,200.0,200.9199981689453,64146000
2014-09-09,162.97535705566406,199.32000732421875,200.5500030517578,198.91000366210938,200.41000366210938,88591000
2014-09-10,163.58865356445312,200.07000732421875,200.1999969482422,198.77000427246094,199.42999267578125,67251000
2014-09-11,163.7766876220703,200.3000030517578,200.3300018310547,199.1199951171875,199.27000427246094,66774400
2014-09-12,162.82000732421875,199.1300048828125,200.1199951171875,198.55999755859375,200.10000610351562,117409300
2014-09-15,162.69737243652344,198.97999572753906,199.32000732421875,198.3800048828125,199.16000366210938,76401000
2014-09-16,163.92379760742188,200.47999572753906,200.83999633789062,198.5,198.61000061035156,116201000
2014-09-17,164.1446533203125,200.75,201.67999267578125,199.75,200.77000427246094,151266000
2014-09-18,165.01954650878906,201.82000732421875,201.85000610351562,201.10000610351562,201.36000061035156,94990000
2014-09-19,164.8708038330078,200.6999969482422,201.89999389648438,200.2899932861328,201.52000427246094,121649000
2014-09-22,163.59754943847656,199.14999389648438,200.3800048828125,198.72999572753906,200.35000610351562,125553000
2014-09-23,162.66104125976562,198.00999450683594,199.25999450683594,197.9499969482422,198.42999267578125,111393000
2014-09-24,163.93438720703125,199.55999755859375,199.69000244140625,197.52000427246094,198.0399932861328,107276000
2014-09-25,161.28916931152344,196.33999633789062,199.0500030517578,196.27000427246094,199.0399932861328,150300000
2014-09-26,162.57070922851562,197.89999389648438,198.38999938964844,196.4199981689453,196.6999969482422,103547000
2014-09-29,162.27493286132812,197.5399932861328,197.88999938964844,196.0500030517578,196.1999969482422,95112000
2014-09-30,161.84776306152344,197.02000427246094,198.3000030517578,196.61000061035156,197.69000244140625,131302000
2014-10-01,159.65444946289062,194.35000610351562,196.77000427246094,193.91000366210938,196.6999969482422,177798000
2014-10-02,159.67910766601562,194.3800048828125,195.05999755859375,192.35000610351562,194.17999267578125,157285000
2014-10-03,161.43707275390625,196.52000427246094,196.94000244140625,195.0800018310547,195.67999267578125,121569000
2014-10-06,161.24810791015625,196.2899932861328,197.60000610351562,195.5800018310547,197.33999633789062,104778000
2014-10-07,158.75901794433594,193.25999450683594,195.72000122070312,193.22000122070312,195.27999877929688,147913000
2014-10-08,161.53561401367188,196.63999938964844,196.9199981689453,192.36000061035156,193.3699951171875,186461000
2014-10-09,158.3318634033203,192.74000549316406,196.60000610351562,192.5800018310547,196.3300018310547,210705000
2014-10-10,156.52456665039062,190.5399932861328,193.64999389648438,190.49000549316406,192.69000244140625,221909000
2014-10-13,153.95339965820312,187.41000366210938,191.14999389648438,187.3000030517578,190.4600067138672,230939000
2014-10-14,154.19158935546875,187.6999969482422,189.82000732421875,187.0399932861328,188.4199981689453,215847000
2014-10-15,153.14834594726562,186.42999267578125,187.69000244140625,181.9199981689453,185.16000366210938,380715000
2014-10-16,153.01690673828125,186.27000427246094,187.5800018310547,182.88999938964844,183.05999755859375,270391000
2014-10-17,154.82412719726562,188.47000122070312,189.75,187.6199951171875,188.4199981689453,214625000
2014-10-20,156.32749938964844,190.3000030517578,190.4499969482422,188.07000732421875,188.1300048828125,130011000
2014-10-21,159.42449951171875,194.07000732421875,194.1999969482422,191.47999572753906,191.67999267578125,154949000
2014-10-22,158.29078674316406,192.69000244140625,194.91000366210938,192.61000061035156,194.41000366210938,151822000
2014-10-23,160.1309051513672,194.92999267578125,196.1999969482422,194.25999450683594,194.6199951171875,154944000
2014-10-24,161.3631134033203,196.42999267578125,196.49000549316406,194.49000549316406,195.25,117927000
2014-10-27,161.14134216308594,196.16000366210938,196.4499969482422,195.02999877929688,195.72999572753906,82954000
2014-10-28,162.98965454101562,198.41000366210938,198.4199981689453,196.72999572753906,196.82000732421875,106736000
2014-10-29,162.74317932128906,198.11000061035156,199.1199951171875,196.8000030517578,198.5500030517578,142557000
2014-10-30,163.7864532470703,199.3800048828125,199.9499969482422,197.39999389648438,197.5800018310547,113330000
2014-10-31,165.659423828125,201.66000366210938,201.82000732421875,200.77000427246094,201.77999877929688,146903000
2014-11-03,165.74984741210938,201.77000427246094,202.4499969482422,201.30999755859375,201.9199981689453,93600000
2014-11-04,165.17483520507812,201.07000732421875,201.60000610351562,200.05999755859375,201.22999572753906,93343000
2014-11-05,166.21807861328125,202.33999633789062,202.58999633789062,201.4499969482422,202.5399932861328,91709000
2014-11-06,166.88348388671875,203.14999389648438,203.25999450683594,201.63999938964844,202.38999938964844,107089000
2014-11-07,167.03956604003906,203.33999633789062,203.60000610351562,202.61000061035156,203.1699981689453,89540000
2014-11-10,167.56529235839844,203.97999572753906,204.0399932861328,203.1300048828125,203.3800048828125,66319000
2014-11-11,167.7295684814453,204.17999267578125,204.30999755859375,203.64999389648438,204.05999755859375,54499400
2014-11-12,167.54885864257812,203.9600067138672,204.24000549316406,203.30999755859375,203.35000610351562,90120300
2014-11-13,167.73780822753906,204.19000244140625,204.8300018310547,203.2100067138672,204.16000366210938,85357900
2014-11-14,167.77890014648438,204.24000549316406,204.49000549316406,203.72000122070312,204.10000610351562,80417500
2014-11-17,167.88568115234375,204.3699951171875,204.5800018310547,203.64999389648438,203.85000610351562,80441000
2014-11-18,168.85498046875,205.5500030517578,205.9199981689453,204.44000244140625,204.44000244140625,76068100
2014-11-19,168.58392333984375,205.22000122070312,205.5500030517578,204.3000030517578,205.30999755859375,82373000
2014-11-20,168.87962341308594,205.5800018310547,205.7100067138672,204.17999267578125,204.25999450683594,72840300
2014-11-21,169.7832794189453,206.67999267578125,207.83999633789062,205.97999572753906,207.63999938964844,142327300
2014-11-24,170.2597198486328,207.25999450683594,207.38999938964844,206.91000366210938,207.1699981689453,65880800
2014-11-25,170.13648986816406,207.11000061035156,207.7899932861328,206.8000030517578,207.5399932861328,79108300
2014-11-26,170.57192993164062,207.63999938964844,207.75999450683594,207.02999877929688,207.2899932861328,62167800
2014-11-28,170.21046447753906,207.1999969482422,207.8699951171875,206.91000366210938,207.49000549316406,57890100
2014-12-01,169.0275115966797,205.75999450683594,206.5399932861328,205.3800048828125,206.39999389648438,103968400
2014-12-02,170.1201171875,207.08999633789062,207.33999633789062,205.77999877929688,205.80999755859375,74507200
2014-12-03,170.7772979736328,207.88999938964844,208.14999389648438,207.10000610351562,207.3000030517578,68952000
2014-12-04,170.5883331298828,207.66000366210938,208.27000427246094,206.6999969482422,207.5399932861328,91316600
2014-12-05,170.86758422851562,208.0,208.47000122070312,207.5500030517578,207.8699951171875,91025500
2014-12-08,169.72584533691406,206.61000061035156,208.1199951171875,205.92999267578125,207.52000427246094,108588200
2014-12-09,169.61077880859375,206.47000122070312,206.60000610351562,203.91000366210938,204.3699951171875,125180100
2014-12-10,166.89169311523438,203.16000366210938,205.97999572753906,202.92999267578125,205.91000366210938,159856400
2014-12-11,167.73780822753906,204.19000244140625,206.19000244140625,203.7100067138672,203.8800048828125,159012800
2014-12-12,165.02694702148438,200.88999938964844,203.82000732421875,200.85000610351562,202.63999938964844,202330200
2014-12-15,163.8932647705078,199.50999450683594,202.52999877929688,198.77999877929688,201.97999572753906,189965800
2014-12-16,162.5789337158203,197.91000366210938,202.39999389648438,197.86000061035156,198.5800018310547,259543800
2014-12-17,165.76626586914062,201.7899932861328,202.33999633789062,198.2899932861328,198.44000244140625,253910100
2014-12-18,169.86546325683594,206.77999877929688,212.97000122070312,203.9199981689453,204.74000549316406,257633900
2014-12-19,170.58816528320312,206.52000427246094,207.3300018310547,205.61000061035156,206.42999267578125,245084600
2014-12-22,171.37290954589844,207.47000122070312,207.47000122070312,206.4600067138672,206.75,148318900
2014-12-23,171.6042022705078,207.75,208.22999572753906,207.39999389648438,208.1699981689453,122167900
2014-12-24,171.6207733154297,207.77000427246094,208.33999633789062,207.72000122070312,208.02000427246094,42963400
2014-12-26,172.17413330078125,208.44000244140625,208.85000610351562,208.25,208.30999755859375,57326700
2014-12-29,172.40542602539062,208.72000122070312,208.97000122070312,208.13999938964844,208.22000122070312,79643900
2014-12-30,171.48031616210938,207.60000610351562,208.3699951171875,207.50999450683594,208.2100067138672,73540800
2014-12-31,169.77870178222656,205.5399932861328,208.19000244140625,205.38999938964844,207.99000549316406,130333800
2015-01-02,169.6877899169922,205.42999267578125,206.8800048828125,204.17999267578125,206.3800048828125,121465900
2015-01-05,166.62335205078125,201.72000122070312,204.3699951171875,201.35000610351562,204.1699981689453,169632600
2015-01-06,165.0539093017578,199.82000732421875,202.72000122070312,198.86000061035156,202.08999633789062,209151400
2015-01-07,167.11065673828125,202.30999755859375,202.72000122070312,200.8800048828125,201.4199981689453,125346700
2015-01-08,170.07601928710938,205.89999389648438,206.16000366210938,203.99000549316406,204.00999450683594,147217800
2015-01-09,168.71315002441406,204.25,206.4199981689453,203.50999450683594,206.39999389648438,158567300
2015-01-12,167.3915557861328,202.64999389648438,204.60000610351562,201.9199981689453,204.41000366210938,144396100
2015-01-13,166.9207305908203,202.0800018310547,205.47999572753906,200.50999450683594,204.1199951171875,214553300
2015-01-14,165.9129638671875,200.86000061035156,201.10000610351562,198.57000732421875,199.64999389648438,192991100
2015-01-15,164.39312744140625,199.02000427246094,202.00999450683594,198.8800048828125,201.6300048828125,176613900
2015-01-16,166.5490264892578,201.6300048828125,201.82000732421875,198.5500030517578,198.77000427246094,211879600
2015-01-20,166.90414428710938,202.05999755859375,202.72000122070312,200.1699981689453,202.39999389648438,130991100
2015-01-21,167.74667358398438,203.0800018310547,203.66000366210938,200.94000244140625,201.5,122942700
2015-01-22,170.24130249023438,206.10000610351562,206.25999450683594,202.3300018310547,203.99000549316406,174356000
2015-01-23,169.30787658691406,204.97000122070312,206.10000610351562,204.80999755859375,205.7899932861328,117516800
2015-01-26,169.7043914794922,205.4499969482422,205.55999755859375,203.85000610351562,204.7100067138672,92009700
2015-01-27,167.4658660888672,202.74000549316406,204.1199951171875,201.74000549316406,202.97000122070312,134044600
2015-01-28,165.31825256347656,200.13999938964844,204.2899932861328,199.91000366210938,204.1699981689453,168514300
2015-01-29,166.84637451171875,201.99000549316406,202.3000030517578,198.67999267578125,200.3800048828125,173585400
2015-01-30,164.74826049804688,199.4499969482422,202.1699981689453,199.1300048828125,200.57000732421875,197729700
2015-02-02,166.78855895996094,201.9199981689453,202.02999877929688,197.86000061035156,200.0500030517578,163107000
2015-02-03,169.20050048828125,204.83999633789062,204.85000610351562,202.5500030517578,203.0,124212900
2015-02-04,168.55618286132812,204.05999755859375,205.3800048828125,203.50999450683594,203.9199981689453,134306700
2015-02-05,170.2578125,206.1199951171875,206.3000030517578,204.77000427246094,204.86000061035156,97953200
2015-02-06,169.7869873046875,205.5500030517578,207.24000549316406,204.9199981689453,206.55999755859375,125672000
2015-02-09,169.0270233154297,204.6300048828125,205.63999938964844,204.13999938964844,204.77000427246094,87219000
2015-02-10,170.82772827148438,206.80999755859375,207.1199951171875,204.67999267578125,205.8800048828125,96164200
2015-02-11,170.92684936523438,206.92999267578125,207.4499969482422,205.8300018310547,206.61000061035156,91087800
2015-02-12,172.57064819335938,208.9199981689453,208.99000549316406,206.97000122070312,207.88999938964844,97545900
2015-02-13,173.2810516357422,209.77999877929688,209.83999633789062,208.75999450683594,209.07000732421875,93670400
2015-02-17,173.5535888671875,210.11000061035156,210.32000732421875,209.10000610351562,209.39999389648438,76968200
2015-02-18,173.57012939453125,210.1300048828125,210.22000122070312,209.33999633789062,209.66000366210938,80652900
2015-02-19,173.44619750976562,209.97999572753906,210.4199981689453,209.24000549316406,209.41000366210938,91462500
2015-02-20,174.48699951171875,211.24000549316406,211.3300018310547,208.72999572753906,209.47999572753906,140896400
2015-02-23,174.4622039794922,211.2100067138672,211.2100067138672,210.47999572753906,210.94000244140625,74411100
2015-02-24,174.9578399658203,211.80999755859375,212.0500030517578,210.75999450683594,211.1199951171875,72472300
2015-02-25,174.80914306640625,211.6300048828125,212.24000549316406,211.22000122070312,211.66000366210938,73061700
2015-02-26,174.6026153564453,211.3800048828125,211.7100067138672,210.64999389648438,211.52000427246094,72697900
2015-02-27,174.00794982910156,210.66000366210938,211.5800018310547,210.60000610351562,211.25999450683594,108076000
2015-03-02,175.10647583007812,211.99000549316406,212.05999755859375,210.72000122070312,210.77999877929688,87491400
2015-03-03,174.3878173828125,211.1199951171875,212.0500030517578,210.0800018310547,211.47000122070312,110325800
2015-03-04,173.6526641845703,210.22999572753906,210.49000549316406,209.05999755859375,210.39999389648438,114497200
2015-03-05,173.84271240234375,210.4600067138672,210.8000030517578,209.85000610351562,210.6199951171875,76873000
2015-03-06,171.39773559570312,207.5,209.94000244140625,207.10000610351562,209.4199981689453,188128000
2015-03-09,172.10804748535156,208.36000061035156,208.7899932861328,207.5500030517578,207.74000549316406,89818900
2015-03-10,169.31614685058594,204.97999572753906,206.80999755859375,204.92999267578125,206.7100067138672,157121300
2015-03-11,168.91964721679688,204.5,205.5,204.39999389648438,205.2899932861328,110145700
2015-03-12,171.0673065185547,207.10000610351562,207.17999267578125,205.1999969482422,205.25999450683594,93993500
2015-03-13,170.018310546875,205.8300018310547,207.92999267578125,204.5800018310547,206.77000427246094,162410900
2015-03-16,172.28981018066406,208.5800018310547,208.69000244140625,205.86000061035156,206.7100067138672,136099200
2015-03-17,171.77767944335938,207.9600067138672,208.4199981689453,206.97999572753906,207.69000244140625,94510400
2015-03-18,173.84271240234375,210.4600067138672,211.27000427246094,206.6199951171875,207.38999938964844,228808500
2015-03-19,173.0497283935547,209.5,210.47000122070312,209.02999877929688,209.9600067138672,117917300
2015-03-20,174.57720947265625,210.41000366210938,211.02000427246094,209.49000549316406,209.7100067138672,177715100
2015-03-23,174.23699951171875,210.0,211.11000061035156,210.0,210.4199981689453,71784500
2015-03-24,173.25802612304688,208.82000732421875,210.39999389648438,208.74000549316406,209.85000610351562,77805300
2015-03-25,170.7190704345703,205.75999450683594,209.35000610351562,205.7100067138672,209.07000732421875,159521700
2015-03-26,170.3125457763672,205.27000427246094,206.3699951171875,204.1199951171875,204.9600067138672,153067200
2015-03-27,170.70249938964844,205.74000549316406,205.9499969482422,204.89999389648438,205.1300048828125,118939000
2015-03-30,172.78501892089844,208.25,208.61000061035156,206.9600067138672,206.97999572753906,96180400
2015-03-31,171.2749786376953,206.42999267578125,208.10000610351562,206.36000061035156,207.25999450683594,126768700
2015-04-01,170.66928100585938,205.6999969482422,206.4199981689453,204.50999450683594,206.38999938964844,137303600
2015-04-02,171.28330993652344,206.44000244140625,206.97999572753906,205.39999389648438,205.6199951171875,86900900
2015-04-06,172.4365997314453,207.8300018310547,208.4499969482422,205.2100067138672,205.3699951171875,114368200
2015-04-07,171.98025512695312,207.27999877929688,208.75999450683594,207.24000549316406,207.86000061035156,81236300
2015-04-08,172.56103515625,207.97999572753906,208.50999450683594,207.0800018310547,207.5500030517578,89351900
2015-04-09,173.3243408203125,208.89999389648438,209.17999267578125,207.19000244140625,207.77999877929688,85548900
2015-04-10,174.2701873779297,210.0399932861328,210.08999633789062,208.9600067138672,209.1999969482422,72722900
2015-04-13,173.48204040527344,209.08999633789062,210.6300048828125,209.02999877929688,209.8699951171875,74436600
2015-04-14,173.81387329101562,209.49000549316406,209.7100067138672,208.10000610351562,208.85000610351562,75099900
2015-04-15,174.5937957763672,210.42999267578125,211.0399932861328,209.9499969482422,210.0500030517578,99529300
2015-04-16,174.5440673828125,210.3699951171875,210.97999572753906,209.7899932861328,210.02999877929688,68934900
2015-04-17,172.5361328125,207.9499969482422,209.22999572753906,207.00999450683594,208.94000244140625,191113200
2015-04-20,174.11260986328125,209.85000610351562,210.25,208.9600067138672,209.05999755859375,92189500
2015-04-21,173.9051055908203,209.60000610351562,210.86000061035156,209.24000549316406,210.6699981689453,72559800
2015-04-22,174.7597198486328,210.6300048828125,210.85000610351562,208.89999389648438,210.00999450683594,78264600
2015-04-23,175.19952392578125,211.16000366210938,211.94000244140625,210.00999450683594,210.14999389648438,102585900
2015-04-24,175.6060028076172,211.64999389648438,211.97000122070312,211.11000061035156,211.66000366210938,61327400
2015-04-27,174.8759002685547,210.77000427246094,212.47999572753906,210.5399932861328,212.3300018310547,79358100
2015-04-28,175.43182373046875,211.44000244140625,211.5,209.3300018310547,210.74000549316406,86863500
2015-04-29,174.7099609375,210.57000732421875,211.2899932861328,209.60000610351562,210.3699951171875,125684900
2015-04-30,172.95932006835938,208.4600067138672,210.35000610351562,207.6199951171875,209.8800048828125,161304900
2015-05-01,174.83444213867188,210.72000122070312,210.77000427246094,209.27999877929688,209.39999389648438,103399700
2015-05-04,175.33218383789062,211.32000732421875,212.02000427246094,211.10000610351562,211.22999572753906,70927200
2015-05-05,173.3243408203125,208.89999389648438,211.4600067138672,208.72999572753906,211.02999877929688,113326200
2015-05-06,172.61077880859375,208.0399932861328,209.92999267578125,206.75999450683594,209.55999755859375,135060200
2015-05-07,173.29940795898438,208.8699951171875,209.3800048828125,207.52000427246094,207.9199981689453,88244900
2015-05-08,175.58114624023438,211.6199951171875,211.86000061035156,210.77999877929688,210.8800048828125,155877300
2015-05-11,174.7431182861328,210.61000061035156,211.88999938964844,210.52000427246094,211.57000732421875,75708100
2015-05-12,174.22042846679688,209.97999572753906,210.6300048828125,208.6199951171875,209.61000061035156,119727600
2015-05-13,174.25363159179688,210.02000427246094,211.22000122070312,209.74000549316406,210.47000122070312,94667900
2015-05-14,176.0706787109375,212.2100067138672,212.32000732421875,210.91000366210938,211.24000549316406,95934000
2015-05-15,176.261474609375,212.44000244140625,212.61000061035156,211.86000061035156,212.44000244140625,76510100
2015-05-18,176.80909729003906,213.10000610351562,213.39999389648438,212.16000366210938,212.24000549316406,74549700
2015-05-19,176.75099182128906,213.02999877929688,213.57000732421875,212.69000244140625,213.24000549316406,72114600
2015-05-20,176.6265869140625,212.8800048828125,213.77999877929688,212.5,213.14999389648438,76857500
2015-05-21,177.14097595214844,213.5,213.75,212.50999450683594,212.7100067138672,64764600
2015-05-22,176.71783447265625,212.99000549316406,213.5399932861328,212.91000366210938,213.0399932861328,57433500
2015-05-26,174.81777954101562,210.6999969482422,212.91000366210938,210.1999969482422,212.39999389648438,124308600
2015-05-27,176.4772186279297,212.6999969482422,212.97999572753906,210.75999450683594,211.25,93214000
2015-05-28,176.27804565429688,212.4600067138672,212.58999633789062,211.6300048828125,212.3300018310547,74974600
2015-05-29,175.18287658691406,211.13999938964844,212.42999267578125,210.82000732421875,212.3800048828125,124919600
2015-06-01,175.53964233398438,211.57000732421875,212.33999633789062,210.6199951171875,211.94000244140625,93338800
2015-06-02,175.36541748046875,211.36000061035156,212.19000244140625,210.27000427246094,211.02000427246094,91531000
2015-06-03,175.8300323486328,211.9199981689453,212.6699981689453,211.3300018310547,212.0,87820900
2015-06-04,174.34490966796875,210.1300048828125,211.86000061035156,209.75,211.07000732421875,151882800
2015-06-05,174.04620361328125,209.77000427246094,210.5800018310547,208.97999572753906,209.9499969482422,121704700
2015-06-08,172.9759063720703,208.47999572753906,209.82000732421875,208.38999938964844,209.63999938964844,89063300
2015-06-09,172.95095825195312,208.4499969482422,209.10000610351562,207.69000244140625,208.4499969482422,105034700
2015-06-10,175.02520751953125,210.9499969482422,211.41000366210938,209.3000030517578,209.3699951171875,134551300
2015-06-11,175.58944702148438,211.6300048828125,212.08999633789062,211.1999969482422,211.47999572753906,73876400
2015-06-12,174.2452392578125,210.00999450683594,211.47999572753906,209.67999267578125,210.63999938964844,135382400
2015-06-15,173.4985809326172,209.11000061035156,209.4499969482422,207.7899932861328,208.63999938964844,124384200
2015-06-16,174.4444580078125,210.25,210.35000610351562,208.72000122070312,208.92999267578125,85308200
2015-06-17,174.72659301757812,210.58999633789062,211.32000732421875,209.36000061035156,210.58999633789062,126708600
2015-06-18,176.54359436035156,212.77999877929688,213.33999633789062,210.6300048828125,211.30999755859375,165867900
2015-06-19,175.75985717773438,210.80999755859375,211.5500030517578,210.36000061035156,211.4600067138672,130478700
2015-06-22,176.6602783203125,211.88999938964844,212.58999633789062,211.63999938964844,211.91000366210938,70696000
2015-06-23,176.78533935546875,212.0399932861328,212.44000244140625,211.57000732421875,212.13999938964844,68476800
2015-06-24,175.5013885498047,210.5,212.1699981689453,210.47000122070312,211.72000122070312,92307300
2015-06-25,174.96783447265625,209.86000061035156,211.25,209.77000427246094,211.10000610351562,97107400
2015-06-26,174.93450927734375,209.82000732421875,210.5800018310547,209.16000366210938,210.2899932861328,104174800
2015-06-29,171.26600646972656,205.4199981689453,209.8300018310547,205.3300018310547,208.0500030517578,202621300
2015-06-30,171.62457275390625,205.85000610351562,207.32000732421875,205.27999877929688,207.25999450683594,182925100
2015-07-01,173.00025939941406,207.5,208.02999877929688,206.55999755859375,207.72999572753906,135979900
2015-07-02,172.84181213378906,207.30999755859375,208.27000427246094,206.80999755859375,208.07000732421875,104373700
2015-07-06,172.34986877441406,206.72000122070312,207.64999389648438,205.52999877929688,205.77000427246094,117975400
2015-07-07,173.43377685546875,208.02000427246094,208.1699981689453,204.11000061035156,206.9600067138672,173820200
2015-07-08,170.52401733398438,204.52999877929688,206.75999450683594,204.25,206.4199981689453,164020100
2015-07-09,170.83248901367188,204.89999389648438,207.35000610351562,204.77000427246094,207.0399932861328,144113100
2015-07-10,172.9835205078125,207.47999572753906,207.97999572753906,204.9499969482422,207.2899932861328,129456900
2015-07-13,174.89280700683594,209.77000427246094,209.89999389648438,208.94000244140625,208.99000549316406,106069400
2015-07-14,175.65151977539062,210.67999267578125,211.0500030517578,209.64999389648438,209.72000122070312,81709600
2015-07-15,175.5931396484375,210.61000061035156,211.27999877929688,210.0399932861328,210.72999572753906,97914100
2015-07-16,177.00213623046875,212.3000030517578,212.3000030517578,211.5800018310547,211.8699951171875,106683300
2015-07-17,177.1521759033203,212.47999572753906,212.5500030517578,211.8000030517578,212.2899932861328,89030000
2015-07-20,177.24388122558594,212.58999633789062,213.17999267578125,212.2100067138672,212.75,70446800
2015-07-21,176.54360961914062,211.75,212.74000549316406,211.38999938964844,212.42999267578125,77965000
2015-07-22,176.22679138183594,211.3699951171875,211.77000427246094,210.88999938964844,210.92999267578125,88667900
2015-07-23,175.23458862304688,210.17999267578125,211.64999389648438,209.75,211.52999877929688,90509100
2015-07-24,173.41709899902344,208.0,210.3699951171875,207.60000610351562,210.3000030517578,117755000
2015-07-27,172.4082794189453,206.7899932861328,207.5500030517578,206.25999450683594,206.94000244140625,132361100
2015-07-28,174.5259246826172,209.3300018310547,209.5,206.8000030517578,207.7899932861328,123544800
2015-07-29,175.7265167236328,210.77000427246094,211.0399932861328,209.30999755859375,209.47999572753906,105791300
2015-07-30,175.7682342529297,210.82000732421875,211.02000427246094,209.4199981689453,210.16000366210938,91304400
2015-07-31,175.5013885498047,210.5,211.4499969482422,210.16000366210938,211.4199981689453,103266900
2015-08-03,174.90945434570312,209.7899932861328,210.52999877929688,208.64999389648438,210.4600067138672,113965700
2015-08-04,174.567626953125,209.3800048828125,210.25,208.8000030517578,209.6999969482422,81820800
2015-08-05,175.14292907714844,210.07000732421875,211.30999755859375,209.72999572753906,210.4499969482422,85786800
2015-08-06,173.70884704589844,208.35000610351562,210.4199981689453,207.64999389648438,210.2899932861328,116030800
2015-08-07,173.3753662109375,207.9499969482422,208.33999633789062,206.8699951171875,208.16000366210938,117858000
2015-08-10,175.55978393554688,210.57000732421875,210.6699981689453,209.27999877929688,209.27999877929688,80270700
2015-08-11,173.9757080078125,208.6699981689453,209.47000122070312,207.75999450683594,208.97000122070312,126081400
2015-08-12,174.18414306640625,208.9199981689453,209.13999938964844,205.36000061035156,207.11000061035156,172123700
2015-08-13,173.96726989746094,208.66000366210938,209.5500030517578,208.00999450683594,208.72999572753906,89383300
2015-08-14,174.60098266601562,209.4199981689453,209.50999450683594,208.25999450683594,208.42999267578125,72786500
2015-08-17,175.57647705078125,210.58999633789062,210.58999633789062,208.16000366210938,208.7100067138672,79072600
2015-08-18,175.06788635253906,209.97999572753906,210.67999267578125,209.6999969482422,210.25999450683594,71692700
2015-08-19,173.6838836669922,208.32000732421875,210.00999450683594,207.35000610351562,209.08999633789062,172946000
2015-08-20,170.05712890625,203.97000122070312,208.2899932861328,203.89999389648438,206.50999450683594,194327900
2015-08-21,164.93795776367188,197.8300018310547,203.94000244140625,197.52000427246094,201.72999572753906,346588500
2015-08-24,157.99298095703125,189.5,197.47999572753906,182.39999389648438,187.49000549316406,507244300
2015-08-25,156.1337432861328,187.27000427246094,195.4499969482422,186.9199981689453,195.42999267578125,369833100
2015-08-26,162.1283416748047,194.4600067138672,194.7899932861328,188.3699951171875,192.0800018310547,339257000
2015-08-27,166.13856506347656,199.27000427246094,199.4199981689453,195.2100067138672,197.02000427246094,274143900
2015-08-28,166.14688110351562,199.27999877929688,199.83999633789062,197.9199981689453,198.5,160414400
2015-08-31,164.80453491210938,197.6699981689453,199.1300048828125,197.00999450683594,198.11000061035156,163298800
2015-09-01,159.8855438232422,191.77000427246094,194.77000427246094,190.72999572753906,193.1199951171875,256000400
2015-09-02,162.9203338623047,195.41000366210938,195.4600067138672,192.4199981689453,194.6199951171875,160269300
2015-09-03,163.03707885742188,195.5500030517578,198.0500030517578,194.9600067138672,196.25999450683594,152087800
2015-09-04,160.56924438476562,192.58999633789062,193.86000061035156,191.61000061035156,192.85000610351562,207081000
2015-09-08,164.6044921875,197.42999267578125,197.61000061035156,195.1699981689453,195.94000244140625,116025700
2015-09-09,162.4034423828125,194.7899932861328,199.47000122070312,194.35000610351562,199.32000732421875,149347700
2015-09-10,163.28717041015625,195.85000610351562,197.22000122070312,194.25,194.55999755859375,158611100
2015-09-11,164.02920532226562,196.74000549316406,196.82000732421875,194.52999877929688,195.3800048828125,119691200
2015-09-14,163.42059326171875,196.00999450683594,197.00999450683594,195.42999267578125,196.9499969482422,79452000
2015-09-15,165.4632568359375,198.4600067138672,198.99000549316406,195.9600067138672,196.61000061035156,113806200
2015-09-16,166.89720153808594,200.17999267578125,200.41000366210938,198.41000366210938,198.82000732421875,99581600
2015-09-17,166.5220489501953,199.72999572753906,202.88999938964844,199.27999877929688,200.02000427246094,276046600
2015-09-18,163.80087280273438,195.4499969482422,198.67999267578125,194.9600067138672,195.7100067138672,223657500
2015-09-21,164.64730834960938,196.4600067138672,197.67999267578125,195.2100067138672,196.44000244140625,105726200
2015-09-22,162.51026916503906,193.91000366210938,194.4600067138672,192.55999755859375,193.8800048828125,153890900
2015-09-23,162.2504119873047,193.60000610351562,194.6699981689453,192.91000366210938,194.11000061035156,92790600
2015-09-24,161.66384887695312,192.89999389648438,193.4499969482422,190.55999755859375,192.14999389648438,159378800
2015-09-25,161.62188720703125,192.85000610351562,195.0,191.80999755859375,194.63999938964844,155054800
2015-09-28,157.56564331054688,188.00999450683594,191.91000366210938,187.63999938964844,191.77999877929688,178515900
2015-09-29,157.65782165527344,188.1199951171875,189.74000549316406,186.92999267578125,188.27000427246094,159045600
2015-09-30,160.59945678710938,191.6300048828125,191.8300018310547,189.44000244140625,190.3699951171875,163452000
2015-10-01,161.0184783935547,192.1300048828125,192.49000549316406,189.82000732421875,192.0800018310547,131079000
2015-10-02,163.42373657226562,195.0,195.02999877929688,189.1199951171875,189.77000427246094,211003300
2015-10-05,166.33180236816406,198.47000122070312,198.74000549316406,196.3300018310547,196.4600067138672,126320800
2015-10-06,165.7619171142578,197.7899932861328,198.97999572753906,197.0,198.30999755859375,110274500
2015-10-07,167.11964416503906,199.41000366210938,199.8300018310547,197.47999572753906,198.89999389648438,124307300
2015-10-08,168.62818908691406,201.2100067138672,201.5500030517578,198.58999633789062,198.9499969482422,153055200
2015-10-09,168.7288055419922,201.3300018310547,201.89999389648438,200.5800018310547,201.3800048828125,107069200
2015-10-12,168.88795471191406,201.52000427246094,201.75999450683594,200.91000366210938,201.4199981689453,56395600
2015-10-13,167.82362365722656,200.25,202.16000366210938,200.0500030517578,200.64999389648438,88038700
2015-10-14,167.01904296875,199.2899932861328,200.8699951171875,198.94000244140625,200.17999267578125,99106200
2015-10-15,169.58355712890625,202.35000610351562,202.36000061035156,199.63999938964844,200.0800018310547,134142200
2015-10-16,170.3545684814453,203.27000427246094,203.2899932861328,201.9199981689453,202.8300018310547,114580100
2015-10-19,170.4384307861328,203.3699951171875,203.3699951171875,202.1300048828125,202.5,76523900
2015-10-20,170.220458984375,203.11000061035156,203.83999633789062,202.5500030517578,202.85000610351562,78448500
2015-10-21,169.16453552246094,201.85000610351562,203.7899932861328,201.64999389648438,203.61000061035156,102038000
2015-10-22,172.02230834960938,205.25999450683594,205.50999450683594,201.85000610351562,202.97999572753906,174911700
2015-10-23,173.9080047607422,207.50999450683594,207.9499969482422,206.3000030517578,207.25,144442300
2015-10-26,173.4805908203125,207.0,207.3699951171875,206.55999755859375,207.3000030517578,69033000
2015-10-27,173.1453857421875,206.60000610351562,207.0,205.7899932861328,206.1999969482422,77905800
2015-10-28,175.1148223876953,208.9499969482422,208.97999572753906,206.2100067138672,207.0,135906700
2015-10-29,175.01429748535156,208.8300018310547,209.27000427246094,208.2100067138672,208.35000610351562,90525500
2015-10-30,174.25999450683594,207.92999267578125,209.44000244140625,207.74000549316406,209.05999755859375,131076900
2015-11-02,176.32159423828125,210.38999938964844,210.6199951171875,208.1699981689453,208.32000732421875,86270800
2015-11-03,176.83287048339844,211.0,211.66000366210938,209.6999969482422,209.97000122070312,95246100
2015-11-04,176.2965087890625,210.36000061035156,211.5,209.72000122070312,211.35000610351562,96224500
2015-11-05,176.12046813964844,210.14999389648438,210.97999572753906,209.08999633789062,210.42999267578125,78408700
2015-11-06,176.02833557128906,210.0399932861328,210.32000732421875,208.4600067138672,209.74000549316406,110471500
2015-11-09,174.3857421875,208.0800018310547,209.49000549316406,206.9499969482422,209.30999755859375,131008700
2015-11-10,174.78793334960938,208.55999755859375,208.60000610351562,207.19000244140625,207.50999450683594,75874600
2015-11-11,174.10081481933594,207.74000549316406,208.94000244140625,207.66000366210938,208.8800048828125,67846000
2015-11-12,171.6703643798828,204.83999633789062,207.05999755859375,204.82000732421875,206.5,121315200
2015-11-13,169.74281311035156,202.5399932861328,204.6699981689453,202.44000244140625,204.35000610351562,153577100
2015-11-16,172.32400512695312,205.6199951171875,205.69000244140625,202.17999267578125,202.32000732421875,117645200
2015-11-17,172.1983642578125,205.47000122070312,207.0399932861328,204.8800048828125,205.99000549316406,121123700
2015-11-18,174.93043518066406,208.72999572753906,208.89999389648438,205.99000549316406,206.0399932861328,121342500
2015-11-19,174.7796173095703,208.5500030517578,209.0500030517578,208.1999969482422,208.58999633789062,88220500
2015-11-20,175.41650390625,209.30999755859375,210.1199951171875,208.86000061035156,209.4499969482422,94011500
2015-11-23,175.21536254882812,209.07000732421875,209.97999572753906,208.52000427246094,209.3800048828125,64931200
2015-11-24,175.4499969482422,209.35000610351562,209.8300018310547,207.41000366210938,207.8699951171875,98874400
2015-11-25,175.42491149902344,209.32000732421875,209.74000549316406,209.00999450683594,209.5,51980100
2015-11-27,175.62603759765625,209.55999755859375,209.8000030517578,208.86000061035156,209.42999267578125,37317800
2015-11-30,174.89694213867188,208.69000244140625,209.88999938964844,208.55999755859375,209.75,112822700
2015-12-01,176.564697265625,210.67999267578125,210.82000732421875,209.11000061035156,209.44000244140625,97858400
2015-12-02,174.7628173828125,208.52999877929688,211.0,208.22999572753906,210.6199951171875,108441300
2015-12-03,172.31568908691406,205.61000061035156,209.14999389648438,204.75,208.8300018310547,166224200
2015-12-04,175.67633056640625,209.6199951171875,209.97000122070312,205.61000061035156,205.61000061035156,192913900
2015-12-07,174.61196899414062,208.35000610351562,209.72999572753906,207.1999969482422,209.22999572753906,102027100
2015-12-08,173.43869018554688,206.9499969482422,208.2899932861328,205.77999877929688,206.49000549316406,103372400
2015-12-09,172.08938598632812,205.33999633789062,208.67999267578125,204.17999267578125,206.19000244140625,162401500
2015-12-10,172.53355407714844,205.8699951171875,207.42999267578125,205.13999938964844,205.4199981689453,116128900
2015-12-11,169.1896514892578,201.8800048828125,204.13999938964844,201.50999450683594,203.35000610351562,211173300
2015-12-14,170.04449462890625,202.89999389648438,203.0500030517578,199.9499969482422,202.07000732421875,182385200
2015-12-15,171.82962036132812,205.02999877929688,206.11000061035156,202.8699951171875,204.6999969482422,154069600
2015-12-16,174.34381103515625,208.02999877929688,208.38999938964844,204.8000030517578,206.3699951171875,197017000
2015-12-17,171.68711853027344,204.86000061035156,208.47999572753906,204.83999633789062,208.39999389648438,173092500
2015-12-18,168.62847900390625,200.02000427246094,202.92999267578125,199.8300018310547,202.77000427246094,251393500
2015-12-21,170.01956176757812,201.6699981689453,201.8800048828125,200.08999633789062,201.41000366210938,99094300
2015-12-22,171.56234741210938,203.5,203.85000610351562,201.5500030517578,202.72000122070312,111026200
2015-12-23,173.68682861328125,206.02000427246094,206.07000732421875,204.5800018310547,204.69000244140625,110987200
2015-12-24,173.40023803710938,205.67999267578125,206.3300018310547,205.4199981689453,205.72000122070312,48539600
2015-12-28,173.00396728515625,205.2100067138672,205.25999450683594,203.94000244140625,204.86000061035156,65899900
2015-12-29,174.85023498535156,207.39999389648438,207.7899932861328,206.47000122070312,206.50999450683594,92640700
2015-12-30,173.61094665527344,205.92999267578125,207.2100067138672,205.75999450683594,207.11000061035156,63317700
2015-12-31,171.87432861328125,203.8699951171875,205.88999938964844,203.8699951171875,205.1300048828125,114877900
2016-01-04,169.47157287597656,201.02000427246094,201.02999877929688,198.58999633789062,200.49000549316406,222353500
2016-01-05,169.7582244873047,201.36000061035156,201.89999389648438,200.0500030517578,201.39999389648438,110845800
2016-01-06,167.6168212890625,198.82000732421875,200.05999755859375,197.60000610351562,198.33999633789062,152112600
2016-01-07,163.5954132080078,194.0500030517578,197.44000244140625,193.58999633789062,195.3300018310547,213436100
2016-01-08,161.79971313476562,191.9199981689453,195.85000610351562,191.5800018310547,195.19000244140625,209817200
2016-01-11,161.95993041992188,192.11000061035156,193.41000366210938,189.82000732421875,193.00999450683594,187941300
2016-01-12,163.26666259765625,193.66000366210938,194.5500030517578,191.13999938964844,193.82000732421875,172330500
2016-01-13,159.19471740722656,188.8300018310547,194.86000061035156,188.3800048828125,194.4499969482422,221168900
2016-01-14,161.80816650390625,191.92999267578125,193.25999450683594,187.66000366210938,189.5500030517578,240795600
2016-01-15,158.33474731445312,187.80999755859375,188.75999450683594,185.52000427246094,186.77000427246094,324846400
2016-01-19,158.54551696777344,188.05999755859375,190.11000061035156,186.1999969482422,189.9600067138672,195244400
2016-01-20,156.51368713378906,185.64999389648438,187.5,181.02000427246094,185.02999877929688,286547800
2016-01-21,157.39053344726562,186.69000244140625,188.8699951171875,184.63999938964844,186.2100067138672,195772900
2016-01-22,160.61944580078125,190.52000427246094,190.75999450683594,188.8800048828125,189.77999877929688,168319600
2016-01-25,158.19137573242188,187.63999938964844,190.14999389648438,187.41000366210938,189.9199981689453,130371700
2016-01-26,160.34967041015625,190.1999969482422,190.52999877929688,188.02000427246094,188.4199981689453,141036800
2016-01-27,158.6045684814453,188.1300048828125,191.55999755859375,187.05999755859375,189.5800018310547,185681700
2016-01-28,159.43067932128906,189.11000061035156,190.1999969482422,187.16000366210938,189.9600067138672,143798800
2016-01-29,163.31724548339844,193.72000122070312,193.8800048828125,189.8800048828125,190.02000427246094,210529300
2016-02-01,163.25819396972656,193.64999389648438,194.5800018310547,191.83999633789062,192.52999877929688,136061600
2016-02-02,160.31591796875,190.16000366210938,191.97000122070312,189.5399932861328,191.9600067138672,182564900
2016-02-03,161.27703857421875,191.3000030517578,191.77999877929688,187.10000610351562,191.41000366210938,205054900
2016-02-04,161.5299835205078,191.60000610351562,192.75,189.9600067138672,190.7100067138672,139531800
2016-02-05,158.45269775390625,187.9499969482422,191.6699981689453,187.1999969482422,190.99000549316406,180788300
2016-02-08,156.31983947753906,185.4199981689453,186.1199951171875,182.8000030517578,185.77000427246094,191526700
2016-02-09,156.32823181152344,185.42999267578125,186.94000244140625,183.1999969482422,183.36000061035156,184513100
2016-02-10,156.19338989257812,185.27000427246094,188.33999633789062,185.1199951171875,186.41000366210938,148214100
2016-02-11,154.16165161132812,182.86000061035156,184.10000610351562,181.08999633789062,182.33999633789062,219058900
2016-02-12,157.3399200439453,186.6300048828125,186.64999389648438,183.9600067138672,184.9600067138672,127632400
2016-02-16,159.99560546875,189.77999877929688,189.80999755859375,187.6300048828125,188.77000427246094,120250700
2016-02-17,162.60903930664062,192.8800048828125,193.32000732421875,191.00999450683594,191.16000366210938,136009500
2016-02-18,161.94302368164062,192.08999633789062,193.27000427246094,191.72000122070312,193.1999969482422,102343000
2016-02-19,161.8671875,192.0,192.17999267578125,190.4499969482422,191.1699981689453,114793000
2016-02-22,164.21090698242188,194.77999877929688,194.9499969482422,193.7899932861328,193.8699951171875,103640300
2016-02-23,162.13694763183594,192.32000732421875,194.32000732421875,192.17999267578125,194.0,111455300
2016-02-24,162.8787841796875,193.1999969482422,193.52999877929688,189.32000732421875,190.6300048828125,150812200
2016-02-25,164.85165405273438,195.5399932861328,195.5500030517578,192.8300018310547,193.72999572753906,110728300
2016-02-26,164.4722442626953,195.08999633789062,196.67999267578125,194.89999389648438,196.57000732421875,129833700
2016-02-29,163.18235778808594,193.55999755859375,196.22999572753906,193.3300018310547,195.11000061035156,125918100
2016-03-01,167.01824951171875,198.11000061035156,198.2100067138672,194.4499969482422,195.00999450683594,141799700
2016-03-02,167.76858520507812,199.0,199.05999755859375,197.25,197.74000549316406,102415000
2016-03-03,168.42616271972656,199.77999877929688,199.8000030517578,198.11000061035156,198.7899932861328,95172200
2016-03-04,168.97412109375,200.42999267578125,201.35000610351562,199.02999877929688,200.00999450683594,129293600
2016-03-07,169.10899353027344,200.58999633789062,201.07000732421875,199.25,199.33999633789062,100219000
2016-03-08,167.26272583007812,198.39999389648438,199.9199981689453,198.2100067138672,199.32000732421875,123974900
2016-03-09,168.08897399902344,199.3800048828125,199.7899932861328,198.42999267578125,199.36000061035156,94801200
2016-03-10,168.22386169433594,199.5399932861328,201.07000732421875,197.3800048828125,199.9600067138672,156838700
2016-03-11,170.93844604492188,202.75999450683594,202.80999755859375,199.52000427246094,201.25999450683594,137964500
2016-03-14,170.7192840576172,202.5,203.0399932861328,201.77000427246094,202.16000366210938,73612000
2016-03-15,170.44102478027344,202.1699981689453,202.52999877929688,201.0500030517578,201.36000061035156,93169100
2016-03-16,171.42742919921875,203.33999633789062,203.82000732421875,201.5500030517578,201.60000610351562,129303200
2016-03-17,172.51499938964844,204.6300048828125,205.22999572753906,202.77000427246094,203.24000549316406,134278500
2016-03-18,173.1929473876953,204.3800048828125,204.77999877929688,203.8000030517578,204.1699981689453,138372400
2016-03-21,173.43865966796875,204.6699981689453,204.94000244140625,203.8000030517578,204.07000732421875,72926700
2016-03-22,173.345458984375,204.55999755859375,205.22999572753906,203.57000732421875,203.75999450683594,97471900
2016-03-23,172.20143127441406,203.2100067138672,204.3300018310547,203.00999450683594,204.11000061035156,81052500
2016-03-24,172.1251983642578,203.1199951171875,203.16000366210938,201.74000549316406,202.0,84360900
2016-03-28,172.22683715820312,203.24000549316406,203.86000061035156,202.7100067138672,203.61000061035156,62408200
2016-03-29,173.8199462890625,205.1199951171875,205.25,202.39999389648438,202.75999450683594,92922900
2016-03-30,174.5826416015625,206.02000427246094,206.8699951171875,205.58999633789062,206.3000030517578,86365300
2016-03-31,174.1590118408203,205.52000427246094,206.41000366210938,205.3300018310547,205.91000366210938,94584100
2016-04-01,175.34530639648438,206.9199981689453,207.13999938964844,203.97999572753906,204.35000610351562,114423500
2016-04-04,174.7775421142578,206.25,207.07000732421875,205.88999938964844,206.8300018310547,63497000
2016-04-05,173.0318603515625,204.19000244140625,206.25999450683594,203.88999938964844,204.6699981689453,99662200
2016-04-06,174.92161560058594,206.4199981689453,206.49000549316406,203.97999572753906,204.19000244140625,91839800
2016-04-07,172.8284912109375,203.9499969482422,205.55999755859375,203.08999633789062,205.13999938964844,113859000
2016-04-08,173.2946014404297,204.5,205.85000610351562,203.8699951171875,205.33999633789062,95040600
2016-04-11,172.88784790039062,204.02000427246094,206.07000732421875,203.91000366210938,205.25,83757500
2016-04-12,174.4979248046875,205.9199981689453,206.25,203.6999969482422,204.22000122070312,115350600
2016-04-13,176.26051330566406,208.0,208.10000610351562,206.83999633789062,207.0,96336400
2016-04-14,176.26901245117188,208.00999450683594,208.60000610351562,207.60000610351562,208.07000732421875,65212900
2016-04-15,176.0740203857422,207.77999877929688,208.1699981689453,207.39999389648438,208.00999450683594,75761600
2016-04-18,177.3113555908203,209.24000549316406,209.27999877929688,207.0,207.77999877929688,82531000
2016-04-19,177.87062072753906,209.89999389648438,210.1999969482422,208.94000244140625,209.74000549316406,88316100
2016-04-20,178.0401153564453,210.10000610351562,210.9199981689453,209.38999938964844,209.9499969482422,81100300
2016-04-21,177.0824737548828,208.97000122070312,210.25,208.64999389648438,210.1199951171875,85695000
2016-04-22,177.0824737548828,208.97000122070312,209.2899932861328,207.91000366210938,208.5500030517578,99251700
2016-04-25,176.77745056152344,208.61000061035156,208.66000366210938,207.5399932861328,208.25999450683594,66166500
2016-04-26,177.04014587402344,208.9199981689453,209.52000427246094,208.36000061035156,209.0399932861328,75864200
2016-04-27,177.4044952392578,209.35000610351562,209.80999755859375,208.0500030517578,208.47000122070312,77329400
2016-04-28,175.79441833496094,207.4499969482422,209.75999450683594,206.9600067138672,208.4600067138672,97216200
2016-04-29,174.84536743164062,206.3300018310547,207.1300048828125,205.02999877929688,206.72000122070312,142424100
2016-05-02,176.2351531982422,207.97000122070312,208.17999267578125,206.41000366210938,206.9199981689453,62188000
2016-05-03,174.7012939453125,206.16000366210938,206.8000030517578,205.27999877929688,206.52000427246094,106422100
2016-05-04,173.7267608642578,205.00999450683594,205.85000610351562,204.4199981689453,204.99000549316406,92243800
2016-05-05,173.69288635253906,204.97000122070312,205.97999572753906,204.47000122070312,205.55999755859375,67619200
2016-05-06,174.32843017578125,205.72000122070312,205.77000427246094,203.8800048828125,204.05999755859375,89315000
2016-05-09,174.4725341796875,205.88999938964844,206.39999389648438,205.36000061035156,205.57000732421875,74374900
2016-05-10,176.64186096191406,208.4499969482422,208.47000122070312,206.63999938964844,206.72000122070312,77472200
2016-05-11,174.98944091796875,206.5,208.5399932861328,206.5,207.91000366210938,81727000
2016-05-12,175.04022216796875,206.55999755859375,207.49000549316406,205.3699951171875,207.2899932861328,89586300
2016-05-13,173.51492309570312,204.75999450683594,206.86000061035156,204.3800048828125,206.2100067138672,96474600
2016-05-16,175.22669982910156,206.77999877929688,207.33999633789062,204.88999938964844,204.9600067138672,77486800
2016-05-17,173.59117126464844,204.85000610351562,206.8000030517578,204.22999572753906,206.4600067138672,114924900
2016-05-18,173.64205932617188,204.91000366210938,206.3000030517578,203.6300048828125,204.44000244140625,120062100
2016-05-19,173.04037475585938,204.1999969482422,204.5399932861328,202.77999877929688,204.05999755859375,115430500
2016-05-20,174.13356018066406,205.49000549316406,206.10000610351562,204.86000061035156,204.9199981689453,104990400
2016-05-23,173.896240234375,205.2100067138672,205.83999633789062,204.99000549316406,205.50999450683594,58682600
2016-05-24,176.15036010742188,207.8699951171875,208.24000549316406,206.13999938964844,206.1699981689453,93537800
2016-05-25,177.3451385498047,209.27999877929688,209.77000427246094,207.8699951171875,208.6699981689453,76621400
2016-05-26,177.39605712890625,209.33999633789062,209.7100067138672,208.97000122070312,209.44000244140625,55280700
2016-05-27,178.15870666503906,210.24000549316406,210.25,209.47000122070312,209.52999877929688,64211200
2016-05-31,177.81979370117188,209.83999633789062,210.69000244140625,209.17999267578125,210.55999755859375,109879400
2016-06-01,178.18417358398438,210.27000427246094,210.47999572753906,208.88999938964844,209.1199951171875,69936200
2016-06-02,178.72647094726562,210.91000366210938,210.92999267578125,209.24000549316406,209.8000030517578,63044700
2016-06-03,178.19259643554688,210.27999877929688,210.69000244140625,208.86000061035156,210.25,101757100
2016-06-06,179.0993194580078,211.35000610351562,211.77000427246094,210.50999450683594,210.6999969482422,64887000
2016-06-07,179.3789825439453,211.67999267578125,212.33999633789062,211.5,211.52999877929688,60974800
2016-06-08,179.96372985839844,212.3699951171875,212.52000427246094,211.69000244140625,211.83999633789062,66170900
2016-06-09,179.7179412841797,212.0800018310547,212.22000122070312,211.19000244140625,211.50999450683594,73786900
2016-06-10,178.01461791992188,210.07000732421875,210.86000061035156,209.42999267578125,210.4600067138672,113829200
2016-06-13,176.64186096191406,208.4499969482422,210.3699951171875,208.35000610351562,209.36000061035156,117751200
2016-06-14,176.29441833496094,208.0399932861328,208.74000549316406,206.9199981689453,208.0,125059300
2016-06-15,176.0486297607422,207.75,209.36000061035156,207.52999877929688,208.0399932861328,109124500
2016-06-16,176.57406616210938,208.3699951171875,208.57000732421875,205.58999633789062,207.75,149533100
2016-06-17,175.9164276123047,206.52000427246094,207.1999969482422,205.75,207.1699981689453,117055700
2016-06-20,177.04933166503906,207.85000610351562,209.61000061035156,207.75,208.82000732421875,82789600
2016-06-21,177.55194091796875,208.44000244140625,208.9199981689453,207.77999877929688,208.3000030517578,72461700
2016-06-22,177.2623291015625,208.10000610351562,209.5,207.92999267578125,208.64999389648438,95560500
2016-06-23,179.5707244873047,210.80999755859375,210.8699951171875,209.27000427246094,209.80999755859375,102731400
2016-06-24,173.12254333496094,203.24000549316406,210.85000610351562,202.72000122070312,203.6300048828125,333444400
2016-06-27,170.0218505859375,199.60000610351562,201.60000610351562,198.64999389648438,201.58999633789062,230775800
2016-06-28,173.0884246826172,203.1999969482422,203.22999572753906,201.1199951171875,201.47999572753906,159382400
2016-06-29,176.03575134277344,206.66000366210938,206.92999267578125,204.72000122070312,204.83999633789062,137328600
2016-06-30,178.43783569335938,209.47999572753906,209.5399932861328,206.55999755859375,207.2100067138672,165021900
2016-07-01,178.8126220703125,209.9199981689453,210.49000549316406,209.2899932861328,209.47999572753906,106055300
2016-07-05,177.5263214111328,208.41000366210938,209.0800018310547,207.7100067138672,208.9499969482422,109803700
2016-07-06,178.5912322998047,209.66000366210938,209.8000030517578,207.05999755859375,207.8300018310547,96021500
2016-07-07,178.48040771484375,209.52999877929688,210.64999389648438,208.6300048828125,209.8699951171875,85593800
2016-07-08,181.1381378173828,212.64999389648438,212.94000244140625,210.77999877929688,211.0500030517578,133971000
2016-07-11,181.7769012451172,213.39999389648438,214.07000732421875,212.9499969482422,213.19000244140625,73633900
2016-07-12,183.0972442626953,214.9499969482422,215.3000030517578,213.42999267578125,214.52999877929688,101275600
2016-07-13,183.07168579101562,214.9199981689453,215.4499969482422,214.35000610351562,215.44000244140625,87324100
2016-07-14,184.09388732910156,216.1199951171875,216.6699981689453,215.66000366210938,216.39999389648438,91230900
2016-07-15,183.84686279296875,215.8300018310547,217.00999450683594,215.30999755859375,216.77999877929688,107155400
2016-07-18,184.34091186523438,216.41000366210938,216.60000610351562,215.6699981689453,215.97000122070312,58725900
2016-07-19,184.15347290039062,216.19000244140625,216.22999572753906,215.6300048828125,215.9199981689453,54345700
2016-07-20,184.92013549804688,217.08999633789062,217.3699951171875,216.19000244140625,216.19000244140625,58159500
2016-07-21,184.22164916992188,216.27000427246094,217.22000122070312,215.75,216.9600067138672,67777300
2016-07-22,185.0478973388672,217.24000549316406,217.3000030517578,216.10000610351562,216.41000366210938,62787500
2016-07-25,184.5452880859375,216.64999389648438,217.05999755859375,215.97000122070312,217.0,55873100
2016-07-26,184.63052368164062,216.75,217.1699981689453,215.75999450683594,216.52999877929688,70080500
2016-07-27,184.4346160888672,216.52000427246094,217.27000427246094,215.6199951171875,217.19000244140625,84083900
2016-07-28,184.64755249023438,216.77000427246094,217.11000061035156,215.75,216.2899932861328,65035700
2016-07-29,184.94569396972656,217.1199951171875,217.5399932861328,216.1300048828125,216.4600067138672,79519400
2016-08-01,184.79238891601562,216.94000244140625,217.64999389648438,216.41000366210938,217.19000244140625,73311400
2016-08-02,183.60836791992188,215.5500030517578,216.8300018310547,214.57000732421875,216.64999389648438,92295500
2016-08-03,184.1449737548828,216.17999267578125,216.25,215.1300048828125,215.47999572753906,53993600
2016-08-04,184.34091186523438,216.41000366210938,216.77999877929688,214.25,216.30999755859375,46585500
2016-08-05,185.8486328125,218.17999267578125,218.22999572753906,216.41000366210938,216.41000366210938,71892200
2016-08-08,185.7378692626953,218.0500030517578,218.52000427246094,217.74000549316406,218.39999389648438,39906500
2016-08-09,185.8486328125,218.17999267578125,218.75999450683594,217.8000030517578,218.1300048828125,51251700
2016-08-10,185.3886260986328,217.63999938964844,218.39999389648438,217.22999572753906,218.30999755859375,57941100
2016-08-11,186.2489471435547,218.64999389648438,218.94000244140625,217.9499969482422,218.25999450683594,72504300
2016-08-12,186.08712768554688,218.4600067138672,218.7100067138672,217.99000549316406,218.2899932861328,61313500
2016-08-15,186.62376403808594,219.08999633789062,219.5,218.8800048828125,218.88999938964844,49813500
2016-08-16,185.6612548828125,217.9600067138672,218.67999267578125,217.9600067138672,218.60000610351562,53213600
2016-08-17,186.01046752929688,218.3699951171875,218.52999877929688,217.02000427246094,218.0,75134300
2016-08-18,186.42784118652344,218.86000061035156,218.89999389648438,218.2100067138672,218.33999633789062,52989300
2016-08-19,186.15525817871094,218.5399932861328,218.75,217.74000549316406,218.30999755859375,75443000
2016-08-22,186.14674377441406,218.52999877929688,218.8000030517578,217.8300018310547,218.25999450683594,61368800
2016-08-23,186.5215606689453,218.97000122070312,219.60000610351562,218.89999389648438,219.25,53399200
2016-08-24,185.56753540039062,217.85000610351562,218.91000366210938,217.36000061035156,218.8000030517578,71728900
2016-08-25,185.43971252441406,217.6999969482422,218.19000244140625,217.22000122070312,217.39999389648438,69224800
2016-08-26,185.09051513671875,217.2899932861328,219.1199951171875,216.25,217.9199981689453,122506300
2016-08-29,186.00198364257812,218.36000061035156,218.6699981689453,217.39999389648438,217.44000244140625,70502200
2016-08-30,185.69528198242188,218.0,218.58999633789062,217.35000610351562,218.25999450683594,58114500
2016-08-31,185.1671600341797,217.3800048828125,217.75,216.47000122070312,217.61000061035156,85269500
2016-09-01,185.17568969726562,217.38999938964844,217.72999572753906,216.02999877929688,217.3699951171875,97844200
2016-09-02,186.01046752929688,218.3699951171875,218.8699951171875,217.6999969482422,218.38999938964844,79293900
2016-09-06,186.5726318359375,219.02999877929688,219.1199951171875,217.86000061035156,218.6999969482422,56702100
2016-09-07,186.55555725097656,219.00999450683594,219.22000122070312,218.3000030517578,218.83999633789062,76554900
2016-09-08,186.1297149658203,218.50999450683594,218.94000244140625,218.14999389648438,218.6199951171875,74102900
2016-09-09,181.67474365234375,213.27999877929688,217.02999877929688,213.25,216.97000122070312,221589100
2016-09-12,184.28126525878906,216.33999633789062,216.80999755859375,212.30999755859375,212.38999938964844,168110900
2016-09-13,181.632080078125,213.22999572753906,215.14999389648438,212.5,214.83999633789062,182828800
2016-09-14,181.56399536132812,213.14999389648438,214.6999969482422,212.5,213.2899932861328,134185500
2016-09-15,183.3783416748047,215.27999877929688,215.72999572753906,212.75,212.9600067138672,134427900
2016-09-16,182.66944885253906,213.3699951171875,213.69000244140625,212.57000732421875,213.47999572753906,155236400
2016-09-19,182.70376586914062,213.41000366210938,214.8800048828125,213.02999877929688,214.1300048828125,80250500
2016-09-20,182.71231079101562,213.4199981689453,214.58999633789062,213.3800048828125,214.41000366210938,69665300
2016-09-21,184.76699829101562,215.82000732421875,216.02999877929688,213.44000244140625,214.24000549316406,110284400
2016-09-22,185.93128967285156,217.17999267578125,217.52999877929688,216.7100067138672,217.0,76678700
2016-09-23,184.91250610351562,215.99000549316406,216.8800048828125,215.8800048828125,216.72000122070312,73630900
2016-09-26,183.41429138183594,214.24000549316406,215.22999572753906,214.00999450683594,215.02000427246094,89827300
2016-09-27,184.55296325683594,215.57000732421875,215.67999267578125,213.6199951171875,214.0500030517578,78494800
2016-09-28,185.46900939941406,216.63999938964844,216.82000732421875,214.7100067138672,215.8300018310547,87411000
2016-09-29,183.7909698486328,214.67999267578125,216.8699951171875,214.0399932861328,216.39999389648438,128070600
2016-09-30,185.17784118652344,216.3000030517578,217.1199951171875,215.36000061035156,215.64999389648438,117202900
2016-10-03,184.7327117919922,215.77999877929688,216.0399932861328,215.0399932861328,215.82000732421875,83512100
2016-10-04,183.7909698486328,214.67999267578125,216.1699981689453,213.99000549316406,215.91000366210938,119948100
2016-10-05,184.6043243408203,215.6300048828125,216.1300048828125,215.3300018310547,215.41000366210938,72816000
2016-10-06,184.7327117919922,215.77999877929688,216.0399932861328,214.74000549316406,215.3699951171875,62927400
2016-10-07,184.09918212890625,215.0399932861328,216.3000030517578,214.19000244140625,216.10000610351562,89788300
2016-10-10,185.05807495117188,216.16000366210938,216.6999969482422,215.99000549316406,216.16000366210938,51855000
2016-10-11,182.72084045410156,213.42999267578125,215.74000549316406,212.5800018310547,215.66000366210938,130367400
2016-10-12,182.9605712890625,213.7100067138672,214.32000732421875,213.00999450683594,213.58999633789062,73866100
2016-10-13,182.36123657226562,213.00999450683594,213.58999633789062,211.2100067138672,212.16000366210938,101357000
2016-10-14,182.45545959472656,213.1199951171875,214.69000244140625,213.02999877929688,214.14999389648438,93346200
2016-10-17,181.8218994140625,212.3800048828125,213.38999938964844,212.1699981689453,213.08999633789062,58275700
2016-10-18,182.9605712890625,213.7100067138672,214.30999755859375,213.27000427246094,214.24000549316406,76869700
2016-10-19,183.44854736328125,214.27999877929688,214.63999938964844,213.60000610351562,214.02000427246094,66519200
2016-10-20,183.1060791015625,213.8800048828125,214.52999877929688,213.11000061035156,213.8699951171875,73639800
2016-10-21,183.19166564941406,213.97999572753906,214.0800018310547,212.75999450683594,213.8800048828125,89089100
2016-10-24,183.97076416015625,214.88999938964844,215.32000732421875,214.47999572753906,215.0,60146600
2016-10-25,183.3544158935547,214.1699981689453,214.97999572753906,213.97999572753906,214.67999267578125,66542300
2016-10-26,182.98626708984375,213.74000549316406,214.4199981689453,212.92999267578125,213.2100067138672,75705500
2016-10-27,182.49827575683594,213.1699981689453,214.6199951171875,213.0800018310547,214.5800018310547,77220200
2016-10-28,181.95889282226562,212.5399932861328,213.92999267578125,211.7100067138672,213.13999938964844,140623200
2016-10-31,181.96739196777344,212.5500030517578,213.19000244140625,212.36000061035156,212.92999267578125,61272500
2016-11-01,180.6490478515625,211.00999450683594,212.99000549316406,209.60000610351562,212.92999267578125,122781800
2016-11-02,179.56179809570312,209.74000549316406,211.10000610351562,209.22999572753906,210.64999389648438,103330800
2016-11-03,178.7399139404297,208.77999877929688,210.24000549316406,208.4600067138672,209.99000549316406,88939300
2016-11-04,178.5430145263672,208.5500030517578,209.88999938964844,208.3800048828125,208.91000366210938,109122100
2016-11-07,182.48114013671875,213.14999389648438,213.19000244140625,208.5500030517578,208.5500030517578,109794900
2016-11-08,183.3030242919922,214.11000061035156,214.77000427246094,212.3800048828125,212.69000244140625,106772100
2016-11-09,185.2464141845703,216.3800048828125,217.10000610351562,212.33999633789062,212.3699951171875,258429000
2016-11-10,185.70872497558594,216.9199981689453,218.30999755859375,215.22000122070312,217.3000030517578,172113300
2016-11-11,185.2806854248047,216.4199981689453,216.6999969482422,215.32000732421875,216.0800018310547,100552700
2016-11-14,185.4261932373047,216.58999633789062,217.27000427246094,215.72000122070312,217.02999877929688,94580000
2016-11-15,186.87301635742188,218.27999877929688,218.27999877929688,216.8000030517578,217.0399932861328,91652600
2016-11-16,186.52200317382812,217.8699951171875,218.13999938964844,217.4199981689453,217.55999755859375,65617700
2016-11-17,187.48085021972656,218.99000549316406,219.05999755859375,217.9199981689453,218.0500030517578,69797200
2016-11-18,187.06137084960938,218.5,219.27000427246094,218.2899932861328,219.07000732421875,86265800
2016-11-21,188.47396850585938,220.14999389648438,220.17999267578125,219.0,219.1699981689453,72402600
2016-11-22,188.84207153320312,220.5800018310547,220.7899932861328,219.72999572753906,220.50999450683594,67429000
2016-11-23,188.94482421875,220.6999969482422,220.75999450683594,219.75,219.97999572753906,56620200
2016-11-25,189.64682006835938,221.52000427246094,221.55999755859375,221.00999450683594,221.10000610351562,37872300
2016-11-28,188.75648498535156,220.47999572753906,221.47999572753906,220.36000061035156,221.16000366210938,76572500
2016-11-29,189.12460327148438,220.91000366210938,221.44000244140625,220.1699981689453,220.52000427246094,69886700
2016-11-30,188.6708526611328,220.3800048828125,221.82000732421875,220.30999755859375,221.6300048828125,113291800
2016-12-01,187.97738647460938,219.57000732421875,220.72999572753906,219.14999389648438,220.72999572753906,79040500
2016-12-02,188.0716094970703,219.67999267578125,220.25,219.25999450683594,219.6699981689453,74840300
2016-12-05,189.20167541503906,221.0,221.39999389648438,220.4199981689453,220.64999389648438,67837800
2016-12-06,189.8009033203125,221.6999969482422,221.74000549316406,220.66000366210938,221.22000122070312,59877400
2016-12-07,192.28369140625,224.60000610351562,224.6699981689453,221.3800048828125,221.52000427246094,110738100
2016-12-08,192.75448608398438,225.14999389648438,225.6999969482422,224.25999450683594,224.57000732421875,99714400
2016-12-09,193.9188690185547,226.50999450683594,226.52999877929688,225.3699951171875,225.41000366210938,88005800
2016-12-12,193.69622802734375,226.25,226.9600067138672,225.75999450683594,226.39999389648438,102016100
2016-12-13,194.98898315429688,227.75999450683594,228.33999633789062,227.0,227.02000427246094,110477500
2016-12-14,193.37948608398438,225.8800048828125,228.22999572753906,225.3699951171875,227.41000366210938,142501800
2016-12-15,194.17567443847656,226.80999755859375,227.80999755859375,225.88999938964844,226.16000366210938,124972600
2016-12-16,193.79588317871094,225.0399932861328,226.0800018310547,224.6699981689453,226.00999450683594,156420200
2016-12-19,194.2178955078125,225.52999877929688,226.02000427246094,225.0800018310547,225.25,90341100
2016-12-20,194.96707153320312,226.39999389648438,226.57000732421875,225.8800048828125,226.14999389648438,89838800
2016-12-21,194.42457580566406,225.77000427246094,226.4499969482422,225.77000427246094,226.25,67909000
2016-12-22,194.08872985839844,225.3800048828125,225.74000549316406,224.9199981689453,225.60000610351562,56219100
2016-12-23,194.37289428710938,225.7100067138672,225.72000122070312,225.2100067138672,225.42999267578125,36697800
2016-12-27,194.85519409179688,226.27000427246094,226.72999572753906,226.0,226.02000427246094,42672500
2016-12-28,193.2447509765625,224.39999389648438,226.58999633789062,224.27000427246094,226.57000732421875,64095000
2016-12-29,193.20172119140625,224.35000610351562,224.88999938964844,223.83999633789062,224.47999572753906,48696100
2016-12-30,192.49559020996094,223.52999877929688,224.8300018310547,222.72999572753906,224.72999572753906,108998300
2017-01-03,193.96812438964844,225.24000549316406,225.8300018310547,223.8800048828125,225.0399932861328,91366500
2017-01-04,195.1221466064453,226.5800018310547,226.75,225.61000061035156,225.6199951171875,78744400
2017-01-05,194.96707153320312,226.39999389648438,226.5800018310547,225.47999572753906,226.27000427246094,78379000
2017-01-06,195.6646728515625,227.2100067138672,227.75,225.89999389648438,226.52999877929688,71559900
2017-01-09,195.01873779296875,226.4600067138672,227.07000732421875,226.4199981689453,226.91000366210938,46939700
2017-01-10,195.01873779296875,226.4600067138672,227.4499969482422,226.00999450683594,226.47999572753906,63771900
2017-01-11,195.56991577148438,227.10000610351562,227.10000610351562,225.58999633789062,226.36000061035156,74650000
2017-01-12,195.07904052734375,226.52999877929688,226.75,224.9600067138672,226.5,72113200
2017-01-13,195.52682495117188,227.0500030517578,227.39999389648438,226.69000244140625,226.72999572753906,62717900
2017-01-17,194.83792114257812,226.25,226.77999877929688,225.8000030517578,226.30999755859375,61240800
2017-01-18,195.26846313476562,226.75,226.8000030517578,225.89999389648438,226.5399932861328,54793300
2017-01-19,194.5451202392578,225.91000366210938,227.0,225.41000366210938,226.83999633789062,66608800
2017-01-20,195.25991821289062,226.74000549316406,227.30999755859375,225.97000122070312,226.6999969482422,129168600
2017-01-23,194.7517852783203,226.14999389648438,226.80999755859375,225.27000427246094,226.74000549316406,75061600
2017-01-24,196.00051879882812,227.60000610351562,228.0800018310547,226.27000427246094,226.39999389648438,95555300
2017-01-25,197.6969757080078,229.57000732421875,229.57000732421875,228.50999450683594,228.6999969482422,84437700
2017-01-26,197.4903106689453,229.3300018310547,229.7100067138672,229.00999450683594,229.39999389648438,59970700
2017-01-27,197.1802978515625,228.97000122070312,229.58999633789062,228.75999450683594,229.4199981689453,59711100
2017-01-30,195.9574737548828,227.5500030517578,228.1999969482422,226.41000366210938,228.1699981689453,79737300
2017-01-31,195.9402313232422,227.52999877929688,227.60000610351562,226.32000732421875,226.97999572753906,75880800
2017-02-01,196.0177459716797,227.6199951171875,228.58999633789062,226.94000244140625,227.52999877929688,79117700
2017-02-02,196.1468963623047,227.77000427246094,228.10000610351562,226.82000732421875,227.6199951171875,69657600
2017-02-03,197.49896240234375,229.33999633789062,229.5500030517578,228.4600067138672,228.82000732421875,80563200
2017-02-06,197.1458282470703,228.92999267578125,229.3300018310547,228.5399932861328,228.8699951171875,57790100
2017-02-07,197.15443420410156,228.94000244140625,229.66000366210938,228.72000122070312,229.3800048828125,57931200
2017-02-08,197.4127960205078,229.24000549316406,229.38999938964844,228.30999755859375,228.94000244140625,51566200
2017-02-09,198.58396911621094,230.60000610351562,230.9499969482422,229.24000549316406,229.24000549316406,65955200
2017-02-10,199.36761474609375,231.50999450683594,231.77000427246094,230.6199951171875,231.0,66015900
2017-02-13,200.4527130126953,232.77000427246094,233.07000732421875,232.0500030517578,232.0800018310547,55182100
2017-02-14,201.25357055664062,233.6999969482422,233.7100067138672,232.16000366210938,232.55999755859375,71109000
2017-02-15,202.30419921875,234.9199981689453,235.13999938964844,233.38999938964844,233.4499969482422,86785800
2017-02-16,202.1319580078125,234.72000122070312,235.16000366210938,233.85000610351562,234.9499969482422,84722400
2017-02-17,202.45059204101562,235.08999633789062,235.08999633789062,233.92999267578125,233.9499969482422,77204100
2017-02-21,203.6562042236328,236.49000549316406,236.69000244140625,235.50999450683594,235.52000427246094,88946100
2017-02-22,203.47540283203125,236.27999877929688,236.5399932861328,235.8300018310547,236.02000427246094,62115200
2017-02-23,203.61314392089844,236.44000244140625,236.89999389648438,235.55999755859375,236.8800048828125,74615900
2017-02-24,203.8715362548828,236.74000549316406,236.7899932861328,235.41000366210938,235.4600067138672,82381600
2017-02-27,204.19012451171875,237.11000061035156,237.30999755859375,236.35000610351562,236.63999938964844,56515400
2017-02-28,203.63894653320312,236.47000122070312,236.9499969482422,236.02000427246094,236.6699981689453,96961900
2017-03-01,206.4894256591797,239.77999877929688,240.32000732421875,238.3699951171875,238.38999938964844,149158200
2017-03-02,205.18911743164062,238.27000427246094,239.57000732421875,238.2100067138672,239.55999755859375,70246000
2017-03-03,205.31825256347656,238.4199981689453,238.61000061035156,237.72999572753906,238.1699981689453,81974300
2017-03-06,204.70684814453125,237.7100067138672,238.1199951171875,237.00999450683594,237.5,55391500
2017-03-07,204.09539794921875,237.0,237.77000427246094,236.75999450683594,237.36000061035156,65103700
2017-03-08,203.7164764404297,236.55999755859375,237.63999938964844,236.39999389648438,237.33999633789062,78168800
2017-03-09,203.97483825683594,236.86000061035156,237.24000549316406,235.74000549316406,236.6999969482422,90683900
2017-03-10,204.6896209716797,237.69000244140625,238.02000427246094,236.58999633789062,237.97000122070312,81991700
2017-03-13,204.7929229736328,237.80999755859375,237.86000061035156,237.24000549316406,237.6199951171875,57256800
2017-03-14,204.00926208496094,236.89999389648438,237.24000549316406,236.19000244140625,237.17999267578125,59880800
2017-03-15,205.774658203125,238.9499969482422,239.44000244140625,237.2899932861328,237.55999755859375,96081800
2017-03-16,205.36993408203125,238.47999572753906,239.1999969482422,238.10000610351562,239.11000061035156,78344000
2017-03-17,205.00926208496094,237.02999877929688,237.97000122070312,237.02999877929688,237.75,89002100
2017-03-20,204.78436279296875,236.77000427246094,237.36000061035156,236.32000732421875,237.02999877929688,52537000
2017-03-21,202.15505981445312,233.72999572753906,237.61000061035156,233.5800018310547,237.47000122070312,131809300
2017-03-22,202.63075256347656,234.27999877929688,234.61000061035156,233.0500030517578,233.77000427246094,97569200
2017-03-23,202.41455078125,234.02999877929688,235.33999633789062,233.60000610351562,234.27999877929688,100410300
2017-03-24,202.26748657226562,233.86000061035156,235.0399932861328,232.9600067138672,234.3800048828125,112504900
2017-03-27,202.05992126464844,233.6199951171875,233.9199981689453,231.61000061035156,231.92999267578125,87454500
2017-03-28,203.53024291992188,235.32000732421875,235.80999755859375,233.13999938964844,233.27000427246094,93483900
2017-03-29,203.72056579589844,235.5399932861328,235.80999755859375,234.72999572753906,234.99000549316406,61950400
2017-03-30,204.36923217773438,236.2899932861328,236.52000427246094,235.27000427246094,235.47000122070312,56737900
2017-03-31,203.89352416992188,235.74000549316406,236.50999450683594,235.67999267578125,235.89999389648438,73733100
2017-04-03,203.53890991210938,235.3300018310547,236.02999877929688,233.91000366210938,235.8000030517578,85546500
2017-04-04,203.6686248779297,235.47999572753906,235.5800018310547,234.55999755859375,235.0,56466200
2017-04-05,203.06317138671875,234.77999877929688,237.38999938964844,234.5399932861328,236.25999450683594,108800600
2017-04-06,203.63406372070312,235.44000244140625,236.0399932861328,234.42999267578125,234.94000244140625,69135800
2017-04-07,203.42649841308594,235.1999969482422,236.0,234.63999938964844,235.14999389648438,74412300
2017-04-10,203.5475311279297,235.33999633789062,236.25999450683594,234.72999572753906,235.36000061035156,67615300
2017-04-11,203.30535888671875,235.05999755859375,235.17999267578125,233.33999633789062,234.89999389648438,88045300
2017-04-12,202.41455078125,234.02999877929688,234.9600067138672,233.77000427246094,234.74000549316406,81864400
2017-04-13,201.09983825683594,232.50999450683594,234.49000549316406,232.50999450683594,233.63999938964844,92880400
2017-04-17,202.8816375732422,234.57000732421875,234.57000732421875,232.8800048828125,233.11000061035156,68405400
2017-04-18,202.27613830566406,233.8699951171875,234.49000549316406,233.0800018310547,233.72000122070312,83225800
2017-04-19,201.90423583984375,233.44000244140625,234.9499969482422,233.17999267578125,234.52000427246094,68699900
2017-04-20,203.5475311279297,235.33999633789062,235.85000610351562,233.77999877929688,234.14999389648438,92572200
2017-04-21,202.89886474609375,234.58999633789062,235.30999755859375,234.1300048828125,235.25,110389800
2017-04-24,205.13037109375,237.1699981689453,237.41000366210938,234.55999755859375,237.17999267578125,119209900
2017-04-25,206.32394409179688,238.5500030517578,238.9499969482422,237.80999755859375,237.91000366210938,76698300
2017-04-26,206.19415283203125,238.39999389648438,239.52999877929688,238.35000610351562,238.50999450683594,84702500
2017-04-27,206.36715698242188,238.60000610351562,238.9499969482422,237.97999572753906,238.77000427246094,57410300
2017-04-28,205.91741943359375,238.0800018310547,238.92999267578125,237.92999267578125,238.89999389648438,63532800
2017-05-01,206.4363555908203,238.67999267578125,239.1699981689453,238.1999969482422,238.67999267578125,66882500
2017-05-02,206.5142364501953,238.77000427246094,238.97999572753906,238.3000030517578,238.83999633789062,57375700
2017-05-03,206.2633819580078,238.47999572753906,238.8800048828125,237.6999969482422,238.77000427246094,73137700
2017-05-04,206.5055694580078,238.75999450683594,238.9199981689453,237.77999877929688,238.8300018310547,61462700
2017-05-05,207.31854248046875,239.6999969482422,239.72000122070312,238.67999267578125,239.19000244140625,62001300
2017-05-08,207.28396606445312,239.66000366210938,239.9199981689453,239.1699981689453,239.75,48385700
2017-05-09,207.09368896484375,239.44000244140625,240.19000244140625,239.0399932861328,239.9600067138672,51363200
2017-05-10,207.46559143066406,239.8699951171875,239.8699951171875,239.14999389648438,239.38999938964844,54293800
2017-05-11,207.04176330566406,239.3800048828125,239.57000732421875,238.1300048828125,239.35000610351562,62358300
2017-05-12,206.6958770751953,238.97999572753906,239.42999267578125,238.6699981689453,239.08999633789062,53912700
2017-05-15,207.83749389648438,240.3000030517578,240.44000244140625,239.4499969482422,239.47000122070312,61918900
2017-05-16,207.64718627929688,240.0800018310547,240.6699981689453,239.6300048828125,240.63999938964844,51241800
2017-05-17,203.96270751953125,235.82000732421875,240.0800018310547,235.75,240.0800018310547,172174100
2017-05-18,204.78436279296875,236.77000427246094,237.75,235.42999267578125,235.72999572753906,107047700
2017-05-19,206.11634826660156,238.30999755859375,239.0800018310547,237.27000427246094,237.3300018310547,115011400
2017-05-22,207.16290283203125,239.52000427246094,239.7100067138672,238.82000732421875,238.89999389648438,61010600
2017-05-23,207.62130737304688,240.0500030517578,240.24000549316406,239.50999450683594,239.9499969482422,48341700
2017-05-24,208.10565185546875,240.61000061035156,240.72999572753906,239.92999267578125,240.32000732421875,46927700
2017-05-25,209.10023498535156,241.75999450683594,242.0800018310547,240.9600067138672,241.1999969482422,64071700
2017-05-26,209.0570068359375,241.7100067138672,241.89999389648438,241.4499969482422,241.5399932861328,46629900
2017-05-30,208.8754425048828,241.5,241.7899932861328,241.16000366210938,241.33999633789062,35201900
2017-05-31,208.82345581054688,241.44000244140625,241.8800048828125,240.63999938964844,241.83999633789062,91796000
2017-06-01,210.4841766357422,243.36000061035156,243.3800048828125,241.63999938964844,241.97000122070312,68962000
2017-06-02,211.1847381591797,244.1699981689453,244.35000610351562,243.0800018310547,243.4199981689453,88666100
2017-06-05,211.02908325195312,243.99000549316406,244.3000030517578,243.75999450683594,243.97000122070312,44698800
2017-06-06,210.35438537597656,243.2100067138672,243.97999572753906,243.1199951171875,243.33999633789062,50375400
2017-06-07,210.7436065673828,243.66000366210938,243.9199981689453,242.8300018310547,243.60000610351562,54144300
2017-06-08,210.847412109375,243.77999877929688,244.3300018310547,243.1699981689453,243.77000427246094,65950700
2017-06-09,210.52737426757812,243.41000366210938,245.00999450683594,241.9499969482422,244.08999633789062,132256400
2017-06-12,210.4841766357422,243.36000061035156,243.4199981689453,242.3800048828125,243.1300048828125,86108100
2017-06-13,211.51339721679688,244.5500030517578,244.61000061035156,243.5800018310547,243.97999572753906,60067000
2017-06-14,211.24526977539062,244.24000549316406,244.8699951171875,243.2899932861328,244.86000061035156,78602300
2017-06-15,210.8387908935547,243.77000427246094,243.91000366210938,242.36000061035156,242.67999267578125,66464900
2017-06-16,210.8848114013672,242.63999938964844,242.8300018310547,241.6300048828125,242.77000427246094,84553100
2017-06-19,212.6405029296875,244.66000366210938,244.72999572753906,243.47999572753906,243.58999633789062,65123800
2017-06-20,211.2064208984375,243.00999450683594,244.25999450683594,242.99000549316406,244.25,56906400
2017-06-21,211.15423583984375,242.9499969482422,243.58999633789062,242.41000366210938,243.4600067138672,55977600
2017-06-22,211.05865478515625,242.83999633789062,243.52999877929688,242.63999938964844,242.9600067138672,44148100
2017-06-23,211.31068420410156,243.1300048828125,243.50999450683594,242.47000122070312,242.91000366210938,66986800
2017-06-26,211.4497528076172,243.2899932861328,244.3800048828125,243.0500030517578,243.89999389648438,56700500
2017-06-27,209.74624633789062,241.3300018310547,243.3800048828125,241.30999755859375,243.0399932861328,82247700
2017-06-28,211.6235809326172,243.49000549316406,243.72000122070312,242.22999572753906,242.5,70042600
2017-06-29,209.76361083984375,241.35000610351562,243.72000122070312,239.9600067138672,243.66000366210938,106949700
2017-06-30,210.1547393798828,241.8000030517578,242.7100067138672,241.5800018310547,242.27999877929688,86820700
2017-07-03,210.5110321044922,242.2100067138672,243.3800048828125,242.2100067138672,242.8800048828125,39153800
2017-07-05,210.997802734375,242.77000427246094,243.00999450683594,241.6999969482422,242.6300048828125,54427600
2017-07-06,209.06832885742188,240.5500030517578,242.02999877929688,240.33999633789062,241.88999938964844,65400800
2017-07-07,210.42416381835938,242.11000061035156,242.27999877929688,240.55999755859375,241.2100067138672,57972300
2017-07-10,210.65016174316406,242.3699951171875,242.8000030517578,241.75999450683594,242.11000061035156,36663300
2017-07-11,210.49371337890625,242.19000244140625,242.5500030517578,240.85000610351562,242.3699951171875,50354600
2017-07-12,212.07550048828125,244.00999450683594,244.1999969482422,243.3000030517578,243.3000030517578,59610400
2017-07-13,212.43185424804688,244.4199981689453,244.5500030517578,243.75999450683594,244.02000427246094,39471600
2017-07-14,213.4226531982422,245.55999755859375,245.97000122070312,244.30999755859375,244.4199981689453,60262700
2017-07-17,213.3965606689453,245.52999877929688,245.91000366210938,245.3300018310547,245.47000122070312,33531900
2017-07-18,213.5095977783203,245.66000366210938,245.72000122070312,244.6699981689453,245.05999755859375,42742500
2017-07-19,214.66555786132812,246.99000549316406,247.0,246.00999450683594,246.02000427246094,51034300
2017-07-20,214.76109313964844,247.10000610351562,247.4199981689453,246.47000122070312,247.27999877929688,47135200
2017-07-21,214.56988525390625,246.8800048828125,246.91000366210938,246.17999267578125,246.44000244140625,82340800
2017-07-24,214.51776123046875,246.82000732421875,246.97999572753906,246.27999877929688,246.7899932861328,46622300
2017-07-25,215.03927612304688,247.4199981689453,247.8000030517578,247.16000366210938,247.67999267578125,54915600
2017-07-26,215.04794311523438,247.42999267578125,247.7899932861328,247.1300048828125,247.75,47575400
2017-07-27,214.8480682373047,247.1999969482422,248.0,245.67999267578125,247.9600067138672,70766600
2017-07-28,214.59597778320312,246.91000366210938,247.05999755859375,246.1300048828125,246.64999389648438,50088400
2017-07-31,214.47430419921875,246.77000427246094,247.47999572753906,246.52999877929688,247.3699951171875,65838700
2017-08-01,214.95230102539062,247.32000732421875,247.5,246.72000122070312,247.4600067138672,55050400
2017-08-02,215.05667114257812,247.44000244140625,247.60000610351562,246.3699951171875,247.47000122070312,47211200
2017-08-03,214.63946533203125,246.9600067138672,247.33999633789062,246.63999938964844,247.30999755859375,40856000
2017-08-04,215.03054809570312,247.41000366210938,247.7899932861328,246.97000122070312,247.52000427246094,60191800
2017-08-07,215.4302978515625,247.8699951171875,247.8699951171875,247.3699951171875,247.49000549316406,31995000
2017-08-08,214.90011596679688,247.25999450683594,248.91000366210938,246.8300018310547,247.50999450683594,61719400
2017-08-09,214.89146423339844,247.25,247.30999755859375,246.05999755859375,246.47000122070312,62632600
2017-08-10,211.8582763671875,243.75999450683594,246.44000244140625,243.6999969482422,246.2899932861328,120479500
2017-08-11,212.17115783691406,244.1199951171875,244.8000030517578,243.75,244.02000427246094,74869900
2017-08-14,214.27439880371094,246.5399932861328,246.7899932861328,245.5500030517578,245.58999633789062,73291900
2017-08-15,214.24832153320312,246.50999450683594,247.0,246.16000366210938,246.97999572753906,55242700
2017-08-16,214.62208557128906,246.94000244140625,247.57000732421875,246.4499969482422,247.11000061035156,56715500
2017-08-17,211.2759246826172,243.08999633789062,246.60000610351562,243.08999633789062,246.24000549316406,128490400
2017-08-18,210.94564819335938,242.7100067138672,244.19000244140625,242.1999969482422,242.89999389648438,136748000
2017-08-21,211.1107940673828,242.89999389648438,243.1999969482422,241.8300018310547,242.63999938964844,65469700
2017-08-22,213.318359375,245.44000244140625,245.6199951171875,243.5500030517578,243.57000732421875,63140100
2017-08-23,212.5535125732422,244.55999755859375,245.0500030517578,244.16000366210938,244.3300018310547,50203800
2017-08-24,212.0581512451172,243.99000549316406,245.17999267578125,243.75,245.0,50741700
2017-08-25,212.5535125732422,244.55999755859375,245.61000061035156,244.38999938964844,244.89999389648438,64445900
2017-08-28,212.56222534179688,244.57000732421875,245.1999969482422,244.08999633789062,245.1699981689453,40565600
2017-08-29,212.80557250976562,244.85000610351562,245.14999389648438,242.92999267578125,243.05999755859375,51135700
2017-08-30,213.81375122070312,246.00999450683594,246.32000732421875,244.6199951171875,244.8300018310547,62030800
2017-08-31,215.10012817382812,247.49000549316406,247.77000427246094,246.0500030517578,246.72000122070312,103803900
2017-09-01,215.4042510986328,247.83999633789062,248.3300018310547,247.6699981689453,247.9199981689453,62007000
2017-09-05,213.85723876953125,246.05999755859375,247.52000427246094,244.9499969482422,247.25999450683594,91398800
2017-09-06,214.5872802734375,246.89999389648438,247.27999877929688,246.22999572753906,246.83999633789062,57916900
2017-09-07,214.5612030029297,246.8699951171875,247.27000427246094,246.39999389648438,247.25,58034700
2017-09-08,214.3091583251953,246.5800018310547,247.11000061035156,246.3000030517578,246.5399932861328,63832800
2017-09-11,216.594970703125,249.2100067138672,249.3000030517578,248.02000427246094,248.0399932861328,71364800
2017-09-12,217.3250274658203,250.0500030517578,250.08999633789062,249.4199981689453,249.6300048828125,56896000
2017-09-13,217.42935180664062,250.1699981689453,250.2100067138672,249.58999633789062,249.72000122070312,59228000
2017-09-14,217.35980224609375,250.08999633789062,250.32000732421875,249.60000610351562,249.8000030517578,95446300
2017-09-15,217.65240478515625,249.19000244140625,249.2899932861328,248.57000732421875,248.69000244140625,95432400
2017-09-18,218.11532592773438,249.72000122070312,250.1199951171875,249.27999877929688,249.61000061035156,46235200
2017-09-19,218.33370971679688,249.97000122070312,250.07000732421875,249.60000610351562,250.0,47108100
2017-09-20,218.41232299804688,250.05999755859375,250.19000244140625,248.9199981689453,250.07000732421875,59574100
2017-09-21,217.82708740234375,249.38999938964844,249.97999572753906,249.19000244140625,249.8800048828125,48211400
2017-09-22,217.87075805664062,249.44000244140625,249.6300048828125,249.02000427246094,249.0500030517578,51214000
2017-09-25,217.42535400390625,248.92999267578125,249.5500030517578,248.0800018310547,249.14999389648438,57064400
2017-09-26,217.55630493164062,249.0800018310547,249.6999969482422,248.80999755859375,249.4199981689453,54082000
2017-09-27,218.40357971191406,250.0500030517578,250.49000549316406,248.8699951171875,249.8800048828125,81001400
2017-09-28,218.6656036376953,250.35000610351562,250.44000244140625,249.6300048828125,249.72999572753906,44778800
2017-09-29,219.4342041015625,251.22999572753906,251.32000732421875,250.1300048828125,250.33999633789062,85578000
2017-10-02,220.3863067626953,252.32000732421875,252.32000732421875,251.2899932861328,251.49000549316406,59023000
2017-10-03,220.85789489746094,252.86000061035156,252.88999938964844,252.22999572753906,252.32000732421875,66810200
2017-10-04,221.11996459960938,253.16000366210938,253.44000244140625,252.55999755859375,252.69000244140625,55953600
2017-10-05,222.43014526367188,254.66000366210938,254.67999267578125,253.1999969482422,253.5399932861328,63522800
2017-10-06,222.17684936523438,254.3699951171875,254.6999969482422,253.85000610351562,254.14999389648438,80646000
2017-10-09,221.81007385253906,253.9499969482422,254.6999969482422,253.64999389648438,254.6300048828125,35803100
2017-10-10,222.39515686035156,254.6199951171875,255.0500030517578,253.97999572753906,254.60000610351562,43057400
2017-10-11,222.7445526123047,255.02000427246094,255.02000427246094,254.32000732421875,254.50999450683594,47674300
2017-10-12,222.4126739501953,254.63999938964844,255.05999755859375,254.3699951171875,254.66000366210938,47065100
2017-10-13,222.68338012695312,254.9499969482422,255.27000427246094,254.63999938964844,255.13999938964844,54800400
2017-10-16,222.9803924560547,255.2899932861328,255.50999450683594,254.82000732421875,255.2100067138672,38221700
2017-10-17,223.1376190185547,255.47000122070312,255.52000427246094,254.97999572753906,255.22999572753906,31561000
2017-10-18,223.35595703125,255.72000122070312,255.9499969482422,255.5,255.89999389648438,40888300
2017-10-19,223.41708374023438,255.7899932861328,255.8300018310547,254.35000610351562,254.8300018310547,61903800
2017-10-20,224.5700225830078,257.1099853515625,257.1400146484375,255.77000427246094,256.70001220703125,89176400
2017-10-23,223.69662475585938,256.1099853515625,257.510009765625,256.0199890136719,257.4800109863281,63915300
2017-10-24,224.0896453857422,256.55999755859375,256.8299865722656,256.1499938964844,256.6000061035156,66935900
2017-10-25,222.9803924560547,255.2899932861328,256.30999755859375,254.0,256.17999267578125,103715300
2017-10-26,223.2686309814453,255.6199951171875,256.29998779296875,255.47999572753906,255.99000549316406,69798000
2017-10-27,225.0941162109375,257.7099914550781,257.8900146484375,255.6300048828125,256.4700012207031,85562500
2017-10-30,224.255615234375,256.75,257.6000061035156,256.4100036621094,256.4700012207031,54285700
2017-10-31,224.60499572753906,257.1499938964844,257.44000244140625,256.80999755859375,257.17999267578125,60304800
2017-11-01,224.90196228027344,257.489990234375,258.42999267578125,257.07000732421875,258.0400085449219,54202700
2017-11-02,224.98931884765625,257.5899963378906,257.75,256.19000244140625,257.4100036621094,56449500
2017-11-03,225.74044799804688,258.45001220703125,258.5,257.29998779296875,257.7699890136719,59589700
2017-11-06,226.08982849121094,258.8500061035156,259.0,258.2200012207031,258.29998779296875,49652600
2017-11-07,225.9325714111328,258.6700134277344,259.3500061035156,258.0899963378906,258.9700012207031,57502200
2017-11-08,226.31695556640625,259.1099853515625,259.2200012207031,258.1499938964844,258.4700012207031,50469600
2017-11-09,225.49591064453125,258.1700134277344,258.3900146484375,256.3599853515625,257.7300109863281,95085500
2017-11-10,225.42608642578125,258.0899963378906,258.2900085449219,257.3699951171875,257.7300109863281,59984700
2017-11-13,225.63565063476562,258.3299865722656,258.5899963378906,257.2699890136719,257.30999755859375,50228600
2017-11-14,225.1116485595703,257.7300109863281,257.8500061035156,256.5199890136719,257.4100036621094,61315200
2017-11-15,223.98486328125,256.44000244140625,257.2200012207031,255.6300048828125,256.6199951171875,80811500
2017-11-16,225.8889617919922,258.6199951171875,259.0400085449219,257.4700012207031,257.5199890136719,67777000
2017-11-17,225.22515869140625,257.8599853515625,258.5899963378906,257.7699890136719,258.2200012207031,75756800
2017-11-20,225.60948181152344,258.29998779296875,258.5199890136719,257.8599853515625,258.1400146484375,48075500
2017-11-21,227.08554077148438,259.989990234375,260.20001220703125,258.260009765625,259.17999267578125,69176800
2017-11-22,226.8846893310547,259.760009765625,260.1499938964844,259.57000732421875,260.0,45033400
2017-11-24,227.40872192382812,260.3599853515625,260.4800109863281,260.1600036621094,260.32000732421875,27856500
2017-11-27,227.29519653320312,260.2300109863281,260.75,260.0,260.4100036621094,52274900
2017-11-28,229.60110473632812,262.8699951171875,262.8999938964844,260.6499938964844,260.760009765625,98971700
2017-11-29,229.46128845214844,262.7099914550781,263.6300048828125,262.20001220703125,263.0199890136719,77512100
2017-11-30,231.47019958496094,265.010009765625,266.04998779296875,263.6700134277344,263.760009765625,127894400
2017-12-01,230.9898223876953,264.4599914550781,265.30999755859375,260.760009765625,264.760009765625,164390900
2017-12-04,230.71034240722656,264.1400146484375,266.79998779296875,264.0799865722656,266.30999755859375,94040600
2017-12-05,229.88058471679688,263.19000244140625,265.1499938964844,263.0400085449219,263.19000244140625,77994500
2017-12-06,229.92422485351562,263.239990234375,263.7300109863281,262.7099914550781,263.29998779296875,75898600
2017-12-07,230.64920043945312,264.07000732421875,264.42999267578125,262.94000244140625,264.07000732421875,77218600
2017-12-08,231.90696716308594,265.510009765625,265.5199890136719,264.0299987792969,265.1600036621094,76563900
2017-12-11,232.60568237304688,266.30999755859375,266.3800048828125,265.4800109863281,266.30999755859375,83077500
2017-12-12,233.01620483398438,266.7799987792969,267.32000732421875,266.3500061035156,267.2099914550781,85195800
2017-12-13,232.98997497558594,266.75,267.55999755859375,266.6499938964844,267.05999755859375,102905400
2017-12-14,232.0379638671875,265.6600036621094,267.2200012207031,265.6000061035156,267.0899963378906,100666700
2017-12-15,233.97024536132812,266.510009765625,267.0400085449219,265.3900146484375,265.45001220703125,144610300
2017-12-18,235.45396423339844,268.20001220703125,268.6000061035156,267.9800109863281,268.1000061035156,83653600
2017-12-19,234.5497283935547,267.1700134277344,268.5299987792969,267.0899963378906,268.4800109863281,82382900
2017-12-20,234.42678833007812,267.0299987792969,268.3299865722656,266.69000244140625,268.2699890136719,76751500
2017-12-21,234.9096221923828,267.5799865722656,268.3900146484375,267.29998779296875,267.739990234375,67032300
2017-12-22,234.84815979003906,267.510009765625,267.6400146484375,266.8999938964844,267.6000061035156,78720900
2017-12-26,234.5672149658203,267.19000244140625,267.44000244140625,266.8900146484375,267.04998779296875,45244400
2017-12-27,234.68133544921875,267.32000732421875,267.7300109863281,267.010009765625,267.3800048828125,57751000
2017-12-28,235.16412353515625,267.8699951171875,267.9200134277344,267.45001220703125,267.8900146484375,45116100
2017-12-29,234.27761840820312,266.8599853515625,268.54998779296875,266.6400146484375,268.5299987792969,96007400
2018-01-02,235.9542999267578,268.7699890136719,268.80999755859375,267.3999938964844,267.8399963378906,86655700
2018-01-03,237.4467315673828,270.4700012207031,270.6400146484375,268.9599914550781,268.9599914550781,90070400
2018-01-04,238.44749450683594,271.6099853515625,272.1600036621094,270.5400085449219,271.20001220703125,80636400
2018-01-05,240.0365447998047,273.4200134277344,273.55999755859375,271.95001220703125,272.510009765625,83524000
2018-01-08,240.4755401611328,273.9200134277344,274.1000061035156,272.9800109863281,273.30999755859375,57319200
2018-01-09,241.0198516845703,274.5400085449219,275.25,274.0799865722656,274.3999938964844,57254000
2018-01-10,240.651123046875,274.1199951171875,274.4200134277344,272.9200134277344,273.67999267578125,69574300
2018-01-11,242.40696716308594,276.1199951171875,276.1199951171875,274.55999755859375,274.75,62361500
2018-01-12,243.9871063232422,277.9200134277344,278.1099853515625,276.0799865722656,276.4200134277344,90816100
2018-01-16,243.15301513671875,276.9700012207031,280.0899963378906,276.17999267578125,279.3500061035156,106555100
2018-01-17,245.4707489013672,279.6099853515625,280.04998779296875,276.9700012207031,278.0299987792969,113258800
2018-01-18,245.05816650390625,279.1400146484375,279.9599914550781,278.5799865722656,279.4800109863281,100728000
2018-01-19,246.173095703125,280.4100036621094,280.4100036621094,279.1400146484375,279.79998779296875,140920100
2018-01-22,248.17469787597656,282.69000244140625,282.69000244140625,280.1099853515625,280.1700134277344,91322400
2018-01-23,248.70147705078125,283.2900085449219,283.6199951171875,282.3699951171875,282.739990234375,97084700
2018-01-24,248.60487365722656,283.17999267578125,284.70001220703125,281.8399963378906,284.0199890136719,134816100
2018-01-25,248.71018981933594,283.29998779296875,284.2699890136719,282.3999938964844,284.1600036621094,84587300
2018-01-26,251.5898895263672,286.5799865722656,286.6300048828125,283.9599914550781,284.25,107743100
2018-01-29,249.9218292236328,284.67999267578125,286.42999267578125,284.5,285.92999267578125,90118300
2018-01-30,247.3582305908203,281.760009765625,284.739990234375,281.2200012207031,282.6000061035156,131796400
2018-01-31,247.48123168945312,281.8999938964844,283.29998779296875,280.67999267578125,282.7300109863281,108364800
2018-02-01,247.20021057128906,281.5799865722656,283.05999755859375,280.67999267578125,281.07000732421875,90102500
2018-02-02,241.81866455078125,275.45001220703125,280.2300109863281,275.4100036621094,280.0799865722656,173174800
2018-02-05,231.70521545410156,263.92999267578125,275.8500061035156,263.30999755859375,273.45001220703125,294681800
2018-02-06,236.27032470703125,269.1300048828125,269.70001220703125,258.70001220703125,259.94000244140625,355026800
2018-02-07,234.9886016845703,267.6700134277344,272.3599853515625,267.5799865722656,268.5,167376100
2018-02-08,226.1744842529297,257.6300048828125,268.1700134277344,257.5899963378906,268.010009765625,246449500
2018-02-09,229.5719757080078,261.5,263.6099853515625,252.9199981689453,260.79998779296875,283565300
2018-02-12,232.94314575195312,265.3399963378906,267.010009765625,261.6600036621094,263.8299865722656,143736000
2018-02-13,233.5224609375,266.0,266.6199951171875,263.30999755859375,263.9700012207031,81223600
2018-02-14,236.67416381835938,269.5899963378906,270.0,264.29998779296875,264.30999755859375,120735700
2018-02-15,239.6941680908203,273.0299987792969,273.0400085449219,268.7699890136719,271.57000732421875,111200300
2018-02-16,239.76434326171875,273.1099853515625,275.32000732421875,272.2699890136719,272.32000732421875,160420100
2018-02-20,238.26321411132812,271.3999938964844,273.6700134277344,270.5,272.0299987792969,86369700
2018-02-21,237.07803344726562,270.04998779296875,274.7200012207031,269.94000244140625,271.8999938964844,98883700
2018-02-22,237.38526916503906,270.3999938964844,273.04998779296875,269.6400146484375,271.1000061035156,110511300
2018-02-23,241.16897583007812,274.7099914550781,274.7099914550781,271.25,271.7900085449219,92766400
2018-02-26,243.96951293945312,277.8999938964844,278.010009765625,275.260009765625,275.92999267578125,86491400
2018-02-27,240.9232177734375,274.42999267578125,278.9200134277344,274.3599853515625,278.1099853515625,99099200
2018-02-28,238.48265075683594,271.6499938964844,276.19000244140625,271.2900085449219,275.67999267578125,121907800
2018-03-01,235.01490783691406,267.70001220703125,273.1700134277344,266.0,271.4100036621094,176855100
2018-03-02,236.22645568847656,269.0799865722656,269.7200012207031,264.82000732421875,265.79998779296875,139083200
2018-03-05,238.95675659179688,272.19000244140625,272.8900146484375,267.6099853515625,267.7300109863281,97307400
2018-03-06,239.56248474121094,272.8800048828125,273.3900146484375,271.17999267578125,273.29998779296875,79213200
2018-03-07,239.47471618652344,272.7799987792969,273.17999267578125,270.20001220703125,270.4200134277344,87063500
2018-03-08,240.63352966308594,274.1000061035156,274.239990234375,272.4200134277344,273.54998779296875,66901200
2018-03-09,244.82110595703125,278.8699951171875,278.8699951171875,275.3399963378906,275.70001220703125,113625300
2018-03-12,244.5138397216797,278.5199890136719,279.9100036621094,278.0799865722656,279.20001220703125,71924800
2018-03-13,242.9336395263672,276.7200012207031,280.4100036621094,276.0299987792969,279.8399963378906,91968900
2018-03-14,241.68699645996094,275.29998779296875,278.0199890136719,274.6700134277344,277.80999755859375,105895100
2018-03-15,241.42364501953125,275.0,276.6099853515625,274.42999267578125,275.8800048828125,83433000
2018-03-16,241.68548583984375,274.20001220703125,275.3900146484375,274.1400146484375,274.5,100343700
2018-03-19,238.41531372070312,270.489990234375,274.3999938964844,268.6199951171875,273.3500061035156,109208400
2018-03-20,238.82081604003906,270.95001220703125,271.6700134277344,270.17999267578125,270.94000244140625,59757300
2018-03-21,238.36244201660156,270.42999267578125,273.2699890136719,270.19000244140625,270.8999938964844,78709600
2018-03-22,232.404052734375,263.6700134277344,268.8699951171875,263.3599853515625,267.9100036621094,148785900
2018-03-23,227.450439453125,258.04998779296875,264.5400085449219,257.8299865722656,264.1700134277344,183534800
2018-03-26,233.67330932617188,265.1099853515625,265.42999267578125,259.4100036621094,262.1300048828125,141956100
2018-03-27,229.69808959960938,260.6000061035156,266.7699890136719,258.8399963378906,266.1700134277344,129941400
2018-03-28,229.01943969726562,259.8299865722656,262.6400146484375,258.5799865722656,260.75,146452300
2018-03-29,231.9457244873047,263.1499938964844,265.260009765625,259.8399963378906,261.1199951171875,111601600
2018-04-02,226.93930053710938,257.4700012207031,263.1300048828125,254.6699981689453,262.54998779296875,186286300
2018-04-03,229.8479766845703,260.7699890136719,261.30999755859375,256.8399963378906,258.8699951171875,119956900
2018-04-04,232.30709838867188,263.55999755859375,264.3599853515625,256.6000061035156,256.75,123715300
2018-04-05,234.14047241210938,265.6400146484375,266.6400146484375,264.32000732421875,265.54998779296875,82652600
2018-04-06,228.92245483398438,259.7200012207031,265.1099853515625,258.0,263.4200134277344,179521200
2018-04-09,230.05067443847656,261.0,264.8399963378906,259.94000244140625,261.3699951171875,105442900
2018-04-10,233.70849609375,265.1499938964844,266.0400085449219,262.9800109863281,264.2699890136719,103529000
2018-04-11,232.48338317871094,263.760009765625,265.6400146484375,263.3900146484375,263.4700012207031,91140200
2018-04-12,234.3960723876953,265.92999267578125,267.0,265.05999755859375,265.260009765625,68890500
2018-04-13,233.70849609375,265.1499938964844,267.5400085449219,264.010009765625,267.4100036621094,85079200
2018-04-16,235.6300811767578,267.3299865722656,268.20001220703125,266.07000732421875,267.0,63405300
2018-04-17,238.15097045898438,270.19000244140625,270.8699951171875,268.75,269.3299865722656,64682000
2018-04-18,238.32723999023438,270.3900146484375,271.29998779296875,269.8699951171875,270.69000244140625,57303900
2018-04-19,237.00506591796875,268.8900146484375,269.8800048828125,267.7200012207031,269.6499938964844,77655900
2018-04-20,234.99542236328125,266.6099853515625,269.05999755859375,265.6099853515625,268.80999755859375,99953100
2018-04-23,234.96018981933594,266.57000732421875,267.8900146484375,265.3500061035156,267.260009765625,65558000
2018-04-24,231.7959442138672,262.9800109863281,267.9800109863281,261.2799987792969,267.7300109863281,112885500
2018-04-25,232.36880493164062,263.6300048828125,264.1300048828125,260.8500061035156,262.9100036621094,103840900
2018-04-26,234.7310028076172,266.30999755859375,267.25,264.2900085449219,264.7900085449219,67731900
2018-04-27,234.95138549804688,266.55999755859375,267.3399963378906,265.5,267.0,57053600
2018-04-30,233.14454650878906,264.510009765625,267.8900146484375,264.42999267578125,267.260009765625,82182300
2018-05-01,233.5587158203125,264.9800109863281,265.1000061035156,262.1099853515625,263.8699951171875,74203400
2018-05-02,231.98980712890625,263.20001220703125,265.67999267578125,262.760009765625,264.760009765625,86368900
2018-05-03,231.47857666015625,262.6199951171875,263.3599853515625,259.04998779296875,262.260009765625,136311500
2018-05-04,234.47543334960938,266.0199890136719,266.7900085449219,261.1499938964844,261.5199890136719,91222100
2018-05-07,235.26869201660156,266.9200134277344,268.0199890136719,266.1099853515625,266.8900146484375,55304900
2018-05-08,235.26869201660156,266.9200134277344,267.3299865722656,265.1499938964844,266.5,67499200
2018-05-09,237.54278564453125,269.5,269.8699951171875,267.0899963378906,267.67999267578125,59666100
2018-05-10,239.7638397216797,272.0199890136719,272.3900146484375,270.2200012207031,270.3399963378906,72063900
2018-05-11,240.49554443359375,272.8500061035156,273.1499938964844,271.5799865722656,272.1600036621094,59871500
2018-05-14,240.6100616455078,272.9800109863281,274.0799865722656,272.3599853515625,273.3399963378906,54790600
2018-05-15,238.95303344726562,271.1000061035156,271.6099853515625,270.0299987792969,271.5899963378906,87036100
2018-05-16,239.95787048339844,272.239990234375,272.760009765625,271.1099853515625,271.1400146484375,53942600
2018-05-17,239.755126953125,272.010009765625,273.2300109863281,271.1300048828125,271.94000244140625,56536400
2018-05-18,239.15576171875,271.3299865722656,272.0299987792969,270.92999267578125,271.6199951171875,64368000
2018-05-21,240.95384216308594,273.3699951171875,273.9800109863281,272.57000732421875,273.010009765625,58025900
2018-05-22,240.283935546875,272.6099853515625,274.25,272.239990234375,273.9599914550781,52966400
2018-05-23,240.9449920654297,273.3599853515625,273.3900146484375,270.989990234375,271.1700134277344,64694200
2018-05-24,240.4513397216797,272.79998779296875,273.2200012207031,270.7799987792969,272.9100036621094,76043800
2018-05-25,239.8784637451172,272.1499938964844,272.8599853515625,271.5799865722656,272.1499938964844,56374800
2018-05-29,237.11968994140625,269.0199890136719,271.1700134277344,267.760009765625,270.30999755859375,115908600
2018-05-30,240.283935546875,272.6099853515625,273.1099853515625,270.4200134277344,270.5,69678400
2018-05-31,238.81198120117188,270.94000244140625,272.489990234375,270.260009765625,272.1499938964844,93519900
2018-06-01,241.15658569335938,273.6000061035156,273.94000244140625,272.3299865722656,272.4100036621094,71258400
2018-06-04,242.3024139404297,274.8999938964844,275.19000244140625,274.260009765625,274.5299987792969,45385200
2018-06-05,242.47874450683594,275.1000061035156,275.5299987792969,274.17999267578125,275.04998779296875,51135000
2018-06-06,244.5059356689453,277.3999938964844,277.5199890136719,275.0899963378906,275.7900085449219,62732200
2018-06-07,244.47947692871094,277.3699951171875,278.2799987792969,276.3399963378906,277.95001220703125,72969400
2018-06-08,245.20223999023438,278.19000244140625,278.25,276.6600036621094,276.8500061035156,72139700
2018-06-11,245.52842712402344,278.55999755859375,279.3699951171875,278.30999755859375,278.44000244140625,58892500
2018-06-12,245.84567260742188,278.9200134277344,279.3299865722656,278.19000244140625,279.0299987792969,72329000
2018-06-13,245.06124877929688,278.0299987792969,279.4800109863281,277.79998779296875,279.19000244140625,79070600
2018-06-14,245.67825317382812,278.7300109863281,279.3299865722656,278.05999755859375,279.010009765625,77097600
2018-06-15,245.3648681640625,277.1300048828125,277.510009765625,275.3500061035156,276.6000061035156,120041600
2018-06-18,244.86009216308594,276.55999755859375,276.70001220703125,274.95001220703125,275.489990234375,52917600
2018-06-19,243.92169189453125,275.5,275.75,273.5299987792969,274.0,97531500
2018-06-20,244.33782958984375,275.9700012207031,276.7200012207031,275.5899963378906,276.2699890136719,53785500
2018-06-21,242.8061065673828,274.239990234375,275.9800109863281,273.67999267578125,275.9599914550781,71061400
2018-06-22,243.2487335205078,274.739990234375,275.7900085449219,274.489990234375,275.6600036621094,54898500
2018-06-25,239.9374237060547,271.0,273.6199951171875,269.1000061035156,273.44000244140625,137854200
2018-06-26,240.46868896484375,271.6000061035156,272.55999755859375,270.7900085449219,271.6400146484375,68547400
2018-06-27,238.47657775878906,269.3500061035156,273.8699951171875,269.17999267578125,272.260009765625,105110700
2018-06-28,239.84010314941406,270.8900146484375,271.75,268.489990234375,269.2900085449219,76650500
2018-06-29,240.1853790283203,271.2799987792969,273.6600036621094,271.1499938964844,272.1199951171875,97592500
2018-07-02,240.69886779785156,271.8599853515625,272.0400085449219,269.239990234375,269.510009765625,63554800
2018-07-03,239.8489227294922,270.8999938964844,272.9800109863281,270.4200134277344,272.8699951171875,42187100
2018-07-05,241.80563354492188,273.1099853515625,273.17999267578125,270.9599914550781,272.1700134277344,56925900
2018-07-06,243.85092163085938,275.4200134277344,275.8399963378906,272.7099914550781,273.1400146484375,66493700
2018-07-09,246.0465545654297,277.8999938964844,277.9599914550781,276.5,276.54998779296875,50550400
2018-07-10,246.93194580078125,278.8999938964844,279.010009765625,278.0799865722656,278.4100036621094,51966800
2018-07-11,245.1258087158203,276.8599853515625,278.0400085449219,276.5199890136719,277.1499938964844,77054700
2018-07-12,247.3480682373047,279.3699951171875,279.42999267578125,277.6000061035156,278.2799987792969,60124700
2018-07-13,247.54286193847656,279.5899963378906,279.92999267578125,278.6600036621094,279.1700134277344,48216000
2018-07-16,247.32147216796875,279.3399963378906,279.79998779296875,278.8399963378906,279.6400146484375,48201000
2018-07-17,248.322021484375,280.4700012207031,280.9100036621094,278.4100036621094,278.4700012207031,52315500
2018-07-18,248.84434509277344,281.05999755859375,281.17999267578125,280.05999755859375,280.55999755859375,44593500
2018-07-19,247.90591430664062,280.0,280.739990234375,279.4599914550781,280.30999755859375,61412100
2018-07-20,247.62255859375,279.67999267578125,280.4800109863281,279.5,279.7699890136719,82337700
2018-07-23,248.0830078125,280.20001220703125,280.42999267578125,279.05999755859375,279.45001220703125,47047600
2018-07-24,249.3312530517578,281.6099853515625,282.55999755859375,280.6300048828125,281.7900085449219,68026900
2018-07-25,251.45619201660156,284.010009765625,284.3699951171875,281.2799987792969,281.3299865722656,78882900
2018-07-26,250.86309814453125,283.3399963378906,284.1099853515625,283.0899963378906,283.20001220703125,57919500
2018-07-27,249.1631622314453,281.4200134277344,283.82000732421875,280.3800048828125,283.7099914550781,76768700
2018-07-30,247.86158752441406,279.95001220703125,281.69000244140625,279.3599853515625,281.510009765625,63742500
2018-07-31,249.08334350585938,281.3299865722656,282.0199890136719,280.3800048828125,280.80999755859375,68570500
2018-08-01,248.66725158691406,280.8599853515625,282.1300048828125,280.1300048828125,281.55999755859375,53853300
2018-08-02,250.02186584472656,282.3900146484375,282.5799865722656,279.1600036621094,279.3900146484375,63426400
2018-08-03,251.09327697753906,283.6000061035156,283.6600036621094,282.3299865722656,282.5299987792969,53935400
2018-08-06,252.01405334472656,284.6400146484375,284.989990234375,283.20001220703125,283.6400146484375,39400900
2018-08-07,252.84629821777344,285.5799865722656,286.010009765625,285.239990234375,285.3900146484375,43196600
2018-08-08,252.7400360107422,285.4599914550781,285.9100036621094,284.94000244140625,285.3900146484375,42114600
2018-08-09,252.3946990966797,285.07000732421875,285.9700012207031,284.9200134277344,285.5299987792969,35717000
2018-08-10,250.70364379882812,283.1600036621094,284.05999755859375,282.3599853515625,283.45001220703125,77076000
2018-08-13,249.76522827148438,282.1000061035156,284.1600036621094,281.7699890136719,283.4700012207031,65732900
2018-08-14,251.35882568359375,283.8999938964844,284.1700134277344,282.4800109863281,282.9200134277344,43842000
2018-08-15,249.4818115234375,281.7799987792969,282.5400085449219,280.1600036621094,282.3800048828125,102925400
2018-08-16,251.50050354003906,284.05999755859375,285.0400085449219,283.3599853515625,283.3999938964844,69967900
2018-08-17,252.3858184814453,285.05999755859375,285.55999755859375,283.3699951171875,283.8299865722656,65618500
2018-08-20,252.9259796142578,285.6700134277344,285.9700012207031,285.05999755859375,285.57000732421875,39807500
2018-08-21,253.5190887451172,286.3399963378906,287.30999755859375,285.7099914550781,286.25,67272000
2018-08-22,253.36866760253906,286.1700134277344,286.760009765625,285.5799865722656,285.8800048828125,44993300
2018-08-23,253.03224182128906,285.7900085449219,286.94000244140625,285.42999267578125,285.9700012207031,49204900
2018-08-24,254.55514526367188,287.510009765625,287.6700134277344,286.3800048828125,286.44000244140625,57487400
2018-08-27,256.5648498535156,289.7799987792969,289.8999938964844,288.67999267578125,288.8599853515625,57072400
2018-08-28,256.6888122558594,289.9200134277344,290.4200134277344,289.3999938964844,290.29998779296875,46943500
2018-08-29,258.070068359375,291.4800109863281,291.739990234375,289.8900146484375,290.1600036621094,61485500
2018-08-30,257.0252380371094,290.29998779296875,291.3599853515625,289.6300048828125,290.94000244140625,61229500
2018-08-31,257.0340881347656,290.30999755859375,290.80999755859375,289.2900085449219,289.8399963378906,66140800
2018-09-04,256.5914611816406,289.80999755859375,290.2099914550781,288.67999267578125,289.8399963378906,57594400
2018-09-05,255.9007568359375,289.0299987792969,289.6400146484375,287.8900146484375,289.4100036621094,72452400
2018-09-06,255.13055419921875,288.1600036621094,289.489990234375,287.0,289.1499938964844,65909900
2018-09-07,254.63475036621094,287.6000061035156,288.70001220703125,286.7099914550781,286.9800109863281,73524800
2018-09-10,255.07749938964844,288.1000061035156,289.0400085449219,287.8800048828125,288.739990234375,50210900
2018-09-11,255.9185028076172,289.04998779296875,289.54998779296875,286.9800109863281,287.3699951171875,50530500
2018-09-12,255.98057556152344,289.1199951171875,289.79998779296875,288.2300109863281,289.05999755859375,59810800
2018-09-13,257.49444580078125,290.8299865722656,291.0400085449219,290.0,290.32000732421875,51034200
2018-09-14,257.53875732421875,290.8800048828125,291.2699890136719,290.0,291.05999755859375,55079900
2018-09-17,256.17523193359375,289.3399963378906,290.8599853515625,289.0299987792969,290.82000732421875,68244000
2018-09-18,257.5654602050781,290.9100036621094,291.5799865722656,289.54998779296875,289.5799865722656,61930400
2018-09-19,257.8398742675781,291.2200012207031,291.69000244140625,290.8299865722656,290.9700012207031,49080600
2018-09-20,259.9292907714844,293.5799865722656,293.94000244140625,291.239990234375,292.6400146484375,100360600
2018-09-21,259.6918029785156,291.989990234375,293.2200012207031,291.80999755859375,293.0899963378906,105479700
2018-09-24,258.8291015625,291.0199890136719,291.5,290.3699951171875,291.3399963378906,53409600
2018-09-25,258.5889587402344,290.75,291.6499938964844,290.4800109863281,291.5299987792969,44370000
2018-09-26,257.815185546875,289.8800048828125,292.239990234375,289.4100036621094,290.9100036621094,79739700
2018-09-27,258.5355224609375,290.69000244140625,291.9100036621094,290.1000061035156,290.4100036621094,59249500
2018-09-28,258.5623779296875,290.7200012207031,291.2799987792969,289.95001220703125,289.989990234375,70091400
2018-10-01,259.4605407714844,291.7300109863281,292.92999267578125,290.9800109863281,292.1099853515625,62078900
2018-10-02,259.3094177246094,291.55999755859375,292.3599853515625,291.1400146484375,291.55999755859375,47258200
2018-10-03,259.4517517089844,291.7200012207031,293.2099914550781,291.32000732421875,292.739990234375,64694600
2018-10-04,257.42388916015625,289.44000244140625,291.239990234375,287.6600036621094,291.17999267578125,111545900
2018-10-05,255.98312377929688,287.82000732421875,290.2699890136719,286.2200012207031,289.69000244140625,105951700
2018-10-08,255.98312377929688,287.82000732421875,288.2200012207031,285.5,287.04998779296875,87742200
2018-10-09,255.6094970703125,287.3999938964844,288.8599853515625,286.7699890136719,287.3900146484375,74339000
2018-10-10,247.51612854003906,278.29998779296875,286.9100036621094,277.8800048828125,286.8299865722656,214731000
2018-10-11,242.06422424316406,272.1700134277344,278.8999938964844,270.3599853515625,277.0799865722656,274840500
2018-10-12,245.42605590820312,275.95001220703125,277.0899963378906,272.3699951171875,276.7699890136719,183186500
2018-10-15,244.0474395751953,274.3999938964844,277.0400085449219,274.29998779296875,275.54998779296875,102263700
2018-10-16,249.38381958007812,280.3999938964844,280.82000732421875,276.07000732421875,276.6000061035156,118255800
2018-10-17,249.42828369140625,280.45001220703125,281.1499938964844,277.55999755859375,280.44000244140625,110626000
2018-10-18,245.82630920410156,276.3999938964844,280.07000732421875,274.9700012207031,279.3999938964844,134557500
2018-10-19,245.69288635253906,276.25,279.29998779296875,275.4700012207031,277.1300048828125,139901600
2018-10-22,244.59005737304688,275.010009765625,277.3599853515625,274.4100036621094,277.0,82415800
2018-10-23,243.34495544433594,273.6099853515625,274.8699951171875,268.6099853515625,270.95001220703125,146352700
2018-10-24,235.97189331054688,265.32000732421875,273.760009765625,264.70001220703125,273.3299865722656,177806700
2018-10-25,240.20542907714844,270.0799865722656,271.80999755859375,266.2300109863281,267.3800048828125,138061500
2018-10-26,235.9807891845703,265.3299865722656,271.0,262.2900085449219,265.9200134277344,201574600
2018-10-29,234.6733856201172,263.8599853515625,270.25,259.8500061035156,268.79998779296875,160749100
2018-10-30,238.15090942382812,267.7699890136719,268.1199951171875,263.1199951171875,263.6700134277344,157116000
2018-10-31,240.69448852539062,270.6300048828125,273.2300109863281,270.1199951171875,270.6499938964844,128296300
2018-11-01,243.25599670410156,273.510009765625,273.7300109863281,270.3800048828125,271.6000061035156,99495000
2018-11-02,241.81517028808594,271.8900146484375,275.2300109863281,269.5899963378906,274.75,122634100
2018-11-05,243.14927673339844,273.3900146484375,274.010009765625,271.3500061035156,272.44000244140625,65622500
2018-11-06,244.68789672851562,275.1199951171875,275.29998779296875,273.25,273.32000732421875,60085900
2018-11-07,249.9263916015625,281.010009765625,281.1000061035156,277.0799865722656,277.55999755859375,102752100
2018-11-08,249.4728240966797,280.5,281.2200012207031,279.2200012207031,280.1099853515625,65584900
2018-11-09,247.03590393066406,277.760009765625,279.239990234375,276.17999267578125,279.0299987792969,98812600
2018-11-12,242.41998291015625,272.57000732421875,277.4599914550781,271.989990234375,277.19000244140625,99673600
2018-11-13,241.96629333496094,272.05999755859375,275.3299865722656,271.25,273.0899963378906,98176600
2018-11-14,240.3120880126953,270.20001220703125,274.6099853515625,268.45001220703125,274.1600036621094,125335900
2018-11-15,242.8202362060547,273.0199890136719,273.5400085449219,267.010009765625,268.7799987792969,135101400
2018-11-16,243.45164489746094,273.7300109863281,274.75,271.2099914550781,271.7900085449219,126668000
2018-11-19,239.33375549316406,269.1000061035156,273.3800048828125,268.07000732421875,273.04998779296875,103061700
2018-11-20,234.90463256835938,264.1199951171875,267.0,263.1499938964844,265.3599853515625,136021300
2018-11-21,235.705078125,265.0199890136719,267.1499938964844,265.010009765625,265.8599853515625,75563700
2018-11-23,234.13092041015625,263.25,264.82000732421875,263.07000732421875,263.17999267578125,42807900
2018-11-26,237.91078186035156,267.5,267.75,265.3399963378906,265.7799987792969,79981400
2018-11-27,238.71124267578125,268.3999938964844,268.3999938964844,265.6600036621094,266.3399963378906,75502400
2018-11-28,244.20761108398438,274.5799865722656,274.5799865722656,268.3299865722656,269.6000061035156,127629600
2018-11-29,243.67401123046875,273.9800109863281,275.54998779296875,272.42999267578125,273.7099914550781,82346400
2018-11-30,245.1592254638672,275.6499938964844,276.2799987792969,273.45001220703125,273.80999755859375,98204200
2018-12-03,248.40553283691406,279.29998779296875,280.3999938964844,277.510009765625,280.2799987792969,103176300
2018-12-04,240.35665893554688,270.25,278.8500061035156,269.8999938964844,278.3699951171875,177986000
2018-12-06,239.991943359375,269.8399963378906,269.9700012207031,262.44000244140625,265.9200134277344,204185400
2018-12-07,234.41543579101562,263.57000732421875,271.2200012207031,262.6300048828125,269.4599914550781,161018900
2018-12-10,234.86012268066406,264.07000732421875,265.1600036621094,258.6199951171875,263.3699951171875,151445900
2018-12-11,234.91358947753906,264.1300048828125,267.8699951171875,262.4800109863281,267.6600036621094,121504400
2018-12-12,236.09640502929688,265.4599914550781,269.0,265.3699951171875,267.4700012207031,97976700
2018-12-13,236.01638793945312,265.3699951171875,267.489990234375,264.1199951171875,266.5199890136719,96662700
2018-12-14,231.65838623046875,260.4700012207031,264.0299987792969,259.8500061035156,262.9599914550781,116961100
2018-12-17,227.11358642578125,255.36000061035156,260.6499938964844,253.52999877929688,259.3999938964844,165492300
2018-12-18,226.86459350585938,255.0800018310547,257.95001220703125,253.27999877929688,257.20001220703125,134515100
2018-12-19,223.46710205078125,251.25999450683594,259.3999938964844,249.35000610351562,255.1699981689453,214992800
2018-12-20,219.82955932617188,247.1699981689453,251.6199951171875,244.64999389648438,249.86000061035156,252053400
2018-12-21,215.32534790039062,240.6999969482422,249.7100067138672,239.97999572753906,246.74000549316406,255345600
2018-12-24,209.6358184814453,234.33999633789062,240.83999633789062,234.27000427246094,239.0399932861328,147311600
2018-12-26,220.22763061523438,246.17999267578125,246.17999267578125,233.75999450683594,235.97000122070312,218485400
2018-12-27,221.91842651367188,248.07000732421875,248.2899932861328,238.9600067138672,242.57000732421875,186267300
2018-12-28,221.63211059570312,247.75,251.39999389648438,246.4499969482422,249.5800018310547,153100200
2018-12-31,223.57339477539062,249.9199981689453,250.19000244140625,247.47000122070312,249.55999755859375,144299400
2019-01-02,223.80593872070312,250.17999267578125,251.2100067138672,245.9499969482422,245.97999572753906,126925200
2019-01-03,218.46533203125,244.2100067138672,248.57000732421875,243.6699981689453,248.22999572753906,144140700
2019-01-04,225.78298950195312,252.38999938964844,253.11000061035156,247.1699981689453,247.58999633789062,142628800
2019-01-07,227.563232421875,254.3800048828125,255.9499969482422,251.69000244140625,252.69000244140625,103139100
2019-01-08,229.70123291015625,256.7699890136719,257.30999755859375,254.0,256.82000732421875,102512600
2019-01-09,230.77474975585938,257.9700012207031,258.9100036621094,256.19000244140625,257.55999755859375,95006600
2019-01-10,231.5888671875,258.8800048828125,259.1600036621094,255.5,256.260009765625,96823900
2019-01-11,231.6782989501953,258.9800109863281,259.010009765625,257.0299987792969,257.67999267578125,73858100
2019-01-14,230.26483154296875,257.3999938964844,258.29998779296875,256.4100036621094,256.8599853515625,70908200
2019-01-15,232.90382385253906,260.3500061035156,260.70001220703125,257.80999755859375,257.82000732421875,85208300
2019-01-16,233.46737670898438,260.9800109863281,261.9700012207031,260.6000061035156,260.8299865722656,77636700
2019-01-17,235.2386474609375,262.9599914550781,263.9200134277344,259.9599914550781,260.010009765625,96118400
2019-01-18,238.36978149414062,266.4599914550781,266.9800109863281,263.0,264.9800109863281,127900300
2019-01-22,235.149169921875,262.8599853515625,265.05999755859375,261.05999755859375,264.82000732421875,115531200
2019-01-23,235.64125061035156,263.4100036621094,264.7900085449219,260.6600036621094,264.010009765625,86030300
2019-01-24,235.76644897460938,263.54998779296875,264.20001220703125,262.0799865722656,263.2099914550781,59204100
2019-01-25,237.7613525390625,265.7799987792969,266.70001220703125,263.6600036621094,265.6099853515625,96883400
2019-01-28,235.95437622070312,263.760009765625,263.8299865722656,261.7900085449219,263.3900146484375,85613700
2019-01-29,235.64125061035156,263.4100036621094,264.54998779296875,262.4800109863281,263.9200134277344,66136300
2019-01-30,239.37159729003906,267.5799865722656,268.5199890136719,264.25,265.1000061035156,92473700
2019-01-31,241.47393798828125,269.92999267578125,270.4700012207031,267.2699890136719,267.510009765625,104012100
2019-02-01,241.59017944335938,270.05999755859375,271.20001220703125,269.17999267578125,270.1499938964844,85782500
2019-02-04,243.28985595703125,271.9599914550781,272.0299987792969,269.3599853515625,270.1099853515625,60744800
2019-02-05,244.3097686767578,273.1000061035156,273.44000244140625,271.8800048828125,272.44000244140625,79552800
2019-02-06,243.9877166748047,272.739990234375,273.3399963378906,271.9200134277344,272.7900085449219,58347800
2019-02-07,241.66175842285156,270.1400146484375,271.54998779296875,268.2900085449219,270.94000244140625,95482000
2019-02-08,241.9569854736328,270.4700012207031,270.5799865722656,267.8299865722656,268.75,75788900
2019-02-11,242.0911102294922,270.6199951171875,271.489990234375,270.0299987792969,271.20001220703125,68021400
2019-02-12,245.20431518554688,274.1000061035156,274.5199890136719,272.3399963378906,272.4200134277344,72270200
2019-02-13,246.00045776367188,274.989990234375,275.92999267578125,274.55999755859375,275.0299987792969,65277200
2019-02-14,245.4547576904297,274.3800048828125,275.6400146484375,272.8699951171875,273.7799987792969,83234400
2019-02-15,248.12960815429688,277.3699951171875,277.4100036621094,276.1300048828125,276.3599853515625,97088700
2019-02-19,248.5590057373047,277.8500061035156,278.5799865722656,276.4700012207031,276.4800109863281,59120800
2019-02-20,249.05995178222656,278.4100036621094,278.9200134277344,277.25,277.80999755859375,76610800
2019-02-21,248.17434692382812,277.4200134277344,278.1000061035156,276.3500061035156,277.70001220703125,64214700
2019-02-22,249.71299743652344,279.1400146484375,279.3599853515625,277.3999938964844,278.1099853515625,78114600
2019-02-25,250.052978515625,279.5199890136719,281.30999755859375,279.42999267578125,280.7300109863281,69030700
2019-02-26,249.8740234375,279.32000732421875,280.29998779296875,278.8999938964844,279.1300048828125,56844100
2019-02-27,249.76673889160156,279.20001220703125,279.5899963378906,277.4800109863281,278.5199890136719,56921600
2019-02-28,249.3014678955078,278.67999267578125,279.45001220703125,278.32000732421875,278.9599914550781,69268300
2019-03-01,250.85801696777344,280.4200134277344,280.8800048828125,278.82000732421875,280.44000244140625,78880500
2019-03-04,249.9456024169922,279.3999938964844,281.8699951171875,276.8399963378906,281.6000061035156,106494600
2019-03-05,249.6055908203125,279.0199890136719,279.760009765625,278.4100036621094,279.5400085449219,59114600
2019-03-06,248.0938262939453,277.3299865722656,279.1600036621094,276.9700012207031,279.1499938964844,75039800
2019-03-07,246.0184326171875,275.010009765625,276.989990234375,274.07000732421875,276.8299865722656,94885100
2019-03-08,245.52635192871094,274.4599914550781,274.6499938964844,272.4200134277344,272.94000244140625,85795800
2019-03-11,249.08680725097656,278.44000244140625,278.6199951171875,275.2300109863281,275.260009765625,65098900
2019-03-12,250.02606201171875,279.489990234375,280.07000732421875,278.8500061035156,279.05999755859375,79667500
2019-03-13,251.68104553222656,281.3399963378906,282.3800048828125,280.29998779296875,280.4800109863281,80639200
2019-03-14,251.52011108398438,281.1600036621094,281.8399963378906,280.6700134277344,281.3699951171875,67518400
2019-03-15,252.76271057128906,281.30999755859375,282.2099914550781,280.3299865722656,280.5400085449219,81309000
2019-03-18,253.67919921875,282.3299865722656,282.6600036621094,281.29998779296875,281.54998779296875,62199800
2019-03-19,253.74197387695312,282.3999938964844,284.3599853515625,281.4100036621094,283.510009765625,90268100
2019-03-20,252.9783172607422,281.54998779296875,283.5,280.32000732421875,282.1600036621094,84609200
2019-03-21,255.8356475830078,284.7300109863281,285.17999267578125,280.5899963378906,280.6400146484375,79550400
2019-03-22,250.91172790527344,279.25,283.79998779296875,279.17999267578125,283.2200012207031,122659300
2019-03-25,250.72311401367188,279.0400085449219,280.19000244140625,277.6400146484375,278.8699951171875,85575200
2019-03-26,252.59205627441406,281.1199951171875,282.17999267578125,279.55999755859375,280.989990234375,68125900
2019-03-27,251.27110290527344,279.6499938964844,281.760009765625,277.92999267578125,281.1099853515625,72224700
2019-03-28,252.2236328125,280.7099914550781,281.2099914550781,279.07000732421875,280.3500061035156,56238500
2019-03-29,253.81398010253906,282.4800109863281,282.8399963378906,281.1400146484375,282.3900146484375,82186800
2019-04-01,256.82403564453125,285.8299865722656,286.1600036621094,284.3999938964844,284.70001220703125,77617900
2019-04-02,256.9498291015625,285.9700012207031,286.2300109863281,285.0899963378906,286.0400085449219,40070400
2019-04-03,257.3541564941406,286.4200134277344,287.760009765625,285.75,287.32000732421875,68243200
2019-04-04,258.0369567871094,287.17999267578125,287.4599914550781,286.010009765625,286.7799987792969,48997500
2019-04-05,259.28594970703125,288.57000732421875,288.6300048828125,287.6000061035156,287.9200134277344,58621700
2019-04-08,259.4835510253906,288.7900085449219,288.9100036621094,287.3699951171875,288.1000061035156,53566300
2019-04-09,258.1538391113281,287.30999755859375,288.0799865722656,286.70001220703125,287.7200012207031,66142300
2019-04-10,259.0343322753906,288.2900085449219,288.3900146484375,287.30999755859375,287.7699890136719,52601500
2019-04-11,258.9624938964844,288.2099914550781,288.8399963378906,287.5799865722656,288.8299865722656,55093100
2019-04-12,260.71466064453125,290.1600036621094,290.4700012207031,288.260009765625,290.0,69727800
2019-04-15,260.54388427734375,289.9700012207031,290.3500061035156,289.0799865722656,290.239990234375,49596700
2019-04-16,260.71466064453125,290.1600036621094,291.010009765625,289.5,290.95001220703125,52153200
2019-04-17,260.07659912109375,289.45001220703125,291.42999267578125,288.989990234375,291.3999938964844,58268300
2019-04-18,260.5887451171875,290.0199890136719,290.32000732421875,288.6600036621094,290.1000061035156,68708500
2019-04-22,260.8134460449219,290.2699890136719,290.44000244140625,289.07000732421875,289.1700134277344,40160100
2019-04-23,263.1585388183594,292.8800048828125,293.1400146484375,290.4200134277344,290.67999267578125,52246600
2019-04-24,262.5745544433594,292.2300109863281,293.1600036621094,292.07000732421875,292.7900085449219,50392900
2019-04-25,262.4127502441406,292.04998779296875,292.7799987792969,290.7300109863281,292.1199951171875,57770900
2019-04-26,263.6347961425781,293.4100036621094,293.489990234375,291.239990234375,292.1000061035156,50916400
2019-04-29,264.0480041503906,293.8699951171875,294.45001220703125,293.4100036621094,293.510009765625,57197700
2019-04-30,264.18292236328125,294.0199890136719,294.3399963378906,291.9200134277344,293.489990234375,81111700
2019-05-01,262.1971740722656,291.80999755859375,294.95001220703125,291.79998779296875,294.7200012207031,71671900
2019-05-02,261.631103515625,291.17999267578125,292.70001220703125,289.5199890136719,291.67999267578125,65030200
2019-05-03,264.1917724609375,294.0299987792969,294.3399963378906,291.29998779296875,292.82000732421875,56543700
2019-05-06,263.1046447753906,292.82000732421875,293.30999755859375,288.8999938964844,289.25,107198100
2019-05-07,258.7109375,287.92999267578125,290.80999755859375,285.80999755859375,290.1499938964844,144729900
2019-05-08,258.3514099121094,287.5299987792969,289.42999267578125,286.8699951171875,287.5299987792969,91568300
2019-05-09,257.5697937011719,286.6600036621094,287.3299865722656,283.29998779296875,285.2300109863281,103471100
2019-05-10,258.86370849609375,288.1000061035156,288.94000244140625,282.29998779296875,285.6199951171875,112429300
2019-05-13,252.35838317871094,280.8599853515625,283.489990234375,279.92999267578125,282.4200134277344,127290500
2019-05-14,254.6405792236328,283.3999938964844,285.1000061035156,281.8500061035156,281.989990234375,77003200
2019-05-15,256.132080078125,285.05999755859375,285.7699890136719,281.3599853515625,281.5899963378906,73956400
2019-05-16,258.5041809082031,287.70001220703125,289.2099914550781,285.760009765625,285.8399963378906,76749600
2019-05-17,256.8330383300781,285.8399963378906,288.6000061035156,285.1199951171875,285.1400146484375,100353000
2019-05-20,255.13475036621094,283.95001220703125,285.9599914550781,283.1199951171875,284.05999755859375,62877600
2019-05-21,257.43505859375,286.510009765625,286.92999267578125,285.54998779296875,285.8299865722656,46847100
2019-05-22,256.644287109375,285.6300048828125,286.69000244140625,285.1000061035156,285.45001220703125,49482500
2019-05-23,253.5084228515625,282.1400146484375,283.2099914550781,280.57000732421875,283.1600036621094,98733800
2019-05-24,254.08352661132812,282.7799987792969,284.20001220703125,282.0899963378906,283.739990234375,55268100
2019-05-28,251.7204132080078,280.1499938964844,284.1499938964844,280.1300048828125,283.0899963378906,70029400
2019-05-29,250.0312042236328,278.2699890136719,279.3599853515625,276.7099914550781,278.9100036621094,104972900
2019-05-30,250.7140655517578,279.0299987792969,280.0400085449219,277.80999755859375,279.1099853515625,62523800
2019-05-31,247.33563232421875,275.2699890136719,277.1199951171875,275.239990234375,276.20001220703125,86862800
2019-06-03,246.70663452148438,274.57000732421875,276.54998779296875,273.0899963378906,275.30999755859375,96428000
2019-06-04,252.0618438720703,280.5299987792969,280.67999267578125,276.6199951171875,277.1199951171875,77231900
2019-06-05,254.24522399902344,282.9599914550781,282.989990234375,280.32000732421875,282.3299865722656,71169700
2019-06-06,255.89852905273438,284.79998779296875,285.54998779296875,282.57000732421875,283.2900085449219,69430400
2019-06-07,258.4593811035156,287.6499938964844,288.8500061035156,285.739990234375,285.92999267578125,74272200
2019-06-10,259.6453857421875,288.9700012207031,290.82000732421875,288.8699951171875,289.3699951171875,60799100
2019-06-11,259.58251953125,288.8999938964844,291.3999938964844,288.17999267578125,290.989990234375,58641300
2019-06-12,259.12420654296875,288.3900146484375,289.260009765625,287.82000732421875,288.6400146484375,47096300
2019-06-13,260.19342041015625,289.5799865722656,289.9800109863281,288.6199951171875,289.3999938964844,48945200
2019-06-14,259.9058837890625,289.260009765625,289.92999267578125,288.4100036621094,289.260009765625,52324700
2019-06-17,260.0047607421875,289.3699951171875,290.2200012207031,289.17999267578125,289.5199890136719,39205700
2019-06-18,262.7272644042969,292.3999938964844,293.57000732421875,290.989990234375,291.3900146484375,85434800
2019-06-19,263.3203125,293.05999755859375,293.6499938964844,291.4700012207031,292.54998779296875,78674400
2019-06-20,265.8361511230469,295.8599853515625,296.30999755859375,293.1300048828125,296.0400085449219,116570000
2019-06-21,265.4496765136719,294.0,295.5199890136719,293.760009765625,294.1300048828125,83309500
2019-06-24,265.1246643066406,293.6400146484375,294.5799865722656,293.4700012207031,294.2300109863281,47582700
2019-06-25,262.5242919921875,290.760009765625,293.7300109863281,290.6400146484375,293.70001220703125,82028700
2019-06-26,262.2625427246094,290.4700012207031,292.30999755859375,290.3500061035156,291.75,51584900
2019-06-27,263.1924743652344,291.5,292.05999755859375,290.8900146484375,291.30999755859375,40355200
2019-06-28,264.5469055175781,293.0,293.54998779296875,292.010009765625,292.5799865722656,59350900
2019-07-01,266.948486328125,295.6600036621094,296.9200134277344,294.3299865722656,296.67999267578125,78705600
2019-07-02,267.64373779296875,296.42999267578125,296.489990234375,294.67999267578125,295.6099853515625,61504500
2019-07-03,269.7835388183594,298.79998779296875,298.82000732421875,297.0199890136719,297.17999267578125,40898900
2019-07-05,269.4766845703125,298.4599914550781,298.6400146484375,296.010009765625,297.44000244140625,51677300
2019-07-08,267.9958190917969,296.82000732421875,298.260009765625,296.2200012207031,297.010009765625,45841800
2019-07-09,268.3299560546875,297.19000244140625,297.5199890136719,295.4800109863281,295.5400085449219,41101300
2019-07-10,269.61199951171875,298.6099853515625,299.6600036621094,297.7799987792969,298.3699951171875,58448500
2019-07-11,270.2441101074219,299.30999755859375,299.5799865722656,298.20001220703125,299.32000732421875,50826100
2019-07-12,271.45391845703125,300.6499938964844,300.7300109863281,299.510009765625,299.8500061035156,40326000
2019-07-15,271.5442199707031,300.75,301.1300048828125,300.19000244140625,301.1300048828125,33900000
2019-07-16,270.66851806640625,299.7799987792969,300.8800048828125,299.44000244140625,300.6499938964844,36650100
2019-07-17,268.82659912109375,297.739990234375,299.92999267578125,297.739990234375,299.75,36036300
2019-07-18,269.8107604980469,298.8299865722656,299.25,296.70001220703125,297.19000244140625,51392600
2019-07-19,268.3118896484375,297.1700134277344,300.07000732421875,296.9800109863281,300.0400085449219,58678600
2019-07-22,268.9709167480469,297.8999938964844,298.5,297.0400085449219,297.6099853515625,43638100
2019-07-23,270.8941650390625,300.0299987792969,300.0299987792969,298.2200012207031,299.1400146484375,44564500
2019-07-24,272.167236328125,301.44000244140625,301.44000244140625,299.0899963378906,299.19000244140625,47213200
2019-07-25,270.86712646484375,300.0,301.0,299.1099853515625,300.94000244140625,55394100
2019-07-26,272.681884765625,302.010009765625,302.2300109863281,300.6199951171875,300.760009765625,45084100
2019-07-29,272.185302734375,301.4599914550781,302.010009765625,300.8500061035156,301.8800048828125,38126500
2019-07-30,271.5171203613281,300.7200012207031,301.1700134277344,299.489990234375,299.9100036621094,45849000
2019-07-31,268.5466613769531,297.42999267578125,301.20001220703125,295.20001220703125,300.989990234375,104245200
2019-08-01,266.2081298828125,294.8399963378906,300.8699951171875,293.9599914550781,297.6000061035156,142646600
2019-08-02,264.2037353515625,292.6199951171875,294.1199951171875,290.8999938964844,293.8500061035156,116749700
2019-08-05,256.25836181640625,283.82000732421875,288.2099914550781,281.7200012207031,288.0899963378906,178745400
2019-08-06,259.8516845703125,287.79998779296875,288.0400085449219,284.2799987792969,285.9100036621094,120711700
2019-08-07,260.0052795410156,287.9700012207031,288.82000732421875,282.0400085449219,284.3999938964844,140572300
2019-08-08,265.1066589355469,293.6199951171875,293.6199951171875,289.010009765625,289.6199951171875,87713900
2019-08-09,263.30096435546875,291.6199951171875,293.239990234375,289.6499938964844,292.5799865722656,93730000
2019-08-12,260.09564208984375,288.07000732421875,291.6099853515625,287.0199890136719,289.9599914550781,65527600
2019-08-13,264.1404724121094,292.54998779296875,294.1499938964844,287.3599853515625,287.739990234375,94299800
2019-08-14,256.3304748535156,283.8999938964844,288.739990234375,283.760009765625,288.07000732421875,135622100
2019-08-15,257.0076904296875,284.6499938964844,285.6400146484375,282.3900146484375,284.8800048828125,99556600
2019-08-16,260.7998046875,288.8500061035156,289.3299865722656,284.7099914550781,286.4800109863281,83018300
2019-08-19,263.9419250488281,292.3299865722656,293.0799865722656,291.44000244140625,292.19000244140625,53571800
2019-08-20,261.9194641113281,290.0899963378906,292.3599853515625,289.95001220703125,291.7699890136719,51596400
2019-08-21,264.05023193359375,292.45001220703125,292.8599853515625,291.7200012207031,292.4800109863281,49524700
2019-08-22,263.9690246582031,292.3599853515625,293.92999267578125,290.3999938964844,293.2300109863281,51666400
2019-08-23,257.1883239746094,284.8500061035156,292.760009765625,283.4700012207031,290.9200134277344,149161500
2019-08-26,260.0324401855469,288.0,288.0,285.5799865722656,287.2699890136719,72423800
2019-08-27,259.0120544433594,286.8699951171875,289.95001220703125,286.0299987792969,289.5400085449219,66668900
2019-08-28,260.8359375,288.8900146484375,289.07000732421875,285.25,286.1400146484375,59696700
2019-08-29,264.1676330566406,292.5799865722656,293.1600036621094,290.6099853515625,291.7200012207031,57899400
2019-08-30,264.05023193359375,292.45001220703125,294.239990234375,291.4200134277344,294.2200012207031,62901200
2019-09-03,262.5062561035156,290.739990234375,291.5799865722656,289.2699890136719,290.57000732421875,69101400
2019-09-04,265.4858703613281,294.0400085449219,294.05999755859375,292.30999755859375,293.1400146484375,46887300
2019-09-05,268.8988037109375,297.82000732421875,298.8299865722656,294.0,296.7900085449219,83258100
2019-09-06,269.1064453125,298.04998779296875,298.760009765625,297.4200134277344,298.1700134277344,49584300
2019-09-09,269.2419128417969,298.20001220703125,299.239990234375,297.1600036621094,299.1400146484375,51260300
2019-09-10,269.1786804199219,298.1300048828125,298.20001220703125,295.9700012207031,297.3599853515625,57947100
2019-09-11,271.0927429199219,300.25,300.3399963378906,297.75,298.4700012207031,68821100
2019-09-12,272.03179931640625,301.2900085449219,302.4599914550781,300.4100036621094,301.25,72908700
2019-09-13,271.8511962890625,301.0899963378906,302.1700134277344,300.67999267578125,301.7799987792969,62104800
2019-09-16,271.011474609375,300.1600036621094,301.1400146484375,299.45001220703125,299.8399963378906,58191200
2019-09-17,271.69769287109375,300.9200134277344,301.0199890136719,299.75,299.94000244140625,41475500
2019-09-18,271.86029052734375,301.1000061035156,301.2200012207031,298.239990234375,300.489990234375,73375800
2019-09-19,271.84222412109375,301.0799865722656,302.6300048828125,300.7099914550781,301.5299987792969,76560500
2019-09-20,270.55780029296875,298.2799987792969,300.6700134277344,297.4100036621094,300.3599853515625,89565000
2019-09-23,270.4942626953125,298.2099914550781,299.0,297.2699890136719,297.54998779296875,43476800
2019-09-24,268.37176513671875,295.8699951171875,299.8399963378906,294.80999755859375,299.4100036621094,94869400
2019-09-25,269.95916748046875,297.6199951171875,298.1099853515625,294.3299865722656,295.9599914550781,71854000
2019-09-26,269.3966979980469,297.0,297.8599853515625,295.45001220703125,297.6300048828125,56179700
2019-09-27,267.945556640625,295.3999938964844,297.95001220703125,293.69000244140625,297.8299865722656,84746600
2019-09-30,269.1880798339844,296.7699890136719,297.54998779296875,295.9200134277344,295.9700012207031,51662400
2019-10-01,265.9862365722656,293.239990234375,298.4599914550781,293.0,297.739990234375,88242400
2019-10-02,261.28759765625,288.05999755859375,291.510009765625,286.6400146484375,291.5,122539500
2019-10-03,263.4283142089844,290.4200134277344,290.45001220703125,284.82000732421875,287.80999755859375,85278800
2019-10-04,266.9930114746094,294.3500061035156,294.6300048828125,291.0799865722656,291.1400146484375,65091200
2019-10-07,265.8410339355469,293.0799865722656,295.260009765625,292.7699890136719,293.4700012207031,59610500
2019-10-08,261.71392822265625,288.5299987792969,291.8500061035156,288.489990234375,291.0400085449219,95708100
2019-10-09,264.1993103027344,291.2699890136719,292.29998779296875,290.05999755859375,290.75,62359400
2019-10-10,265.9862365722656,293.239990234375,294.2099914550781,291.0,291.17999267578125,55296300
2019-10-11,268.74371337890625,296.2799987792969,298.739990234375,296.1400146484375,296.2699890136719,98720400
2019-10-14,268.4443359375,295.95001220703125,296.6700134277344,295.57000732421875,295.92999267578125,40394800
2019-10-15,271.10211181640625,298.8800048828125,299.70001220703125,296.9700012207031,297.1000061035156,46754500
2019-10-16,270.6666564941406,298.3999938964844,299.1600036621094,297.9200134277344,298.3699951171875,48928200
2019-10-17,271.46484375,299.2799987792969,300.239990234375,298.5199890136719,299.67999267578125,45736600
2019-10-18,270.276611328125,297.9700012207031,299.3999938964844,297.0299987792969,298.69000244140625,64304000
2019-10-21,272.10888671875,299.989990234375,300.2099914550781,298.94000244140625,299.4200134277344,39048600
2019-10-22,271.2199401855469,299.010009765625,300.8999938964844,298.9100036621094,300.5799865722656,48594700
2019-10-23,272.0090637207031,299.8800048828125,299.94000244140625,298.5,298.7300109863281,34352200
2019-10-24,272.45355224609375,300.3699951171875,301.07000732421875,299.4599914550781,300.9100036621094,35453100
2019-10-25,273.5692138671875,301.6000061035156,302.20001220703125,299.67999267578125,299.739990234375,45205400
2019-10-28,275.1112060546875,303.29998779296875,303.8500061035156,302.9100036621094,302.94000244140625,42147000
2019-10-29,275.0296325683594,303.2099914550781,304.2300109863281,302.8599853515625,303.0,44284900
2019-10-30,275.8731384277344,304.1400146484375,304.54998779296875,301.989990234375,303.42999267578125,49643900
2019-10-31,275.1384582519531,303.3299865722656,304.1300048828125,301.7300109863281,304.1300048828125,69053800
2019-11-01,277.6872863769531,306.1400146484375,306.19000244140625,304.739990234375,304.9200134277344,71141500
2019-11-04,278.8030090332031,307.3699951171875,308.0,306.9599914550781,307.8500061035156,60606900
2019-11-05,278.4945373535156,307.0299987792969,307.9200134277344,306.7099914550781,307.5899963378906,42933200
2019-11-06,278.5580749511719,307.1000061035156,307.3999938964844,306.05999755859375,307.0299987792969,46487100
2019-11-07,279.5376281738281,308.17999267578125,309.6499938964844,307.6600036621094,308.57000732421875,54272300
2019-11-08,280.2270202636719,308.94000244140625,309.0,307.0299987792969,307.79998779296875,49032100
2019-11-11,279.69195556640625,308.3500061035156,308.5400085449219,307.2699890136719,307.4200134277344,35797300
2019-11-12,280.2814636230469,309.0,309.989990234375,308.1499938964844,308.75,46484600
2019-11-13,280.37213134765625,309.1000061035156,309.5400085449219,307.6600036621094,307.9100036621094,53917700
2019-11-14,280.7802734375,309.54998779296875,309.6400146484375,308.0899963378906,308.7900085449219,51219900
2019-11-15,282.81219482421875,311.7900085449219,311.8399963378906,310.260009765625,311.0199890136719,62023600
2019-11-18,283.02081298828125,312.0199890136719,312.2799987792969,311.0299987792969,311.5299987792969,49228000
2019-11-19,282.93914794921875,311.92999267578125,312.69000244140625,311.2200012207031,312.67999267578125,67804700
2019-11-20,281.886962890625,310.7699890136719,311.8500061035156,309.05999755859375,311.2799987792969,79406200
2019-11-21,281.43341064453125,310.2699890136719,311.010009765625,309.3900146484375,310.8900146484375,54664700
2019-11-22,282.05926513671875,310.9599914550781,311.239990234375,309.8500061035156,311.0899963378906,44850200
2019-11-25,284.24530029296875,313.3699951171875,313.3699951171875,311.9800109863281,311.9800109863281,48647200
2019-11-26,284.88934326171875,314.0799865722656,314.2799987792969,313.05999755859375,313.4100036621094,37569000
2019-11-27,286.1592712402344,315.4800109863281,315.4800109863281,314.3699951171875,314.6099853515625,44444600
2019-11-29,285.0979919433594,314.30999755859375,315.1300048828125,314.05999755859375,314.8599853515625,36592700
2019-12-02,282.6761474609375,311.6400146484375,314.6600036621094,311.1700134277344,314.5899963378906,75767800
2019-12-03,280.7802734375,309.54998779296875,309.6400146484375,307.1300048828125,308.6499938964844,73941700
2019-12-04,282.51287841796875,311.4599914550781,312.1199951171875,310.32000732421875,310.70001220703125,49080000
2019-12-05,283.02081298828125,312.0199890136719,312.25,310.5799865722656,312.2300109863281,40709000
2019-12-06,285.60595703125,314.8699951171875,315.30999755859375,314.1099853515625,314.1199951171875,48927000
2019-12-09,284.7078857421875,313.8800048828125,315.17999267578125,313.79998779296875,314.44000244140625,34838500
2019-12-10,284.3904724121094,313.5299987792969,314.54998779296875,312.80999755859375,313.82000732421875,52649800
2019-12-11,285.19769287109375,314.4200134277344,314.70001220703125,313.44000244140625,314.0299987792969,53429100
2019-12-12,287.6558837890625,317.1300048828125,317.989990234375,314.1700134277344,314.42999267578125,96389600
2019-12-13,287.8282470703125,317.32000732421875,318.6700134277344,316.0199890136719,316.8699951171875,81503900
2019-12-16,289.8056335449219,319.5,320.1499938964844,317.25,319.2200012207031,82749700
2019-12-17,289.86907958984375,319.57000732421875,320.25,319.4800109863281,319.9200134277344,61097700
2019-12-18,289.8872375488281,319.5899963378906,320.25,319.5299987792969,320.0,48133000
2019-12-19,291.075439453125,320.8999938964844,320.9800109863281,319.5199890136719,319.79998779296875,85310500
2019-12-20,292.3515930175781,320.7300109863281,321.9700012207031,319.3900146484375,320.4599914550781,147142100
2019-12-23,292.79827880859375,321.2200012207031,321.6499938964844,321.05999755859375,321.5899963378906,52990000
2019-12-24,292.80731201171875,321.2300109863281,321.5199890136719,320.8999938964844,321.4700012207031,20270000
2019-12-26,294.36602783203125,322.94000244140625,322.95001220703125,321.6400146484375,321.6499938964844,30911200
2019-12-27,294.29315185546875,322.8599853515625,323.79998779296875,322.2799987792969,323.739990234375,42528800
2019-12-30,292.6706237792969,321.0799865722656,323.1000061035156,320.54998779296875,322.95001220703125,49729100
2019-12-31,293.381591796875,321.8599853515625,322.1300048828125,320.1499938964844,320.5299987792969,57077300
2020-01-02,296.1252746582031,324.8699951171875,324.8900146484375,322.5299987792969,323.5400085449219,59151200
2020-01-03,293.8829345703125,322.4100036621094,323.6400146484375,321.1000061035156,321.1600036621094,77709700
2020-01-06,295.0041809082031,323.6400146484375,323.7300109863281,320.3599853515625,320.489990234375,55653900
2020-01-07,294.17462158203125,322.7300109863281,323.5400085449219,322.239990234375,323.0199890136719,40496400
2020-01-08,295.7425231933594,324.45001220703125,325.7799987792969,322.6700134277344,322.94000244140625,68296000
2020-01-09,297.7477722167969,326.6499938964844,326.7300109863281,325.5199890136719,326.1600036621094,48473300
2020-01-10,296.8909606933594,325.7099914550781,327.4599914550781,325.20001220703125,327.2900085449219,53029300
2020-01-13,298.9328308105469,327.95001220703125,327.9599914550781,325.9200134277344,326.3900146484375,47086800
2020-01-14,298.4770812988281,327.45001220703125,328.6199951171875,326.8399963378906,327.4700012207031,62832800
2020-01-15,299.15155029296875,328.19000244140625,329.0199890136719,327.260009765625,327.3500061035156,72056600
2020-01-16,301.6399841308594,330.9200134277344,330.9200134277344,329.45001220703125,329.70001220703125,54050300
2020-01-17,302.5788879394531,331.95001220703125,332.17999267578125,330.8500061035156,331.70001220703125,95846000
2020-01-21,301.9863586425781,331.29998779296875,332.17999267578125,330.82000732421875,330.8999938964844,77742400
2020-01-22,302.0227966308594,331.3399963378906,332.95001220703125,331.1700134277344,332.239990234375,48914900
2020-01-23,302.3692321777344,331.7200012207031,332.1700134277344,329.4100036621094,330.6300048828125,51963000
2020-01-24,299.6802062988281,328.7699890136719,332.5299987792969,327.3599853515625,332.44000244140625,87578400
2020-01-27,294.87646484375,323.5,325.1199951171875,322.6600036621094,323.0299987792969,84062500
2020-01-28,297.9665222167969,326.8900146484375,327.8500061035156,323.6000061035156,325.05999755859375,63834000
2020-01-29,297.7204895019531,326.6199951171875,328.6300048828125,326.3999938964844,328.3800048828125,53888900
2020-01-30,298.6866455078125,327.67999267578125,327.9100036621094,323.5400085449219,324.3599853515625,75491800
2020-01-31,293.2631530761719,321.7300109863281,327.1700134277344,320.7300109863281,327.0,113845600
2020-02-03,295.441650390625,324.1199951171875,326.1600036621094,323.2200012207031,323.3500061035156,69083000
2020-02-04,299.944580078125,329.05999755859375,330.010009765625,327.7200012207031,328.07000732421875,62573200
2020-02-05,303.4083557128906,332.8599853515625,333.0899963378906,330.6700134277344,332.2699890136719,65951100
2020-02-06,304.4292297363281,333.9800109863281,334.19000244140625,332.79998779296875,333.9100036621094,50359700
2020-02-07,302.8067626953125,332.20001220703125,333.989990234375,331.6000061035156,332.82000732421875,64139400
2020-02-10,305.0672607421875,334.67999267578125,334.75,331.19000244140625,331.2300109863281,42070000
2020-02-11,305.5959167480469,335.260009765625,337.0199890136719,334.67999267578125,336.1600036621094,54864500
2020-02-12,307.56488037109375,337.4200134277344,337.6499938964844,336.42999267578125,336.8299865722656,43992700
2020-02-13,307.2367858886719,337.05999755859375,338.1199951171875,335.55999755859375,335.8599853515625,54501900
2020-02-14,307.72894287109375,337.6000061035156,337.7300109863281,336.20001220703125,337.510009765625,64582200
2020-02-18,306.9359130859375,336.7300109863281,337.6700134277344,335.2099914550781,336.510009765625,57226200
2020-02-19,308.4034423828125,338.3399963378906,339.0799865722656,337.4800109863281,337.7900085449219,48814700
2020-02-20,307.1364440917969,336.95001220703125,338.6400146484375,333.67999267578125,337.739990234375,74163400
2020-02-21,303.973388671875,333.4800109863281,335.80999755859375,332.5799865722656,335.4700012207031,113788200
2020-02-24,293.89208984375,322.4200134277344,333.55999755859375,321.239990234375,323.1400146484375,161088400
2020-02-25,284.9865417480469,312.6499938964844,324.6099853515625,311.69000244140625,323.94000244140625,218913200
2020-02-26,283.9382629394531,311.5,318.1099853515625,310.70001220703125,314.17999267578125,194773800
2020-02-27,271.1861572265625,297.510009765625,311.55999755859375,297.510009765625,305.4599914550781,284353500
2020-02-28,270.0467529296875,296.260009765625,297.8900146484375,285.5400085449219,288.70001220703125,384975800
2020-03-02,281.7415771484375,309.0899963378906,309.1600036621094,294.4599914550781,298.2099914550781,238703600
2020-03-03,273.674560546875,300.239990234375,313.8399963378906,297.57000732421875,309.5,300139100
2020-03-04,285.1778564453125,312.8599853515625,313.1000061035156,303.3299865722656,306.1199951171875,176613400
2020-03-05,275.6982421875,302.4599914550781,308.4700012207031,300.010009765625,304.9800109863281,186366800
2020-03-06,271.1405944824219,297.4599914550781,298.7799987792969,290.2300109863281,293.1499938964844,228667200
2020-03-09,249.96597290039062,274.2300109863281,284.19000244140625,273.45001220703125,275.29998779296875,309417300
2020-03-10,262.900390625,288.4200134277344,288.5199890136719,273.5,284.6400146484375,276444100
2020-03-11,250.08441162109375,274.3599853515625,281.94000244140625,270.8800048828125,280.70001220703125,255316300
2020-03-12,226.15708923339844,248.11000061035156,266.6600036621094,247.67999267578125,256.0,392220700
2020-03-13,245.4903564453125,269.32000732421875,271.4800109863281,248.52000427246094,263.0899963378906,329566100
2020-03-16,218.6279296875,239.85000610351562,256.8999938964844,237.36000061035156,241.17999267578125,297240000
2020-03-17,230.4320831298828,252.8000030517578,256.1700134277344,237.07000732421875,245.0399932861328,262070500
2020-03-18,218.76463317871094,240.0,248.3699951171875,228.02000427246094,236.25,327597100
2020-03-19,219.22955322265625,240.50999450683594,247.3800048828125,232.22000122070312,239.25,289322000
2020-03-20,209.78201293945312,228.8000030517578,244.47000122070312,228.5,242.52999877929688,347158800
2020-03-23,204.4182586669922,222.9499969482422,229.67999267578125,218.25999450683594,228.19000244140625,326025200
2020-03-24,222.93919372558594,243.14999389648438,244.10000610351562,233.8000030517578,234.4199981689453,235494500
2020-03-25,226.2766571044922,246.7899932861328,256.3500061035156,239.75,244.8699951171875,299430300
2020-03-26,239.48886108398438,261.20001220703125,262.79998779296875,249.0500030517578,249.52000427246094,257632800
2020-03-27,232.35556030273438,253.4199981689453,260.80999755859375,251.0500030517578,253.27000427246094,224341200
2020-03-30,239.90145874023438,261.6499938964844,262.42999267578125,253.52999877929688,255.6999969482422,171369500
2020-03-31,236.32565307617188,257.75,263.3299865722656,256.2200012207031,260.55999755859375,194881100
2020-04-01,225.68983459472656,246.14999389648438,257.6600036621094,243.89999389648438,247.97999572753906,189554600
2020-04-02,230.89768981933594,251.8300018310547,252.67999267578125,244.58999633789062,245.19000244140625,177660400
2020-04-03,227.56027221679688,248.19000244140625,253.32000732421875,245.22000122070312,250.75999450683594,135561200
2020-04-06,242.84466552734375,264.8599853515625,267.0,248.1699981689453,257.8399963378906,188061200
2020-04-07,243.09226989746094,265.1300048828125,275.0299987792969,264.8900146484375,274.2099914550781,201427200
2020-04-08,251.25238037109375,274.0299987792969,276.0,265.25,267.9599914550781,153774500
2020-04-09,255.0758514404297,278.20001220703125,281.20001220703125,275.4700012207031,277.5799865722656,189999200
2020-04-13,252.74696350097656,275.6600036621094,277.510009765625,271.4100036621094,277.1400146484375,114839100
2020-04-14,260.2012023925781,283.7900085449219,284.8999938964844,275.510009765625,280.9800109863281,134143400
2020-04-15,254.6724395751953,277.760009765625,283.94000244140625,275.4599914550781,277.57000732421875,121775000
2020-04-16,255.90098571777344,279.1000061035156,280.0299987792969,275.760009765625,279.1499938964844,131798300
2020-04-17,262.8143005371094,286.6400146484375,287.29998779296875,282.3999938964844,285.3800048828125,146684800
2020-04-20,258.1840515136719,281.5899963378906,286.7900085449219,281.3500061035156,282.6099853515625,100109300
2020-04-21,250.34478759765625,273.0400085449219,278.0400085449219,272.0199890136719,276.7300109863281,126385700
2020-04-22,255.90098571777344,279.1000061035156,281.0,276.9100036621094,278.3500061035156,92951600
2020-04-23,255.88262939453125,279.0799865722656,283.94000244140625,278.75,280.489990234375,104709700
2020-04-24,259.44940185546875,282.9700012207031,283.70001220703125,278.5,280.7300109863281,85063200
2020-04-27,263.1902160644531,287.04998779296875,288.2699890136719,284.6199951171875,285.1199951171875,77896600
2020-04-28,261.9799499511719,285.7300109863281,291.3999938964844,285.3999938964844,291.0199890136719,105270000
2020-04-29,268.838134765625,293.2099914550781,294.8800048828125,290.4100036621094,291.5299987792969,118745600
2020-04-30,266.33502197265625,290.4800109863281,293.32000732421875,288.5899963378906,291.7099914550781,122901700
2020-05-01,259.28436279296875,282.7900085449219,290.6600036621094,281.5199890136719,285.30999755859375,125180000
2020-05-04,259.99945068359375,283.57000732421875,283.8999938964844,279.1300048828125,280.739990234375,80873200
2020-05-05,262.4017028808594,286.19000244140625,289.25,283.7099914550781,286.6400146484375,79569900
2020-05-06,260.62298583984375,284.25,288.4599914550781,283.7799987792969,288.0400085449219,73632600
2020-05-07,263.767822265625,287.67999267578125,289.7799987792969,287.1300048828125,287.75,75250400
2020-05-08,268.1322021484375,292.44000244140625,292.95001220703125,289.8599853515625,291.0899963378906,76452400
2020-05-11,268.18719482421875,292.5,294.0,289.8800048828125,290.3399963378906,79514200
2020-05-12,262.8418273925781,286.6700134277344,294.239990234375,286.5199890136719,293.7900085449219,95870800
2020-05-13,258.1932678222656,281.6000061035156,287.19000244140625,278.9599914550781,286.05999755859375,144721100
2020-05-14,261.2830810546875,284.9700012207031,285.1099853515625,272.989990234375,278.95001220703125,121977900
2020-05-15,262.4842529296875,286.2799987792969,286.3299865722656,281.3399963378906,282.3699951171875,111146300
2020-05-18,270.47943115234375,295.0,296.75,292.70001220703125,293.04998779296875,119703800
2020-05-19,267.7012634277344,291.9700012207031,296.2099914550781,291.95001220703125,294.3500061035156,95189300
2020-05-20,272.2489318847656,296.92999267578125,297.8699951171875,295.57000732421875,295.82000732421875,85861700
2020-05-21,270.3693542480469,294.8800048828125,297.6700134277344,293.69000244140625,296.7900085449219,78293900
2020-05-22,270.88275146484375,295.44000244140625,295.6300048828125,293.2200012207031,294.57000732421875,63958200
2020-05-26,274.2201843261719,299.0799865722656,302.19000244140625,295.4599914550781,301.92999267578125,88951400
2020-05-27,278.3004150390625,303.5299987792969,303.57000732421875,296.8699951171875,302.1199951171875,104817400
2020-05-28,277.7869873046875,302.9700012207031,306.8399963378906,302.239990234375,304.6499938964844,90405200
2020-05-29,279.02471923828125,304.32000732421875,304.9599914550781,299.4700012207031,302.4599914550781,119090800
2020-06-01,280.1525573730469,305.54998779296875,306.2099914550781,303.05999755859375,303.6199951171875,55758300
2020-06-02,282.47216796875,308.0799865722656,308.1300048828125,305.1000061035156,306.54998779296875,74267200
2020-06-03,286.2314453125,312.17999267578125,313.2200012207031,309.94000244140625,310.239990234375,92567600
2020-06-04,285.4795837402344,311.3599853515625,313.0,309.0799865722656,311.1099853515625,75794400
2020-06-05,292.79620361328125,319.3399963378906,321.2699890136719,317.1600036621094,317.2300109863281,150524700
2020-06-08,296.3353576660156,323.20001220703125,323.4100036621094,319.6300048828125,320.2200012207031,73641200
2020-06-09,294.125732421875,320.7900085449219,323.2799987792969,319.3599853515625,320.29998779296875,77479200
2020-06-10,292.4844970703125,319.0,322.3900146484375,318.2200012207031,321.4200134277344,95000800
2020-06-11,275.623046875,300.6099853515625,312.1499938964844,300.010009765625,311.4599914550781,209243600
2020-06-12,278.9238586425781,304.2099914550781,309.0799865722656,298.6000061035156,308.239990234375,194678900
2020-06-15,281.5278015136719,307.04998779296875,308.2799987792969,296.739990234375,298.0199890136719,135782700
2020-06-16,286.9465637207031,312.9599914550781,315.6400146484375,307.6700134277344,315.4800109863281,137627500
2020-06-17,285.7546691894531,311.6600036621094,314.3900146484375,310.8599853515625,314.07000732421875,83398900
2020-06-18,285.8645935058594,311.7799987792969,312.29998779296875,309.510009765625,310.010009765625,80828700
2020-06-19,284.2309875488281,308.6400146484375,314.3800048828125,306.5299987792969,314.1700134277344,135549600
2020-06-22,286.0543212890625,310.6199951171875,311.04998779296875,306.75,307.989990234375,74649400
2020-06-23,287.3712158203125,312.04998779296875,314.5,311.6099853515625,313.489990234375,68471200
2020-06-24,280.04083251953125,304.0899963378906,310.510009765625,302.1000061035156,309.8399963378906,132813500
2020-06-25,283.04296875,307.3500061035156,307.6400146484375,301.2799987792969,303.4700012207031,89468000
2020-06-26,276.3202819824219,300.04998779296875,306.3900146484375,299.4200134277344,306.1600036621094,127961000
2020-06-29,280.3815612792969,304.4599914550781,304.6099853515625,298.92999267578125,301.4100036621094,79773300
2020-06-30,283.9730529785156,308.3599853515625,310.20001220703125,303.82000732421875,303.989990234375,113394800
2020-07-01,285.9621887207031,310.5199890136719,311.8900146484375,309.07000732421875,309.57000732421875,72396500
2020-07-02,287.5369873046875,312.2300109863281,315.70001220703125,311.510009765625,314.239990234375,69344200
2020-07-06,291.975830078125,317.04998779296875,317.67999267578125,315.55999755859375,316.3699951171875,61713800
2020-07-07,288.96435546875,313.7799987792969,317.5199890136719,313.3699951171875,315.3800048828125,82910000
2020-07-08,291.1746520996094,316.17999267578125,316.29998779296875,312.70001220703125,314.6099853515625,54638600
2020-07-09,289.5169982910156,314.3800048828125,317.1000061035156,310.67999267578125,316.8399963378906,83354200
2020-07-10,292.4731140136719,317.5899963378906,317.8800048828125,312.760009765625,314.30999755859375,57550400
2020-07-13,289.940673828125,314.8399963378906,322.7099914550781,314.1300048828125,320.1300048828125,102997500
2020-07-14,293.6979064941406,318.9200134277344,319.760009765625,312.0,313.29998779296875,93657000
2020-07-15,296.396240234375,321.8500061035156,323.0400085449219,319.2699890136719,322.4100036621094,87196500
2020-07-16,295.4200439453125,320.7900085449219,321.2799987792969,319.0899963378906,319.7900085449219,54622500
2020-07-17,296.2765197753906,321.7200012207031,322.57000732421875,319.739990234375,321.8800048828125,62774900
2020-07-20,298.6708984375,324.32000732421875,325.1300048828125,320.6199951171875,321.42999267578125,56308800
2020-07-21,299.3063659667969,325.010009765625,326.92999267578125,323.94000244140625,326.45001220703125,57292200
2020-07-22,301.00994873046875,326.8599853515625,327.20001220703125,324.5,324.6199951171875,57792900
2020-07-23,297.41845703125,322.9599914550781,327.2300109863281,321.4800109863281,326.4700012207031,75738000
2020-07-24,295.50286865234375,320.8800048828125,321.989990234375,319.25,320.95001220703125,73766600
2020-07-27,297.65789794921875,323.2200012207031,323.4100036621094,320.7699890136719,321.6300048828125,48293000
2020-07-28,295.7699890136719,321.1700134277344,323.6400146484375,320.8500061035156,322.42999267578125,57495000
2020-07-29,299.4075622558594,325.1199951171875,325.7300109863281,322.0799865722656,322.1199951171875,48454200
2020-07-30,298.33941650390625,323.9599914550781,324.4100036621094,319.6400146484375,321.8999938964844,61861700
2020-07-31,300.6968688964844,326.5199890136719,326.6300048828125,321.3299865722656,325.8999938964844,84986800
2020-08-03,302.7873229980469,328.7900085449219,329.6199951171875,327.7300109863281,328.32000732421875,53077900
2020-08-04,303.9569091796875,330.05999755859375,330.05999755859375,327.8599853515625,327.8599853515625,41917900
2020-08-05,305.84478759765625,332.1099853515625,332.3900146484375,331.17999267578125,331.4700012207031,42697700
2020-08-06,307.88922119140625,334.3299865722656,334.4599914550781,331.1300048828125,331.4800109863281,43679400
2020-08-07,308.1101989746094,334.57000732421875,334.8800048828125,332.29998779296875,333.2799987792969,57308300
2020-08-10,309.0312194824219,335.57000732421875,335.7699890136719,332.9599914550781,335.05999755859375,44282100
2020-08-11,306.480224609375,332.79998779296875,337.5400085449219,332.010009765625,336.8500061035156,69601100
2020-08-12,310.7532958984375,337.44000244140625,338.2799987792969,335.4100036621094,335.44000244140625,53774400
2020-08-13,310.19146728515625,336.8299865722656,338.25,335.8299865722656,336.6099853515625,41816100
2020-08-14,310.20068359375,336.8399963378906,337.4200134277344,335.6199951171875,336.4100036621094,47260400
2020-08-17,311.18603515625,337.9100036621094,338.3399963378906,336.8500061035156,337.94000244140625,35481000
2020-08-18,311.85833740234375,338.6400146484375,339.1000061035156,336.6099853515625,338.3399963378906,38733900
2020-08-19,310.5599060058594,337.2300109863281,339.6099853515625,336.6199951171875,339.04998779296875,68054200
2020-08-20,311.5268249511719,338.2799987792969,338.79998779296875,335.2200012207031,335.3599853515625,42207800
2020-08-21,312.6319580078125,339.4800109863281,339.7200012207031,337.54998779296875,337.9200134277344,55106600
2020-08-24,315.79986572265625,342.9200134277344,343.0,339.45001220703125,342.1199951171875,48588700
2020-08-25,316.90496826171875,344.1199951171875,344.2099914550781,342.2699890136719,343.5299987792969,38463400
2020-08-26,320.0821838378906,347.57000732421875,347.8599853515625,344.1700134277344,344.760009765625,50790200
2020-08-27,320.7820129394531,348.3299865722656,349.8999938964844,346.5299987792969,348.510009765625,58034100
2020-08-28,322.8540954589844,350.5799865722656,350.7200012207031,348.1499938964844,349.44000244140625,48588900
2020-08-31,321.6844482421875,349.30999755859375,351.29998779296875,349.05999755859375,350.3500061035156,66099200
2020-09-01,324.7143859863281,352.6000061035156,352.7099914550781,349.239990234375,350.2099914550781,54908700
2020-09-02,329.4110412597656,357.70001220703125,358.75,353.42999267578125,354.6700134277344,69540000
2020-09-03,318.0746154785156,345.3900146484375,356.3800048828125,342.5899963378906,355.8699951171875,148011100
2020-09-04,315.47760009765625,342.57000732421875,347.8299865722656,334.8699951171875,346.1300048828125,139156300
2020-09-08,306.8577880859375,333.2099914550781,342.6400146484375,332.8800048828125,336.7099914550781,114465300
2020-09-09,312.91748046875,339.7900085449219,342.4599914550781,336.6099853515625,337.54998779296875,91462300
2020-09-10,307.4840087890625,333.8900146484375,342.5299987792969,332.8500061035156,341.82000732421875,90569500
2020-09-11,307.6405029296875,334.05999755859375,336.9700012207031,331.0,335.82000732421875,84680200
2020-09-14,311.6925964355469,338.4599914550781,340.3800048828125,334.2200012207031,337.489990234375,65605700
2020-09-15,313.2673645019531,340.1700134277344,342.0199890136719,338.4700012207031,341.1199951171875,52920900
2020-09-16,312.02423095703125,338.82000732421875,343.05999755859375,338.5199890136719,341.510009765625,82096000
2020-09-17,309.2798156738281,335.8399963378906,337.70001220703125,332.989990234375,333.55999755859375,91523300
2020-09-18,305.7191467285156,330.6499938964844,335.489990234375,327.9700012207031,335.3699951171875,105877900
2020-09-21,302.3166198730469,326.9700012207031,327.1300048828125,321.7300109863281,325.70001220703125,99450800
2020-09-22,305.3955078125,330.29998779296875,330.8999938964844,325.8599853515625,328.57000732421875,63612100
2020-09-23,298.3130798339844,322.6400146484375,331.20001220703125,322.1000061035156,330.8999938964844,93112200
2020-09-24,299.1082458496094,323.5,326.79998779296875,319.79998779296875,321.2200012207031,76681300
2020-09-25,303.9439697265625,328.7300109863281,329.5799865722656,321.6400146484375,322.5799865722656,71069400
2020-09-28,308.9922180175781,334.19000244140625,334.9599914550781,332.1499938964844,333.2200012207031,64584600
2020-09-29,307.3094482421875,332.3699951171875,334.7699890136719,331.6199951171875,333.9700012207031,51304000
2020-09-30,309.63946533203125,334.8900146484375,338.2900085449219,332.8800048828125,333.0899963378906,104081100
2020-10-01,311.62744140625,337.0400085449219,338.739990234375,335.010009765625,337.69000244140625,88698700
2020-10-02,308.6686706542969,333.8399963378906,337.010009765625,331.19000244140625,331.70001220703125,89431100
2020-10-05,314.1423034667969,339.760009765625,339.9599914550781,336.010009765625,336.05999755859375,45713100
2020-10-06,309.67645263671875,334.92999267578125,342.1700134277344,334.3800048828125,339.9100036621094,90128900
2020-10-07,315.0669860839844,340.760009765625,341.6300048828125,338.0899963378906,338.1199951171875,56999600
2020-10-08,317.8591613769531,343.7799987792969,343.8500061035156,341.8599853515625,342.8500061035156,45242500
2020-10-09,320.69769287109375,346.8500061035156,347.3500061035156,344.8900146484375,345.55999755859375,59528600
2020-10-12,325.85693359375,352.42999267578125,354.0199890136719,349.05999755859375,349.5899963378906,80388500
2020-10-13,323.7303161621094,350.1300048828125,352.4700012207031,349.0899963378906,352.2799987792969,73255500
2020-10-14,321.6963195800781,347.92999267578125,351.92999267578125,347.1400146484375,350.75,57727900
2020-10-15,321.2987060546875,347.5,348.0199890136719,343.1300048828125,343.7099914550781,60357700
2020-10-16,321.10455322265625,347.2900085449219,350.75,347.1000061035156,348.9599914550781,89501900
2020-10-19,316.22271728515625,342.010009765625,349.3299865722656,341.0400085449219,348.6499938964844,68425600
2020-10-20,317.48931884765625,343.3800048828125,346.8800048828125,342.6400146484375,343.4599914550781,60051900
2020-10-21,316.8883361816406,342.7300109863281,345.6700134277344,342.3999938964844,343.3299865722656,63575000
2020-10-22,318.6266174316406,344.6099853515625,345.239990234375,340.6499938964844,342.9599914550781,55399300
2020-10-23,319.7083740234375,345.7799987792969,345.989990234375,343.1300048828125,345.92999267578125,49143900
2020-10-26,313.8002624511719,339.3900146484375,342.9800109863281,335.6199951171875,342.1300048828125,91473000
2020-10-27,312.71844482421875,338.2200012207031,340.1199951171875,337.989990234375,339.760009765625,65994100
2020-10-28,302.0299987792969,326.6600036621094,338.25,326.1300048828125,332.1000061035156,127094300
2020-10-29,305.0997314453125,329.9800109863281,333.3999938964844,325.0899963378906,326.9100036621094,90597700
2020-10-30,301.9190673828125,326.5400085449219,329.69000244140625,322.6000061035156,328.2799987792969,120287300
2020-11-02,305.3031311035156,330.20001220703125,332.3599853515625,327.239990234375,330.20001220703125,86068300
2020-11-03,310.6934509277344,336.0299987792969,338.25,330.2900085449219,333.69000244140625,93294200
2020-11-04,317.6372985839844,343.5400085449219,347.94000244140625,339.5899963378906,340.8599853515625,126959700
2020-11-05,323.83209228515625,350.239990234375,352.19000244140625,348.8599853515625,349.239990234375,82039700
2020-11-06,323.75811767578125,350.1600036621094,351.510009765625,347.6499938964844,349.92999267578125,74973000
2020-11-09,327.82635498046875,354.55999755859375,364.3800048828125,354.05999755859375,363.9700012207031,172304200
2020-11-10,327.34564208984375,354.0400085449219,355.17999267578125,350.510009765625,353.489990234375,85552000
2020-11-11,329.7772216796875,356.6700134277344,357.55999755859375,355.05999755859375,356.3999938964844,58649000
2020-11-12,326.57818603515625,353.2099914550781,356.7200012207031,351.260009765625,355.5799865722656,67546200
2020-11-13,331.0994567871094,358.1000061035156,358.8999938964844,354.7099914550781,355.2699890136719,62892200
2020-11-16,335.2324523925781,362.57000732421875,362.7799987792969,359.5899963378906,360.9800109863281,74541100
2020-11-17,333.429443359375,360.6199951171875,361.9200134277344,358.3399963378906,359.9700012207031,66111000
2020-11-18,329.4166564941406,356.2799987792969,361.5,356.239990234375,360.9100036621094,70591300
2020-11-19,330.80352783203125,357.7799987792969,358.17999267578125,354.1499938964844,355.6000061035156,59940900
2020-11-20,328.5382995605469,355.3299865722656,357.7200012207031,355.25,357.5,70417300
2020-11-23,330.5077209472656,357.4599914550781,358.82000732421875,354.8699951171875,357.2799987792969,63230600
2020-11-24,335.83343505859375,363.2200012207031,363.80999755859375,359.2900085449219,360.2099914550781,62415900
2020-11-25,335.3157043457031,362.6600036621094,363.1600036621094,361.4800109863281,363.1300048828125,45330900
2020-11-27,336.24951171875,363.6700134277344,364.17999267578125,362.5799865722656,363.8399963378906,28514100
2020-11-30,334.76080322265625,362.05999755859375,363.1199951171875,359.1700134277344,362.8299865722656,83872700
2020-12-01,338.4222412109375,366.0199890136719,367.67999267578125,364.92999267578125,365.57000732421875,74231400
2020-12-02,339.13421630859375,366.7900085449219,366.9599914550781,364.20001220703125,364.82000732421875,45927000
2020-12-03,339.0417785644531,366.69000244140625,368.19000244140625,365.5,366.67999267578125,62882000
2020-12-04,341.9634704589844,369.8500061035156,369.8500061035156,367.2200012207031,367.32000732421875,50749900
2020-12-07,341.2608947753906,369.0899963378906,369.6199951171875,367.7200012207031,369.0199890136719,48944300
2020-12-08,342.25933837890625,370.1700134277344,370.7799987792969,367.6700134277344,367.7200012207031,42458900
2020-12-09,339.1896667480469,366.8500061035156,371.04998779296875,365.95001220703125,370.8800048828125,74098300
2020-12-10,339.0787658691406,366.7300109863281,367.8599853515625,364.42999267578125,365.3699951171875,57735400
2020-12-11,338.68121337890625,366.29998779296875,366.739990234375,363.260009765625,364.8999938964844,57698600
2020-12-14,337.164794921875,364.6600036621094,369.79998779296875,364.4700012207031,368.6400146484375,69216200
2020-12-15,341.7231140136719,369.5899963378906,369.5899963378906,365.9200134277344,367.3999938964844,63865300
2020-12-16,342.25933837890625,370.1700134277344,371.1600036621094,368.8699951171875,369.82000732421875,58420500
2020-12-17,344.17333984375,372.239990234375,372.4599914550781,371.04998779296875,371.94000244140625,64119500
2020-12-18,342.799072265625,369.17999267578125,371.1499938964844,367.0199890136719,370.9700012207031,136542300
2020-12-21,341.5733947753906,367.8599853515625,378.4599914550781,362.0299987792969,364.9700012207031,96386700
2020-12-22,340.9977111816406,367.239990234375,368.3299865722656,366.0299987792969,368.2099914550781,47949000
2020-12-23,341.3040771484375,367.57000732421875,369.6199951171875,367.2200012207031,368.2799987792969,46201400
2020-12-24,342.6319580078125,369.0,369.0299987792969,367.45001220703125,368.0799865722656,26457900
2020-12-28,345.575439453125,372.1700134277344,372.5899963378906,371.07000732421875,371.739990234375,39000400
2020-12-29,344.9161682128906,371.4599914550781,374.0,370.8299865722656,373.80999755859375,53680500
2020-12-30,345.4082946777344,371.989990234375,373.1000061035156,371.57000732421875,372.3399963378906,49455300
2020-12-31,347.1632080078125,373.8800048828125,374.6600036621094,371.2300109863281,371.7799987792969,78520700
2021-01-04,342.4369201660156,368.7900085449219,375.45001220703125,364.82000732421875,375.30999755859375,110210800
2021-01-05,344.79541015625,371.3299865722656,372.5,368.04998779296875,368.1000061035156,66426200
2021-01-06,346.8568115234375,373.54998779296875,376.9800109863281,369.1199951171875,369.7099914550781,107997700
2021-01-07,352.0101623535156,379.1000061035156,379.8999938964844,375.9100036621094,376.1000061035156,68766800
2021-01-08,354.0158386230469,381.260009765625,381.489990234375,377.1000061035156,380.5899963378906,71677200
2021-01-11,351.6295166015625,378.69000244140625,380.5799865722656,377.7200012207031,377.8500061035156,51034700
2021-01-12,351.70379638671875,378.7699890136719,379.8599853515625,376.3599853515625,378.8900146484375,52547700
2021-01-13,352.65087890625,379.7900085449219,380.8599853515625,377.8500061035156,378.69000244140625,45303600
2021-01-14,351.4159851074219,378.4599914550781,381.1300048828125,378.1000061035156,380.5899963378906,49989100
2021-01-15,348.8531188964844,375.70001220703125,377.5799865722656,373.70001220703125,376.7200012207031,107160000
2021-01-19,351.5923156738281,378.6499938964844,379.2300109863281,376.75,378.3399963378906,51233300
2021-01-20,356.4579162597656,383.8900146484375,384.7900085449219,380.69000244140625,381.1099853515625,61836100
2021-01-21,356.7828369140625,384.239990234375,384.95001220703125,383.25,384.489990234375,47840100
2021-01-22,355.5201110839844,382.8800048828125,384.1300048828125,381.8399963378906,382.25,52860500
2021-01-25,356.9222106933594,384.3900146484375,384.7699890136719,378.4599914550781,383.6700134277344,70402000
2021-01-26,356.3650817871094,383.7900085449219,385.8500061035156,383.5400085449219,385.4100036621094,42665300
2021-01-27,347.6553649902344,374.4100036621094,380.32000732421875,372.010009765625,380.2200012207031,123351100
2021-01-28,350.645263671875,377.6300048828125,381.92999267578125,375.8900146484375,376.3599853515625,94198100
2021-01-29,343.62542724609375,370.07000732421875,376.6700134277344,368.2699890136719,375.6300048828125,126765100
2021-02-01,349.3453063964844,376.2300109863281,377.3399963378906,370.3800048828125,373.7200012207031,75817600
2021-02-02,354.2850646972656,381.54998779296875,383.2200012207031,376.32000732421875,379.6499938964844,64450700
2021-02-03,354.56365966796875,381.8500061035156,383.70001220703125,380.4800109863281,382.44000244140625,52427100
2021-02-04,358.59356689453125,386.19000244140625,386.239990234375,381.9700012207031,382.9599914550781,47142600
2021-02-05,360.0048828125,387.7099914550781,388.4700012207031,386.1400146484375,388.20001220703125,48669800
2021-02-08,362.6048278808594,390.510009765625,390.55999755859375,388.3500061035156,389.2699890136719,38365200
2021-02-09,362.36346435546875,390.25,390.8900146484375,389.1700134277344,389.6099853515625,35551100
2021-02-10,362.20550537109375,390.0799865722656,392.2799987792969,387.5,392.1199951171875,59154400
2021-02-11,362.7905578613281,390.7099914550781,391.69000244140625,388.1000061035156,391.239990234375,42913300
2021-02-12,364.5826110839844,392.6400146484375,392.8999938964844,389.7699890136719,389.8500061035156,50593300
2021-02-16,364.2668762207031,392.29998779296875,394.1700134277344,391.5299987792969,393.9599914550781,50972400
2021-02-17,364.35052490234375,392.3900146484375,392.6600036621094,389.3299865722656,390.4200134277344,52290600
2021-02-18,362.7998352050781,390.7200012207031,391.5199890136719,387.739990234375,389.5899963378906,59712800
2021-02-19,362.1591796875,390.0299987792969,392.3800048828125,389.54998779296875,392.07000732421875,83241000
2021-02-22,359.37353515625,387.0299987792969,389.6199951171875,386.739990234375,387.05999755859375,67414200
2021-02-23,359.81005859375,387.5,388.95001220703125,380.20001220703125,384.6600036621094,107284100
2021-02-24,363.7747802734375,391.7699890136719,392.2300109863281,385.2699890136719,386.3299865722656,72433900
2021-02-25,355.0093688964844,382.3299865722656,391.8800048828125,380.7799987792969,390.4100036621094,146670500
2021-02-26,353.1802062988281,380.3599853515625,385.5799865722656,378.2300109863281,384.3500061035156,152701600
2021-03-01,361.7413330078125,389.5799865722656,390.9200134277344,380.57000732421875,385.5899963378906,105348800
2021-03-02,358.9184875488281,386.5400085449219,390.07000732421875,386.0,389.82000732421875,79595300
2021-03-03,354.1643981933594,381.4200134277344,386.8299865722656,381.30999755859375,385.7900085449219,119940200
2021-03-04,349.7817077636719,376.70001220703125,384.0,371.8800048828125,381.2200012207031,183433000
2021-03-05,356.216552734375,383.6300048828125,384.760009765625,372.6400146484375,380.4599914550781,152039600
2021-03-08,354.4429931640625,381.7200012207031,387.67999267578125,381.4200134277344,384.6600036621094,123149200
2021-03-09,359.5035705566406,387.1700134277344,389.9100036621094,385.30999755859375,385.8500061035156,113633600
2021-03-10,361.7413330078125,389.5799865722656,391.3999938964844,388.1700134277344,389.69000244140625,109899400
2021-03-11,365.4090576171875,393.5299987792969,395.6499938964844,391.739990234375,392.2300109863281,86245000
2021-03-12,365.9012145996094,394.05999755859375,394.2099914550781,391.20001220703125,392.07000732421875,64653600
2021-03-15,368.0832824707031,396.4100036621094,396.69000244140625,392.0299987792969,394.3299865722656,73427200
2021-03-16,367.6190490722656,395.9100036621094,397.8299865722656,395.0799865722656,397.07000732421875,73722500
2021-03-17,368.87261962890625,397.260009765625,398.1199951171875,393.29998779296875,394.5299987792969,97959300
2021-03-18,363.5054931640625,391.4800109863281,396.7200012207031,390.75,394.4800109863281,115349100
2021-03-19,362.8330078125,389.4800109863281,391.57000732421875,387.1499938964844,389.8800048828125,113624500
2021-03-22,365.73016357421875,392.5899963378906,394.07000732421875,389.9700012207031,390.0299987792969,73778600
2021-03-23,362.8515625,389.5,393.4599914550781,388.6600036621094,391.9100036621094,90686600
2021-03-24,361.007080078125,387.5199890136719,392.75,387.4700012207031,391.0,97588600
2021-03-25,363.0378723144531,389.70001220703125,390.54998779296875,383.8999938964844,385.9800109863281,116128600
2021-03-26,368.88818359375,395.9800109863281,396.4100036621094,390.2900085449219,390.92999267578125,114409100
2021-03-29,368.7019348144531,395.7799987792969,396.75,392.80999755859375,394.3999938964844,108107600
2021-03-30,367.7237854003906,394.7300109863281,395.45001220703125,393.0199890136719,394.4200134277344,76262200
2021-03-31,369.2142639160156,396.3299865722656,398.0,395.30999755859375,395.3399963378906,112734200
2021-04-01,373.2014465332031,400.6099853515625,400.6700134277344,398.17999267578125,398.3999938964844,99682900
2021-04-05,378.5580139160156,406.3599853515625,406.94000244140625,403.3800048828125,403.4599914550781,91684800
2021-04-06,378.3345031738281,406.1199951171875,407.239990234375,405.3999938964844,405.760009765625,62021000
2021-04-07,378.7723388671875,406.5899963378906,406.9599914550781,405.45001220703125,405.94000244140625,55836300
2021-04-08,380.57025146484375,408.5199890136719,408.5799865722656,406.92999267578125,407.92999267578125,57863100
2021-04-09,383.3370361328125,411.489990234375,411.6700134277344,408.260009765625,408.3900146484375,61104600
2021-04-12,383.476806640625,411.6400146484375,411.92999267578125,410.20001220703125,410.8500061035156,56704900
2021-04-13,384.6134033203125,412.8599853515625,413.5299987792969,411.1199951171875,411.5299987792969,56551000
2021-04-14,383.29986572265625,411.45001220703125,413.9599914550781,410.8699951171875,412.8299865722656,61659900
2021-04-15,387.4173889160156,415.8699951171875,416.1600036621094,413.69000244140625,413.739990234375,60229800
2021-04-16,388.71234130859375,417.260009765625,417.9100036621094,415.7300109863281,417.25,82037300
2021-04-19,386.80255126953125,415.2099914550781,416.739990234375,413.7900085449219,416.260009765625,78498500
2021-04-20,383.9706115722656,412.1700134277344,415.0899963378906,410.5899963378906,413.9100036621094,81851800
2021-04-21,387.60369873046875,416.07000732421875,416.2900085449219,411.3599853515625,411.510009765625,66793000
2021-04-22,384.06365966796875,412.2699890136719,416.7799987792969,411.1300048828125,415.8900146484375,97582800
2021-04-23,388.2279052734375,416.739990234375,418.25,412.7900085449219,412.8699951171875,73209200
2021-04-26,389.0383605957031,417.6099853515625,418.2200012207031,416.80999755859375,417.44000244140625,52182400
2021-04-27,388.9544982910156,417.5199890136719,418.1400146484375,416.29998779296875,417.92999267578125,51303100
2021-04-28,388.84271240234375,417.3999938964844,419.010009765625,416.8999938964844,417.80999755859375,51238900
2021-04-29,391.32073974609375,420.05999755859375,420.7200012207031,416.44000244140625,420.32000732421875,78544300
2021-04-30,388.7495422363281,417.29998779296875,418.5400085449219,416.3399963378906,417.6300048828125,85527000
2021-05-03,389.58807373046875,418.20001220703125,419.8399963378906,417.6700134277344,419.42999267578125,68128300
2021-05-04,387.1845397949219,415.6199951171875,416.6000061035156,411.6700134277344,416.07000732421875,101591200
2021-05-05,387.3056335449219,415.75,417.6300048828125,415.1499938964844,417.3800048828125,60162200
2021-05-06,390.3984680175781,419.07000732421875,419.2099914550781,413.67999267578125,415.8299865722656,74321400
2021-05-07,393.23980712890625,422.1199951171875,422.82000732421875,419.1600036621094,419.8900146484375,67733800
2021-05-10,389.34576416015625,417.94000244140625,422.739990234375,417.80999755859375,422.5,81852400
2021-05-11,385.8710021972656,414.2099914550781,415.2699890136719,410.05999755859375,413.1000061035156,116888000
2021-05-12,377.6731262207031,405.4100036621094,412.5899963378906,404.0,411.2300109863281,134811000
2021-05-13,382.2098388671875,410.2799987792969,412.3500061035156,407.0199890136719,407.07000732421875,106394000
2021-05-14,388.0788879394531,416.5799865722656,417.489990234375,413.17999267578125,413.2099914550781,82201600
2021-05-17,387.0912780761719,415.5199890136719,416.3900146484375,413.3599853515625,415.3900146484375,65129200
2021-05-18,383.7563171386719,411.94000244140625,416.05999755859375,411.7699890136719,415.79998779296875,59810200
2021-05-19,382.75018310546875,410.8599853515625,411.04998779296875,405.3299865722656,406.9200134277344,106467100
2021-05-20,386.8677978515625,415.2799987792969,416.6300048828125,411.6700134277344,411.79998779296875,78022200
2021-05-21,386.55108642578125,414.94000244140625,418.20001220703125,414.45001220703125,416.8699951171875,76578700
2021-05-24,390.4916687011719,419.1700134277344,420.32000732421875,417.0799865722656,417.3399963378906,51376700
2021-05-25,389.625244140625,418.239990234375,420.7099914550781,417.6199951171875,420.3299865722656,57451400
2021-05-26,390.3984680175781,419.07000732421875,419.6099853515625,417.760009765625,418.8699951171875,43088600
2021-05-27,390.60345458984375,419.2900085449219,420.7200012207031,418.989990234375,420.1700134277344,56707700
2021-05-28,391.30206298828125,420.0400085449219,421.25,419.7900085449219,420.9700012207031,58520200
2021-06-01,390.9573974609375,419.6700134277344,422.7200012207031,419.20001220703125,422.57000732421875,54216600
2021-06-02,391.5722961425781,420.3299865722656,421.2300109863281,419.2900085449219,420.3699951171875,49097100
2021-06-03,390.1189880371094,418.7699890136719,419.989990234375,416.2799987792969,417.8500061035156,58138800
2021-06-04,393.6869812011719,422.6000061035156,422.9200134277344,418.8399963378906,420.75,55938800
2021-06-07,393.304931640625,422.19000244140625,422.7799987792969,421.19000244140625,422.5899963378906,51555000
2021-06-08,393.3888854980469,422.2799987792969,423.2099914550781,420.32000732421875,423.1099853515625,47134300
2021-06-09,392.802001953125,421.6499938964844,423.260009765625,421.4100036621094,423.17999267578125,48436300
2021-06-10,394.6278381347656,423.6099853515625,424.6300048828125,421.54998779296875,422.9599914550781,51020100
2021-06-11,395.2800598144531,424.30999755859375,424.42999267578125,422.82000732421875,424.20001220703125,45570800
2021-06-14,396.1650085449219,425.260009765625,425.3699951171875,423.1000061035156,424.42999267578125,42358500
2021-06-15,395.4383544921875,424.4800109863281,425.4599914550781,423.5400085449219,425.4200134277344,51508500
2021-06-16,393.2304382324219,422.1099853515625,424.8699951171875,419.9200134277344,424.6300048828125,80386100
2021-06-17,393.1001281738281,421.9700012207031,423.0199890136719,419.32000732421875,421.6700134277344,90949700
2021-06-18,387.7969970703125,414.9200134277344,417.8299865722656,414.70001220703125,417.0899963378906,118676300
2021-06-21,393.3487854003906,420.8599853515625,421.05999755859375,415.92999267578125,416.79998779296875,72822000
2021-06-22,395.4515380859375,423.1099853515625,424.0,420.0799865722656,420.8500061035156,57700300
2021-06-23,394.9749755859375,422.6000061035156,424.04998779296875,422.510009765625,423.19000244140625,49445400
2021-06-24,397.3115234375,425.1000061035156,425.54998779296875,424.6199951171875,424.8900146484375,45110300
2021-06-25,398.7227783203125,426.6099853515625,427.0899963378906,425.54998779296875,425.8999938964844,58129500
2021-06-28,399.5265808105469,427.4700012207031,427.6499938964844,425.8900146484375,427.1700134277344,53159600
2021-06-29,399.7415771484375,427.70001220703125,428.55999755859375,427.1300048828125,427.8800048828125,35970500
2021-06-30,400.0780029296875,428.05999755859375,428.7799987792969,427.17999267578125,427.2099914550781,64827900
2021-07-01,402.29302978515625,430.42999267578125,430.6000061035156,428.79998779296875,428.8699951171875,53441000
2021-07-02,405.36798095703125,433.7200012207031,434.1000061035156,430.5199890136719,431.6700134277344,57697700
2021-07-06,404.6297302246094,432.92999267578125,434.010009765625,430.010009765625,433.7799987792969,68710400
2021-07-07,406.0596923828125,434.4599914550781,434.760009765625,431.510009765625,433.6600036621094,63549500
2021-07-08,402.7510986328125,430.9200134277344,431.7300109863281,427.5199890136719,428.7799987792969,97595200
2021-07-09,407.05035400390625,435.5199890136719,435.8399963378906,430.7099914550781,432.5299987792969,76238600
2021-07-12,408.5083923339844,437.0799865722656,437.3500061035156,434.9700012207031,435.42999267578125,52889600
2021-07-13,407.11578369140625,435.5899963378906,437.8399963378906,435.30999755859375,436.239990234375,52911300
2021-07-14,407.7232971191406,436.239990234375,437.9200134277344,434.9100036621094,437.3999938964844,64130400
2021-07-15,406.3306884765625,434.75,435.5299987792969,432.7200012207031,434.80999755859375,55126400
2021-07-16,403.1435852050781,431.3399963378906,436.05999755859375,430.9200134277344,436.010009765625,75874700
2021-07-19,397.1900329589844,424.9700012207031,431.4100036621094,421.9700012207031,426.19000244140625,147987000
2021-07-20,402.8819580078125,431.05999755859375,432.4200134277344,424.8299865722656,425.67999267578125,99608200
2021-07-21,406.143798828125,434.54998779296875,434.70001220703125,431.010009765625,432.3399963378906,64724400
2021-07-22,406.99432373046875,435.4599914550781,435.7200012207031,433.69000244140625,434.739990234375,47878500
2021-07-23,411.1814270019531,439.94000244140625,440.29998779296875,436.7900085449219,437.5199890136719,63766600
2021-07-26,412.1908264160156,441.0199890136719,441.0299987792969,439.260009765625,439.30999755859375,43719200
2021-07-27,410.312255859375,439.010009765625,439.94000244140625,435.989990234375,439.9100036621094,67397100
2021-07-28,410.14404296875,438.8299865722656,440.29998779296875,437.30999755859375,439.67999267578125,52472400
2021-07-29,411.84503173828125,440.6499938964844,441.79998779296875,439.80999755859375,439.82000732421875,47435300
2021-07-30,409.844970703125,438.510009765625,440.05999755859375,437.7699890136719,437.9100036621094,68951200
2021-08-02,408.9849853515625,437.5899963378906,440.92999267578125,437.2099914550781,440.3399963378906,58783300
2021-08-03,412.3123474121094,441.1499938964844,441.2799987792969,436.1000061035156,438.44000244140625,58053900
2021-08-04,410.2842102050781,438.9800109863281,441.1199951171875,438.7300109863281,439.7799987792969,46732200
2021-08-05,412.8825378417969,441.760009765625,441.8500061035156,439.8800048828125,440.2200012207031,38969700
2021-08-06,413.5647277832031,442.489990234375,442.94000244140625,441.79998779296875,442.1000061035156,46930000
2021-08-09,413.228271484375,442.1300048828125,442.79998779296875,441.30999755859375,442.4599914550781,41222600
2021-08-10,413.7423095703125,442.67999267578125,443.44000244140625,441.8800048828125,442.6099853515625,43339300
2021-08-11,414.7704772949219,443.7799987792969,443.8800048828125,442.6199951171875,443.82000732421875,44034300
2021-08-12,416.013427734375,445.1099853515625,445.260009765625,442.6600036621094,443.6199951171875,38909400
2021-08-13,416.7705383300781,445.9200134277344,445.94000244140625,445.07000732421875,445.5899963378906,39470300
2021-08-16,417.751953125,446.9700012207031,447.1099853515625,442.8699951171875,444.5299987792969,73740000
2021-08-17,415.01336669921875,444.0400085449219,444.9599914550781,440.8500061035156,444.239990234375,92673900
2021-08-18,410.4711608886719,439.17999267578125,444.6300048828125,438.9200134277344,442.9599914550781,89351900
2021-08-19,411.10675048828125,439.8599853515625,441.1400146484375,436.1199951171875,436.2699890136719,92812200
2021-08-20,414.37786865234375,443.3599853515625,443.7099914550781,439.7099914550781,440.2300109863281,72008700
2021-08-23,418.02301025390625,447.260009765625,448.2300109863281,443.44000244140625,445.1600036621094,54973000
2021-08-24,418.6865539550781,447.9700012207031,448.5400085449219,447.4200134277344,447.9700012207031,38744700
2021-08-25,419.5650939941406,448.9100036621094,449.4599914550781,447.7699890136719,448.1700134277344,40529700
2021-08-26,417.08837890625,446.260009765625,448.8599853515625,446.1600036621094,448.6099853515625,57829600
2021-08-27,420.81744384765625,450.25,450.6499938964844,447.05999755859375,447.1199951171875,77235100
2021-08-30,422.66802978515625,452.2300109863281,453.07000732421875,450.7099914550781,450.9700012207031,48357400
2021-08-31,422.0418395996094,451.55999755859375,452.489990234375,450.9200134277344,452.1300048828125,59300200
2021-09-01,422.26611328125,451.79998779296875,453.1099853515625,451.54998779296875,452.55999755859375,48721400
2021-09-02,423.5653076171875,453.19000244140625,454.04998779296875,451.9100036621094,453.32000732421875,42501000
2021-09-03,423.46258544921875,453.0799865722656,453.6300048828125,451.54998779296875,451.9800109863281,47170500
2021-09-07,421.9483947753906,451.4599914550781,452.80999755859375,450.739990234375,452.7099914550781,51671500
2021-09-08,421.43438720703125,450.9100036621094,451.6700134277344,448.8599853515625,450.8900146484375,56181900
2021-09-09,419.6305236816406,448.9800109863281,452.57000732421875,448.7200012207031,450.70001220703125,57970400
2021-09-10,416.3218688964844,445.44000244140625,451.489990234375,445.30999755859375,451.0400085449219,89948200
2021-09-13,417.38739013671875,446.5799865722656,448.9200134277344,444.1099853515625,448.6400146484375,83738600
2021-09-14,415.135009765625,444.1700134277344,448.3399963378906,443.2200012207031,448.1199951171875,78197100
2021-09-15,418.6024475097656,447.8800048828125,448.4100036621094,443.44000244140625,444.6199951171875,78792200
2021-09-16,417.93890380859375,447.1700134277344,448.3599853515625,444.0199890136719,447.32000732421875,77786700
2021-09-17,413.8676452636719,441.3999938964844,445.3699951171875,441.0199890136719,444.9200134277344,118425000
2021-09-20,406.9667663574219,434.0400085449219,436.55999755859375,428.8599853515625,434.8800048828125,166445500
2021-09-21,406.58233642578125,433.6300048828125,437.9100036621094,433.07000732421875,436.5299987792969,92526100
2021-09-22,410.5485534667969,437.8599853515625,440.0299987792969,433.75,436.04998779296875,102350100
2021-09-23,415.5366516113281,443.17999267578125,444.8900146484375,439.6000061035156,439.8500061035156,76396000
2021-09-24,416.2211608886719,443.9100036621094,444.6700134277344,441.2099914550781,441.44000244140625,62094800
2021-09-27,415.03033447265625,442.6400146484375,444.04998779296875,441.8999938964844,442.80999755859375,61371100
2021-09-28,406.6666564941406,433.7200012207031,440.0400085449219,432.94000244140625,439.69000244140625,130436300
2021-09-29,407.3512268066406,434.45001220703125,437.0400085449219,433.8500061035156,435.19000244140625,82329200
2021-09-30,402.3724060058594,429.1400146484375,436.7699890136719,428.7799987792969,436.0199890136719,140506000
2021-10-01,407.1543273925781,434.239990234375,436.0299987792969,427.2300109863281,430.9800109863281,129240100
2021-10-04,401.9035949707031,428.6400146484375,433.9599914550781,426.3599853515625,433.0,128570000
2021-10-05,406.08538818359375,433.1000061035156,435.489990234375,429.3900146484375,430.239990234375,90682500
2021-10-06,407.77313232421875,434.8999938964844,435.1199951171875,427.5400085449219,429.2699890136719,113032200
2021-10-07,411.29864501953125,438.6600036621094,441.67999267578125,438.20001220703125,438.3900146484375,72437500
2021-10-08,410.5485534667969,437.8599853515625,439.8900146484375,437.19000244140625,439.4800109863281,74557400
2021-10-11,407.5762023925781,434.69000244140625,440.260009765625,434.6199951171875,437.1600036621094,65233300
2021-10-12,406.57293701171875,433.6199951171875,436.1000061035156,432.7799987792969,435.6700134277344,71181200
2021-10-13,408.03564453125,435.17999267578125,436.04998779296875,431.5400085449219,434.7099914550781,72974000
2021-10-14,414.8990173339844,442.5,442.6600036621094,438.5799865722656,439.0799865722656,70236800
2021-10-15,418.058837890625,445.8699951171875,446.260009765625,444.0899963378906,444.75,66260200
2021-10-18,419.2965393066406,447.19000244140625,447.54998779296875,443.2699890136719,443.9700012207031,62213200
2021-10-19,422.53131103515625,450.6400146484375,450.7099914550781,448.2699890136719,448.9200134277344,46996800
2021-10-20,424.1909484863281,452.4100036621094,452.7300109863281,451.010009765625,451.1300048828125,49571600
2021-10-21,425.29730224609375,453.5899963378906,453.8299865722656,451.30999755859375,451.7699890136719,41305400
2021-10-22,424.8565979003906,453.1199951171875,454.6700134277344,451.04998779296875,453.1300048828125,58845100
2021-10-25,427.1351013183594,455.54998779296875,455.8999938964844,452.3900146484375,454.2799987792969,45214500
2021-10-26,427.5195007324219,455.9599914550781,458.489990234375,455.55999755859375,457.20001220703125,56075100
2021-10-27,425.62542724609375,453.94000244140625,457.1600036621094,453.8599853515625,456.45001220703125,72438000
2021-10-28,429.7323303222656,458.32000732421875,458.3999938964844,455.45001220703125,455.4599914550781,51437900
2021-10-29,430.604248046875,459.25,459.55999755859375,455.55999755859375,455.8699951171875,70162400
2021-11-01,431.3450012207031,460.0400085449219,460.70001220703125,458.20001220703125,460.29998779296875,48433600
2021-11-02,433.0889892578125,461.8999938964844,462.2300109863281,460.0799865722656,460.2200012207031,48908400
2021-11-03,435.7330627441406,464.7200012207031,465.1499938964844,460.8299865722656,461.29998779296875,52509800
2021-11-04,437.7864685058594,466.9100036621094,467.0,464.989990234375,465.3599853515625,52847100
2021-11-05,439.305419921875,468.5299987792969,470.6499938964844,466.9200134277344,469.2799987792969,66390600
2021-11-08,439.6805725097656,468.92999267578125,470.2300109863281,468.20001220703125,469.70001220703125,50405200
2021-11-09,438.2271728515625,467.3800048828125,469.57000732421875,465.8800048828125,469.32000732421875,51149100
2021-11-10,434.7016906738281,463.6199951171875,467.3800048828125,462.0400085449219,465.5799865722656,69429700
2021-11-11,434.8423156738281,463.7699890136719,465.2900085449219,463.75,465.2099914550781,34848500
2021-11-12,438.1239929199219,467.2699890136719,467.8599853515625,464.1099853515625,465.1199951171875,53466700
2021-11-15,438.2740783691406,467.42999267578125,468.80999755859375,466.2300109863281,468.6400146484375,46980500
2021-11-16,440.0086975097656,469.2799987792969,470.489990234375,467.07000732421875,467.1499938964844,48857500
2021-11-17,438.9397888183594,468.1400146484375,469.19000244140625,467.4800109863281,469.0,47858300
2021-11-18,440.4306335449219,469.7300109863281,470.010009765625,466.3399963378906,469.239990234375,50625600
2021-11-19,439.6429443359375,468.8900146484375,470.94000244140625,468.5,469.6099853515625,57315600
2021-11-22,438.4053039550781,467.57000732421875,473.5400085449219,467.3500061035156,470.8900146484375,72762000
2021-11-23,438.98663330078125,468.19000244140625,469.1000061035156,464.45001220703125,467.2200012207031,73206500
2021-11-24,440.15869140625,469.44000244140625,469.57000732421875,465.19000244140625,466.05999755859375,61858800
2021-11-26,430.3417053222656,458.9700012207031,463.8999938964844,457.7699890136719,462.3399963378906,112669600
2021-11-29,435.62060546875,464.6000061035156,466.55999755859375,461.7300109863281,464.07000732421875,86268800
2021-11-30,427.14447021484375,455.55999755859375,464.0299987792969,455.29998779296875,462.0,148559600
2021-12-01,422.4001159667969,450.5,464.6700134277344,450.2900085449219,461.6400146484375,131939200
2021-12-02,428.86962890625,457.3999938964844,459.07000732421875,450.30999755859375,450.7300109863281,127637800
2021-12-03,425.1379699707031,453.4200134277344,460.29998779296875,448.9200134277344,459.1700134277344,137331600
2021-12-06,430.1729736328125,458.7900085449219,460.7900085449219,453.55999755859375,456.1300048828125,98977500
2021-12-07,439.0710144042969,468.2799987792969,468.8800048828125,458.6499938964844,464.4100036621094,95484700
2021-12-08,440.2336730957031,469.5199890136719,470.0,466.8299865722656,468.70001220703125,72238800
2021-12-09,437.2614440917969,466.3500061035156,469.6300048828125,466.1400146484375,468.1499938964844,61272600
2021-12-10,441.3775634765625,470.739990234375,470.8999938964844,466.510009765625,469.2300109863281,77159800
2021-12-13,437.46771240234375,466.57000732421875,470.55999755859375,466.2699890136719,470.19000244140625,87724700
2021-12-14,434.4578857421875,463.3599853515625,465.739990234375,460.25,463.0899963378906,97264100
2021-12-15,441.246337890625,470.6000061035156,470.8599853515625,460.739990234375,463.4200134277344,116899300
2021-12-16,437.35516357421875,466.45001220703125,472.8699951171875,464.79998779296875,472.57000732421875,116568600
2021-12-17,432.700439453125,459.8699951171875,464.739990234375,458.05999755859375,461.54998779296875,135511600
2021-12-20,428.099365234375,454.9800109863281,455.3999938964844,451.1400146484375,454.4800109863281,107134800
2021-12-21,435.7019348144531,463.05999755859375,463.2099914550781,456.30999755859375,458.6099853515625,69806300
2021-12-22,440.0584716796875,467.69000244140625,467.80999755859375,462.5799865722656,462.7900085449219,58890200
2021-12-23,442.7965087890625,470.6000061035156,472.19000244140625,468.6400146484375,468.75,56439700
2021-12-27,449.06298828125,477.260009765625,477.30999755859375,472.010009765625,472.05999755859375,56808600
2021-12-28,448.6960144042969,476.8699951171875,478.80999755859375,476.05999755859375,477.7200012207031,47274600
2021-12-29,449.2700500488281,477.4800109863281,478.55999755859375,475.9200134277344,476.9800109863281,54503000
2021-12-30,448.028076171875,476.1600036621094,479.0,475.6700134277344,477.92999267578125,55329000
2021-12-31,446.89892578125,474.9599914550781,476.8599853515625,474.6700134277344,475.6400146484375,65237400
2022-01-03,449.4864501953125,477.7099914550781,477.8500061035156,473.8500061035156,476.29998779296875,72668200
2022-01-04,449.33587646484375,477.54998779296875,479.9800109863281,475.5799865722656,479.2200012207031,71178700
2022-01-05,440.7076416015625,468.3800048828125,477.9800109863281,468.2799987792969,477.1600036621094,104538900
2022-01-06,440.2936706542969,467.94000244140625,470.82000732421875,465.42999267578125,467.8900146484375,86858900
2022-01-07,438.5529479980469,466.0899963378906,469.20001220703125,464.6499938964844,467.95001220703125,85111600
2022-01-10,438.0072326660156,465.510009765625,465.739990234375,456.6000061035156,462.70001220703125,119362000
2022-01-11,441.99676513671875,469.75,469.8500061035156,462.04998779296875,465.2300109863281,74303100
2022-01-12,443.19171142578125,471.0199890136719,473.20001220703125,468.94000244140625,471.5899963378906,67605400
2022-01-13,437.0850830078125,464.5299987792969,472.8800048828125,463.44000244140625,472.19000244140625,91173100
2022-01-14,437.263916015625,464.7200012207031,465.0899963378906,459.8999938964844,461.19000244140625,95890900
2022-01-18,429.5201416015625,456.489990234375,459.9599914550781,455.30999755859375,459.739990234375,109709100
2022-01-19,425.06024169921875,451.75,459.6099853515625,451.4599914550781,458.1300048828125,109357600
2022-01-20,420.3555908203125,446.75,458.739990234375,444.5,453.75,122379700
2022-01-21,412.103759765625,437.9800109863281,448.05999755859375,437.95001220703125,445.55999755859375,202271200
2022-01-24,413.85382080078125,439.8399963378906,440.3800048828125,420.760009765625,432.0299987792969,251783900
2022-01-25,408.80108642578125,434.4700012207031,439.7200012207031,427.1499938964844,433.05999755859375,167997300
2022-01-26,407.7754821777344,433.3800048828125,444.0400085449219,428.8599853515625,440.7200012207031,186391100
2022-01-27,405.76190185546875,431.239990234375,441.5899963378906,429.45001220703125,438.260009765625,149878300
2022-01-28,415.83917236328125,441.95001220703125,442.0,427.82000732421875,432.67999267578125,164457400
2022-01-31,423.3288269042969,449.9100036621094,450.2799987792969,439.80999755859375,441.239990234375,152251400
2022-02-01,426.18927001953125,452.95001220703125,453.6300048828125,446.94000244140625,450.67999267578125,123155400
2022-02-02,430.329345703125,457.3500061035156,458.1199951171875,453.04998779296875,455.5,117361000
2022-02-03,420.21441650390625,446.6000061035156,452.9700012207031,445.7099914550781,450.95001220703125,118024400
2022-02-04,422.1903991699219,448.70001220703125,452.7799987792969,443.8299865722656,446.3500061035156,118454400
2022-02-07,420.83551025390625,447.260009765625,450.989990234375,445.8500061035156,449.510009765625,84472900
2022-02-08,424.2980651855469,450.94000244140625,451.9200134277344,445.2200012207031,446.7300109863281,81012000
2022-02-09,430.5081787109375,457.5400085449219,457.8800048828125,455.010009765625,455.2200012207031,92589900
2022-02-10,422.7738342285156,449.32000732421875,457.7099914550781,447.20001220703125,451.3399963378906,140103700
2022-02-11,414.4371643066406,440.4599914550781,451.6099853515625,438.94000244140625,449.4100036621094,153214600
2022-02-14,413.0822448730469,439.0199890136719,441.6000061035156,435.3399963378906,439.9200134277344,123006300
2022-02-15,419.7440185546875,446.1000061035156,446.2799987792969,443.17999267578125,443.7300109863281,88482700
2022-02-16,420.21441650390625,446.6000061035156,448.05999755859375,441.94000244140625,443.92999267578125,84863600
2022-02-17,411.23809814453125,437.05999755859375,446.57000732421875,436.4200134277344,443.2200012207031,102259100
2022-02-18,408.5753173828125,434.2300109863281,438.6600036621094,431.82000732421875,437.3299865722656,132642900
2022-02-22,404.1905517578125,429.57000732421875,435.5,425.8599853515625,431.8900146484375,124391800
2022-02-23,397.0209045410156,421.95001220703125,433.260009765625,421.3500061035156,432.6600036621094,132578000
2022-02-24,402.9956970214844,428.29998779296875,428.760009765625,410.6400146484375,411.0199890136719,213942900
2022-02-25,411.8873291015625,437.75,437.8399963378906,427.8599853515625,429.6099853515625,121804500
2022-02-28,410.83349609375,436.6300048828125,438.20001220703125,430.70001220703125,432.0299987792969,145615000
2022-03-01,404.57635498046875,429.9800109863281,437.1700134277344,427.1099853515625,435.0400085449219,137785900
2022-03-02,412.0190734863281,437.8900146484375,439.7200012207031,431.57000732421875,432.3699951171875,117726500
2022-03-03,409.96783447265625,435.7099914550781,441.1099853515625,433.79998779296875,440.4700012207031,105501700
2022-03-04,406.6369323730469,432.1700134277344,433.3699951171875,427.8800048828125,431.75,113978200
2022-03-07,394.6497497558594,419.42999267578125,432.29998779296875,419.3599853515625,431.54998779296875,137896600
2022-03-08,391.6576232910156,416.25,427.2099914550781,415.1199951171875,419.6199951171875,164772700
2022-03-09,402.1582336425781,427.4100036621094,429.510009765625,422.82000732421875,425.1400146484375,116990800
2022-03-10,400.3422546386719,425.4800109863281,426.42999267578125,420.44000244140625,422.5199890136719,93972700
2022-03-11,395.2518615722656,420.07000732421875,428.7699890136719,419.5299987792969,428.1199951171875,95636300
2022-03-14,392.36328125,417.0,424.54998779296875,415.7900085449219,420.8900146484375,95729200
2022-03-15,400.9915466308594,426.1700134277344,426.8399963378906,418.4200134277344,419.7699890136719,106219100
2022-03-16,409.88323974609375,435.6199951171875,435.67999267578125,424.79998779296875,429.8900146484375,144954800
2022-03-17,415.01116943359375,441.07000732421875,441.07000732421875,433.19000244140625,433.5899963378906,102676900
2022-03-18,419.5566711425781,444.5199890136719,444.8599853515625,437.2200012207031,438.0,106345500
2022-03-21,419.43408203125,444.3900146484375,446.4599914550781,440.67999267578125,444.3399963378906,88349800
2022-03-22,424.34197998046875,449.5899963378906,450.5799865722656,445.8599853515625,445.8599853515625,74650400
2022-03-23,418.877197265625,443.79998779296875,448.489990234375,443.7099914550781,446.9100036621094,79426100
2022-03-24,425.19146728515625,450.489990234375,450.5,444.760009765625,445.94000244140625,64736900
2022-03-25,427.2679443359375,452.69000244140625,452.9800109863281,448.42999267578125,451.1600036621094,77101300
2022-03-28,430.30706787109375,455.9100036621094,455.9100036621094,450.05999755859375,452.05999755859375,68529800
2022-03-29,435.6303405761719,461.54998779296875,462.07000732421875,457.17999267578125,460.0199890136719,86581500
2022-03-30,432.94036865234375,458.70001220703125,461.20001220703125,456.4700012207031,460.3399963378906,79666900
2022-03-31,426.2769470214844,451.6400146484375,458.760009765625,451.1600036621094,457.8900146484375,121699900
2022-04-01,427.4850158691406,452.9200134277344,453.4599914550781,449.1400146484375,453.30999755859375,89048800
2022-04-04,431.1470947265625,456.79998779296875,456.9100036621094,452.260009765625,453.1300048828125,59601000
2022-04-05,425.7011413574219,451.0299987792969,457.8299865722656,449.82000732421875,455.2200012207031,74214500
2022-04-06,421.4443359375,446.5199890136719,448.92999267578125,443.4700012207031,446.8900146484375,106898000
2022-04-07,423.5679931640625,448.7699890136719,450.69000244140625,443.5299987792969,445.5899963378906,78097200
2022-04-08,422.4354553222656,447.57000732421875,450.6300048828125,445.94000244140625,447.9700012207031,79272700
2022-04-11,415.215087890625,439.9200134277344,445.0,439.3900146484375,444.1099853515625,89770500
2022-04-12,413.6765441894531,438.2900085449219,445.75,436.6499938964844,443.0799865722656,84363600
2022-04-13,418.4146423339844,443.30999755859375,444.1099853515625,437.8399963378906,438.0299987792969,74070400
2022-04-14,413.2046813964844,437.7900085449219,444.7300109863281,437.67999267578125,443.54998779296875,97869500
2022-04-18,413.3745422363281,437.9700012207031,439.75,435.6099853515625,436.80999755859375,66002500
2022-04-19,420.0475158691406,445.0400085449219,445.79998779296875,437.67999267578125,437.8599853515625,77821000
2022-04-20,419.7360534667969,444.7099914550781,447.57000732421875,443.4800109863281,446.9200134277344,65224400
2022-04-21,413.45947265625,438.05999755859375,450.010009765625,437.1000061035156,448.5400085449219,85417300
2022-04-22,402.1145324707031,426.0400085449219,438.0799865722656,425.44000244140625,436.9100036621094,132471800
2022-04-25,404.4458312988281,428.510009765625,428.69000244140625,418.8399963378906,423.6700134277344,119647700
2022-04-26,392.73272705078125,416.1000061035156,426.0400085449219,416.07000732421875,425.8299865722656,103996300
2022-04-27,393.8369140625,417.2699890136719,422.9200134277344,415.010009765625,417.239990234375,122030000
2022-04-28,403.78509521484375,427.80999755859375,429.6400146484375,417.6000061035156,422.2900085449219,105449100
2022-04-29,388.8629150390625,412.0,425.8699951171875,411.2099914550781,423.5899963378906,145491100
2022-05-02,391.2037353515625,414.4800109863281,415.9200134277344,405.0199890136719,412.07000732421875,158312500
2022-05-03,392.99700927734375,416.3800048828125,418.92999267578125,413.3599853515625,415.010009765625,100028200
2022-05-04,404.96484375,429.05999755859375,429.6600036621094,413.7099914550781,417.0799865722656,144247900
2022-05-05,390.5713806152344,413.80999755859375,425.0,409.44000244140625,424.54998779296875,172929100
2022-05-06,388.2400817871094,411.3399963378906,414.79998779296875,405.7300109863281,411.1000061035156,151770800
2022-05-09,375.8096618652344,398.1700134277344,406.4100036621094,396.5,405.1000061035156,155586100
2022-05-10,376.6780090332031,399.0899963378906,406.0799865722656,394.82000732421875,404.489990234375,132497200
2022-05-11,370.6940002441406,392.75,404.0400085449219,391.9599914550781,398.07000732421875,142361000
2022-05-12,370.30706787109375,392.3399963378906,395.79998779296875,385.1499938964844,389.3699951171875,125090800
2022-05-13,379.1603088378906,401.7200012207031,403.17999267578125,395.6099853515625,396.7099914550781,104174400
2022-05-16,377.62176513671875,400.0899963378906,403.9700012207031,397.6000061035156,399.9800109863281,78622400
2022-05-17,385.3896484375,408.32000732421875,408.57000732421875,402.5799865722656,406.5299987792969,83029700
2022-05-18,369.8539733886719,391.8599853515625,403.79998779296875,390.54998779296875,403.5,117674500
2022-05-19,367.58880615234375,389.4599914550781,394.1400146484375,387.1099853515625,388.6199951171875,98510700
2022-05-20,367.7492980957031,389.6300048828125,397.0299987792969,380.5400085449219,393.25,131432200
2022-05-23,374.6298828125,396.9200134277344,397.7300109863281,390.3800048828125,392.8299865722656,76414900
2022-05-24,371.7699279785156,393.8900146484375,395.1499938964844,386.9599914550781,392.55999755859375,91448800
2022-05-25,375.0545654296875,397.3699951171875,399.45001220703125,391.8900146484375,392.30999755859375,91472900
2022-05-26,382.5486755371094,405.30999755859375,407.0400085449219,398.45001220703125,398.6700134277344,82168300
2022-05-27,391.9399108886719,415.260009765625,415.3800048828125,407.70001220703125,407.9100036621094,84768700
2022-05-31,389.7407531738281,412.92999267578125,416.4599914550781,410.0299987792969,413.54998779296875,95937000
2022-06-01,386.5883483886719,409.5899963378906,416.239990234375,406.92999267578125,415.1700134277344,86585800
2022-06-02,393.9503173828125,417.3900146484375,417.44000244140625,407.0400085449219,409.4200134277344,79609600
2022-06-03,387.4849853515625,410.5400085449219,414.0400085449219,409.510009765625,412.3999938964844,71874300
2022-06-06,388.6647644042969,411.7900085449219,416.6099853515625,410.54998779296875,414.7799987792969,57508900
2022-06-07,392.3929138183594,415.739990234375,416.2200012207031,407.6099853515625,408.1000061035156,59272400
2022-06-08,388.1268310546875,411.2200012207031,415.82000732421875,410.3800048828125,413.92999267578125,64350000
2022-06-09,378.89599609375,401.44000244140625,411.739990234375,401.44000244140625,409.3399963378906,86289800
2022-06-10,367.90966796875,389.79998779296875,395.7799987792969,389.75,394.8800048828125,132893900
2022-06-13,353.9407653808594,375.0,381.80999755859375,373.29998779296875,379.8500061035156,170004900
2022-06-14,352.8742370605469,373.8699951171875,377.94000244140625,370.5899963378906,376.8500061035156,104011800
2022-06-15,357.9049377441406,379.20001220703125,383.8999938964844,372.1199951171875,377.3599853515625,125666800
2022-06-16,346.05975341796875,366.6499938964844,370.94000244140625,364.0799865722656,370.510009765625,134473300
2022-06-17,346.8057556152344,365.8599853515625,369.3800048828125,362.1700134277344,365.510009765625,111113900
2022-06-21,355.53607177734375,375.07000732421875,376.5299987792969,371.80999755859375,371.8900146484375,76811900
2022-06-22,354.8915100097656,374.3900146484375,378.7200012207031,370.17999267578125,370.6199951171875,90059400
2022-06-23,358.370361328125,378.05999755859375,378.8299865722656,372.8900146484375,376.6400146484375,79292100
2022-06-24,369.7643737792969,390.0799865722656,390.0899963378906,381.3699951171875,381.3999938964844,98050300
2022-06-27,368.3519287109375,388.5899963378906,391.3599853515625,387.44000244140625,391.04998779296875,66009600
2022-06-28,360.82550048828125,380.6499938964844,393.1600036621094,380.5299987792969,390.2300109863281,86548900
2022-06-29,360.5316467285156,380.3399963378906,382.2699890136719,378.4200134277344,381.2300109863281,65676000
2022-06-30,357.6026306152344,377.25,380.6600036621094,372.55999755859375,376.239990234375,112508300
2022-07-01,361.3846740722656,381.239990234375,381.70001220703125,373.79998779296875,376.55999755859375,74839700
2022-07-05,362.0672912597656,381.9599914550781,381.9800109863281,372.8999938964844,375.8800048828125,81438000
2022-07-06,363.2900695800781,383.25,385.8699951171875,379.6000061035156,382.1099853515625,70426200
2022-07-07,368.73114013671875,388.989990234375,389.8299865722656,383.2699890136719,385.1199951171875,64525900
2022-07-08,368.4278259277344,388.6700134277344,390.6400146484375,385.6600036621094,387.2699890136719,72397800
2022-07-11,364.2190246582031,384.2300109863281,386.8699951171875,383.5,385.8500061035156,58366900
2022-07-12,360.99615478515625,380.8299865722656,386.1600036621094,378.989990234375,383.6499938964844,62219200
2022-07-13,359.1002502441406,378.8299865722656,381.9200134277344,374.6600036621094,375.1000061035156,84224600
2022-07-14,358.2281799316406,377.9100036621094,379.04998779296875,371.0400085449219,373.6099853515625,89704800
2022-07-15,365.0721740722656,385.1300048828125,385.25,380.5400085449219,382.54998779296875,79060400
2022-07-18,362.0578308105469,381.95001220703125,389.0899963378906,380.6600036621094,388.3800048828125,63203600
2022-07-19,371.8402404785156,392.2699890136719,392.8699951171875,385.3900146484375,386.0799865722656,78506000
2022-07-20,374.2101135253906,394.7699890136719,396.260009765625,391.0299987792969,392.4700012207031,71843800
2022-07-21,378.0207214355469,398.7900085449219,398.8399963378906,391.6300048828125,394.1600036621094,64903900
2022-07-22,374.5133972167969,395.0899963378906,400.17999267578125,392.75,398.9200134277344,72197300
2022-07-25,374.96844482421875,395.57000732421875,396.4700012207031,393.2099914550781,395.75,53631500
2022-07-26,370.5321350097656,390.8900146484375,394.05999755859375,389.95001220703125,393.8399963378906,52946400
2022-07-27,380.1535949707031,401.0400085449219,402.8800048828125,394.04998779296875,394.3599853515625,82342100
2022-07-28,384.9215393066406,406.07000732421875,406.79998779296875,398.1499938964844,401.8900146484375,73966600
2022-07-29,390.53326416015625,411.989990234375,413.0299987792969,406.7699890136719,407.5799865722656,87003700
2022-08-01,389.3768005371094,410.7699890136719,413.4100036621094,408.3999938964844,409.1499938964844,69997500
2022-08-02,386.8079833984375,408.05999755859375,413.0,406.82000732421875,409.1199951171875,63435400
2022-08-03,392.8652038574219,414.45001220703125,415.67999267578125,410.0,410.29998779296875,67820600
2022-08-04,392.5997314453125,414.1700134277344,415.0899963378906,412.44000244140625,414.3699951171875,45656600
2022-08-05,391.93621826171875,413.4700012207031,414.1499938964844,409.6000061035156,409.6600036621094,56814900
2022-08-08,391.4812316894531,412.989990234375,417.6199951171875,411.8299865722656,415.25,53886100
2022-08-09,389.9266357421875,411.3500061035156,412.75,410.2200012207031,412.2200012207031,44931800
2022-08-10,398.11663818359375,419.989990234375,420.1400146484375,416.7200012207031,418.7799987792969,68665700
2022-08-11,398.11663818359375,419.989990234375,424.95001220703125,419.2099914550781,422.989990234375,59489700
2022-08-12,404.8563537597656,427.1000061035156,427.2099914550781,421.0299987792969,422.0299987792969,61694500
2022-08-15,406.524658203125,428.8599853515625,429.4100036621094,424.7099914550781,424.7699890136719,54048300
2022-08-16,407.3208923339844,429.70001220703125,431.7300109863281,426.8800048828125,427.7300109863281,59289000
2022-08-17,404.42974853515625,426.6499938964844,429.5,424.5400085449219,425.9100036621094,63563400
2022-08-18,405.6052551269531,427.8900146484375,428.6099853515625,425.5,426.8599853515625,49023200
2022-08-19,400.1546325683594,422.1400146484375,425.260009765625,421.2200012207031,424.9800109863281,68016900
2022-08-22,391.8224182128906,413.3500061035156,417.2300109863281,412.3999938964844,417.04998779296875,77695600
2022-08-23,390.87457275390625,412.3500061035156,415.4200134277344,411.7699890136719,412.8999938964844,49105200
2022-08-24,392.12579345703125,413.6700134277344,415.1099853515625,411.3900146484375,412.1099853515625,49177800
2022-08-25,397.6616516113281,419.510009765625,419.55999755859375,414.0899963378906,415.239990234375,50942300
2022-08-26,384.2011413574219,405.30999755859375,419.9599914550781,405.25,419.3900146484375,103087000
2022-08-29,381.6607971191406,402.6300048828125,405.8399963378906,401.20001220703125,402.20001220703125,65370800
2022-08-30,377.4709167480469,398.2099914550781,404.1000061035156,396.0,403.8500061035156,85652400
2022-08-31,374.5987243652344,395.17999267578125,401.239990234375,395.0400085449219,399.92999267578125,76029700
2022-09-01,375.774169921875,396.4200134277344,396.7799987792969,390.0400085449219,392.8900146484375,78740100
2022-09-02,371.81182861328125,392.239990234375,401.55999755859375,390.3299865722656,400.2799987792969,99632100
2022-09-06,370.40899658203125,390.760009765625,394.1199951171875,388.4200134277344,393.1300048828125,76637400
2022-09-07,377.0633544921875,397.7799987792969,398.5899963378906,390.20001220703125,390.42999267578125,70964200
2022-09-08,379.5279541015625,400.3800048828125,400.8599853515625,394.1199951171875,395.3900146484375,80821700
2022-09-09,385.4239501953125,406.6000061035156,407.510009765625,402.4599914550781,402.739990234375,76706900
2022-09-12,389.56640625,410.9700012207031,411.7300109863281,408.4599914550781,408.7799987792969,69256300
2022-09-13,372.6271057128906,393.1000061035156,403.1000061035156,391.9200134277344,401.8299865722656,122947100
2022-09-14,374.04901123046875,394.6000061035156,396.20001220703125,391.1199951171875,394.4700012207031,85023700
2022-09-15,369.80224609375,390.1199951171875,395.9599914550781,388.7799987792969,392.9599914550781,87633800
2022-09-16,366.9810791015625,385.55999755859375,386.25,382.1099853515625,384.1400146484375,103084800
2022-09-19,369.82696533203125,388.54998779296875,388.54998779296875,382.17999267578125,382.260009765625,73278500
2022-09-20,365.5819396972656,384.0899963378906,386.1199951171875,381.20001220703125,385.05999755859375,77274900
2022-09-21,359.20477294921875,377.3900146484375,389.30999755859375,377.3800048828125,386.1099853515625,106746600
2022-09-22,356.18756103515625,374.2200012207031,378.29998779296875,373.44000244140625,376.5799865722656,89472600
2022-09-23,350.2196350097656,367.95001220703125,370.6199951171875,363.2900085449219,370.5799865722656,122346900
2022-09-26,346.7550354003906,364.30999755859375,370.2099914550781,363.0299987792969,366.4100036621094,92581200
2022-09-27,345.869873046875,363.3800048828125,370.3999938964844,360.8699951171875,368.0199890136719,108294100
2022-09-28,352.67535400390625,370.5299987792969,372.29998779296875,362.6000061035156,364.3800048828125,110802200
2022-09-29,345.30828857421875,362.7900085449219,367.1099853515625,359.70001220703125,366.80999755859375,112952300
2022-09-30,339.9685974121094,357.17999267578125,365.9100036621094,357.0400085449219,361.79998779296875,153711200
2022-10-03,348.9441833496094,366.6099853515625,368.54998779296875,359.2099914550781,361.0799865722656,89756500
2022-10-04,359.7568359375,377.9700012207031,378.0,366.57000732421875,372.3999938964844,103602800
2022-10-05,358.919189453125,377.0899963378906,379.4599914550781,370.95001220703125,373.3900146484375,88065700
2022-10-06,355.21673583984375,373.20001220703125,378.7200012207031,372.67999267578125,375.6199951171875,82333500
2022-10-07,345.30828857421875,362.7900085449219,373.2900085449219,360.94000244140625,368.9700012207031,107789500
2022-10-10,342.6717834472656,360.0199890136719,364.2099914550781,357.6700134277344,363.9599914550781,76042800
2022-10-11,340.50164794921875,357.739990234375,363.0299987792969,355.7099914550781,358.239990234375,92482800
2022-10-12,339.3785095214844,356.55999755859375,359.82000732421875,356.29998779296875,358.1700134277344,76991800
2022-10-13,348.3350524902344,365.9700012207031,367.510009765625,348.1099853515625,349.2099914550781,147254500
2022-10-14,340.39697265625,357.6300048828125,370.260009765625,356.9599914550781,368.54998779296875,123737000
2022-10-17,349.1441345214844,366.82000732421875,367.9800109863281,357.2799987792969,364.010009765625,93168200
2022-10-18,353.24639892578125,371.1300048828125,375.45001220703125,367.5199890136719,375.1300048828125,97162900
2022-10-19,350.7431640625,368.5,371.8500061035156,365.54998779296875,368.989990234375,79746900
2022-10-20,347.80206298828125,365.4100036621094,372.6700134277344,364.6099853515625,368.0299987792969,88283100
2022-10-21,356.2541198730469,374.2900085449219,374.79998779296875,363.5400085449219,365.1199951171875,131038400
2022-10-24,360.6134033203125,378.8699951171875,380.05999755859375,373.1099853515625,375.8900146484375,85436900
2022-10-25,366.3719482421875,384.9200134277344,385.25,378.6700134277344,378.7900085449219,78846300
2022-10-26,363.6116638183594,382.0199890136719,387.5799865722656,381.3500061035156,381.6199951171875,104087300
2022-10-27,361.66998291015625,379.9800109863281,385.0,379.3299865722656,383.07000732421875,81971800
2022-10-28,370.2743225097656,389.0199890136719,389.5199890136719,379.67999267578125,379.8699951171875,100302000
2022-10-31,367.5997314453125,386.2099914550781,388.3999938964844,385.260009765625,386.44000244140625,96631300
2022-11-01,365.9912109375,384.5199890136719,390.3900146484375,383.2900085449219,390.1400146484375,85407600
2022-11-02,356.80621337890625,374.8699951171875,388.6300048828125,374.760009765625,383.8999938964844,126990400
2022-11-03,353.1322326660156,371.010009765625,374.20001220703125,368.7900085449219,371.4700012207031,87100100
2022-11-04,358.21490478515625,376.3500061035156,378.8699951171875,370.0,377.0,103505200
2022-11-07,361.6414489746094,379.95001220703125,380.57000732421875,375.5299987792969,377.7099914550781,68286900
2022-11-08,363.5926208496094,382.0,385.1199951171875,377.7200012207031,381.1099853515625,84641100
2022-11-09,356.10186767578125,374.1300048828125,381.1400146484375,373.6099853515625,379.92999267578125,78495500
2022-11-10,375.6711730957031,394.69000244140625,395.0400085449219,385.6400146484375,388.04998779296875,141455800
2022-11-11,379.3070983886719,398.510009765625,399.3500061035156,393.6099853515625,395.5899963378906,93839900
2022-11-14,376.0804748535156,395.1199951171875,400.17999267578125,394.8299865722656,396.6600036621094,71903500
2022-11-15,379.28802490234375,398.489990234375,402.30999755859375,394.489990234375,401.1499938964844,93194500
2022-11-16,376.3945007324219,395.45001220703125,397.7799987792969,394.7900085449219,396.7799987792969,68508500
2022-11-17,375.2427978515625,394.239990234375,394.95001220703125,390.1400146484375,390.4599914550781,74496300
2022-11-18,376.9466247558594,396.0299987792969,397.80999755859375,393.0400085449219,397.739990234375,92922500
2022-11-21,375.5760498046875,394.5899963378906,395.82000732421875,392.6600036621094,394.6400146484375,51243200
2022-11-22,380.63006591796875,399.8999938964844,400.07000732421875,395.1499938964844,396.6300048828125,60429000
2022-11-23,383.0286865234375,402.4200134277344,402.92999267578125,399.30999755859375,399.54998779296875,68261600
2022-11-25,382.94305419921875,402.3299865722656,402.9100036621094,401.5400085449219,401.8299865722656,30545400
2022-11-28,376.8323669433594,395.9100036621094,400.80999755859375,395.1099853515625,399.0899963378906,67881600
2022-11-29,376.18511962890625,395.2300109863281,397.29998779296875,393.29998779296875,396.04998779296875,52310000
2022-11-30,388.03521728515625,407.67999267578125,407.67999267578125,393.4800109863281,395.489990234375,144566700
2022-12-01,387.7496643066406,407.3800048828125,410.0,404.75,408.7699890136719,76398200
2022-12-02,387.3023376464844,406.9100036621094,407.8599853515625,402.1400146484375,402.25,85342700
2022-12-05,380.3349914550781,399.5899963378906,404.92999267578125,398.1700134277344,403.95001220703125,77289800
2022-12-06,374.8525695800781,393.8299865722656,399.989990234375,391.6400146484375,399.4200134277344,77972200
2022-12-07,374.21490478515625,393.1600036621094,395.6400146484375,391.9700012207031,392.94000244140625,65927900
2022-12-08,377.1464538574219,396.239990234375,397.3599853515625,393.2699890136719,395.1400146484375,60737900
2022-12-09,374.32916259765625,393.2799987792969,397.6199951171875,393.1499938964844,394.94000244140625,81447700
2022-12-12,379.7259216308594,398.95001220703125,398.95001220703125,393.4100036621094,394.1099853515625,75405800
2022-12-13,382.6003723144531,401.9700012207031,410.489990234375,399.07000732421875,410.2200012207031,123782500
2022-12-14,380.1542053222656,399.3999938964844,405.5,396.30999755859375,401.6099853515625,108111300
2022-12-15,370.85498046875,389.6300048828125,395.25,387.8900146484375,394.29998779296875,117705900
2022-12-16,366.47662353515625,383.2699890136719,386.5799865722656,381.0400085449219,385.17999267578125,119858000
2022-12-19,363.3689270019531,380.0199890136719,383.82000732421875,378.2799987792969,383.4700012207031,79878100
2022-12-20,363.86627197265625,380.5400085449219,382.2300109863281,377.8500061035156,379.2300109863281,74427200
2022-12-21,369.306884765625,386.2300109863281,387.4100036621094,382.69000244140625,383.25,78167400
2022-12-22,364.038330078125,380.7200012207031,386.2099914550781,374.7699890136719,383.04998779296875,100120900
2022-12-23,366.1324462890625,382.9100036621094,383.05999755859375,378.0299987792969,379.6499938964844,59857300
2022-12-27,364.6885070800781,381.3999938964844,383.1499938964844,379.6499938964844,382.7900085449219,51638200
2022-12-28,360.1562194824219,376.6600036621094,383.3900146484375,376.4200134277344,381.3299865722656,70911500
2022-12-29,366.6391906738281,383.44000244140625,384.3500061035156,379.0799865722656,379.6300048828125,66970900
2022-12-30,365.6733703613281,382.42999267578125,382.5799865722656,378.42999267578125,380.6400146484375,84022200
2023-01-03,364.1339416503906,380.82000732421875,386.42999267578125,377.8299865722656,384.3699951171875,74850700
2023-01-04,366.94512939453125,383.760009765625,385.8800048828125,380.0,383.17999267578125,85934100
2023-01-05,362.757080078125,379.3800048828125,381.8399963378906,378.760009765625,381.7200012207031,76970500
2023-01-06,371.0758361816406,388.0799865722656,389.25,379.4100036621094,382.6099853515625,104189600
2023-01-09,370.865478515625,387.8599853515625,393.70001220703125,387.6700134277344,390.3699951171875,73978100
2023-01-10,373.4663391113281,390.5799865722656,390.6499938964844,386.2699890136719,387.25,65358100
2023-01-11,378.18988037109375,395.5199890136719,395.6000061035156,391.3800048828125,392.2300109863281,68881100
2023-01-12,379.5667724609375,396.9599914550781,398.489990234375,392.4200134277344,396.6700134277344,90157700
2023-01-13,381.0392761230469,398.5,399.1000061035156,393.3399963378906,393.6199951171875,63903900
2023-01-17,380.34124755859375,397.7699890136719,400.2300109863281,397.05999755859375,398.4800109863281,62677300
2023-01-18,374.33648681640625,391.489990234375,400.1199951171875,391.2799987792969,399.010009765625,99632300
2023-01-19,371.611328125,388.6400146484375,391.0799865722656,387.260009765625,389.3599853515625,86958900
2023-01-20,378.5341491699219,395.8800048828125,396.0400085449219,388.3800048828125,390.1000061035156,91806400
2023-01-23,383.07598876953125,400.6300048828125,402.6499938964844,395.7200012207031,396.7200012207031,84178800
2023-01-24,382.664794921875,400.20001220703125,401.1499938964844,397.6400146484375,398.8800048828125,59524900
2023-01-25,382.8082275390625,400.3500061035156,400.70001220703125,393.55999755859375,395.95001220703125,84800300
2023-01-26,387.01544189453125,404.75,404.9200134277344,400.0299987792969,403.1300048828125,72287400
2023-01-27,387.9046936035156,405.67999267578125,408.1600036621094,403.44000244140625,403.6600036621094,68346200
2023-01-30,383.0377197265625,400.5899963378906,405.1300048828125,400.2799987792969,402.79998779296875,74202000
2023-01-31,388.669677734375,406.4800109863281,406.5299987792969,400.7699890136719,401.1300048828125,86811800
2023-02-01,392.8003234863281,410.79998779296875,413.6700134277344,402.3500061035156,405.2099914550781,101459200
2023-02-02,398.5183410644531,416.7799987792969,418.30999755859375,412.8800048828125,414.8599853515625,101654500
2023-02-03,394.2824401855469,412.3500061035156,416.9700012207031,411.0899963378906,411.5899963378906,94736800
2023-02-06,391.87286376953125,409.8299865722656,411.2900085449219,408.1000061035156,409.7900085449219,60295300
2023-02-07,396.99798583984375,415.19000244140625,416.489990234375,407.57000732421875,408.8699951171875,90990700
2023-02-08,392.6569519042969,410.6499938964844,414.5299987792969,409.92999267578125,413.1300048828125,76227500
2023-02-09,389.2528991699219,407.0899963378906,414.57000732421875,405.80999755859375,414.4100036621094,78694900
2023-02-10,390.16131591796875,408.0400085449219,408.44000244140625,405.010009765625,405.8599853515625,70769700
2023-02-13,394.74139404296875,412.8299865722656,412.9700012207031,408.239990234375,408.7200012207031,64913500
2023-02-14,394.55975341796875,412.6400146484375,415.04998779296875,408.510009765625,411.239990234375,88389300
2023-02-15,395.8410339355469,413.9800109863281,414.05999755859375,409.4700012207031,410.3500061035156,61555700
2023-02-16,390.3907470703125,408.2799987792969,412.9100036621094,408.1400146484375,408.7900085449219,76431500
2023-02-17,389.4154968261719,407.260009765625,407.510009765625,404.04998779296875,406.05999755859375,89257800
2023-02-21,381.60345458984375,399.0899963378906,404.1600036621094,398.82000732421875,403.05999755859375,82655900
2023-02-22,381.07757568359375,398.5400085449219,401.1300048828125,397.0199890136719,399.5199890136719,83742300
2023-02-23,383.10467529296875,400.6600036621094,402.20001220703125,396.25,401.55999755859375,96242400
2023-02-24,379.01220703125,396.3800048828125,397.25,393.6400146484375,395.4200134277344,108194400
2023-02-27,380.3030090332031,397.7300109863281,401.2900085449219,396.75,399.8699951171875,80444700
2023-02-28,378.8974609375,396.260009765625,399.2799987792969,396.1499938964844,397.2300109863281,96438600
2023-03-01,377.4439697265625,394.739990234375,396.69000244140625,393.3800048828125,395.4100036621094,99706800
2023-03-02,380.3795166015625,397.80999755859375,398.69000244140625,392.3299865722656,392.67999267578125,85127800
2023-03-03,386.47998046875,404.19000244140625,404.45001220703125,399.0299987792969,399.7099914550781,90120000
2023-03-06,386.7476806640625,404.4700012207031,407.45001220703125,404.010009765625,405.04998779296875,72795900
2023-03-07,380.8193359375,398.2699890136719,404.6700134277344,397.6300048828125,404.4200134277344,108310600
2023-03-08,381.4408874511719,398.9200134277344,399.7099914550781,396.5899963378906,398.3900146484375,74746600
2023-03-09,374.40338134765625,391.55999755859375,401.4800109863281,390.5299987792969,399.739990234375,111945300
2023-03-10,369.0008850097656,385.9100036621094,393.1600036621094,384.32000732421875,390.989990234375,189253000
2023-03-13,368.47503662109375,385.3599853515625,390.3900146484375,380.6499938964844,381.80999755859375,157790000
2023-03-14,374.5659484863281,391.7300109863281,393.45001220703125,387.04998779296875,390.5,149752400
2023-03-15,372.2232666015625,389.2799987792969,389.489990234375,383.7099914550781,385.8900146484375,172996900
2023-03-16,378.7539978027344,396.1099853515625,396.4700012207031,386.2900085449219,386.82000732421875,143254200
2023-03-17,374.32537841796875,389.989990234375,394.3999938964844,388.54998779296875,393.2200012207031,140553400
2023-03-20,377.9247131347656,393.739990234375,394.1700134277344,390.07000732421875,390.79998779296875,93055800
2023-03-21,382.8871154785156,398.9100036621094,399.4100036621094,395.5799865722656,397.239990234375,91524200
2023-03-22,376.3601989746094,392.1099853515625,402.489990234375,392.07000732421875,398.7300109863281,111746600
2023-03-23,377.37762451171875,393.1700134277344,399.2900085449219,390.3500061035156,395.0899963378906,119351300
2023-03-24,379.85400390625,395.75,395.8399963378906,389.3999938964844,391.8399963378906,107682400
2023-03-27,380.5642395019531,396.489990234375,398.9200134277344,395.55999755859375,398.1199951171875,74010400
2023-03-28,379.7100524902344,395.6000061035156,396.489990234375,393.69000244140625,395.7699890136719,62871700
2023-03-29,385.2290954589844,401.3500061035156,401.6000061035156,398.67999267578125,399.92999267578125,77497900
2023-03-30,387.4847412109375,403.70001220703125,404.3500061035156,401.760009765625,404.0899963378906,69840000
2023-03-31,392.9461364746094,409.3900146484375,409.70001220703125,404.54998779296875,404.6600036621094,112062600
2023-04-03,394.4435119628906,410.95001220703125,411.3699951171875,408.44000244140625,408.8500061035156,67391100
2023-04-04,392.2550354003906,408.6700134277344,411.9200134277344,407.239990234375,411.6199951171875,66601500
2023-04-05,391.2279968261719,407.6000061035156,408.70001220703125,405.8800048828125,407.9100036621094,65200200
2023-04-06,392.7541198730469,409.19000244140625,409.4800109863281,405.67999267578125,406.7699890136719,63743300
2023-04-10,393.15728759765625,409.6099853515625,409.69000244140625,405.9700012207031,406.6099853515625,63681000
2023-04-11,393.26287841796875,409.7200012207031,411.17999267578125,408.9200134277344,410.260009765625,59297900
2023-04-12,391.659912109375,408.04998779296875,412.1700134277344,407.44000244140625,411.8699951171875,86420400
2023-04-13,396.8622131347656,413.4700012207031,413.8399963378906,407.989990234375,409.17999267578125,85814800
2023-04-14,395.8928527832031,412.4599914550781,415.0899963378906,410.05999755859375,412.80999755859375,78161500
2023-04-17,397.3133544921875,413.94000244140625,413.9599914550781,411.0899963378906,412.3699951171875,66436400
2023-04-18,397.572509765625,414.2099914550781,415.7200012207031,412.7799987792969,415.5799865722656,63560000
2023-04-19,397.5053405761719,414.1400146484375,415.0799865722656,412.1600036621094,412.2200012207031,55227300
2023-04-20,395.3360900878906,411.8800048828125,413.70001220703125,410.2699890136719,411.2099914550781,75840400
2023-04-21,395.6431884765625,412.20001220703125,412.67999267578125,410.1700134277344,412.19000244140625,73457400
2023-04-24,396.05596923828125,412.6300048828125,413.07000732421875,410.6000061035156,411.989990234375,64332100
2023-04-25,389.76904296875,406.0799865722656,411.1600036621094,406.0199890136719,410.5799865722656,97766700
2023-04-26,388.1181335449219,404.3599853515625,407.8399963378906,403.7799987792969,406.7200012207031,80447000
2023-04-27,395.8448181152344,412.4100036621094,412.69000244140625,406.739990234375,407.0,92968400
2023-04-28,399.22344970703125,415.92999267578125,415.94000244140625,411.42999267578125,411.489990234375,89433100
2023-05-01,398.8202819824219,415.510009765625,417.6199951171875,415.2699890136719,415.4700012207031,62122300
2023-05-02,394.3379211425781,410.8399963378906,414.82000732421875,407.82000732421875,414.7699890136719,103998500
2023-05-03,391.63116455078125,408.0199890136719,413.8699951171875,407.7699890136719,411.3599853515625,91531800
2023-05-04,388.85723876953125,405.1300048828125,407.2699890136719,403.739990234375,406.92999267578125,94901900
2023-05-05,396.05596923828125,412.6300048828125,413.7200012207031,408.6400146484375,408.9100036621094,87891800
2023-05-08,396.1615905761719,412.739990234375,413.239990234375,411.2799987792969,412.9700012207031,50046800
2023-05-09,394.42425537109375,410.92999267578125,412.0899963378906,410.69000244140625,411.1300048828125,49220100
2023-05-10,396.26715087890625,412.8500061035156,414.5400085449219,408.8699951171875,413.8800048828125,96142900
2023-05-11,395.5760498046875,412.1300048828125,412.42999267578125,409.9700012207031,411.95001220703125,70157100
2023-05-12,395.0577697753906,411.5899963378906,413.6400146484375,409.07000732421875,413.4200134277344,70481500
2023-05-15,396.42071533203125,413.010009765625,413.42999267578125,410.2300109863281,412.2200012207031,54289400
2023-05-16,393.77154541015625,410.25,412.82000732421875,410.239990234375,411.8599853515625,57705500
2023-05-17,398.55157470703125,415.2300109863281,415.8599853515625,410.6400146484375,412.3500061035156,87287000
2023-05-18,402.39093017578125,419.2300109863281,419.6700134277344,414.6700134277344,414.8999938964844,97177200
2023-05-19,401.8053894042969,418.6199951171875,420.7200012207031,417.3500061035156,420.1700134277344,103793300
2023-05-22,401.96856689453125,418.7900085449219,420.3900146484375,417.3500061035156,418.6400146484375,60745400
2023-05-23,397.4573669433594,414.0899963378906,418.7200012207031,413.67999267578125,417.0799865722656,86383500
2023-05-24,394.5778503417969,411.0899963378906,412.82000732421875,409.8800048828125,412.4200134277344,89213700
2023-05-25,397.994873046875,414.6499938964844,416.1600036621094,412.4100036621094,414.739990234375,90961600
2023-05-26,403.1490783691406,420.0199890136719,420.7699890136719,415.25,415.3299865722656,93830000
2023-05-30,403.3027038574219,420.17999267578125,422.5799865722656,418.739990234375,422.0299987792969,72216000
2023-05-31,401.06634521484375,417.8500061035156,419.2200012207031,416.2200012207031,418.2799987792969,110811800
2023-06-01,404.8768310546875,421.82000732421875,422.9200134277344,416.7900085449219,418.0899963378906,88865000
2023-06-02,410.7318420410156,427.9200134277344,428.739990234375,423.95001220703125,424.5,91426200
2023-06-05,409.9447937011719,427.1000061035156,429.6199951171875,426.3699951171875,428.2799987792969,65460200
2023-06-06,410.8373718261719,428.0299987792969,428.5799865722656,425.989990234375,426.6700134277344,64022200
2023-06-07,409.4167785644531,426.54998779296875,429.6199951171875,426.1099853515625,428.44000244140625,85373300
2023-06-08,411.8932189941406,429.1300048828125,429.6000061035156,425.82000732421875,426.6199951171875,61952800
2023-06-09,412.63226318359375,429.8999938964844,431.989990234375,428.8699951171875,429.9599914550781,85742800
2023-06-12,416.3756408691406,433.79998779296875,433.8800048828125,430.1700134277344,430.9200134277344,76104300
2023-06-13,419.1207275390625,436.6600036621094,437.3299865722656,434.6300048828125,435.32000732421875,95899700
2023-06-14,419.619873046875,437.17999267578125,439.05999755859375,433.5899963378906,437.010009765625,100612100
2023-06-15,424.822265625,442.6000061035156,443.8999938964844,436.2300109863281,436.3299865722656,110303100
2023-06-16,423.3751525878906,439.4599914550781,443.6099853515625,438.9700012207031,443.0199890136719,114165800
2023-06-20,421.1785888671875,437.17999267578125,438.3699951171875,435.0299987792969,437.45001220703125,76160400
2023-06-21,419.0206298828125,434.94000244140625,436.989990234375,434.3299865722656,436.1600036621094,76982300
2023-06-22,420.5330505371094,436.510009765625,436.6199951171875,433.6000061035156,433.95001220703125,70637200
2023-06-23,417.3539123535156,433.2099914550781,435.05999755859375,432.4700012207031,432.92999267578125,92074500
2023-06-26,415.648681640625,431.44000244140625,434.6099853515625,431.19000244140625,432.6199951171875,72823600
2023-06-27,420.2055969238281,436.1700134277344,436.80999755859375,431.8800048828125,432.3500061035156,72813700
2023-06-28,420.4175720214844,436.3900146484375,437.44000244140625,434.4100036621094,435.04998779296875,75636000
2023-06-29,422.0745544433594,438.1099853515625,438.2799987792969,435.5400085449219,435.9599914550781,67882300
2023-06-30,427.0553283691406,443.2799987792969,444.29998779296875,441.1099853515625,441.44000244140625,104964000
2023-07-03,427.5467224121094,443.7900085449219,444.0799865722656,442.6300048828125,442.9200134277344,32793400
2023-07-05,426.9108581542969,443.1300048828125,443.8900146484375,441.8999938964844,441.9100036621094,58418400
2023-07-06,423.56781005859375,439.6600036621094,440.1000061035156,437.05999755859375,439.4200134277344,80658300
2023-07-07,422.4984436035156,438.54998779296875,442.6400146484375,438.29998779296875,438.6300048828125,86134200
2023-07-10,423.56781005859375,439.6600036621094,439.8399963378906,437.5899963378906,438.17999267578125,62443500
2023-07-11,426.2652893066406,442.4599914550781,442.9700012207031,439.44000244140625,440.45001220703125,64463800
2023-07-12,429.695068359375,446.0199890136719,447.4800109863281,444.9100036621094,446.3900146484375,91924500
2023-07-13,433.10546875,449.55999755859375,450.3800048828125,447.45001220703125,447.8999938964844,72425200
2023-07-14,432.8357238769531,449.2799987792969,451.3599853515625,448.489990234375,450.4800109863281,69815800
2023-07-17,434.33868408203125,450.8399963378906,451.92999267578125,449.0799865722656,449.1300048828125,52680200
2023-07-18,437.56597900390625,454.19000244140625,454.8599853515625,450.04998779296875,450.5,80668200
2023-07-19,438.5390625,455.20001220703125,456.42999267578125,454.1099853515625,455.010009765625,65891700
2023-07-20,435.62957763671875,452.17999267578125,455.1000061035156,451.44000244140625,454.1700134277344,70591600
2023-07-21,435.62957763671875,452.17999267578125,454.1700134277344,452.1700134277344,453.9599914550781,71275600
2023-07-24,437.57562255859375,454.20001220703125,455.0400085449219,452.29998779296875,453.3699951171875,54023400
2023-07-25,438.7702941894531,455.44000244140625,456.739990234375,453.8699951171875,453.9200134277344,55191200
2023-07-26,438.8377380371094,455.510009765625,456.989990234375,453.3800048828125,454.4700012207031,71052900
2023-07-27,435.92822265625,452.489990234375,459.44000244140625,451.54998779296875,459.0199890136719,92194400
2023-07-28,440.19610595703125,456.9200134277344,457.7799987792969,452.489990234375,455.8800048828125,80011800
2023-07-31,441.03424072265625,457.7900085449219,458.1600036621094,456.04998779296875,457.4100036621094,62040400
2023-08-01,439.77215576171875,456.4800109863281,457.25,455.489990234375,456.2699890136719,55291500
2023-08-02,433.65460205078125,450.1300048828125,453.5199890136719,449.3500061035156,453.25,93933400
2023-08-03,432.41180419921875,448.8399963378906,450.7900085449219,447.3699951171875,448.0400085449219,64276100
2023-08-04,430.4561462402344,446.80999755859375,452.8999938964844,446.2699890136719,450.7200012207031,100128900
2023-08-07,434.21337890625,450.7099914550781,450.8699951171875,447.989990234375,448.7099914550781,58357500
2023-08-08,432.3251037597656,448.75,450.70001220703125,445.2699890136719,448.0799865722656,71361300
2023-08-09,429.4349365234375,445.75,449.20001220703125,444.9599914550781,449.0299987792969,78789600
2023-08-10,429.5890197753906,445.9100036621094,451.70001220703125,444.70001220703125,448.19000244140625,93005500
2023-08-11,429.33856201171875,445.6499938964844,446.70001220703125,443.3500061035156,443.9700012207031,68690900
2023-08-14,431.70849609375,448.1099853515625,448.1099853515625,444.3800048828125,444.70001220703125,47867400
2023-08-15,426.67962646484375,442.8900146484375,446.6400146484375,442.29998779296875,446.2699890136719,75707500
2023-08-16,423.54852294921875,439.6400146484375,444.17999267578125,439.5299987792969,442.4599914550781,80107200
2023-08-17,420.3211975097656,436.2900085449219,441.42999267578125,435.75,441.1600036621094,95711300
2023-08-18,420.5234680175781,436.5,437.57000732421875,433.010009765625,433.3699951171875,98852000
2023-08-21,423.259521484375,439.3399963378906,440.1099853515625,435.32000732421875,437.54998779296875,68719000
2023-08-22,422.1130676269531,438.1499938964844,441.17999267578125,437.57000732421875,441.17999267578125,64994200
2023-08-23,426.8144836425781,443.0299987792969,443.6700134277344,439.1000061035156,439.25,68441000
2023-08-24,420.8992004394531,436.8900146484375,445.2200012207031,436.8599853515625,444.69000244140625,88517300
2023-08-25,423.8664855957031,439.9700012207031,441.29998779296875,435.0,438.67999267578125,102325100
2023-08-28,426.55438232421875,442.760009765625,443.3999938964844,439.9700012207031,442.239990234375,61595400
2023-08-29,432.7201232910156,449.1600036621094,449.45001220703125,442.4599914550781,442.6499938964844,83081900
2023-08-30,434.5024108886719,451.010009765625,451.6700134277344,448.7799987792969,449.510009765625,69053900
2023-08-31,433.8665771484375,450.3500061035156,452.8299865722656,450.1600036621094,451.6499938964844,66084600
2023-09-01,434.6758117675781,451.19000244140625,453.6700134277344,449.67999267578125,453.1700134277344,58944100
2023-09-05,432.7972106933594,449.239990234375,451.05999755859375,449.1700134277344,450.7300109863281,55166200
2023-09-06,429.8877258300781,446.2200012207031,448.510009765625,443.80999755859375,448.3999938964844,70758500
2023-09-07,428.56787109375,444.8500061035156,445.54998779296875,442.75,443.1099853515625,70355400
2023-09-08,429.21337890625,445.5199890136719,447.1099853515625,444.5299987792969,444.8999938964844,61659700
2023-09-11,432.03607177734375,448.45001220703125,448.7699890136719,446.4700012207031,448.239990234375,60180100
2023-09-12,429.6661376953125,445.989990234375,448.5299987792969,445.3900146484375,446.95001220703125,67565400
2023-09-13,430.1671142578125,446.510009765625,447.7099914550781,445.0799865722656,446.2200012207031,60199300
2023-09-14,433.8761901855469,450.3599853515625,451.0799865722656,447.7200012207031,449.07000732421875,83430800
2023-09-15,428.64874267578125,443.3699951171875,447.4800109863281,442.9200134277344,447.1400146484375,111848900
2023-09-18,428.9000549316406,443.6300048828125,444.9700012207031,442.55999755859375,443.04998779296875,55752200
2023-09-19,428.0106201171875,442.7099914550781,443.2900085449219,439.94000244140625,442.67999267578125,66514600
2023-09-20,424.0758056640625,438.6400146484375,444.44000244140625,438.42999267578125,444.010009765625,82562600
2023-09-21,417.0664978027344,431.3900146484375,435.9700012207031,431.2300109863281,435.70001220703125,104095800
2023-09-22,416.1286926269531,430.4200134277344,434.1000061035156,429.989990234375,432.45001220703125,100829700
2023-09-25,417.8785400390625,432.2300109863281,432.2699890136719,428.7200012207031,429.1700134277344,70874500
2023-09-26,411.7393798828125,425.8800048828125,429.82000732421875,425.0199890136719,429.0899963378906,96168400
2023-09-27,411.9037780761719,426.04998779296875,427.6700134277344,422.2900085449219,427.0899963378906,104705800
2023-09-28,414.29180908203125,428.5199890136719,430.25,424.8699951171875,425.4800109863281,92258300
2023-09-29,413.2862854003906,427.4800109863281,431.8500061035156,425.9100036621094,431.6700134277344,115111300
2023-10-02,413.1219787597656,427.30999755859375,428.6000061035156,424.4599914550781,426.6199951171875,83798600
2023-10-03,407.5918273925781,421.5899963378906,427.3699951171875,420.17999267578125,425.05999755859375,103760600
2023-10-04,410.5599365234375,424.6600036621094,425.42999267578125,420.55999755859375,422.07000732421875,87453000
2023-10-05,410.4052429199219,424.5,425.3699951171875,421.1700134277344,424.3599853515625,70142700
2023-10-06,415.2779541015625,429.5400085449219,431.1300048828125,420.6000061035156,421.9700012207031,113273300
2023-10-09,417.93658447265625,432.2900085449219,432.8800048828125,427.010009765625,427.5799865722656,80374400
2023-10-10,420.1119079589844,434.5400085449219,437.2200012207031,432.5299987792969,432.94000244140625,78607300
2023-10-11,421.832763671875,436.32000732421875,436.5799865722656,433.17999267578125,435.6400146484375,62451700
2023-10-12,419.2611083984375,433.6600036621094,437.3399963378906,431.2300109863281,436.95001220703125,81154200
2023-10-13,417.1728210449219,431.5,436.45001220703125,429.8800048828125,435.2099914550781,95143100
2023-10-16,421.5621337890625,436.0400085449219,437.1400146484375,433.57000732421875,433.82000732421875,75433200
2023-10-17,421.542724609375,436.0199890136719,438.1400146484375,432.45001220703125,432.80999755859375,75324700
2023-10-18,415.9256896972656,430.2099914550781,435.17999267578125,429.0899963378906,434.19000244140625,93559800
2023-10-19,412.2712097167969,426.42999267578125,432.82000732421875,425.7300109863281,430.95001220703125,121323000
2023-10-20,407.20513916015625,421.19000244140625,426.5400085449219,421.0799865722656,425.9800109863281,123919900
2023-10-23,406.4994201660156,420.4599914550781,424.45001220703125,417.79998779296875,419.6099853515625,92035100
2023-10-24,409.564208984375,423.6300048828125,424.82000732421875,420.739990234375,422.6499938964844,78564200
2023-10-25,403.68597412109375,417.54998779296875,421.9200134277344,417.0199890136719,421.8900146484375,94223200
2023-10-26,398.85205078125,412.54998779296875,417.3299865722656,411.6000061035156,416.45001220703125,115156800
2023-10-27,397.0440979003906,410.67999267578125,414.6000061035156,409.2099914550781,414.19000244140625,107367700
2023-10-30,401.7911071777344,415.5899963378906,416.67999267578125,412.2200012207031,413.55999755859375,86562700
2023-10-31,404.3144226074219,418.20001220703125,418.5299987792969,414.2099914550781,416.17999267578125,79665200
2023-11-01,408.6263122558594,422.6600036621094,423.5,418.6499938964844,419.20001220703125,98068100
2023-11-02,416.4573974609375,430.760009765625,430.9200134277344,426.55999755859375,426.5799865722656,94938900
2023-11-03,420.25689697265625,434.69000244140625,436.2900085449219,433.010009765625,433.1400146484375,100167800
2023-11-06,421.22369384765625,435.69000244140625,436.1499938964844,433.67999267578125,435.4700012207031,67831700
2023-11-07,422.42254638671875,436.92999267578125,437.5899963378906,434.510009765625,435.69000244140625,64256100
2023-11-08,422.73193359375,437.25,438.0899963378906,434.8699951171875,437.54998779296875,61746000
2023-11-09,419.4351806640625,433.8399963378906,438.4700012207031,433.3999938964844,438.42999267578125,83174400
2023-11-10,425.98040771484375,440.6099853515625,440.92999267578125,433.8299865722656,435.9800109863281,89462200
2023-11-13,425.5743408203125,440.19000244140625,441.3299865722656,438.4200134277344,439.2300109863281,52236100
2023-11-14,433.83074951171875,448.7300109863281,450.05999755859375,446.0899963378906,446.32000732421875,97176900
2023-11-15,434.74920654296875,449.67999267578125,451.3800048828125,448.79998779296875,450.1099853515625,77327600
2023-11-16,435.28094482421875,450.2300109863281,450.55999755859375,448.1199951171875,449.2200012207031,66665800
2023-11-17,435.82232666015625,450.7900085449219,451.4200134277344,449.2900085449219,450.239990234375,83133200
2023-11-20,439.1771240234375,454.260009765625,455.1300048828125,450.5199890136719,450.5299987792969,69936200
2023-11-21,438.2200012207031,453.2699890136719,454.1300048828125,451.9599914550781,453.17999267578125,49244600
2023-11-22,439.911865234375,455.0199890136719,456.3800048828125,453.8900146484375,454.9800109863281,59394900
2023-11-24,440.1825866699219,455.29998779296875,455.5,454.7300109863281,455.07000732421875,29737400
2023-11-27,439.38983154296875,454.4800109863281,455.489990234375,454.0799865722656,454.6499938964844,50506000
2023-11-28,439.82489013671875,454.92999267578125,456.2699890136719,453.5,454.0799865722656,62115000
2023-11-29,439.51544189453125,454.6099853515625,458.32000732421875,454.20001220703125,457.1499938964844,63146000
2023-11-30,441.2460632324219,456.3999938964844,456.760009765625,453.3399963378906,455.4800109863281,79752700
2023-12-01,443.8564758300781,459.1000061035156,459.6499938964844,455.1600036621094,455.7699890136719,89183400
2023-12-04,441.5264587402344,456.69000244140625,459.1199951171875,454.3399963378906,455.6000061035156,72430900
2023-12-05,441.4394226074219,456.6000061035156,457.5899963378906,454.8699951171875,455.260009765625,69793500
2023-12-06,439.6605224609375,454.760009765625,458.8399963378906,454.30999755859375,458.80999755859375,69124700
2023-12-07,443.0152893066406,458.2300109863281,458.8999938964844,456.2900085449219,456.9100036621094,66995400
2023-12-08,444.9198913574219,460.20001220703125,460.75,457.2099914550781,457.4599914550781,83194400
2023-12-11,446.6504821777344,461.989990234375,462.1700134277344,459.4700012207031,459.69000244140625,65002200
2023-12-12,448.6903991699219,464.1000061035156,464.20001220703125,460.6000061035156,461.6300048828125,68327600
2023-12-13,454.8778991699219,470.5,470.760009765625,464.1199951171875,464.489990234375,93278000
2023-12-14,456.3377990722656,472.010009765625,473.7300109863281,469.25,472.5,119026000
2023-12-15,455.5864562988281,469.3299865722656,470.70001220703125,467.42999267578125,469.489990234375,141553700
2023-12-18,458.14910888671875,471.9700012207031,472.9800109863281,469.8900146484375,470.9800109863281,70375300
2023-12-19,460.9350891113281,474.8399963378906,474.9200134277344,472.45001220703125,472.5299987792969,55761800
2023-12-20,454.54779052734375,468.260009765625,475.8999938964844,467.82000732421875,473.9599914550781,102921000
2023-12-21,458.8577880859375,472.70001220703125,472.9800109863281,468.8399963378906,471.3299865722656,86667500
2023-12-22,459.7799072265625,473.6499938964844,475.3800048828125,471.70001220703125,473.8599853515625,67160400
2023-12-26,461.72137451171875,475.6499938964844,476.5799865722656,473.989990234375,474.07000732421875,55387000
2023-12-27,462.5561828613281,476.510009765625,476.6600036621094,474.8900146484375,475.44000244140625,68000300
2023-12-28,462.7309265136719,476.69000244140625,477.54998779296875,476.260009765625,476.8800048828125,77158100
2023-12-29,461.39129638671875,475.30999755859375,477.0299987792969,473.29998779296875,476.489990234375,122283100
2024-01-02,458.8091735839844,472.6499938964844,473.6700134277344,470.489990234375,472.1600036621094,123623700
2024-01-03,455.062255859375,468.7900085449219,471.19000244140625,468.1700134277344,470.42999267578125,103585900
2024-01-04,453.596435546875,467.2799987792969,470.9599914550781,467.04998779296875,468.29998779296875,84232200
2024-01-05,454.21771240234375,467.9200134277344,470.44000244140625,466.42999267578125,467.489990234375,86118900
2024-01-08,460.7021179199219,474.6000061035156,474.75,468.29998779296875,468.42999267578125,74879100
2024-01-09,460.0032043457031,473.8800048828125,474.92999267578125,471.3500061035156,471.8699951171875,65931400
2024-01-10,462.6047668457031,476.55999755859375,477.45001220703125,473.8699951171875,474.1600036621094,67310600
2024-01-11,462.40087890625,476.3500061035156,478.1199951171875,472.260009765625,477.5899963378906,77940700
2024-01-12,462.7212219238281,476.67999267578125,478.6000061035156,475.2300109863281,477.8399963378906,58026400
2024-01-16,461.02239990234375,474.92999267578125,476.6099853515625,473.05999755859375,475.260009765625,85014900
2024-01-17,458.459716796875,472.2900085449219,472.7900085449219,469.8699951171875,471.82000732421875,68843900
2024-01-18,462.5367431640625,476.489990234375,477.05999755859375,472.4200134277344,474.010009765625,91856200
2024-01-19,468.3028259277344,482.42999267578125,482.7200012207031,476.5400085449219,477.6499938964844,110834500
2024-01-22,469.29296875,483.45001220703125,485.2200012207031,482.7799987792969,484.010009765625,75844900
2024-01-23,470.6616516113281,484.8599853515625,485.1099853515625,482.8900146484375,484.010009765625,49945300
2024-01-24,471.1761169433594,485.3900146484375,488.7699890136719,484.8800048828125,487.80999755859375,81765000
2024-01-25,473.73883056640625,488.0299987792969,488.30999755859375,485.3900146484375,487.5799865722656,72525000
2024-01-26,473.13702392578125,487.4100036621094,489.1199951171875,486.5400085449219,487.5899963378906,76641600
2024-01-29,476.8839416503906,491.2699890136719,491.4200134277344,487.1700134277344,487.7300109863281,61322800
2024-01-30,476.5151062011719,490.8900146484375,491.6199951171875,490.1099853515625,490.55999755859375,58618400
2024-01-31,468.7395935058594,482.8800048828125,489.0799865722656,482.8599853515625,488.6199951171875,126011100
2024-02-01,474.8746032714844,489.20001220703125,489.2300109863281,483.79998779296875,484.6300048828125,91891600
2024-02-02,479.873779296875,494.3500061035156,496.04998779296875,489.29998779296875,489.6499938964844,99228200
2024-02-05,478.12646484375,492.54998779296875,494.3800048828125,490.2300109863281,493.70001220703125,75757100
2024-02-06,479.5146179199219,493.9800109863281,494.32000732421875,492.04998779296875,493.5199890136719,55918600
2024-02-07,483.5139465332031,498.1000061035156,498.5299987792969,495.3599853515625,496.2900085449219,70556500
2024-02-08,483.7275390625,498.32000732421875,498.7099914550781,497.260009765625,498.1000061035156,52343600
2024-02-09,486.523193359375,501.20001220703125,501.6499938964844,498.489990234375,498.8399963378906,63979400
2024-02-12,486.30963134765625,500.9800109863281,503.5,500.239990234375,501.1700134277344,56502300
2024-02-13,479.6116027832031,494.0799865722656,497.0899963378906,490.7200012207031,494.5299987792969,113099200
2024-02-14,483.97021484375,498.57000732421875,499.07000732421875,494.3999938964844,496.7900085449219,68387800
2024-02-15,487.3094482421875,502.010009765625,502.20001220703125,498.79998779296875,499.2900085449219,61683000
2024-02-16,484.8826599121094,499.510009765625,502.8699951171875,498.75,501.70001220703125,75532900
2024-02-20,482.21319580078125,496.760009765625,498.4100036621094,494.45001220703125,497.7200012207031,71736700
2024-02-21,482.6500244140625,497.2099914550781,497.3699951171875,493.55999755859375,495.4200134277344,59293400
2024-02-22,492.638671875,507.5,508.489990234375,503.0199890136719,504.010009765625,76402500
2024-02-23,492.9783630371094,507.8500061035156,510.1300048828125,507.1000061035156,509.2699890136719,61321800
2024-02-26,491.1728820800781,505.989990234375,508.75,505.8599853515625,508.29998779296875,50386700
2024-02-27,492.0853271484375,506.92999267578125,507.1600036621094,504.75,506.70001220703125,48854500
2024-02-28,491.43505859375,506.260009765625,506.8599853515625,504.9599914550781,505.3299865722656,56506600
2024-02-29,493.2016906738281,508.0799865722656,509.739990234375,505.3500061035156,508.07000732421875,83924800
2024-03-01,497.83197021484375,512.8499755859375,513.2899780273438,508.55999755859375,508.9800109863281,76844800
2024-03-04,497.2981262207031,512.2999877929688,514.2000122070312,512.0,512.030029296875,49799300
2024-03-05,492.3280334472656,507.17999267578125,510.70001220703125,504.9100036621094,510.239990234375,72855600
2024-03-06,494.8227844238281,509.75,512.0700073242188,508.4200134277344,510.54998779296875,68382400
2024-03-07,499.7345886230469,514.8099975585938,515.8900146484375,509.80999755859375,513.1400146484375,58652100
2024-03-08,496.7350769042969,511.7200012207031,518.219970703125,511.1300048828125,515.4600219726562,86532500
2024-03-11,496.3079833984375,511.2799987792969,511.8800048828125,508.5,510.4800109863281,62557200
2024-03-12,501.64691162109375,516.780029296875,517.3800048828125,510.8599853515625,513.4500122070312,73114400
2024-03-13,500.8606872558594,515.969970703125,517.2899780273438,514.489990234375,517.1099853515625,55104100
2024-03-14,499.87054443359375,514.9500122070312,517.1300048828125,511.82000732421875,516.969970703125,110171800
2024-03-15,496.4381103515625,509.8299865722656,511.70001220703125,508.1199951171875,510.2099914550781,107646300
2024-03-18,499.3885192871094,512.8599853515625,515.47998046875,512.4400024414062,514.0,88893300
2024-03-19,502.1636962890625,515.7100219726562,516.0,511.1199951171875,512.1500244140625,60755300
2024-03-20,506.8084716796875,520.47998046875,520.6199951171875,515.0800170898438,515.77001953125,69594600
2024-03-21,508.48309326171875,522.2000122070312,524.1099853515625,521.9099731445312,523.3900146484375,60256100
2024-03-22,507.51922607421875,521.2100219726562,522.6099853515625,520.969970703125,522.1099853515625,79070800
2024-03-25,506.1170959472656,519.77001953125,520.9500122070312,519.6099853515625,519.7999877929688,48512100
2024-03-26,505.1822509765625,518.8099975585938,521.5800170898438,518.4000244140625,521.22998046875,65463700
2024-03-27,509.42779541015625,523.1699829101562,523.2100219726562,519.489990234375,521.7100219726562,82999800
2024-03-28,509.3303527832031,523.0700073242188,524.6099853515625,522.780029296875,523.2100219726562,96294900
2024-04-01,508.4441833496094,522.1599731445312,524.3800048828125,520.969970703125,523.8300170898438,62477500
2024-04-02,505.2114562988281,518.8400268554688,518.97998046875,516.47998046875,518.239990234375,74230300
2024-04-03,505.7664794921875,519.4099731445312,520.9500122070312,517.6699829101562,517.719970703125,59155800
2024-04-04,499.593017578125,513.0700073242188,523.8699951171875,512.760009765625,523.52001953125,96858100
2024-04-05,504.81219482421875,518.4299926757812,520.4400024414062,514.010009765625,514.4600219726562,74546500
2024-04-08,505.0945739746094,518.719970703125,520.1799926757812,517.8900146484375,519.1500244140625,48401800
2024-04-09,505.6788635253906,519.3200073242188,520.75,514.3499755859375,520.5,68049200
2024-04-10,500.61541748046875,514.1199951171875,516.1599731445312,512.0900268554688,513.47998046875,82652800
2024-04-11,504.3935241699219,518.0,519.47998046875,512.0800170898438,515.6799926757812,70099000
2024-04-12,497.4313659667969,510.8500061035156,515.8200073242188,509.0799865722656,514.3699951171875,92561100
2024-04-15,491.199462890625,504.45001220703125,515.2999877929688,503.5799865722656,515.1300048828125,92101400
2024-04-16,490.30364990234375,503.5299987792969,506.5,502.2099914550781,504.94000244140625,73484000
2024-04-17,487.40191650390625,500.54998779296875,506.2200012207031,499.1199951171875,506.04998779296875,75910300
2024-04-18,486.39892578125,499.5199890136719,504.1300048828125,498.55999755859375,501.9800109863281,74548100
2024-04-19,482.1534729003906,495.1600036621094,500.4599914550781,493.8599853515625,499.44000244140625,102212600
2024-04-22,486.5937194824219,499.7200012207031,502.3800048828125,495.42999267578125,497.8299865722656,67961000
2024-04-23,492.3679504394531,505.6499938964844,506.0899963378906,499.5299987792969,501.7799987792969,64633600
2024-04-24,492.13421630859375,505.4100036621094,507.3699951171875,503.1300048828125,506.55999755859375,55928100
2024-04-25,490.2646789550781,503.489990234375,504.2699890136719,497.489990234375,499.17999267578125,69122400
2024-04-26,494.9093933105469,508.260009765625,509.8800048828125,505.70001220703125,506.3500061035156,64306100
2024-04-29,496.662109375,510.05999755859375,510.75,507.25,510.0899963378906,46415400
2024-04-30,488.7943420410156,501.9800109863281,509.55999755859375,501.9800109863281,508.55999755859375,77483600
2024-05-01,487.2071533203125,500.3500061035156,508.19000244140625,499.8699951171875,501.3800048828125,80242800
2024-05-02,491.76422119140625,505.0299987792969,505.8900146484375,499.54998779296875,504.1499938964844,62550200
2024-05-03,497.8597717285156,511.2900085449219,512.5499877929688,508.55999755859375,511.1600036621094,72756700
2024-05-06,503.0011291503906,516.5700073242188,516.6099853515625,513.2999877929688,513.75,47264700
2024-05-07,503.55615234375,517.1400146484375,518.5700073242188,516.4500122070312,517.5599975585938,52561300
2024-05-08,503.6048278808594,517.1900024414062,517.739990234375,515.1400146484375,515.260009765625,42047200
2024-05-09,506.5065612792969,520.1699829101562,520.2100219726562,516.7100219726562,517.3800048828125,43643700
2024-05-10,507.15899658203125,520.8400268554688,522.6400146484375,519.5900268554688,521.8099975585938,52233200
2024-05-13,507.22705078125,520.9099731445312,522.6699829101562,519.739990234375,522.5599975585938,36716400
2024-05-14,509.5542907714844,523.2999877929688,523.8300170898438,520.5599975585938,521.1099853515625,57535900
2024-05-15,515.8641357421875,529.780029296875,530.0800170898438,525.1799926757812,525.8300170898438,59504900
2024-05-16,514.8026733398438,528.6900024414062,531.52001953125,528.5399780273438,529.8800048828125,50244800
2024-05-17,515.542724609375,529.4500122070312,529.52001953125,527.3200073242188,528.8099975585938,59187600
2024-05-20,516.13671875,530.0599975585938,531.5599975585938,529.1699829101562,529.5700073242188,37764200
2024-05-21,517.4025268554688,531.3599853515625,531.52001953125,529.0700073242188,529.280029296875,33437000
2024-05-22,515.912841796875,529.8300170898438,531.3800048828125,527.5999755859375,530.6500244140625,48390000
2024-05-23,512.1444702148438,525.9600219726562,533.0700073242188,524.719970703125,532.9600219726562,57211200
2024-05-24,515.5330200195312,529.4400024414062,530.27001953125,526.8800048828125,527.8499755859375,41291100
2024-05-28,515.893310546875,529.8099975585938,530.510009765625,527.1099853515625,530.27001953125,36269600
2024-05-29,512.28076171875,526.0999755859375,527.3099975585938,525.3699951171875,525.6799926757812,45190300
2024-05-30,508.88238525390625,522.6099853515625,525.2000122070312,521.3300170898438,524.52001953125,46377600
2024-05-31,513.5173950195312,527.3699951171875,527.5,518.3599853515625,523.5900268554688,90785800
2024-06-03,513.93603515625,527.7999877929688,529.3099975585938,522.5999755859375,529.02001953125,46835700
2024-06-04,514.5106201171875,528.3900146484375,529.1500244140625,524.9600219726562,526.4600219726562,34632700
2024-06-05,520.6256713867188,534.6699829101562,534.6900024414062,528.72998046875,530.77001953125,47610400
2024-06-06,520.6158447265625,534.6599731445312,535.4199829101562,532.6799926757812,534.97998046875,30808500
2024-06-07,519.9829711914062,534.010009765625,536.8900146484375,532.5399780273438,533.6599731445312,43224500
2024-06-10,521.5895385742188,535.6599731445312,535.989990234375,532.5700073242188,533.1799926757812,35686100
2024-06-11,522.8457641601562,536.9500122070312,537.010009765625,532.0499877929688,534.0700073242188,36383400
2024-06-12,527.1399536132812,541.3599853515625,544.1199951171875,540.2999877929688,541.6300048828125,63251300
2024-06-13,528.2012939453125,542.4500122070312,543.3300170898438,539.5900268554688,543.1500244140625,44760900
2024-06-14,528.5226440429688,542.780029296875,542.8099975585938,539.8499755859375,540.8800048828125,40089900
2024-06-17,532.7291870117188,547.0999755859375,548.530029296875,541.6099853515625,542.0800170898438,55839500
2024-06-18,534.0826416015625,548.489990234375,548.6199951171875,546.72998046875,547.1599731445312,41376400
2024-06-20,532.6317749023438,547.0,550.1199951171875,545.1799926757812,549.4400024414062,70328200
2024-06-21,531.917724609375,544.510009765625,545.6500244140625,543.02001953125,544.4000244140625,64338600
2024-06-24,530.1886596679688,542.739990234375,546.9500122070312,542.6199951171875,544.3300170898438,45528700
2024-06-25,532.2302856445312,544.8300170898438,545.2000122070312,542.4400024414062,543.989990234375,37936200
2024-06-26,532.8946533203125,545.510009765625,546.239990234375,543.030029296875,543.6900024414062,38550600
2024-06-27,533.7346801757812,546.3699951171875,546.9600219726562,544.6099853515625,545.3699951171875,35041500
2024-06-28,531.6343994140625,544.219970703125,550.280029296875,542.9500122070312,547.1599731445312,76144500
2024-07-01,532.7284545898438,545.3400268554688,545.8800048828125,542.52001953125,545.6300048828125,40297800
2024-07-02,536.3136596679688,549.010009765625,549.010009765625,543.6500244140625,543.7000122070312,40434800
2024-07-03,538.70703125,551.4600219726562,551.8300170898438,548.6500244140625,548.6900024414062,32789900
2024-07-05,541.8134155273438,554.6400146484375,555.0499877929688,551.1199951171875,551.77001953125,41488400
2024-07-08,542.438720703125,555.280029296875,556.25,554.1900024414062,555.4400024414062,36110500
2024-07-09,542.9661865234375,555.8200073242188,557.1799926757812,555.52001953125,556.260009765625,27289700
2024-07-10,548.3388671875,561.3200073242188,561.6699829101562,556.77001953125,557.0700073242188,38701200
2024-07-11,543.6109619140625,556.47998046875,562.3300170898438,555.8300170898438,561.4400024414062,53054200
2024-07-12,547.0397338867188,559.989990234375,563.6699829101562,557.1500244140625,557.6300048828125,53084400
2024-07-15,548.5441284179688,561.530029296875,564.8400268554688,559.6300048828125,562.030029296875,40584300
2024-07-16,551.7970581054688,564.8599853515625,565.1599731445312,562.0999755859375,562.8699951171875,36475300
2024-07-17,544.0601806640625,556.9400024414062,560.510009765625,556.6099853515625,558.7999877929688,57119000
2024-07-18,539.8793334960938,552.6599731445312,559.52001953125,550.4299926757812,558.510009765625,56270400
2024-07-19,536.2940063476562,548.989990234375,554.0800170898438,547.9099731445312,552.4199829101562,65509100
2024-07-22,541.8232421875,554.6500244140625,555.27001953125,551.02001953125,553.0,43346700
2024-07-23,540.9732666015625,553.780029296875,556.739990234375,553.280029296875,554.5399780273438,34439600
2024-07-24,528.71337890625,541.22998046875,549.1699829101562,540.2899780273438,548.8599853515625,74515300
2024-07-25,525.958740234375,538.4099731445312,547.4600219726562,537.4500122070312,541.3499755859375,61158300
2024-07-26,531.8492431640625,544.4400024414062,547.1900024414062,541.489990234375,542.280029296875,53763800
2024-07-29,532.1619262695312,544.760009765625,547.0499877929688,542.719970703125,546.02001953125,39515800
2024-07-30,529.4656982421875,542.0,547.3400268554688,538.52001953125,546.260009765625,46853600
2024-07-31,538.0719604492188,550.8099975585938,553.5,547.5800170898438,548.97998046875,65663400
2024-08-01,530.452392578125,543.010009765625,554.8699951171875,539.4299926757812,552.5700073242188,76428700
2024-08-02,520.5762329101562,532.9000244140625,536.989990234375,528.5999755859375,535.75,82789100
2024-08-05,505.4150390625,517.3800048828125,523.5800170898438,510.2699890136719,511.6400146484375,146267400
2024-08-06,510.07489013671875,522.1500244140625,529.75,517.8699951171875,519.219970703125,84826300
2024-08-07,506.66546630859375,518.6599731445312,531.5900268554688,518.0499877929688,528.469970703125,70698300
2024-08-08,518.3782958984375,530.6500244140625,531.2899780273438,521.8400268554688,523.9099731445312,63276600
2024-08-09,520.6640014648438,532.989990234375,534.510009765625,528.5599975585938,529.8099975585938,45619600
2024-08-12,520.9376831054688,533.27001953125,535.72998046875,530.9500122070312,534.2100219726562,42542100
2024-08-13,529.5047607421875,542.0399780273438,542.280029296875,536.280029296875,536.530029296875,52333100
2024-08-14,531.1751708984375,543.75,544.9600219726562,540.1199951171875,542.8499755859375,42446900
2024-08-15,540.2796630859375,553.0700073242188,553.3599853515625,548.8800048828125,549.5,60846800
2024-08-16,541.4910278320312,554.3099975585938,555.02001953125,551.260009765625,551.4199829101562,44430700
2024-08-19,546.66845703125,559.6099853515625,559.6099853515625,553.8599853515625,554.72998046875,39121800
2024-08-20,545.7794799804688,558.7000122070312,560.8400268554688,557.3300170898438,559.1500244140625,33732300
2024-08-21,547.6552124023438,560.6199951171875,562.1099853515625,554.72998046875,559.77001953125,41514600
2024-08-22,543.3568115234375,556.219970703125,563.1799926757812,554.97998046875,562.5599975585938,56121500
2024-08-23,549.1301879882812,562.1300048828125,563.0900268554688,557.2899780273438,559.530029296875,50639400
2024-08-26,547.8211669921875,560.7899780273438,563.9099731445312,559.0499877929688,563.1799926757812,35788600
2024-08-27,548.5733642578125,561.5599975585938,562.0599975585938,558.3200073242188,559.489990234375,32693900
2024-08-28,545.3887939453125,558.2999877929688,561.6500244140625,555.0399780273438,561.2100219726562,41066000
2024-08-29,545.4375610351562,558.3499755859375,563.6799926757812,557.1799926757812,560.3099975585938,38715200
2024-08-30,550.6443481445312,563.6799926757812,564.2000122070312,557.1400146484375,560.77001953125,62700100
2024-09-03,539.3126831054688,552.0800170898438,560.8099975585938,549.510009765625,560.469970703125,60600100
2024-09-04,538.2088012695312,550.9500122070312,554.4299926757812,549.4600219726562,550.2000122070312,47224900
2024-09-05,536.8997192382812,549.6099853515625,553.7999877929688,547.0999755859375,550.8900146484375,44264300
2024-09-06,527.8637084960938,540.3599853515625,551.5999755859375,539.4400024414062,549.9400024414062,68493800
2024-09-09,533.773681640625,546.4099731445312,547.7100219726562,542.6799926757812,544.6500244140625,40445800
2024-09-10,536.0986938476562,548.7899780273438,549.1500244140625,543.3800048828125,548.3599853515625,36394600
2024-09-11,541.5984497070312,554.4199829101562,555.3599853515625,539.9600219726562,548.7000122070312,75248600
2024-09-12,546.160400390625,559.0900268554688,559.4000244140625,552.739990234375,555.010009765625,51819600
2024-09-13,549.012939453125,562.010009765625,563.030029296875,559.4500122070312,559.7100219726562,39310500
2024-09-16,549.8237915039062,562.8400268554688,563.1099853515625,559.9000244140625,561.739990234375,36656100
2024-09-17,550.0484008789062,563.0700073242188,566.5800170898438,560.7899780273438,565.0999755859375,49321000
2024-09-18,548.4171142578125,561.4000244140625,568.6900024414062,560.8300170898438,563.739990234375,59044900
2024-09-19,557.7755737304688,570.97998046875,572.8800048828125,568.0800170898438,571.010009765625,75315500
2024-09-20,556.811279296875,568.25,569.3099975585938,565.1699829101562,567.8400268554688,77503100
2024-09-23,558.2027587890625,569.6699829101562,570.3300170898438,568.0999755859375,569.3400268554688,44116900
2024-09-24,559.7999267578125,571.2999877929688,571.3599853515625,567.5999755859375,570.47998046875,46805700
2024-09-25,558.5652465820312,570.0399780273438,571.8900146484375,568.9099731445312,571.1400146484375,38428600
2024-09-26,560.77978515625,572.2999877929688,574.7100219726562,569.9000244140625,574.3800048828125,48336000
2024-09-27,559.966552734375,571.469970703125,574.219970703125,570.4199829101562,573.3900146484375,42100900
2024-09-30,562.21044921875,573.760009765625,574.3800048828125,568.0800170898438,570.4199829101562,63557400
2024-10-01,557.1739501953125,568.6199951171875,574.0599975585938,566.0,573.4000244140625,72668800
2024-10-02,557.4090576171875,568.8599853515625,569.9000244140625,565.27001953125,567.7100219726562,38097800
2024-10-03,556.3900146484375,567.8200073242188,569.7999877929688,565.489990234375,567.3599853515625,40846500
2024-10-04,561.446044921875,572.97998046875,573.3599853515625,568.0999755859375,572.3499755859375,42939100
2024-10-07,556.370361328125,567.7999877929688,571.9600219726562,566.6300048828125,571.2999877929688,49964700
2024-10-08,561.63232421875,573.1699829101562,573.780029296875,569.530029296875,570.4199829101562,37398700
2024-10-09,565.5223999023438,577.1400146484375,577.7100219726562,572.5499877929688,573.1599731445312,37912200
2024-10-10,564.5327758789062,576.1300048828125,577.5800170898438,574.489990234375,575.77001953125,44138100
2024-10-11,567.913330078125,579.5800170898438,580.3300170898438,575.9099731445312,576.0499877929688,42268000
2024-10-14,572.5579833984375,584.3200073242188,585.27001953125,580.72998046875,581.219970703125,36217200
2024-10-15,568.1092529296875,579.780029296875,584.9000244140625,578.5399780273438,584.5900268554688,54203600
2024-10-16,570.5785522460938,582.2999877929688,582.8300170898438,578.9600219726562,579.780029296875,30725400
2024-10-17,570.6275024414062,582.3499755859375,586.1199951171875,582.1599731445312,585.9099731445312,34393700
2024-10-18,572.8224487304688,584.5900268554688,585.3900146484375,582.5800170898438,584.0700073242188,37416800
2024-10-21,571.8817749023438,583.6300048828125,584.8499755859375,580.5999755859375,583.8499755859375,36439000
2024-10-22,571.5780639648438,583.3200073242188,584.5,580.3800048828125,581.0499877929688,34183800
2024-10-23,566.3552856445312,577.989990234375,581.7100219726562,574.4199829101562,581.260009765625,49314600
2024-10-24,567.5801391601562,579.239990234375,580.0599975585938,576.5700073242188,579.97998046875,34979900
2024-10-25,567.3840942382812,579.0399780273438,584.4600219726562,578.0800170898438,581.510009765625,47268200
2024-10-28,569.1381225585938,580.8300170898438,582.7100219726562,580.52001953125,582.5800170898438,30174700
2024-10-29,570.0592041015625,581.77001953125,582.9099731445312,578.4299926757812,579.8499755859375,42899700
2024-10-30,568.3346557617188,580.010009765625,583.3200073242188,579.2899780273438,581.2899780273438,41435800
2024-10-31,557.1935424804688,568.6400146484375,575.6300048828125,568.4400024414062,575.5599975585938,60182500
2024-11-01,559.545166015625,571.0399780273438,575.5499877929688,570.6199951171875,571.3200073242188,45667500
2024-11-04,558.3399047851562,569.8099975585938,572.5,567.8900146484375,571.1799926757812,38217000
2024-11-05,565.0911865234375,576.7000122070312,576.739990234375,570.52001953125,570.739990234375,39478300
2024-11-06,579.142578125,591.0399780273438,591.9299926757812,585.3900146484375,589.2000122070312,68182000
2024-11-07,583.6205444335938,595.6099853515625,596.6500244140625,593.0,593.0800170898438,47233200
2024-11-08,586.1485595703125,598.1900024414062,599.6400146484375,596.1699829101562,596.1699829101562,46444900
2024-11-11,586.7071533203125,598.760009765625,600.1699829101562,597.0,599.8099975585938,37586800
2024-11-12,584.8846435546875,596.9000244140625,599.2899780273438,594.3699951171875,598.6799926757812,43006100
2024-11-13,585.1687622070312,597.1900024414062,599.22998046875,594.9600219726562,597.3699951171875,47388600
2024-11-14,581.4061279296875,593.3499755859375,597.8099975585938,592.6500244140625,597.3200073242188,38904100
2024-11-15,573.9590454101562,585.75,590.2000122070312,583.8599853515625,589.719970703125,75988800
2024-11-18,576.310791015625,588.1500244140625,589.489990234375,585.3400268554688,586.219970703125,37001700
2024-11-19,578.4175415039062,590.2999877929688,591.0399780273438,584.030029296875,584.7100219726562,49412000
2024-11-20,578.6134033203125,590.5,590.7899780273438,584.6300048828125,590.3800048828125,50032600
2024-11-21,581.7196044921875,593.6699829101562,595.1199951171875,587.4500122070312,593.4000244140625,46750300
2024-11-22,583.5226440429688,595.510009765625,596.1500244140625,593.1500244140625,593.6599731445312,38226400
2024-11-25,585.501953125,597.530029296875,600.8599853515625,595.2000122070312,599.52001953125,42441400
2024-11-26,588.5591430664062,600.6500244140625,601.3300170898438,598.0700073242188,598.7999877929688,45621300
2024-11-27,586.7757568359375,598.8300170898438,600.8499755859375,597.280029296875,600.4600219726562,34000200
2024-11-29,590.4208984375,602.5499877929688,603.3499755859375,599.3800048828125,599.6599731445312,30177400
2024-12-02,591.4791870117188,603.6300048828125,604.3200073242188,602.469970703125,602.969970703125,31746000
2024-12-03,591.75341796875,603.9099731445312,604.1599731445312,602.3400268554688,603.3900146484375,26906600
2024-12-04,595.427978515625,607.6599731445312,607.9099731445312,604.9500122070312,605.6300048828125,42787600
2024-12-05,594.4481201171875,606.6599731445312,608.47998046875,606.2999877929688,607.6599731445312,28762200
2024-12-06,595.5750122070312,607.8099975585938,609.0700073242188,607.02001953125,607.4400024414062,31241500
2024-12-09,592.5079345703125,604.6799926757812,607.8599853515625,604.0800170898438,607.6900024414062,34742700
2024-12-10,590.6658325195312,602.7999877929688,605.7999877929688,602.1300048828125,605.3699951171875,37234500
2024-12-11,595.2320556640625,607.4600219726562,608.4299926757812,605.5,605.780029296875,28677700
2024-12-12,592.1651000976562,604.3300170898438,607.1599731445312,604.3300170898438,606.5800170898438,31543800
2024-12-13,592.047607421875,604.2100219726562,607.1300048828125,602.8099975585938,606.4000244140625,35904700
2024-12-16,594.5755615234375,606.7899780273438,607.780029296875,605.2100219726562,606.0,43695200
2024-12-17,592.1258544921875,604.2899780273438,605.1699829101562,602.8900146484375,604.1900024414062,55773500
2024-12-18,574.4784545898438,586.280029296875,606.4099731445312,585.8900146484375,603.97998046875,108248700
2024-12-19,574.302001953125,586.0999755859375,593.0,585.8499755859375,591.3599853515625,85919500
2024-12-20,581.2000122070312,591.1500244140625,595.75,580.9099731445312,581.77001953125,125716700
2024-12-23,584.6803588867188,594.6900024414062,595.2999877929688,587.6599731445312,590.8900146484375,57635800
2024-12-24,591.1790771484375,601.2999877929688,601.3400268554688,595.469970703125,596.0599975585938,33160100
2024-12-26,591.2184448242188,601.3400268554688,602.47998046875,598.0800170898438,599.5,41219100
2024-12-27,584.994873046875,595.010009765625,597.780029296875,590.760009765625,597.5399780273438,64969300
2024-12-30,578.3192749023438,588.219970703125,591.739990234375,584.4099731445312,587.8900146484375,56578800
2024-12-31,576.2152709960938,586.0800170898438,590.6400146484375,584.4199829101562,589.9099731445312,57052700
2025-01-02,574.7994384765625,584.6400146484375,591.1300048828125,580.5,589.3900146484375,50204000
2025-01-03,581.9864501953125,591.9500122070312,592.5999755859375,586.4299926757812,587.530029296875,37888500
2025-01-06,585.3390502929688,595.3599853515625,599.7000122070312,593.5999755859375,596.27001953125,47679400
2025-01-07,578.7222900390625,588.6300048828125,597.75,586.780029296875,597.4199829101562,60393100
2025-01-08,579.56787109375,589.489990234375,590.5800170898438,585.2000122070312,588.7000122070312,47304700
2025-01-10,570.7193603515625,580.489990234375,585.9500122070312,578.5499877929688,585.8800048828125,73105000
2025-01-13,571.604248046875,581.3900146484375,581.75,575.3499755859375,575.77001953125,47910100
2025-01-14,572.3907470703125,582.1900024414062,585.0,578.3499755859375,584.3599853515625,48420600
2025-01-15,582.8025512695312,592.780029296875,593.9400024414062,589.2000122070312,590.3300170898438,56900200
2025-01-16,581.6817016601562,591.6400146484375,594.3499755859375,590.9299926757812,594.1699829101562,43319700
2025-01-17,587.521728515625,597.5800170898438,599.3599853515625,595.6099853515625,596.9600219726562,58070600
2025-01-21,592.899658203125,603.0499877929688,603.0599975585938,598.6699829101562,600.6699829101562,42532900
2025-01-22,596.2326049804688,606.4400024414062,607.8200073242188,605.3599853515625,605.9199829101562,48196000
2025-01-23,599.48681640625,609.75,609.75,605.52001953125,605.7999877929688,41152100
2025-01-24,597.7367553710938,607.969970703125,610.780029296875,606.7999877929688,609.8099975585938,34604700
2025-01-27,589.2816162109375,599.3699951171875,599.6900024414062,594.6400146484375,594.8099975585938,70361100
2025-01-28,594.3448486328125,604.52001953125,605.3699951171875,597.25,600.6199951171875,44433300
2025-01-29,591.6806030273438,601.8099975585938,604.1300048828125,599.219970703125,603.719970703125,37177400
2025-01-30,594.8561401367188,605.0399780273438,606.5999755859375,600.719970703125,603.9600219726562,39281300
2025-01-31,591.6903076171875,601.8200073242188,609.9600219726562,601.0499877929688,607.5,66566900
2025-02-03,587.70849609375,597.77001953125,600.2899780273438,590.489990234375,592.6699829101562,65857200
2025-02-04,591.6510620117188,601.780029296875,602.2999877929688,597.280029296875,597.8300170898438,33457800
2025-02-05,594.0499877929688,604.219970703125,604.3699951171875,598.5800170898438,600.6400146484375,30653100
2025-02-06,596.1146240234375,606.3200073242188,606.4500122070312,602.6300048828125,605.989990234375,35771500
2025-02-07,590.6580200195312,600.77001953125,608.1300048828125,600.0499877929688,606.8900146484375,50788500
2025-02-10,594.6693725585938,604.8499755859375,605.5,602.739990234375,604.030029296875,26048700
2025-02-11,595.12158203125,605.3099975585938,605.8599853515625,602.4299926757812,602.5499877929688,30056700
2025-02-12,593.2044677734375,603.3599853515625,604.5499877929688,598.510009765625,599.2000122070312,45076100
2025-02-13,599.4671630859375,609.72998046875,609.9400024414062,603.2000122070312,604.47998046875,40921300
2025-02-14,599.4376831054688,609.7000122070312,610.989990234375,609.0700073242188,609.9400024414062,26910400
2025-02-18,601.1975708007812,611.489990234375,611.489990234375,608.3800048828125,610.8800048828125,26749000
2025-02-19,602.6133422851562,612.9299926757812,613.22998046875,609.5599975585938,610.0800170898438,31011100
2025-02-20,600.106201171875,610.3800048828125,611.6799926757812,607.02001953125,611.5399780273438,36554000
2025-02-21,589.8421020507812,599.9400024414062,610.2999877929688,599.469970703125,610.1599731445312,76519800
2025-02-24,587.1580200195312,597.2100219726562,603.030029296875,596.489990234375,602.02001953125,50737200
2025-02-25,584.2379150390625,594.239990234375,597.8900146484375,589.5599975585938,597.1500244140625,58266500
2025-02-26,584.5328979492188,594.5399780273438,599.5800170898438,591.8599853515625,595.9299926757812,43321600
2025-02-27,575.2025146484375,585.0499877929688,598.02001953125,584.6500244140625,596.8499755859375,74196700
2025-02-28,584.178955078125,594.1799926757812,594.719970703125,582.4400024414062,585.5599975585938,88744100
2025-03-03,573.9442138671875,583.77001953125,597.3400268554688,579.9000244140625,596.1799926757812,74249200
2025-03-04,567.1505126953125,576.8599853515625,585.3900146484375,572.25,579.7100219726562,109648200
2025-03-05,573.2460327148438,583.0599975585938,584.8800048828125,573.0800170898438,576.6900024414062,71230500
2025-03-06,563.0702514648438,572.7100219726562,580.1699829101562,570.1199951171875,575.47998046875,80094900
2025-03-07,566.2261962890625,575.9199829101562,577.3900146484375,565.6300048828125,570.9000244140625,81158800
2025-03-10,551.14453125,560.5800170898438,569.5399780273438,555.5900268554688,567.5900268554688,99326600
2025-03-11,546.5629272460938,555.9199829101562,564.02001953125,552.02001953125,559.4000244140625,88102100
2025-03-12,549.4632568359375,558.8699951171875,563.1099853515625,553.6900024414062,562.1699829101562,69588200
2025-03-13,542.1386108398438,551.4199829101562,559.1099853515625,549.6799926757812,558.489990234375,74079400
2025-03-14,553.3369750976562,562.8099975585938,563.8300170898438,551.489990234375,556.1099853515625,62660300
2025-03-17,557.6038208007812,567.1500244140625,569.7100219726562,562.3499755859375,562.7899780273438,49008700
2025-03-18,551.5770263671875,561.02001953125,565.02001953125,559.0599975585938,564.7999877929688,66041400
2025-03-19,557.5841674804688,567.1300048828125,570.9500122070312,561.6300048828125,562.8300170898438,66556000
2025-03-20,555.9718627929688,565.489990234375,570.5700073242188,562.5999755859375,563.3300170898438,62958200
2025-03-21,556.1552734375,563.97998046875,564.8900146484375,558.030029296875,559.280029296875,83763000
2025-03-24,566.1151123046875,574.0800170898438,575.1500244140625,570.2000122070312,570.7999877929688,58766800
2025-03-25,567.47607421875,575.4600219726562,576.4099731445312,573.6900024414062,575.2999877929688,38355700
2025-03-26,560.7012939453125,568.5900268554688,576.3300170898438,567.1900024414062,575.1900024414062,51848300
2025-03-27,559.212158203125,567.0800170898438,570.9000244140625,564.9400024414062,567.1799926757812,42164200
2025-03-28,547.95068359375,555.6599731445312,566.27001953125,555.0700073242188,565.530029296875,71662700
2025-03-31,551.6289672851562,559.3900146484375,560.7100219726562,546.8699951171875,549.8300170898438,95328200
2025-04-01,553.18701171875,560.969970703125,562.9400024414062,553.6799926757812,557.4500122070312,54609600
2025-04-02,556.687744140625,564.52001953125,567.4199829101562,554.8099975585938,555.0499877929688,76014500
2025-04-03,529.2537841796875,536.7000122070312,547.969970703125,536.7000122070312,545.1099853515625,125986000
2025-04-04,498.26971435546875,505.2799987792969,525.8699951171875,505.05999755859375,523.6699829101562,217965100
2025-04-07,497.3821716308594,504.3800048828125,523.1699829101562,481.79998779296875,489.19000244140625,256611400
2025-04-08,489.591796875,496.4800109863281,524.97998046875,489.1600036621094,521.8599853515625,165816600
2025-04-09,541.0084228515625,548.6199951171875,548.6199951171875,493.04998779296875,493.44000244140625,241867300
2025-04-10,517.3019409179688,524.5800170898438,533.5,509.32000732421875,532.1699829101562,162331200
2025-04-11,526.5321044921875,533.9400024414062,536.4299926757812,520.0700073242188,523.010009765625,97866300
2025-04-14,531.6401977539062,539.1199951171875,544.280029296875,533.8599853515625,544.0499877929688,68034000
2025-04-15,530.151123046875,537.6099853515625,543.22998046875,536.8099975585938,539.6699829101562,56892900
2025-04-16,518.366943359375,525.6599731445312,537.8900146484375,520.2899780273438,531.6799926757812,83484800
2025-04-17,519.1065063476562,526.4099731445312,531.1699829101562,523.9099731445312,527.6400146484375,79868100
2025-04-21,506.7503662109375,513.8800048828125,521.7000122070312,508.4599914550781,521.1599731445312,69368100
2025-04-22,519.9349365234375,527.25,529.2999877929688,519.1900024414062,520.1400146484375,75948100
2025-04-23,527.991455078125,535.4199829101562,545.4299926757812,533.8800048828125,540.4299926757812,90590700
2025-04-24,539.1051635742188,546.6900024414062,547.4299926757812,535.4500122070312,536.719970703125,64150400
2025-04-25,543.0003662109375,550.6400146484375,551.0499877929688,543.6900024414062,546.6500244140625,61119600
2025-04-28,543.2074584960938,550.8499755859375,553.5499877929688,545.02001953125,551.3900146484375,47613800
2025-04-29,546.6293334960938,554.3200073242188,555.4500122070312,548.5499877929688,548.9099731445312,47775100
2025-04-30,546.8462524414062,554.5399780273438,556.52001953125,541.52001953125,547.5700073242188,93101500
2025-05-01,550.7216796875,558.469970703125,564.0700073242188,557.8599853515625,560.3699951171875,63186100
2025-05-02,558.896728515625,566.760009765625,568.3800048828125,562.3800048828125,564.72998046875,60717300
2025-05-05,555.6917724609375,563.510009765625,566.6500244140625,561.7000122070312,562.5700073242188,38659200
2025-05-06,551.0471801757812,558.7999877929688,563.3499755859375,556.9600219726562,557.9299926757812,48264700
2025-05-07,553.3645629882812,561.1500244140625,563.8200073242188,556.0399780273438,560.1500244140625,55588000
2025-05-08,557.2203369140625,565.0599975585938,570.3099975585938,561.7000122070312,565.239990234375,65130800
2025-05-09,556.5103149414062,564.3400268554688,567.5,562.760009765625,566.47998046875,37603400
2025-05-12,574.9015502929688,582.989990234375,583.0,577.0399780273438,581.469970703125,78993600
2025-05-13,578.6980590820312,586.8400268554688,589.0800170898438,582.8400268554688,583.4099731445312,67947200
2025-05-14,579.4376831054688,587.5900268554688,588.97998046875,585.5399780273438,587.8099975585938,66283500
2025-05-15,582.267822265625,590.4600219726562,590.969970703125,585.0999755859375,585.5599975585938,71268100
2025-05-16,585.9559936523438,594.2000122070312,594.5,589.280029296875,591.25,76052100
2025-05-19,586.5969848632812,594.8499755859375,595.5399780273438,588.0999755859375,588.0999755859375,68168500
2025-05-20,584.6246948242188,592.8499755859375,594.0499877929688,589.5999755859375,593.0900268554688,60614500
2025-05-21,574.7733154296875,582.8599853515625,592.5800170898438,581.8200073242188,588.4400024414062,95197700
2025-05-22,575.0001220703125,583.0900268554688,586.6199951171875,581.4099731445312,582.6599731445312,70860400
2025-05-23,571.0753784179688,579.1099853515625,581.8099975585938,575.5999755859375,575.97998046875,76029000
2025-05-27,582.9483642578125,591.1500244140625,591.3099975585938,578.4299926757812,586.0700073242188,72588500
2025-05-28,579.57568359375,587.72998046875,592.77001953125,586.989990234375,591.5599975585938,68445500
2025-05-29,581.863525390625,590.0499877929688,593.2000122070312,586.0700073242188,593.0599975585938,69973300
2025-05-30,581.2128295898438,589.3900146484375,591.1300048828125,583.239990234375,588.9299926757812,90601200
2025-06-02,584.4866943359375,592.7100219726562,592.7899780273438,585.0599975585938,587.760009765625,61630500
2025-06-03,587.8197631835938,596.0900268554688,597.0800170898438,591.8499755859375,592.3400268554688,63606200
2025-06-04,587.6619873046875,595.9299926757812,597.9500122070312,595.489990234375,596.9600219726562,57314200
2025-06-05,584.8218994140625,593.0499877929688,599.0,591.0499877929688,597.6300048828125,92278700
2025-06-06,590.8274536132812,599.1400146484375,600.8300170898438,596.8599853515625,598.6599731445312,66588700
2025-06-09,591.3599243164062,599.6799926757812,601.25,598.489990234375,599.719970703125,53016400
2025-06-10,594.712890625,603.0800170898438,603.469970703125,599.0900268554688,600.219970703125,66247000
2025-06-11,593.0166625976562,601.3599853515625,605.0599975585938,599.27001953125,604.1900024414062,73658200
2025-06-12,595.3734741210938,603.75,603.75,599.52001953125,600.010009765625,64129000
2025-06-13,588.7171020507812,597.0,601.8499755859375,595.47998046875,598.5,89506000
2025-06-16,594.318359375,602.6799926757812,604.4500122070312,600.219970703125,600.4000244140625,79984100
2025-06-17,589.2398071289062,597.530029296875,601.75,596.760009765625,600.2100219726562,82209400
2025-06-18,589.1510009765625,597.4400024414062,601.219970703125,596.469970703125,598.4400024414062,76605000
2025-06-20,587.7673950195312,594.280029296875,599.4600219726562,592.8599853515625,598.3800048828125,94051400
2025-06-23,593.5730590820312,600.1500244140625,600.5399780273438,591.8900146484375,595.0399780273438,87426000
2025-06-24,600.13037109375,606.780029296875,607.8499755859375,603.4099731445312,604.3300170898438,67735300
2025-06-25,600.4666748046875,607.1199951171875,608.6099853515625,605.5399780273438,607.9099731445312,62114800
2025-06-26,605.1646118164062,611.8699951171875,612.3099975585938,608.3699951171875,608.989990234375,78548400
2025-06-27,608.1712646484375,614.9099731445312,616.3900146484375,610.8300170898438,612.8800048828125,86258400
2025-06-30,611.0791015625,617.8499755859375,619.219970703125,615.0399780273438,617.3800048828125,92502500
2025-07-01,610.8812866210938,617.6500244140625,618.8300170898438,615.52001953125,616.3599853515625,70030100
2025-07-02,613.6505737304688,620.4500122070312,620.489990234375,616.6099853515625,617.239990234375,66510400
2025-07-03,618.4869995117188,625.3400268554688,626.280029296875,622.4299926757812,622.4500122070312,51065800
2025-07-07,613.8780517578125,620.6799926757812,624.030029296875,617.8699951171875,623.3599853515625,74814500
2025-07-08,613.5418090820312,620.3400268554688,622.1099853515625,619.52001953125,621.3499755859375,59024600
2025-07-09,617.2210083007812,624.0599975585938,624.719970703125,620.9099731445312,622.77001953125,66113300
2025-07-10,618.9617309570312,625.8200073242188,626.8699951171875,623.010009765625,624.2000122070312,57529000
2025-07-11,616.7858276367188,623.6199951171875,624.8599853515625,621.530029296875,622.739990234375,63670200
2025-07-14,617.9627075195312,624.8099975585938,625.1599731445312,621.7999877929688,623.1599731445312,51898500
2025-07-15,615.3220825195312,622.1400146484375,627.8599853515625,622.0599975585938,627.52001953125,74317300
2025-07-16,617.3792114257812,624.219970703125,624.72998046875,618.0499877929688,623.739990234375,88987500
2025-07-17,621.1574096679688,628.0399780273438,628.4000244140625,624.1799926757812,624.4000244140625,68885700
2025-07-18,620.7024536132812,627.5800170898438,629.469970703125,626.4600219726562,629.2999877929688,65621600
2025-07-21,621.87939453125,628.77001953125,631.5399780273438,628.3400268554688,628.77001953125,63375000
2025-07-22,621.9683837890625,628.8599853515625,629.72998046875,626.1900024414062,629.0999755859375,60046300
2025-07-23,627.2598266601562,634.2100219726562,634.2100219726562,629.72998046875,631.5499877929688,70511000
2025-07-24,627.4674682617188,634.4199829101562,636.1500244140625,633.989990234375,634.5999755859375,71307100
2025-07-25,630.1181030273438,637.0999755859375,637.5800170898438,634.8400268554688,635.0900268554688,56865400
2025-07-28,629.9598999023438,636.9400024414062,638.0399780273438,635.5399780273438,637.47998046875,54917100
2025-07-29,628.2982177734375,635.260009765625,638.6699829101562,634.3400268554688,638.3499755859375,60556300
2025-07-30,627.507080078125,634.4600219726562,637.6799926757812,631.5399780273438,635.9199829101562,80418900
2025-07-31,625.1531982421875,632.0800170898438,639.8499755859375,630.77001953125,639.4600219726562,103385200
2025-08-01,614.9065551757812,621.719970703125,626.3400268554688,619.2899780273438,626.2999877929688,140103600
2025-08-04,624.2530517578125,631.1699829101562,631.219970703125,625.5800170898438,625.6699829101562,73218000
2025-08-05,621.0880737304688,627.969970703125,632.6099853515625,627.0399780273438,631.7899780273438,68051400
2025-08-06,625.845458984375,632.780029296875,633.4400024414062,628.1300048828125,629.0499877929688,64357500
2025-08-07,625.3212280273438,632.25,636.97998046875,629.1099853515625,636.239990234375,74205800
2025-08-08,630.1972045898438,637.1799926757812,637.6500244140625,633.739990234375,634.0599975585938,64051600
2025-08-11,628.9510498046875,635.9199829101562,638.9500122070312,634.6599731445312,637.4600219726562,58742300
2025-08-12,635.6469116210938,642.6900024414062,642.8499755859375,636.7899780273438,638.2899780273438,64730800
2025-08-13,637.82275390625,644.8900146484375,646.1900024414062,642.6799926757812,644.9099731445312,60092800
2025-08-14,637.882080078125,644.9500122070312,645.6199951171875,642.3400268554688,642.7899780273438,59327500
2025-08-15,636.388671875,643.4400024414062,646.0900268554688,642.52001953125,645.989990234375,68592500
2025-08-18,636.2501220703125,643.2999877929688,644.0,642.1799926757812,642.8599853515625,43804900
2025-08-19,632.7984008789062,639.8099975585938,644.1099853515625,638.47998046875,643.1199951171875,69750700
2025-08-20,631.1170043945312,638.1099853515625,639.6599731445312,632.9500122070312,639.4000244140625,88890300
2025-08-21,628.5850830078125,635.5499877929688,637.969970703125,633.8099975585938,636.280029296875,54805800
2025-08-22,638.2382202148438,645.3099975585938,646.5,637.25,637.760009765625,84083200
2025-08-25,635.42919921875,642.469970703125,645.2899780273438,642.3499755859375,644.0399780273438,51274300
2025-08-26,638.0897827148438,645.1599731445312,645.510009765625,641.5700073242188,642.2000122070312,51581600
2025-08-27,639.5436401367188,646.6300048828125,647.3699951171875,644.4199829101562,644.5700073242188,48341100
2025-08-28,641.8085327148438,648.9199829101562,649.47998046875,645.3400268554688,647.239990234375,61519500
2025-08-29,637.98095703125,645.0499877929688,647.8400268554688,643.1400146484375,647.469970703125,74522200
2025-09-02,633.2533569335938,640.27001953125,640.489990234375,634.9199829101562,637.5,81983500
2025-09-03,636.685302734375,643.739990234375,644.2100219726562,640.4600219726562,642.6699829101562,70820900
2025-09-04,642.00634765625,649.1199951171875,649.1500244140625,643.510009765625,644.4199829101562,65219200
2025-09-05,640.14697265625,647.239990234375,652.2100219726562,643.3300170898438,651.47998046875,85178900
2025-09-08,641.7195434570312,648.8300170898438,649.8400268554688,647.22998046875,648.6199951171875,63133100
2025-09-09,643.203125,650.3300170898438,650.8599853515625,647.219970703125,648.969970703125,66133900
2025-09-10,645.0625610351562,652.2100219726562,654.5499877929688,650.6300048828125,653.6199951171875,78034500
2025-09-11,650.4231567382812,657.6300048828125,658.3300170898438,653.5900268554688,654.1799926757812,69934400
2025-09-12,650.2055053710938,657.4099731445312,659.1099853515625,656.9000244140625,657.5999755859375,72780100
2025-09-15,653.6671142578125,660.9099731445312,661.0399780273438,659.3400268554688,659.6400146484375,63772400
2025-09-16,652.7671508789062,660.0,661.780029296875,659.2100219726562,661.469970703125,61169000
2025-09-17,651.9561767578125,659.1799926757812,661.719970703125,654.2999877929688,660.010009765625,101952200
2025-09-18,655.0023803710938,662.260009765625,664.8900146484375,660.27001953125,661.8900146484375,90459200
2025-09-19,658.2465209960938,663.7000122070312,664.5499877929688,660.3699951171875,662.3300170898438,97945600
2025-09-22,661.3607177734375,666.8400268554688,667.2899780273438,662.1699829101562,662.2000122070312,69452200
2025-09-23,657.7606201171875,663.2100219726562,667.3400268554688,661.97998046875,666.719970703125,81708900
2025-09-24,655.6678466796875,661.0999755859375,664.6099853515625,659.6699829101562,664.510009765625,68082200
2025-09-25,652.6429443359375,658.0499877929688,659.4099731445312,654.4099731445312,657.9400024414062,89622100
2025-09-26,656.3820190429688,661.8200073242188,662.3699951171875,657.8800048828125,659.510009765625,69179200
2025-09-29,658.2266845703125,663.6799926757812,665.280029296875,661.8599853515625,664.3599853515625,73499000
2025-09-30,660.7061157226562,666.1799926757812,666.6500244140625,661.6099853515625,662.9299926757812,86288000
2025-10-01,662.95751953125,668.4500122070312,669.3699951171875,663.0599975585938,663.1699829101562,72545400
2025-10-02,663.7210693359375,669.219970703125,670.5700073242188,666.780029296875,670.4500122070312,56896000
2025-10-03,663.7112426757812,669.2100219726562,672.6799926757812,668.1599731445312,669.989990234375,70494400
2025-10-06,666.0914916992188,671.6099853515625,672.510009765625,669.4600219726562,671.6199951171875,54623300
2025-10-07,663.6219482421875,669.1199951171875,672.989990234375,667.6699829101562,672.5399780273438,72020100
2025-10-08,667.5791625976562,673.1099853515625,673.2100219726562,669.4199829101562,670.25,60702200
2025-10-09,665.6452026367188,671.1599731445312,673.9400024414062,669.2100219726562,673.530029296875,66501900
2025-10-10,647.6542358398438,653.02001953125,673.9500122070312,652.8400268554688,672.1300048828125,159422600
2025-10-13,657.5919189453125,663.0399780273438,665.1300048828125,659.77001953125,660.6500244140625,79560500
2025-10-14,656.78857421875,662.22998046875,665.8300170898438,653.1699829101562,657.1699829101562,88779600
2025-10-15,659.7044677734375,665.1699829101562,670.22998046875,658.9299926757812,666.8200073242188,81702600
2025-10-16,655.211669921875,660.6400146484375,668.7100219726562,657.1099853515625,666.8200073242188,110563300
2025-10-17,658.9308471679688,664.3900146484375,665.760009765625,658.1400146484375,659.5,96500900
2025-10-20,665.7840576171875,671.2999877929688,672.2100219726562,667.27001953125,667.3200073242188,60493400
2025-10-21,665.7740478515625,671.2899780273438,672.989990234375,669.97998046875,671.4400024414062,56249000
2025-10-22,662.3128051757812,667.7999877929688,672.0,663.2999877929688,672.0,80564000
2025-10-23,666.2402954101562,671.760009765625,672.7100219726562,667.7999877929688,668.1199951171875,65604500
2025-10-24,671.6851806640625,677.25,678.469970703125,675.6500244140625,676.4600219726562,74356500
2025-10-27,679.6094970703125,685.239990234375,685.5399780273438,682.1199951171875,682.72998046875,63339800
2025-10-28,681.41455078125,687.0599975585938,688.9099731445312,684.8300170898438,687.0499877929688,61738100
2025-10-29,681.7418212890625,687.3900146484375,689.7000122070312,682.8699951171875,688.719970703125,85657100
2025-10-30,674.2439575195312,679.8300170898438,685.9400024414062,679.8300170898438,683.9000244140625,76335800
2025-10-31,676.4556274414062,682.0599975585938,685.0800170898438,679.239990234375,685.0399780273438,87164100
2025-11-03,677.7251586914062,683.3400268554688,685.7999877929688,679.9400024414062,685.6699829101562,57315000
2025-11-04,669.6917114257812,675.239990234375,679.9600219726562,674.5800170898438,676.1099853515625,78427000
2025-11-05,672.012451171875,677.5800170898438,680.8599853515625,674.1699829101562,674.97998046875,74402400
2025-11-06,664.8021850585938,670.3099975585938,677.3800048828125,668.719970703125,676.469970703125,85035300
2025-11-07,665.4567260742188,670.969970703125,671.0800170898438,661.2100219726562,667.9099731445312,100592400
2025-11-10,675.8407592773438,681.4400024414062,682.1799926757812,675.030029296875,677.239990234375,75842900
2025-11-11,677.3878784179688,683.0,683.5700073242188,678.72998046875,679.9500122070312,58953400
2025-11-12,677.7647705078125,683.3800048828125,684.9600219726562,680.9500122070312,684.7899780273438,62312500
2025-11-13,666.5179443359375,672.0399780273438,680.8599853515625,670.52001953125,680.5,103457800
2025-11-14,666.408935546875,671.9299926757812,675.6599731445312,663.27001953125,665.3800048828125,96846700
2025-11-17,660.2003173828125,665.6699829101562,673.7100219726562,662.1699829101562,669.7000122070312,90456100
2025-11-18,654.6563110351562,660.0800170898438,665.1199951171875,655.8599853515625,662.0999755859375,114467500
2025-11-19,657.1853637695312,662.6300048828125,667.3400268554688,658.75,660.780029296875,94703000
2025-11-20,647.1683349609375,652.530029296875,675.5599975585938,651.8900146484375,672.9099731445312,165293500
2025-11-21,653.6149291992188,659.030029296875,664.5499877929688,650.8499755859375,655.0499877929688,123956200
2025-11-24,663.235107421875,668.72998046875,670.0599975585938,661.5900268554688,662.6900024414062,80437900
2025-11-25,669.4734497070312,675.02001953125,676.2100219726562,664.47998046875,668.6300048828125,81077100
2025-11-26,674.09521484375,679.6799926757812,681.7000122070312,676.719970703125,677.6300048828125,71879600
2025-11-28,677.7747192382812,683.3900146484375,683.6699829101562,680.5,680.8599853515625,49212000
2025-12-01,674.6803588867188,680.27001953125,682.989990234375,678.739990234375,678.8099975585938,61201200
2025-12-02,675.9300537109375,681.530029296875,683.8200073242188,679.3300170898438,681.9199829101562,62953800
2025-12-03,678.2706298828125,683.8900146484375,684.9099731445312,679.6900024414062,680.5700073242188,57238500
2025-12-04,678.7664794921875,684.3900146484375,685.3699951171875,681.3400268554688,685.2999877929688,61970300
2025-12-05,680.0557861328125,685.6900024414062,688.3900146484375,684.5800170898438,685.469970703125,79241000
2025-12-08,678.0127563476562,683.6300048828125,686.6400146484375,681.5700073242188,686.5900268554688,55231500
2025-12-09,677.427490234375,683.0399780273438,685.3900146484375,682.5900268554688,683.1500244140625,58310100
2025-12-10,681.92041015625,687.5700073242188,688.969970703125,681.3099975585938,682.5599975585938,85671300
2025-12-11,683.5072021484375,689.1699829101562,689.25,682.1699829101562,685.1400146484375,86173700
2025-12-12,676.1580810546875,681.760009765625,688.8800048828125,679.1699829101562,688.1699829101562,113160300
2025-12-15,675.1365356445312,680.72998046875,685.760009765625,679.25,685.739990234375,90811000
2025-12-16,673.2918701171875,678.8699951171875,681.0800170898438,674.97998046875,679.22998046875,122030600
2025-12-17,665.8832397460938,671.4000244140625,680.4400024414062,671.2000122070312,679.8900146484375,110625200
2025-12-18,670.9114990234375,676.469970703125,680.739990234375,674.9000244140625,677.5999755859375,108650100
2025-12-19,676.9923095703125,680.5900268554688,681.0900268554688,676.469970703125,676.5900268554688,103599500
2025-12-22,681.2098999023438,684.8300170898438,685.3599853515625,680.5900268554688,683.9400024414062,69556700
2025-12-23,684.3233032226562,687.9600219726562,688.2000122070312,683.8699951171875,683.9199829101562,64840000
2025-12-24,686.7305297851562,690.3800048828125,690.8300170898438,687.7999877929688,687.9500122070312,39445600
2025-12-26,686.660888671875,690.3099975585938,691.6599731445312,689.27001953125,690.6400146484375,41613300
2025-12-29,684.2138671875,687.8499755859375,689.2000122070312,686.0700073242188,687.5399780273438,62559500
2025-12-30,683.3783569335938,687.010009765625,688.5599975585938,686.5800170898438,687.4500122070312,47160700
2025-12-31,678.3152465820312,681.9199829101562,687.3599853515625,681.7100219726562,687.1400146484375,74144800
2026-01-02,679.55859375,683.1699829101562,686.8699951171875,679.8200073242188,685.7100219726562,89377200
2026-01-05,684.0845336914062,687.719970703125,689.4299926757812,686.3800048828125,686.5399780273438,71927200
2026-01-06,688.1529541015625,691.8099975585938,692.3200073242188,687.780029296875,687.9299926757812,69273800
2026-01-07,685.9347534179688,689.5800170898438,693.9600219726562,689.3200073242188,692.1900024414062,75588300
2026-01-08,685.8651123046875,689.510009765625,690.6199951171875,687.489990234375,688.8200073242188,64019200
2026-01-09,690.4010009765625,694.0700073242188,695.3099975585938,689.1799926757812,690.6300048828125,80125500
2026-01-12,691.4852294921875,695.1599731445312,696.0900268554688,690.6300048828125,690.6799926757812,63976000
2026-01-13,690.1026000976562,693.77001953125,696.0900268554688,691.3499755859375,695.489990234375,78309700
2026-01-14,686.7106323242188,690.3599853515625,691.719970703125,686.0399780273438,691.0,94676700
2026-01-15,688.5806884765625,692.239990234375,695.4500122070312,691.25,694.5700073242188,77862000
2026-01-16,688.0037231445312,691.6599731445312,694.25,690.0999755859375,693.6599731445312,79289200
2026-01-20,673.9981689453125,677.5800170898438,684.77001953125,676.5700073242188,681.489990234375,111623300
2026-01-21,681.77685546875,685.4000244140625,688.739990234375,678.1300048828125,679.6500244140625,127844500
2026-01-22,685.3379516601562,688.97998046875,691.1300048828125,686.9199829101562,689.8499755859375,77112200
2026-01-23,685.5865478515625,689.22998046875,690.9600219726562,687.1599731445312,688.1500244140625,63059600
2026-01-26,689.0680541992188,692.72998046875,694.1300048828125,689.9199829101562,690.489990234375,60473800
2026-01-27,691.8134765625,695.489990234375,696.530029296875,693.5700073242188,694.1799926757812,55506100
2026-01-28,691.7438354492188,695.4199829101562,697.8400268554688,693.9400024414062,697.0499877929688,61172200
2026-01-29,690.3711547851562,694.0399780273438,697.0599975585938,684.8300170898438,696.3900146484375,97486200
2026-01-30,688.3120727539062,691.969970703125,694.2100219726562,687.1199951171875,691.7899780273438,101835100
2026-02-02,691.7339477539062,695.4099731445312,696.9299926757812,689.4199829101562,689.5800170898438,79286500
2026-02-03,685.885009765625,689.530029296875,696.9600219726562,684.030029296875,696.2100219726562,107904600
2026-02-04,682.5626831054688,686.1900024414062,691.4500122070312,681.760009765625,690.3499755859375,105204600
2026-02-05,674.0379638671875,677.6199951171875,683.6900024414062,675.7899780273438,680.9400024414062,113610800
2026-02-06,686.96923828125,690.6199951171875,692.3099975585938,680.8499755859375,681.4600219726562,89127600
2026-02-09,690.2816772460938,693.9500122070312,695.8699951171875,688.3400268554688,689.4199829101562,73885200
2026-02-10,688.4613037109375,692.1199951171875,696.5399780273438,691.6599731445312,694.9500122070312,65185700
2026-02-11,688.3021850585938,691.9600219726562,697.1400146484375,689.1799926757812,696.3900146484375,76353900
2026-02-12,677.668701171875,681.27001953125,695.3499755859375,680.3699951171875,694.239990234375,118829000
2026-02-13,678.1461181640625,681.75,686.280029296875,677.52001953125,681.6900024414062,96267500
2026-02-17,679.2402954101562,682.8499755859375,684.9400024414062,675.780029296875,680.1400146484375,81354700
2026-02-18,682.662109375,686.2899780273438,689.1500244140625,682.8300170898438,684.02001953125,73570300
2026-02-19,680.8616333007812,684.47998046875,686.1799926757812,681.5499877929688,683.8400268554688,58649400
2026-02-20,685.7855834960938,689.4299926757812,690.0599975585938,681.72998046875,682.3200073242188,100034000
2026-02-23,678.7827758789062,682.3900146484375,690.0,680.3699951171875,687.8300170898438,90558100
2026-02-24,683.7164916992188,687.3499755859375,688.3499755859375,680.0,681.9000244140625,73798700
2026-02-25,689.4859008789062,693.1500244140625,693.6799926757812,690.0999755859375,690.1799926757812,56369500
2026-02-26,685.6561889648438,689.2999877929688,693.2999877929688,684.3499755859375,693.280029296875,71671000
2026-02-27,682.3637084960938,685.989990234375,686.8599853515625,681.6400146484375,683.0900268554688,83308900
2026-03-02,682.751708984375,686.3800048828125,688.6199951171875,678.02001953125,678.7000122070312,87477200
2026-03-03,676.7337036132812,680.3300170898438,682.6099853515625,669.6599731445312,675.0599975585938,105003100
2026-03-04,681.5082397460938,685.1300048828125,687.0900268554688,679.6199951171875,681.6300048828125,79182200
2026-03-05,677.70849609375,681.3099975585938,685.530029296875,675.6099853515625,682.0800170898438,106606500
2026-03-06,668.82568359375,672.3800048828125,676.1099853515625,669.760009765625,673.4099731445312,100687000
2026-03-09,674.6845703125,678.27001953125,679.9199829101562,662.3900146484375,666.3900146484375,102667700
2026-03-10,673.6002807617188,677.1799926757812,683.3599853515625,674.760009765625,677.719970703125,81505300
2026-03-11,672.7548217773438,676.3300170898438,680.0800170898438,673.3400268554688,677.5800170898438,68441700
2026-03-12,662.5390625,666.0599975585938,671.6500244140625,665.8699951171875,671.1599731445312,108882200
2026-03-13,658.7890014648438,662.2899780273438,672.3400268554688,661.3599853515625,669.27001953125,97200200
2026-03-16,665.493408203125,669.030029296875,672.0700073242188,667.1199951171875,668.3800048828125,82023100
2026-03-17,667.2440185546875,670.7899780273438,674.4400024414062,669.7000122070312,672.3900146484375,87128000
2026-03-18,657.9335327148438,661.4299926757812,669.719970703125,661.1900024414062,668.3599853515625,82062600
2026-03-19,656.3121948242188,659.7999877929688,662.97998046875,655.1699829101562,656.969970703125,111272500
2026-03-20,646.9034423828125,648.5700073242188,656.6900024414062,644.719970703125,656.510009765625,163617500
2026-03-23,653.6959228515625,655.3800048828125,662.6199951171875,653.9400024414062,658.0700073242188,134802700
2026-03-24,651.5015869140625,653.1799926757812,657.030029296875,649.8800048828125,651.3200073242188,96457500
2026-03-25,655.1322021484375,656.8200073242188,660.8900146484375,654.239990234375,658.6699829101562,90653800
2026-03-26,643.432373046875,645.0900268554688,654.8499755859375,644.8200073242188,652.0599975585938,96494400
2026-03-27,632.4606323242188,634.0900268554688,642.6599731445312,633.1099853515625,642.5,103649400
2026-03-30,630.3460693359375,631.969970703125,640.3699951171875,629.280029296875,640.1099853515625,99275900
2026-03-31,648.6688842773438,650.3400268554688,651.5399780273438,637.97998046875,638.9400024414062,152534100
2026-04-01,653.5562744140625,655.239990234375,658.52001953125,653.0,653.9000244140625,97841500
2026-04-02,654.144775390625,655.8300170898438,658.2000122070312,645.1099853515625,646.4199829101562,68358700
2026-04-06,657.23681640625,658.9299926757812,659.719970703125,655.52001953125,655.8599853515625,39105800
2026-04-07,657.5260009765625,659.219970703125,659.6099853515625,651.0599975585938,656.6500244140625,69980400
2026-04-08,674.27294921875,676.010009765625,677.0800170898438,671.4600219726562,676.3900146484375,93606100
2026-04-09,678.162841796875,679.9099731445312,681.1599731445312,673.77001953125,674.8400268554688,57134400
2026-04-10,677.7140502929688,679.4600219726562,682.030029296875,678.4500122070312,681.3200073242188,42253500
2026-04-13,684.3369750976562,686.0999755859375,686.2999877929688,676.5800170898438,677.4099731445312,54185800
2026-04-14,692.675537109375,694.4600219726562,694.5800170898438,687.6599731445312,687.6900024414062,63480500
2026-04-15,698.1414184570312,699.9400024414062,700.280029296875,694.2000122070312,695.260009765625,58240400
2026-04-16,699.8569946289062,701.6599731445312,702.780029296875,698.530029296875,701.0599975585938,49972400
2026-04-17,708.3152465820312,710.1400146484375,712.3900146484375,705.760009765625,706.1400146484375,70661900
2026-04-20,706.8988037109375,708.719970703125,709.9099731445312,706.1400146484375,708.780029296875,43546800
2026-04-21,702.2708129882812,704.0800170898438,711.280029296875,702.6400146484375,710.280029296875,58941400
2026-04-22,709.3825073242188,711.2100219726562,711.4500122070312,708.219970703125,709.1500244140625,42518500
2026-04-23,706.6295776367188,708.4500122070312,712.3599853515625,702.280029296875,709.5,56174000
2026-04-24,712.10546875,713.9400024414062,714.469970703125,709.010009765625,710.75,45182000
2026-04-27,713.332275390625,715.1699829101562,715.6300048828125,712.2999877929688,713.1699829101562,33135900
2026-04-28,709.8612060546875,711.6900024414062,712.8800048828125,709.25,711.8200073242188,43117400
2026-04-29,709.7515258789062,711.5800170898438,712.2000122070312,708.3699951171875,711.0,41859200
2026-04-30,716.8132934570312,718.6599731445312,719.7899780273438,710.4500122070312,714.6300048828125,67240900
2026-05-01,718.7982177734375,720.6500244140625,724.8699951171875,720.469970703125,721.25,43049800
2026-05-04,716.1649780273438,718.010009765625,722.1199951171875,714.989990234375,720.0700073242188,51950600
2026-05-05,721.9102172851562,723.77001953125,725.0399780273438,721.489990234375,721.77001953125,36933200
2026-05-06,731.9443359375,733.8300170898438,734.5900268554688,727.8200073242188,728.1599731445312,53288900
2026-05-07,729.7001342773438,731.5800170898438,736.1300048828125,729.75,735.0499877929688,51724600
2026-05-08,735.724609375,737.6199951171875,738.0800170898438,734.5700073242188,734.9299926757812,47227100
2026-05-11,737.4002685546875,739.2999877929688,740.7899780273438,736.4500122070312,736.4500122070312,44024000
2026-05-12,736.2831420898438,738.1799926757812,738.8400268554688,731.8300170898438,736.8900146484375,54185300
2026-05-13,740.4025268554688,742.3099975585938,743.9099731445312,735.469970703125,738.469970703125,44200200
2026-05-14,746.2474975585938,748.1699829101562,749.530029296875,743.5599975585938,743.6500244140625,45307600
2026-05-15,737.2706298828125,739.1699829101562,743.4600219726562,737.9600219726562,741.7899780273438,60410800
2026-05-18,736.751953125,738.6500244140625,741.4199829101562,733.3900146484375,739.8300170898438,47843900
2026-05-19,731.8446044921875,733.72998046875,737.6500244140625,731.530029296875,734.780029296875,54255900
2026-05-20,739.3452758789062,741.25,741.8699951171875,733.8900146484375,735.7100219726562,45768000
2026-05-21,740.8114624023438,742.719970703125,744.8699951171875,737.030029296875,738.6400146484375,43332200
2026-05-22,743.7239990234375,745.6400146484375,748.9400024414062,744.47998046875,746.239990234375,41762000
2026-05-26,748.6613159179688,750.5900268554688,752.1300048828125,748.3699951171875,750.010009765625,41123600
2026-05-27,748.5316162109375,750.4600219726562,751.3800048828125,748.219970703125,750.8800048828125,42106300
2026-05-28,752.6609497070312,754.5999755859375,755.1500244140625,749.22998046875,750.25,41562600
2026-05-29,754.5361328125,756.47998046875,758.0800170898438,754.6900024414062,755.9000244140625,55075700
2026-06-01,756.5908203125,758.5399780273438,760.280029296875,754.6900024414062,755.3599853515625,43634900
2026-06-02,757.6182250976562,759.5700073242188,760.4000244140625,756.75,757.030029296875,31581900
2026-06-03,752.3018798828125,754.239990234375,758.7999877929688,753.5700073242188,758.1500244140625,51402500
2026-06-04,755.1445922851562,757.0900268554688,758.3099975585938,751.469970703125,752.0999755859375,49923000
2026-06-05,735.65478515625,737.5499877929688,752.8200073242188,735.530029296875,752.3099975585938,93989400
2026-06-08,737.3204345703125,739.219970703125,745.3400268554688,738.1900024414062,743.3599853515625,49319100
2026-06-09,735.1560668945312,737.0499877929688,746.9000244140625,722.5900268554688,743.6300048828125,87683500
2026-06-10,723.56591796875,725.4299926757812,738.3800048828125,725.3300170898438,733.3900146484375,60341300
2026-06-11,735.8642578125,737.760009765625,740.0,724.4099731445312,728.760009765625,86330500
2026-06-12,739.843994140625,741.75,744.4400024414062,735.030029296875,740.7100219726562,57079500
2026-06-15,752.890380859375,754.8300170898438,756.6799926757812,751.760009765625,751.8499755859375,60176400
2026-06-16,748.4019775390625,750.3300170898438,755.4400024414062,749.8800048828125,754.5499877929688,67093100
2026-06-17,739.0560302734375,740.9600219726562,752.1500244140625,739.219970703125,751.2899780273438,85945200
2026-06-18,746.739990234375,746.739990234375,748.22998046875,743.8599853515625,747.760009765625,80875700
2026-06-22,744.3900146484375,744.3900146484375,750.1799926757812,743.1300048828125,747.7000122070312,46628100
2026-06-23,733.5800170898438,733.5800170898438,739.6300048828125,732.2999877929688,733.8099975585938,66846800
2026-06-24,733.239990234375,733.239990234375,739.9500122070312,730.8400268554688,735.1699829101562,57439500
2026-06-25,734.2999877929688,734.2999877929688,739.3699951171875,729.5999755859375,738.9099731445312,53934400
2026-06-26,728.989990234375,728.989990234375,736.530029296875,716.5800170898438,728.9500122070312,71034000
2026-06-29,741.0,741.0,741.5599975585938,732.0900268554688,736.530029296875,58035200
2026-06-30,746.77001953125,746.77001953125,748.02001953125,740.8900146484375,741.2899780273438,55626000
2026-07-01,745.760009765625,745.760009765625,749.4400024414062,742.3800048828125,745.0,47100900
2026-07-02,744.780029296875,744.780029296875,751.3099975585938,740.030029296875,747.4000244140625,57447800
2026-07-06,751.280029296875,751.280029296875,752.4099731445312,747.4099731445312,748.739990234375,50673300
2026-07-07,747.7100219726562,747.7100219726562,750.9600219726562,745.2100219726562,750.219970703125,43721500
2026-07-08,745.4000244140625,745.4000244140625,746.1500244140625,739.510009765625,743.1599731445312,43767400
2026-07-09,751.7100219726562,751.7100219726562,751.969970703125,745.5900268554688,747.3499755859375,41441700
2026-07-10,754.9500122070312,754.9500122070312,755.4199829101562,748.0999755859375,752.0499877929688,42191300
2026-07-13,749.1699829101562,749.1699829101562,753.9099731445312,748.0,752.469970703125,44013600
2026-07-14,751.8300170898438,751.8300170898438,753.3400268554688,748.6599731445312,750.9099731445312,35143100
2026-07-15,754.8099975585938,754.8099975585938,755.5800170898438,750.2000122070312,754.239990234375,43844800
2026-07-16,750.719970703125,750.719970703125,754.5700073242188,747.8800048828125,752.760009765625,46409800
2026-07-17,743.2899780273438,743.2899780273438,747.2899780273438,740.7999877929688,742.0800170898438,62651000
2026-07-20,742.0900268554688,742.0900268554688,748.72998046875,741.510009765625,747.0599975585938,50422300
2026-07-21,748.280029296875,748.280029296875,749.0399780273438,744.1799926757812,746.2899780273438,34324300
2026-07-22,747.4099731445312,747.4099731445312,750.02001953125,746.3699951171875,746.6199951171875,32836200
2026-07-23,738.1799926757812,738.1799926757812,742.5599975585938,735.2100219726562,739.3699951171875,55437300
2026-07-24,738.9299926757812,738.9299926757812,743.719970703125,737.2899780273438,738.510009765625,44782000
2026-07-27,739.0900268554688,739.0900268554688,745.530029296875,735.8699951171875,744.9099731445312,41402200
