Date,Adj Close,Close,High,Low,Open,Volume
2010-02-11,9389153.0,12316800.0,13000000.0,12209600.0,12875200.0,0
2010-02-12,9311094.0,12214400.0,12692800.0,12152000.0,12683200.0,0
2010-02-16,8980559.0,11780800.0,12148800.0,11744000.0,11948800.0,0
2010-02-17,8842734.0,11600000.0,11798400.0,11566400.0,11624000.0,0
2010-02-18,8630508.0,11321600.0,11640000.0,11288000.0,11585600.0,0
2010-02-19,8653680.0,11352000.0,11516800.0,11200000.0,11424000.0,0
2010-02-22,8707349.0,11422400.0,11548800.0,11220800.0,11228800.0,0
2010-02-23,9057399.0,11881600.0,12006400.0,11444800.0,11446400.0,0
2010-02-24,8774430.0,11510400.0,11729600.0,11369600.0,11676800.0,0
2010-02-25,8713446.0,11430400.0,12096000.0,11430400.0,11873600.0,0
2010-02-26,8665880.0,11368000.0,11630400.0,11329600.0,11520000.0,0
2010-03-01,8284116.5,10867200.0,11243200.0,10832000.0,11235200.0,0
2010-03-02,8220693.5,10784000.0,10849600.0,10588800.0,10768000.0,0
2010-03-03,8220693.5,10784000.0,10865600.0,10600000.0,10745600.0,0
2010-03-04,8118239.5,10649600.0,10873600.0,10611200.0,10724800.0,0
2010-03-05,7758431.5,10177600.0,10454400.0,10124800.0,10384000.0,0
2010-03-08,7695008.0,10094400.0,10129600.0,10032000.0,10110400.0,0
2010-03-09,7562060.0,9920000.0,10182400.0,9760000.0,10182400.0,1
2010-03-10,7380326.0,9681600.0,9849600.0,9617600.0,9832000.0,0
2010-03-11,7308364.0,9587200.0,9792000.0,9580800.0,9740800.0,0
2010-03-12,7297389.0,9572800.0,9662400.0,9465600.0,9465600.0,0
2010-03-15,7341299.0,9630400.0,9822400.0,9564800.0,9638400.0,0
2010-03-16,7199812.5,9444800.0,9624000.0,9411200.0,9545600.0,0
2010-03-17,7165662.0,9400000.0,9440000.0,9243200.0,9412800.0,0
2010-03-18,7080285.0,9288000.0,9408000.0,9249600.0,9345600.0,0
2010-03-19,7208350.5,9456000.0,9537600.0,9180800.0,9456000.0,1
2010-03-22,7005883.0,9190400.0,9584000.0,9073600.0,9544000.0,1
2010-03-23,6866839.5,9008000.0,9252800.0,8976000.0,9142400.0,1
2010-03-24,6940022.0,9104000.0,9182400.0,9041600.0,9052800.0,1
2010-03-25,6997345.5,9179200.0,9190400.0,8800000.0,8908800.0,1
2010-03-26,6954657.0,9123200.0,9275200.0,8948800.0,9057600.0,1
2010-03-29,6864400.5,9004800.0,9070400.0,8924800.0,8998400.0,0
2010-03-30,6797317.0,8916800.0,9072000.0,8840000.0,8926400.0,0
2010-03-31,6871718.0,9014400.0,9083200.0,8888000.0,9012800.0,1
2010-04-01,6886355.0,9033600.0,9236800.0,8755200.0,8931200.0,1
2010-04-05,6696082.0,8784000.0,9043200.0,8728000.0,8990400.0,1
2010-04-06,6642418.5,8713600.0,8888000.0,8635200.0,8851200.0,1
2010-04-07,6676568.5,8758400.0,8907200.0,8656000.0,8776000.0,1
2010-04-08,6653395.0,8728000.0,8971200.0,8678400.0,8849600.0,0
2010-04-09,6527767.5,8563200.0,8763200.0,8548800.0,8696000.0,0
2010-04-12,6507032.0,8536000.0,8585600.0,8470400.0,8539200.0,0
2010-04-13,6404579.0,8401600.0,8611200.0,8390400.0,8564800.0,1
2010-04-14,6181375.0,8108800.0,8304000.0,8104000.0,8272000.0,1
2010-04-15,6105753.5,8009600.0,8108800.0,7979200.0,8108800.0,1
2010-04-16,6298464.0,8262400.0,8432000.0,8001600.0,8084800.0,2
2010-04-19,6325298.0,8297600.0,8593600.0,8230400.0,8374400.0,2
2010-04-20,6239920.5,8185600.0,8326400.0,8113600.0,8160000.0,1
2010-04-21,6115511.0,8022400.0,8164800.0,7955200.0,8008000.0,1
2010-04-22,6020376.5,7897600.0,8387200.0,7873600.0,8260800.0,2
2010-04-23,5947195.0,7801600.0,7977600.0,7777600.0,7905600.0,1
2010-04-26,5987445.5,7854400.0,7884800.0,7732800.0,7780800.0,1
2010-04-27,6354570.5,8336000.0,8404800.0,7840000.0,7936000.0,2
2010-04-28,6344813.5,8323200.0,8516800.0,8200000.0,8200000.0,3
2010-04-29,6016717.0,7892800.0,8208000.0,7849600.0,8208000.0,2
2010-04-30,6372865.5,8360000.0,8376000.0,7867200.0,7905600.0,2
2010-05-03,6102094.5,8004800.0,8262400.0,7888000.0,8257600.0,1
2010-05-04,6654612.5,8729600.0,8886400.0,8300800.0,8304000.0,3
2010-05-05,6743651.0,8846400.0,9144000.0,8688000.0,8971200.0,3
2010-05-06,7430333.5,9747200.0,12065600.0,7608000.0,9028800.0,5
2010-05-07,7916990.5,10385600.0,11048000.0,9598400.0,9968000.0,5
2010-05-10,6766824.5,8876800.0,9164800.0,8840000.0,9107200.0,4
2010-05-11,6759507.5,8867200.0,9168000.0,8513600.0,9102400.0,3
2010-05-12,6391161.5,8384000.0,8771200.0,8352000.0,8744000.0,2
2010-05-13,6687544.5,8772800.0,8819200.0,8286400.0,8483200.0,2
2010-05-14,7069307.0,9273600.0,9577600.0,8968000.0,8972800.0,3
2010-05-17,7015641.5,9203200.0,9777600.0,9083200.0,9206400.0,2
2010-05-18,7288851.0,9561600.0,9678400.0,8902400.0,8960000.0,2
2010-05-19,7463266.0,9790400.0,10107200.0,9444800.0,9667200.0,4
2010-05-20,8192639.0,10747200.0,10937600.0,10289600.0,10332800.0,4
2010-05-21,8102384.5,10628800.0,11515200.0,10278400.0,11395200.0,5
2010-05-24,8045058.5,10553600.0,10649600.0,10185600.0,10550400.0,3
2010-05-25,8107262.5,10635200.0,11651200.0,10568000.0,11347200.0,5
2010-05-26,8347541.0,10950400.0,11017600.0,10003200.0,10456000.0,3
2010-05-27,7409599.0,9720000.0,10305600.0,9720000.0,10201600.0,3
2010-05-28,7546204.0,9899200.0,10144000.0,9654400.0,9694400.0,3
2010-06-01,7763310.5,10184000.0,10198400.0,9475200.0,9988800.0,2
2010-06-02,7212010.5,9460800.0,10195200.0,9422400.0,9992000.0,2
2010-06-03,6996123.5,9177600.0,9534400.0,9128000.0,9371200.0,3
2010-06-04,7698666.5,10099200.0,10200000.0,9403200.0,9753600.0,5
2010-06-07,8123118.0,10656000.0,10680000.0,9873600.0,9939200.0,3
2010-06-08,8162146.5,10707200.0,11148800.0,10518400.0,10590400.0,5
2010-06-09,8380470.0,10993600.0,11076800.0,10206400.0,10512000.0,4
2010-06-10,7647439.5,10032000.0,10672000.0,10011200.0,10571200.0,4
2010-06-11,7446191.0,9768000.0,10350400.0,9734400.0,10340800.0,4
2010-06-14,7464484.5,9792000.0,9808000.0,9288000.0,9489600.0,2
2010-06-15,6855862.0,8993600.0,9638400.0,8945600.0,9619200.0,3
2010-06-16,6747311.5,8851200.0,9094400.0,8736000.0,9046400.0,3
2010-06-17,6661933.5,8739200.0,9009600.0,8704000.0,8729600.0,2
2010-06-18,6658273.5,8734400.0,8825600.0,8568000.0,8715200.0,1
2010-06-21,6831468.5,8961600.0,9120000.0,8387200.0,8425600.0,4
2010-06-22,6997345.5,9179200.0,9232000.0,8673600.0,8868800.0,4
2010-06-23,7081505.5,9289600.0,9515200.0,9062400.0,9150400.0,3
2010-06-24,7441313.5,9761600.0,9800000.0,9340800.0,9419200.0,3
2010-06-25,7433993.5,9752000.0,9968000.0,9528000.0,9638400.0,2
2010-06-28,7519375.5,9864000.0,10064000.0,9600000.0,9752000.0,2
2010-06-29,8351200.0,10955200.0,11214400.0,10294400.0,10323200.0,5
2010-06-30,8761014.0,11492800.0,11576000.0,10784000.0,11115200.0,4
2010-07-01,8843954.0,11601600.0,12265600.0,11318400.0,11417600.0,6
2010-07-02,8917134.0,11697600.0,12020800.0,11427200.0,11553600.0,3
2010-07-06,8834194.0,11588800.0,11881600.0,10963200.0,11198400.0,4
2010-07-07,7998709.5,10492800.0,11504000.0,10454400.0,11478400.0,3
2010-07-08,7879179.0,10336000.0,10686400.0,10184000.0,10244800.0,3
2010-07-09,7629144.5,10008000.0,10712000.0,10008000.0,10334400.0,2
2010-07-12,7563281.5,9921600.0,10132800.0,9753600.0,10036800.0,2
2010-07-13,7303487.0,9580800.0,9894400.0,9438400.0,9670400.0,2
2010-07-14,7159563.5,9392000.0,9609600.0,9251200.0,9507200.0,2
2010-07-15,7121754.0,9342400.0,9745600.0,9289600.0,9465600.0,2
2010-07-16,7695008.0,10094400.0,10176000.0,9440000.0,9489600.0,4
2010-07-19,7538888.0,9889600.0,10308800.0,9824000.0,10052800.0,4
2010-07-20,7251039.0,9512000.0,10452800.0,9512000.0,10366400.0,3
2010-07-21,7547425.0,9900800.0,9964800.0,9216000.0,9228800.0,3
2010-07-22,7035156.0,9228800.0,9516800.0,9035200.0,9513600.0,2
2010-07-23,6852203.5,8988800.0,9403200.0,8969600.0,9345600.0,3
2010-07-26,6696082.0,8784000.0,9080000.0,8760000.0,8960000.0,1
2010-07-27,6677788.0,8760000.0,8897600.0,8620800.0,8641600.0,2
2010-07-28,6827809.0,8956800.0,9081600.0,8692800.0,8812800.0,1
2010-07-29,7002224.5,9185600.0,9452800.0,8787200.0,8843200.0,3
2010-07-30,6949777.0,9116800.0,9577600.0,8960000.0,9412800.0,4
2010-08-02,6574114.0,8624000.0,8891200.0,8547200.0,8796800.0,3
2010-08-03,6653395.0,8728000.0,8841600.0,8619200.0,8644800.0,2
2010-08-04,6459464.0,8473600.0,8708800.0,8433600.0,8598400.0,1
2010-08-05,6483857.5,8505600.0,8680000.0,8478400.0,8585600.0,1
2010-08-06,6513130.0,8544000.0,8937600.0,8489600.0,8806400.0,2
2010-08-09,6547280.0,8588800.0,8588800.0,8320000.0,8428800.0,1
2010-08-10,6527767.5,8563200.0,8800000.0,8460800.0,8590400.0,2
2010-08-11,7071748.5,9276800.0,9395200.0,9019200.0,9033600.0,2
2010-08-12,7247382.0,9507200.0,9880000.0,9401600.0,9820800.0,3
2010-08-13,7412039.5,9723200.0,9723200.0,9507200.0,9625600.0,1
2010-08-16,7368131.5,9665600.0,9993600.0,9468800.0,9875200.0,2
2010-08-17,7071748.5,9276800.0,9510400.0,9040000.0,9470400.0,2
2010-08-18,6988809.0,9168000.0,9449600.0,9016000.0,9356800.0,1
2010-08-19,7294950.0,9569600.0,9782400.0,9248000.0,9344000.0,3
2010-08-20,7302267.0,9579200.0,9800000.0,9507200.0,9633600.0,2
2010-08-23,7505956.5,9846400.0,9849600.0,9297600.0,9358400.0,2
2010-08-24,7923086.5,10393600.0,10512000.0,10083200.0,10163200.0,3
2010-08-25,7709645.0,10113600.0,10656000.0,9961600.0,10603200.0,3
2010-08-26,7976754.0,10464000.0,10480000.0,9920000.0,9984000.0,3
2010-08-27,7651098.0,10036800.0,10878400.0,10012800.0,10235200.0,4
2010-08-30,7892595.5,10353600.0,10392000.0,9953600.0,10222400.0,2
2010-08-31,7973096.5,10459200.0,10686400.0,10232000.0,10560000.0,3
2010-09-01,7294950.0,9569600.0,10051200.0,9454400.0,10041600.0,3
2010-09-02,7059548.5,9260800.0,9576000.0,9220800.0,9520000.0,2
2010-09-03,6696082.0,8784000.0,9046400.0,8752000.0,8947200.0,3
2010-09-07,6818053.5,8944000.0,8990400.0,8761600.0,8876800.0,1
2010-09-08,6577773.5,8628800.0,8870400.0,8512000.0,8870400.0,2
2010-09-09,6499712.5,8526400.0,8579200.0,8376000.0,8400000.0,2
2010-09-10,6439948.0,8448000.0,8620800.0,8400000.0,8497600.0,2
2010-09-13,6146005.0,8062400.0,8238400.0,8011200.0,8238400.0,2
2010-09-14,6080142.0,7976000.0,8150400.0,7843200.0,8102400.0,2
2010-09-15,5964270.5,7824000.0,8092800.0,7790400.0,8035200.0,2
2010-09-16,5884991.5,7720000.0,7916800.0,7704000.0,7857600.0,2
2010-09-17,5816689.0,7630400.0,7752000.0,7572800.0,7580800.0,2
2010-09-20,5520305.0,7241600.0,7579200.0,7195200.0,7560000.0,4
2010-09-21,5547137.5,7276800.0,7340800.0,7096000.0,7232000.0,3
2010-09-22,5555676.0,7288000.0,7416000.0,7158400.0,7344000.0,3
2010-09-23,5569092.0,7305600.0,7468800.0,7092800.0,7452800.0,4
2010-09-24,5250753.5,6888000.0,7096000.0,6857600.0,7072000.0,4
2010-09-27,5315396.5,6972800.0,6988800.0,6824000.0,6852800.0,3
2010-09-28,5294661.5,6945600.0,7310400.0,6910400.0,6924800.0,4
2010-09-29,5336131.5,7000000.0,7092800.0,6916800.0,7016000.0,3
2010-09-30,5415410.0,7104000.0,7243200.0,6779200.0,6904000.0,7
2010-10-01,5426388.5,7118400.0,7236800.0,6912000.0,6936000.0,3
2010-10-04,5623978.5,7377600.0,7481600.0,7120000.0,7193600.0,4
2010-10-05,5204405.0,6827200.0,7123200.0,6785600.0,7123200.0,6
2010-10-06,5317835.5,6976000.0,7124800.0,6808000.0,6852800.0,5
2010-10-07,5284904.5,6932800.0,7086400.0,6860800.0,6860800.0,3
2010-10-08,5155618.5,6763200.0,7059200.0,6729600.0,6907200.0,5
2010-10-11,5164156.5,6774400.0,6835200.0,6672000.0,6766400.0,3
2010-10-12,5039748.0,6611200.0,6972800.0,6590400.0,6812800.0,6
2010-10-13,4928757.5,6465600.0,6561600.0,6377600.0,6497600.0,5
2010-10-14,4959248.5,6505600.0,6600000.0,6427200.0,6459200.0,5
2010-10-15,4640910.5,6088000.0,6424000.0,6088000.0,6267200.0,6
2010-10-18,4647008.5,6096000.0,6145600.0,6020800.0,6080000.0,4
2010-10-19,4820203.5,6323200.0,6462400.0,6188800.0,6328000.0,8
2010-10-20,4722629.5,6195200.0,6308800.0,6051200.0,6272000.0,6
2010-10-21,4688478.0,6150400.0,6323200.0,5993600.0,6073600.0,6
2010-10-22,4589684.0,6020800.0,6171200.0,6008000.0,6140800.0,4
2010-10-25,4527479.5,5939200.0,5948800.0,5819200.0,5948800.0,3
2010-10-26,4489668.0,5889600.0,6092800.0,5848000.0,6032000.0,4
2010-10-27,4444540.5,5830400.0,6012800.0,5819200.0,5971200.0,4
2010-10-28,4417707.5,5795200.0,5945600.0,5752000.0,5763200.0,4
2010-10-29,4445760.0,5832000.0,5840000.0,5737600.0,5808000.0,3
2010-11-01,4433563.0,5816000.0,5902400.0,5648000.0,5774400.0,5
2010-11-02,4298178.0,5638400.0,5700800.0,5588800.0,5681600.0,5
2010-11-03,4234754.5,5555200.0,5764800.0,5553600.0,5612800.0,5
2010-11-04,4079854.25,5352000.0,5403200.0,5289600.0,5372800.0,5
2010-11-05,4077416.25,5348800.0,5396800.0,5310400.0,5340800.0,3
2010-11-08,4062778.0,5329600.0,5412800.0,5307200.0,5376000.0,2
2010-11-09,4133520.25,5422400.0,5484800.0,5241600.0,5268800.0,3
2010-11-10,4065217.5,5332800.0,5518400.0,5318400.0,5392000.0,3
2010-11-11,4135959.75,5425600.0,5643200.0,5404800.0,5580800.0,5
2010-11-12,4343306.0,5697600.0,5819200.0,5452800.0,5521600.0,5
2010-11-15,4385995.0,5753600.0,5768000.0,5580800.0,5614400.0,3
2010-11-16,4609198.0,6046400.0,6113600.0,5788800.0,5884800.0,6
2010-11-17,4566509.0,5990400.0,6080000.0,5897600.0,6033600.0,4
2010-11-18,4349405.0,5705600.0,5801600.0,5584000.0,5792000.0,5
2010-11-19,4335989.0,5688000.0,5795200.0,5649600.0,5732800.0,3
2010-11-22,4232315.5,5552000.0,5780800.0,5552000.0,5755200.0,4
2010-11-23,4423807.0,5803200.0,5905600.0,5691200.0,5715200.0,5
2010-11-24,4156694.75,5452800.0,5638400.0,5417600.0,5638400.0,4
2010-11-26,4244512.0,5568000.0,5588800.0,5454400.0,5563200.0,2
2010-11-29,4245731.5,5569600.0,5774400.0,5529600.0,5584000.0,4
2010-11-30,4409169.5,5784000.0,5846400.0,5680000.0,5752000.0,4
2010-12-01,4140838.5,5432000.0,5524800.0,5324800.0,5524800.0,4
2010-12-02,4001793.75,5249600.0,5401600.0,5224000.0,5385600.0,4
2010-12-03,3967642.0,5204800.0,5313600.0,5187200.0,5312000.0,4
2010-12-06,3972521.75,5211200.0,5257600.0,5184000.0,5204800.0,2
2010-12-07,3970082.0,5208000.0,5219200.0,5024000.0,5027200.0,3
2010-12-08,3913977.5,5134400.0,5259200.0,5123200.0,5166400.0,3
2010-12-09,3905437.75,5123200.0,5172800.0,5040000.0,5052800.0,2
2010-12-10,3828599.25,5022400.0,5137600.0,5008000.0,5083200.0,2
2010-12-13,3868847.5,5075200.0,5081600.0,4955200.0,4960000.0,2
2010-12-14,3854211.25,5056000.0,5096000.0,4987200.0,5043200.0,2
2010-12-15,3895681.25,5110400.0,5152000.0,4966400.0,5060800.0,4
2010-12-16,3810302.75,4998400.0,5139200.0,4974400.0,5104000.0,3
2010-12-17,3799325.25,4984000.0,5011200.0,4939200.0,4982400.0,1
2010-12-20,3789568.75,4971200.0,5078400.0,4915200.0,4963200.0,2
2010-12-21,3722485.25,4883200.0,4948800.0,4883200.0,4918400.0,2
2010-12-22,3721266.25,4881600.0,4910400.0,4864000.0,4888000.0,1
2010-12-23,3750538.25,4920000.0,4955200.0,4892800.0,4915200.0,1
2010-12-27,3743220.5,4910400.0,5062400.0,4891200.0,4961600.0,2
2010-12-28,3762735.25,4936000.0,4960000.0,4870400.0,4888000.0,1
2010-12-29,3740782.25,4907200.0,4916800.0,4876800.0,4897600.0,1
2010-12-30,3766394.75,4940800.0,4966400.0,4900800.0,4900800.0,1
2010-12-31,3802984.75,4988800.0,5052800.0,4947200.0,4960000.0,1
2011-01-03,3629789.0,4761600.0,4849600.0,4660800.0,4843200.0,3
2011-01-04,3634668.25,4768000.0,4852800.0,4699200.0,4707200.0,3
2011-01-05,3545630.75,4651200.0,4819200.0,4651200.0,4814400.0,3
2011-01-06,3510259.5,4604800.0,4664000.0,4601600.0,4638400.0,3
2011-01-07,3513919.5,4609600.0,4747200.0,4579200.0,4587200.0,4
2011-01-10,3476109.5,4560000.0,4676800.0,4539200.0,4648000.0,3
2011-01-11,3467570.5,4548800.0,4590400.0,4496000.0,4505600.0,2
2011-01-12,3393170.0,4451200.0,4534400.0,4444800.0,4475200.0,2
2011-01-13,3382192.5,4436800.0,4476800.0,4406400.0,4443200.0,3
2011-01-14,3307791.75,4339200.0,4464000.0,4336000.0,4441600.0,3
2011-01-18,3278518.5,4300800.0,4456000.0,4288000.0,4443200.0,3
2011-01-19,3387071.75,4443200.0,4489600.0,4286400.0,4286400.0,4
2011-01-20,3462692.5,4542400.0,4643200.0,4486400.0,4508800.0,6
2011-01-21,3543191.75,4648000.0,4657600.0,4452800.0,4473600.0,4
2011-01-24,3398048.25,4457600.0,4651200.0,4457600.0,4627200.0,5
2011-01-25,3383412.25,4438400.0,4548800.0,4435200.0,4524800.0,4
2011-01-26,3327306.25,4364800.0,4452800.0,4331200.0,4416000.0,4
2011-01-27,3266322.5,4284800.0,4345600.0,4251200.0,4321600.0,4
2011-01-28,3511480.75,4606400.0,4664000.0,4278400.0,4291200.0,9
2011-01-31,3463912.5,4544000.0,4705600.0,4507200.0,4595200.0,11
2011-02-01,3266322.5,4284800.0,4456000.0,4257600.0,4444800.0,7
2011-02-02,3279739.0,4302400.0,4329600.0,4254400.0,4315200.0,6
2011-02-03,3267542.5,4286400.0,4435200.0,4262400.0,4331200.0,7
2011-02-04,3208997.75,4209600.0,4318400.0,4200000.0,4288000.0,7
2011-02-07,3163869.25,4150400.0,4198400.0,4081600.0,4180800.0,5
2011-02-08,3090687.5,4054400.0,4168000.0,4054400.0,4147200.0,5
2011-02-09,3112642.5,4083200.0,4128000.0,4051200.0,4094400.0,5
2011-02-10,3098006.0,4064000.0,4184000.0,4054400.0,4168000.0,6
2011-02-11,3037021.5,3984000.0,4120000.0,3974400.0,4105600.0,5
2011-02-14,3012627.25,3952000.0,3992000.0,3939200.0,3985600.0,2
2011-02-15,3026044.0,3969600.0,4022400.0,3958400.0,3980800.0,4
2011-02-16,2966279.0,3891200.0,3939200.0,3860800.0,3939200.0,4
2011-02-17,2966279.0,3891200.0,3953600.0,3872000.0,3952000.0,3
2011-02-18,2983355.25,3913600.0,3964800.0,3875200.0,3892800.0,5
2011-02-22,3248027.25,4260800.0,4272000.0,4038400.0,4067200.0,11
2011-02-23,3324867.25,4361600.0,4456000.0,4214400.0,4264000.0,10
2011-02-24,3271201.0,4291200.0,4456000.0,4249600.0,4337600.0,8
2011-02-25,3133376.25,4110400.0,4224000.0,4096000.0,4216000.0,6
2011-02-28,3118740.5,4091200.0,4156800.0,4025600.0,4067200.0,12
2011-03-01,3265103.0,4283200.0,4315200.0,4032000.0,4032000.0,13
2011-03-02,3213875.75,4216000.0,4299200.0,4132800.0,4294400.0,13
2011-03-03,3026044.0,3969600.0,4096000.0,3947200.0,4096000.0,5
2011-03-04,3069952.25,4027200.0,4107200.0,3958400.0,3977600.0,6
2011-03-07,3193141.5,4188800.0,4297600.0,3969600.0,3977600.0,7
2011-03-08,3156550.5,4140800.0,4283200.0,4084800.0,4209600.0,6
2011-03-09,3221193.5,4225600.0,4291200.0,4171200.0,4190400.0,9
2011-03-10,3368775.75,4419200.0,4473600.0,4340800.0,4372800.0,9
2011-03-11,3311451.25,4344000.0,4502400.0,4299200.0,4502400.0,6
2011-03-14,3343163.0,4385600.0,4480000.0,4315200.0,4412800.0,6
2011-03-15,3479767.75,4564800.0,4811200.0,4492800.0,4777600.0,10
2011-03-16,3728583.75,4891200.0,4992000.0,4608000.0,4681600.0,14
2011-03-17,3632229.0,4764800.0,4769600.0,4603200.0,4662400.0,8
2011-03-18,3652963.25,4792000.0,4803200.0,4596800.0,4596800.0,5
2011-03-21,3450495.5,4526400.0,4598400.0,4448000.0,4572800.0,8
2011-03-22,3463912.5,4544000.0,4572800.0,4494400.0,4504000.0,5
2011-03-23,3405367.5,4467200.0,4681600.0,4428800.0,4592000.0,8
2011-03-24,3222413.75,4227200.0,4438400.0,4200000.0,4372800.0,7
2011-03-25,3202898.75,4201600.0,4212800.0,4112000.0,4185600.0,5
2011-03-28,3251686.0,4265600.0,4272000.0,4139200.0,4144000.0,3
2011-03-29,3161429.5,4147200.0,4332800.0,4144000.0,4296000.0,7
2011-03-30,3110202.25,4080000.0,4139200.0,4062400.0,4078400.0,4
2011-03-31,3098006.0,4064000.0,4121600.0,4051200.0,4100800.0,4
2011-04-01,3094346.5,4059200.0,4092800.0,3963200.0,3996800.0,5
2011-04-04,3122400.0,4096000.0,4148800.0,4011200.0,4020800.0,4
2011-04-05,3145573.5,4126400.0,4153600.0,4049600.0,4121600.0,4
2011-04-06,3129717.75,4105600.0,4169600.0,3998400.0,4036800.0,6
2011-04-07,3129717.75,4105600.0,4195200.0,4025600.0,4104000.0,7
2011-04-08,3177285.25,4168000.0,4227200.0,4038400.0,4054400.0,4
2011-04-11,3205338.25,4204800.0,4249600.0,4088000.0,4120000.0,5
2011-04-12,3267542.5,4286400.0,4339200.0,4232000.0,4267200.0,7
2011-04-13,3189481.75,4184000.0,4283200.0,4148800.0,4206400.0,7
2011-04-14,3205338.25,4204800.0,4320000.0,4188800.0,4272000.0,8
2011-04-15,3226073.0,4232000.0,4310400.0,4179200.0,4249600.0,6
2011-04-18,3288277.0,4313600.0,4524800.0,4312000.0,4345600.0,6
2011-04-19,3228512.25,4235200.0,4348800.0,4235200.0,4283200.0,4
2011-04-20,3008968.75,3947200.0,4025600.0,3936000.0,4009600.0,10
2011-04-21,2938226.5,3854400.0,3889600.0,3825600.0,3830400.0,6
2011-04-25,2915052.5,3824000.0,3865600.0,3817600.0,3844800.0,3
2011-04-26,2866265.25,3760000.0,3817600.0,3720000.0,3790400.0,4
2011-04-27,2807720.0,3683200.0,3788800.0,3668800.0,3736000.0,5
2011-04-28,2824795.75,3705600.0,3744000.0,3680000.0,3715200.0,4
2011-04-29,2822356.25,3702400.0,3724800.0,3668800.0,3712000.0,2
2011-05-02,2840651.25,3726400.0,3753600.0,3656000.0,3676800.0,4
2011-05-03,2878462.25,3776000.0,3848000.0,3721600.0,3731200.0,6
2011-05-04,2895537.75,3798400.0,3891200.0,3744000.0,3774400.0,6
2011-05-05,2938226.5,3854400.0,3894400.0,3723200.0,3852800.0,7
2011-05-06,2911393.75,3819200.0,3851200.0,3673600.0,3739200.0,7
2011-05-09,2879681.5,3777600.0,3843200.0,3731200.0,3804800.0,4
2011-05-10,2806500.0,3681600.0,3761600.0,3667200.0,3742400.0,4
2011-05-11,2866265.25,3760000.0,3836800.0,3660800.0,3694400.0,5
2011-05-12,2816257.75,3694400.0,3859200.0,3680000.0,3800000.0,5
2011-05-13,2911393.75,3819200.0,3827200.0,3700800.0,3718400.0,6
2011-05-16,3063854.25,4019200.0,4046400.0,3840000.0,3872000.0,7
2011-05-17,3038241.25,3985600.0,4104000.0,3982400.0,4084800.0,8
2011-05-18,2961400.25,3884800.0,4012800.0,3862400.0,3996800.0,3
2011-05-19,2934567.5,3849600.0,3920000.0,3827200.0,3841600.0,4
2011-05-20,2999211.25,3934400.0,3953600.0,3852800.0,3862400.0,5
2011-05-23,3133376.25,4110400.0,4168000.0,4065600.0,4102400.0,9
2011-05-24,3191921.25,4187200.0,4190400.0,4080000.0,4080000.0,5
2011-05-25,3156550.5,4140800.0,4212800.0,4083200.0,4212800.0,3
2011-05-26,3096786.25,4062400.0,4174400.0,4028800.0,4174400.0,3
2011-05-27,3050437.75,4001600.0,4052800.0,3990400.0,4044800.0,3
2011-05-31,2907733.75,3814400.0,3952000.0,3812800.0,3883200.0,6
2011-06-01,3093126.75,4057600.0,4064000.0,3808000.0,3827200.0,7
2011-06-02,3069952.25,4027200.0,4097600.0,3985600.0,4032000.0,5
2011-06-03,3206558.0,4206400.0,4227200.0,4076800.0,4163200.0,6
2011-06-06,3285837.25,4310400.0,4316800.0,4169600.0,4233600.0,5
2011-06-07,3304132.75,4334400.0,4342400.0,4227200.0,4276800.0,4
2011-06-08,3376094.25,4428800.0,4467200.0,4340800.0,4363200.0,6
2011-06-09,3359018.25,4406400.0,4467200.0,4339200.0,4425600.0,3
2011-06-10,3513919.5,4609600.0,4619200.0,4441600.0,4464000.0,5
2011-06-13,3515138.25,4611200.0,4656000.0,4536000.0,4592000.0,5
2011-06-14,3382192.5,4436800.0,4504000.0,4395200.0,4497600.0,4
2011-06-15,3566365.5,4678400.0,4702400.0,4473600.0,4553600.0,8
2011-06-16,3613933.75,4740800.0,4854400.0,4628800.0,4675200.0,6
2011-06-17,3643206.5,4779200.0,4816000.0,4587200.0,4612800.0,6
2011-06-20,3587099.25,4705600.0,4820800.0,4660800.0,4820800.0,5
2011-06-21,3354139.75,4400000.0,4710400.0,4385600.0,4646400.0,10
2011-06-22,3423661.5,4491200.0,4497600.0,4377600.0,4448000.0,4
2011-06-23,3330966.75,4369600.0,4684800.0,4363200.0,4635200.0,13
2011-06-24,3506601.25,4600000.0,4620800.0,4416000.0,4436800.0,6
2011-06-27,3338284.25,4379200.0,4608000.0,4307200.0,4587200.0,7
2011-06-28,3188262.75,4182400.0,4364800.0,4176000.0,4342400.0,5
2011-06-29,3146793.0,4128000.0,4217600.0,4107200.0,4144000.0,6
2011-06-30,3027263.5,3971200.0,4091200.0,3956800.0,4083200.0,5
2011-07-01,2884560.25,3784000.0,3992000.0,3771200.0,3952000.0,9
2011-07-05,2844310.75,3731200.0,3798400.0,3716800.0,3772800.0,6
2011-07-06,2813818.75,3691200.0,3779200.0,3673600.0,3740800.0,7
2011-07-07,2696728.5,3537600.0,3624000.0,3508800.0,3604800.0,7
2011-07-08,2721122.5,3569600.0,3686400.0,3566400.0,3630400.0,10
2011-07-11,2863825.0,3756800.0,3796800.0,3625600.0,3680000.0,8
2011-07-12,2932128.0,3846400.0,3857600.0,3737600.0,3758400.0,7
2011-07-13,2895537.75,3798400.0,3840000.0,3680000.0,3760000.0,8
2011-07-14,2994332.5,3928000.0,3971200.0,3716800.0,3764800.0,11
2011-07-15,2873583.0,3769600.0,3884800.0,3768000.0,3793600.0,8
2011-07-18,2924809.75,3836800.0,3942400.0,3782400.0,3832000.0,7
2011-07-19,2719902.0,3568000.0,3720000.0,3560000.0,3718400.0,8
2011-07-20,2756493.0,3616000.0,3633600.0,3508800.0,3508800.0,5
2011-07-21,2695509.0,3536000.0,3659200.0,3480000.0,3601600.0,7
2011-07-22,2615009.75,3430400.0,3553600.0,3417600.0,3547200.0,6
2011-07-25,2629645.75,3449600.0,3534400.0,3398400.0,3518400.0,6
2011-07-26,2610130.5,3424000.0,3478400.0,3392000.0,3460800.0,5
2011-07-27,2810159.5,3686400.0,3715200.0,3488000.0,3494400.0,12
2011-07-28,2799181.75,3672000.0,3728000.0,3531200.0,3689600.0,11
2011-07-29,2824795.75,3705600.0,3812800.0,3592000.0,3760000.0,14
2011-08-01,2862605.5,3755200.0,3891200.0,3548800.0,3571200.0,13
2011-08-02,3078491.0,4038400.0,4049600.0,3760000.0,3809600.0,11
2011-08-03,2995551.5,3929600.0,4238400.0,3908800.0,4025600.0,14
2011-08-04,3402927.75,4464000.0,4465600.0,4075200.0,4100800.0,17
2011-08-05,3470011.0,4552000.0,4932800.0,4262400.0,4315200.0,34
2011-08-08,4098149.25,5376000.0,5376000.0,4739200.0,4966400.0,34
2011-08-09,3511480.75,4606400.0,5588800.0,4592000.0,5145600.0,36
2011-08-10,3905437.75,5123200.0,5169600.0,4704000.0,4908800.0,16
2011-08-11,3410245.75,4473600.0,5008000.0,4300800.0,4948800.0,16
2011-08-12,3319988.5,4355200.0,4526400.0,4273600.0,4377600.0,11
2011-08-15,3174845.5,4164800.0,4364800.0,4164800.0,4302400.0,8
2011-08-16,3257784.25,4273600.0,4432000.0,4169600.0,4272000.0,14
2011-08-17,3313890.5,4347200.0,4473600.0,4144000.0,4254400.0,12
2011-08-18,3790788.25,4972800.0,5096000.0,4696000.0,4696000.0,31
2011-08-19,3999354.75,5246400.0,5265600.0,4771200.0,5136000.0,27
2011-08-22,3968861.25,5206400.0,5246400.0,4870400.0,4876800.0,19
2011-08-23,3476109.5,4560000.0,5152000.0,4556800.0,5081600.0,17
2011-08-24,3389510.75,4446400.0,4700800.0,4417600.0,4587200.0,10
2011-08-25,3551729.5,4659200.0,4710400.0,4392000.0,4462400.0,14
2011-08-26,3289497.0,4315200.0,4846400.0,4264000.0,4708800.0,19
2011-08-29,3011407.5,3950400.0,4187200.0,3939200.0,4187200.0,13
2011-08-30,2956521.5,3878400.0,4057600.0,3801600.0,4000000.0,15
2011-08-31,2940666.5,3857600.0,3948800.0,3708800.0,3801600.0,17
2011-09-01,3018726.25,3960000.0,3977600.0,3729600.0,3819200.0,14
2011-09-02,3224853.5,4230400.0,4296000.0,4113600.0,4164800.0,18
2011-09-06,3224853.5,4230400.0,4558400.0,4211200.0,4531200.0,19
2011-09-07,2978476.0,3907200.0,4083200.0,3905600.0,4048000.0,10
2011-09-08,3019945.25,3961600.0,4000000.0,3796800.0,3969600.0,12
2011-09-09,3217535.75,4220800.0,4292800.0,3996800.0,4046400.0,13
2011-09-12,3093126.75,4057600.0,4369600.0,4054400.0,4364800.0,19
2011-09-13,2973597.5,3900800.0,4072000.0,3873600.0,4014400.0,10
2011-09-14,2849189.75,3737600.0,3952000.0,3600000.0,3841600.0,14
2011-09-15,2717463.25,3564800.0,3726400.0,3547200.0,3604800.0,12
2011-09-16,2645501.5,3470400.0,3563200.0,3456000.0,3540800.0,12
2011-09-19,2638183.5,3460800.0,3680000.0,3408000.0,3595200.0,19
2011-09-20,2672334.25,3505600.0,3531200.0,3328000.0,3412800.0,15
2011-09-21,2812599.0,3689600.0,3691200.0,3400000.0,3459200.0,18
2011-09-22,3084589.0,4046400.0,4211200.0,3873600.0,3980800.0,34
2011-09-23,2985794.5,3916800.0,4161600.0,3865600.0,4147200.0,17
2011-09-26,2884560.25,3784000.0,4123200.0,3763200.0,3851200.0,16
2011-09-27,2799181.75,3672000.0,3740800.0,3491200.0,3593600.0,24
2011-09-28,2923590.25,3835200.0,3852800.0,3544000.0,3616000.0,19
2011-09-29,3017506.25,3958400.0,4156800.0,3638400.0,3649600.0,30
2011-09-30,3249247.0,4262400.0,4275200.0,4020800.0,4121600.0,27
2011-10-03,3509040.25,4603200.0,4603200.0,4182400.0,4382400.0,29
2011-10-04,3287057.0,4312000.0,4876800.0,4284800.0,4744000.0,32
2011-10-05,3039461.0,3987200.0,4444800.0,3947200.0,4344000.0,27
2011-10-06,2885779.75,3785600.0,4051200.0,3784000.0,3996800.0,19
2011-10-07,2941885.75,3859200.0,3932800.0,3736000.0,3784000.0,22
2011-10-10,2641843.25,3465600.0,3680000.0,3464000.0,3665600.0,17
2011-10-11,2589396.75,3396800.0,3504000.0,3364800.0,3489600.0,12
2011-10-12,2540608.5,3332800.0,3347200.0,3227200.0,3291200.0,22
2011-10-13,2473525.5,3244800.0,3366400.0,3232000.0,3360000.0,18
2011-10-14,2334481.0,3062400.0,3177600.0,3062400.0,3124800.0,21
2011-10-17,2443033.5,3204800.0,3252800.0,3078400.0,3108800.0,26
2011-10-18,2349117.0,3081600.0,3308800.0,3033600.0,3222400.0,29
2011-10-19,2489382.25,3265600.0,3289600.0,3105600.0,3132800.0,19
2011-10-20,2517434.5,3302400.0,3448000.0,3256000.0,3270400.0,23
2011-10-21,2429616.5,3187200.0,3276800.0,3120000.0,3203200.0,18
2011-10-24,2279595.5,2990400.0,3158400.0,2961600.0,3153600.0,22
2011-10-25,2408882.5,3160000.0,3179200.0,3012800.0,3019200.0,28
2011-10-26,2413761.25,3166400.0,3347200.0,3088000.0,3107200.0,29
2011-10-27,2218611.75,2910400.0,3044800.0,2854400.0,2948800.0,30
2011-10-28,2207634.0,2896000.0,2964800.0,2884800.0,2963200.0,15
2011-10-31,2318625.0,3041600.0,3044800.0,2940800.0,2976000.0,14
2011-11-01,2499138.75,3278400.0,3326400.0,3195200.0,3264000.0,34
2011-11-02,2435716.0,3195200.0,3286400.0,3153600.0,3174400.0,19
2011-11-03,2283254.5,2995200.0,3227200.0,2984000.0,3120000.0,19
2011-11-04,2319844.75,3043200.0,3131200.0,3003200.0,3044800.0,18
2011-11-07,2268618.25,2976000.0,3139200.0,2969600.0,3051200.0,22
2011-11-08,2189339.0,2872000.0,3012800.0,2859200.0,2916800.0,20
2011-11-09,2414980.5,3168000.0,3200000.0,3028800.0,3041600.0,23
2011-11-10,2425958.25,3182400.0,3273600.0,3072000.0,3076800.0,21
2011-11-11,2288133.5,3001600.0,3107200.0,2969600.0,3097600.0,15
2011-11-14,2329602.75,3056000.0,3088000.0,2976000.0,3028800.0,12
2011-11-15,2253982.0,2956800.0,3091200.0,2916800.0,3080000.0,14
2011-11-16,2361314.75,3097600.0,3115200.0,2952000.0,3017600.0,16
2011-11-17,2524753.0,3312000.0,3372800.0,3118400.0,3120000.0,26
2011-11-18,2586956.25,3393600.0,3409600.0,3304000.0,3308800.0,24
2011-11-21,2732099.5,3584000.0,3686400.0,3513600.0,3523200.0,23
2011-11-22,2707705.0,3552000.0,3675200.0,3520000.0,3617600.0,21
2011-11-23,2890659.25,3792000.0,3796800.0,3617600.0,3632000.0,21
2011-11-25,2957741.75,3880000.0,3880000.0,3708800.0,3836800.0,11
2011-11-28,2646721.5,3472000.0,3596800.0,3460800.0,3595200.0,12
2011-11-29,2699167.5,3540800.0,3568000.0,3403200.0,3492800.0,13
2011-11-30,2407662.25,3158400.0,3284800.0,3137600.0,3251200.0,14
2011-12-01,2349117.0,3081600.0,3150400.0,3056000.0,3145600.0,8
2011-12-02,2367413.25,3105600.0,3112000.0,2992000.0,2996800.0,8
2011-12-05,2291792.25,3006400.0,3057600.0,2944000.0,2966400.0,12
2011-12-06,2308867.5,3028800.0,3059200.0,2971200.0,2992000.0,9
2011-12-07,2310087.5,3030400.0,3144000.0,2987200.0,3057600.0,14
2011-12-08,2423518.5,3179200.0,3196800.0,3016000.0,3081600.0,12
2011-12-09,2308867.5,3028800.0,3161600.0,3000000.0,3153600.0,10
2011-12-12,2380829.75,3123200.0,3203200.0,3120000.0,3123200.0,12
2011-12-13,2463768.25,3232000.0,3270400.0,3032000.0,3065600.0,14
2011-12-14,2577199.0,3380800.0,3436800.0,3262400.0,3272000.0,17
2011-12-15,2600373.5,3411200.0,3425600.0,3286400.0,3291200.0,10
2011-12-16,2565002.25,3364800.0,3376000.0,3219200.0,3355200.0,12
2011-12-19,2632085.0,3452800.0,3483200.0,3297600.0,3326400.0,13
2011-12-20,2402783.75,3152000.0,3292800.0,3139200.0,3292800.0,18
2011-12-21,2499138.75,3278400.0,3390400.0,3198400.0,3198400.0,15
2011-12-22,2440593.75,3201600.0,3275200.0,3196800.0,3259200.0,8
2011-12-23,2375950.75,3116800.0,3201600.0,3115200.0,3180800.0,6
2011-12-27,2357655.75,3092800.0,3139200.0,3060800.0,3132800.0,8
2011-12-28,2433276.0,3192000.0,3219200.0,3086400.0,3096000.0,8
2011-12-29,2383269.0,3126400.0,3208000.0,3120000.0,3180800.0,6
2011-12-30,2401564.5,3150400.0,3150400.0,3104000.0,3145600.0,5
2012-01-03,2267398.75,2974400.0,2995200.0,2921600.0,2971200.0,11
2012-01-04,2236906.75,2934400.0,3020800.0,2921600.0,2990400.0,10
2012-01-05,2179581.25,2859200.0,2982400.0,2856000.0,2952000.0,11
2012-01-06,2157627.0,2830400.0,2889600.0,2814400.0,2854400.0,11
2012-01-09,2177141.5,2856000.0,2886400.0,2806400.0,2809600.0,7
2012-01-10,2132013.25,2796800.0,2819200.0,2742400.0,2764800.0,16
2012-01-11,2118597.0,2779200.0,2828800.0,2760000.0,2800000.0,12
2012-01-12,2089324.375,2740800.0,2820800.0,2736000.0,2761600.0,13
2012-01-13,2112498.5,2771200.0,2843200.0,2771200.0,2785600.0,15
2012-01-17,2061271.25,2704000.0,2729600.0,2662400.0,2700800.0,13
2012-01-18,1977112.875,2593600.0,2696000.0,2590400.0,2686400.0,15
2012-01-19,1936863.375,2540800.0,2568000.0,2528000.0,2555200.0,19
2012-01-20,1944181.5,2550400.0,2579200.0,2548800.0,2576000.0,7
2012-01-23,1944181.5,2550400.0,2593600.0,2496000.0,2550400.0,10
2012-01-24,1953939.25,2563200.0,2598400.0,2542400.0,2585600.0,9
2012-01-25,1880757.75,2467200.0,2542400.0,2448000.0,2488000.0,16
2012-01-26,1900272.5,2492800.0,2524800.0,2420800.0,2433600.0,18
2012-01-27,1883197.375,2470400.0,2510400.0,2457600.0,2510400.0,15
2012-01-30,1878318.5,2464000.0,2560000.0,2452800.0,2526400.0,13
2012-01-31,1869781.125,2452800.0,2499200.0,2412800.0,2427200.0,9
2012-02-01,1825871.75,2395200.0,2436800.0,2366400.0,2411200.0,15
2012-02-02,1807576.625,2371200.0,2398400.0,2347200.0,2368000.0,11
2012-02-03,1734395.75,2275200.0,2316800.0,2265600.0,2302400.0,14
2012-02-06,1735615.25,2276800.0,2316800.0,2275200.0,2296000.0,7
2012-02-07,1723418.0,2260800.0,2312000.0,2251200.0,2281600.0,8
2012-02-08,1700243.75,2230400.0,2286400.0,2228800.0,2260800.0,10
2012-02-09,1661214.0,2179200.0,2243200.0,2171200.0,2204800.0,13
2012-02-10,1695365.375,2224000.0,2246400.0,2206400.0,2227200.0,13
2012-02-13,1647797.5,2161600.0,2204800.0,2153600.0,2174400.0,9
2012-02-14,1635600.5,2145600.0,2200000.0,2144000.0,2182400.0,12
2012-02-15,1672191.625,2193600.0,2200000.0,2080000.0,2113600.0,28
2012-02-16,1600229.875,2099200.0,2204800.0,2092800.0,2190400.0,21
2012-02-17,1616085.625,2120000.0,2145600.0,2094400.0,2096000.0,9
2012-02-21,1601449.375,2100800.0,2140800.0,2073600.0,2113600.0,14
2012-02-22,1622184.0,2128000.0,2139200.0,2096000.0,2115200.0,9
2012-02-23,1591691.875,2088000.0,2152000.0,2078400.0,2124800.0,12
2012-02-24,1574616.0,2065600.0,2083200.0,2054400.0,2068800.0,10
2012-02-27,1569737.5,2059200.0,2126400.0,2036800.0,2104000.0,13
2012-02-28,1522169.75,1996800.0,2059200.0,1995200.0,2051200.0,14
2012-02-29,1541684.5,2022400.0,2040000.0,1969600.0,1988800.0,19
2012-03-01,1502654.625,1971200.0,2016000.0,1968000.0,1995200.0,11
2012-03-02,1507533.75,1977600.0,1996800.0,1958400.0,1977600.0,11
2012-03-05,1552662.0,2036800.0,2056000.0,1974400.0,1985600.0,15
2012-03-06,1599009.875,2097600.0,2129600.0,2084800.0,2099200.0,21
2012-03-07,1563639.25,2051200.0,2078400.0,2035200.0,2070400.0,12
2012-03-08,1511192.625,1982400.0,2025600.0,1966400.0,2012800.0,14
2012-03-09,1494116.75,1960000.0,1977600.0,1948800.0,1974400.0,10
2012-03-12,1491677.625,1956800.0,1984000.0,1948800.0,1960000.0,7
2012-03-13,1406299.5,1844800.0,1932800.0,1844800.0,1923200.0,20
2012-03-14,1390443.125,1824000.0,1859200.0,1806400.0,1840000.0,16
2012-03-15,1380686.125,1811200.0,1836800.0,1798400.0,1809600.0,16
2012-03-16,1383125.375,1814400.0,1825600.0,1801600.0,1803200.0,11
2012-03-19,1352633.0,1774400.0,1819200.0,1763200.0,1806400.0,13
2012-03-20,1345314.875,1764800.0,1816000.0,1760000.0,1800000.0,15
2012-03-21,1345314.875,1764800.0,1771200.0,1736000.0,1763200.0,20
2012-03-22,1353852.5,1776000.0,1798400.0,1763200.0,1798400.0,20
2012-03-23,1355072.625,1777600.0,1808000.0,1768000.0,1769600.0,11
2012-03-26,1283111.0,1683200.0,1745600.0,1683200.0,1744000.0,18
2012-03-27,1278232.125,1676800.0,1681600.0,1656000.0,1678400.0,11
2012-03-28,1292868.5,1696000.0,1724800.0,1656000.0,1675200.0,14
2012-03-29,1308724.375,1716800.0,1752000.0,1697600.0,1723200.0,13
2012-03-30,1316042.5,1726400.0,1745600.0,1691200.0,1692800.0,8
2012-04-02,1274573.125,1672000.0,1740800.0,1665600.0,1731200.0,10
2012-04-03,1275792.875,1673600.0,1700800.0,1649600.0,1667200.0,13
2012-04-04,1328239.375,1742400.0,1769600.0,1707200.0,1713600.0,16
2012-04-05,1302625.875,1708800.0,1755200.0,1705600.0,1752000.0,13
2012-04-09,1333118.25,1748800.0,1780800.0,1728000.0,1774400.0,18
2012-04-10,1395322.375,1830400.0,1848000.0,1731200.0,1750400.0,26
2012-04-11,1377026.875,1806400.0,1819200.0,1768000.0,1782400.0,16
2012-04-12,1328239.375,1742400.0,1800000.0,1736000.0,1793600.0,16
2012-04-13,1389223.75,1822400.0,1824000.0,1760000.0,1763200.0,17
2012-04-16,1431912.5,1878400.0,1899200.0,1790400.0,1792000.0,21
2012-04-17,1347754.5,1768000.0,1867200.0,1752000.0,1856000.0,19
2012-04-18,1357511.875,1780800.0,1796800.0,1748800.0,1785600.0,15
2012-04-19,1400200.75,1836800.0,1860800.0,1736000.0,1798400.0,26
2012-04-20,1417276.625,1859200.0,1864000.0,1787200.0,1812800.0,18
2012-04-23,1451427.75,1904000.0,1958400.0,1899200.0,1908800.0,20
2012-04-24,1477041.0,1937600.0,1961600.0,1894400.0,1915200.0,16
2012-04-25,1358731.625,1782400.0,1825600.0,1780800.0,1819200.0,20
2012-04-26,1334337.75,1750400.0,1790400.0,1739200.0,1782400.0,20
2012-04-27,1312383.625,1721600.0,1756800.0,1704000.0,1731200.0,16
2012-04-30,1337996.875,1755200.0,1760000.0,1724800.0,1737600.0,10
2012-05-01,1331898.5,1747200.0,1769600.0,1689600.0,1761600.0,17
2012-05-02,1322141.25,1734400.0,1785600.0,1729600.0,1777600.0,13
2012-05-03,1361171.0,1785600.0,1801600.0,1724800.0,1728000.0,17
2012-05-04,1463624.5,1920000.0,1920000.0,1830400.0,1836800.0,26
2012-05-07,1459966.0,1915200.0,1958400.0,1888000.0,1955200.0,20
2012-05-08,1477041.0,1937600.0,2030400.0,1918400.0,1953600.0,34
2012-05-09,1484359.25,1947200.0,2027200.0,1923200.0,2004800.0,35
2012-05-10,1500215.375,1968000.0,1988800.0,1926400.0,1928000.0,4
2012-05-11,1500520.375,1968400.0,1992000.0,1904800.0,1987600.0,46
2012-05-14,1542294.5,2023200.0,2031200.0,1976000.0,2014800.0,60
2012-05-15,1556931.0,2042400.0,2052400.0,1956000.0,2002400.0,65
2012-05-16,1589862.125,2085600.0,2095600.0,2002800.0,2019200.0,43
2012-05-17,1690486.625,2217600.0,2217600.0,2072000.0,2084800.0,68
2012-05-18,1751165.75,2297200.0,2307200.0,2178400.0,2195200.0,76
2012-05-21,1609072.375,2110800.0,2297600.0,2103200.0,2290400.0,59
2012-05-22,1615170.875,2118800.0,2162000.0,2066000.0,2094000.0,50
2012-05-23,1603888.875,2104000.0,2225200.0,2088800.0,2169600.0,74
2012-05-24,1633466.0,2142800.0,2192000.0,2089200.0,2094000.0,69
2012-05-25,1643223.75,2155600.0,2172400.0,2127600.0,2142000.0,40
2012-05-29,1579494.875,2072000.0,2131600.0,2041200.0,2092800.0,40
2012-05-30,1617915.375,2122400.0,2161200.0,2101600.0,2128400.0,42
2012-05-31,1640174.625,2151600.0,2198800.0,2115600.0,2132000.0,58
2012-06-01,1772815.375,2325600.0,2325600.0,2228000.0,2264800.0,61
2012-06-04,1731040.625,2270800.0,2364400.0,2258800.0,2302800.0,66
2012-06-05,1708477.125,2241200.0,2296400.0,2228400.0,2293200.0,39
2012-06-06,1589862.125,2085600.0,2196800.0,2082000.0,2189200.0,51
2012-06-07,1608767.875,2110400.0,2116000.0,2020400.0,2022400.0,47
2012-06-08,1561200.0,2048000.0,2141600.0,2042000.0,2123600.0,37
2012-06-11,1634686.0,2144400.0,2156400.0,2000000.0,2003600.0,45
2012-06-12,1581934.625,2075200.0,2165600.0,2072400.0,2124800.0,52
2012-06-13,1615170.875,2118800.0,2139200.0,2045200.0,2094000.0,44
2012-06-14,1594740.875,2092000.0,2151200.0,2069200.0,2118800.0,55
2012-06-15,1532842.125,2010800.0,2078000.0,2007200.0,2077600.0,37
2012-06-18,1494421.875,1960400.0,2049600.0,1944400.0,2038000.0,36
2012-06-19,1446548.875,1897600.0,1933200.0,1873200.0,1929600.0,33
2012-06-20,1441670.375,1891200.0,1934000.0,1868800.0,1887200.0,41
2012-06-21,1549307.75,2032400.0,2040000.0,1891200.0,1900000.0,44
2012-06-22,1501130.125,1969200.0,2028800.0,1961200.0,2014000.0,30
2012-06-25,1588642.625,2084000.0,2099200.0,2015600.0,2016800.0,66
2012-06-26,1557540.375,2043200.0,2090000.0,2025600.0,2062400.0,33
2012-06-27,1529792.875,2006800.0,2026400.0,1979600.0,2018400.0,23
2012-06-28,1577665.25,2069600.0,2135200.0,2047200.0,2052400.0,48
2012-06-29,1430693.375,1876800.0,1970400.0,1876800.0,1952800.0,46
2012-07-02,1416362.0,1858000.0,1902400.0,1857200.0,1869200.0,31
2012-07-03,1382820.125,1814000.0,1866000.0,1814000.0,1858400.0,15
2012-07-05,1379771.375,1810000.0,1846800.0,1782800.0,1818800.0,38
2012-07-06,1430693.375,1876800.0,1915200.0,1830000.0,1833600.0,47
2012-07-09,1438316.375,1886800.0,1914400.0,1864400.0,1884800.0,30
2012-07-10,1478260.75,1939200.0,1963200.0,1842000.0,1855200.0,47
2012-07-11,1504484.375,1973600.0,2021600.0,1933600.0,1949600.0,52
2012-07-12,1547478.0,2030000.0,2082800.0,2005600.0,2020400.0,61
2012-07-13,1477956.0,1938800.0,2016400.0,1924000.0,2012800.0,35
2012-07-16,1489543.125,1954000.0,1975600.0,1924400.0,1950800.0,29
2012-07-17,1465759.125,1922800.0,2006000.0,1903600.0,1917600.0,37
2012-07-18,1405079.75,1843200.0,1936000.0,1827200.0,1936000.0,49
2012-07-19,1359341.5,1783200.0,1815200.0,1765600.0,1806800.0,46
2012-07-20,1410568.25,1850400.0,1855200.0,1782800.0,1784400.0,44
2012-07-23,1463624.5,1920000.0,2002400.0,1901600.0,1960800.0,49
2012-07-24,1497775.75,1964800.0,2000800.0,1903200.0,1912800.0,46
2012-07-25,1528268.25,2004800.0,2040400.0,1967600.0,2010800.0,40
2012-07-26,1470028.25,1928400.0,1962800.0,1888800.0,1917600.0,38
2012-07-27,1360865.875,1785200.0,1900400.0,1778400.0,1883600.0,44
2012-07-30,1367879.125,1794400.0,1809600.0,1751200.0,1773600.0,52
2012-07-31,1369099.125,1796000.0,1798000.0,1762000.0,1784400.0,37
2012-08-01,1376721.875,1806000.0,1831200.0,1754800.0,1755600.0,40
2012-08-02,1392882.75,1827200.0,1868000.0,1774400.0,1853600.0,62
2012-08-03,1313603.125,1723200.0,1758400.0,1700000.0,1740000.0,64
2012-08-06,1284026.0,1684400.0,1707600.0,1661600.0,1698800.0,40
2012-08-07,1251703.875,1642000.0,1670400.0,1621200.0,1661600.0,44
2012-08-08,1253838.5,1644800.0,1662000.0,1633200.0,1654800.0,42
2012-08-09,1243471.25,1631200.0,1653200.0,1622400.0,1644400.0,29
2012-08-10,1238592.25,1624800.0,1658000.0,1624800.0,1646000.0,29
2012-08-13,1230054.625,1613600.0,1652000.0,1613600.0,1625600.0,23
2012-08-14,1228834.875,1612000.0,1625200.0,1586000.0,1596800.0,33
2012-08-15,1219687.0,1600000.0,1616400.0,1592400.0,1615200.0,25
2012-08-16,1175778.5,1542400.0,1587200.0,1530800.0,1582400.0,46
2012-08-17,1159922.375,1521600.0,1542400.0,1521200.0,1532800.0,34
2012-08-20,1154433.75,1514400.0,1542000.0,1514000.0,1524800.0,29
2012-08-21,1169375.25,1534000.0,1550800.0,1484000.0,1500800.0,44
2012-08-22,1155043.75,1515200.0,1554800.0,1504800.0,1543600.0,37
2012-08-23,1180657.375,1548800.0,1561600.0,1520000.0,1533600.0,31
2012-08-24,1161142.75,1523200.0,1568800.0,1510400.0,1561600.0,27
2012-08-27,1155043.75,1515200.0,1524000.0,1496400.0,1500400.0,25
2012-08-28,1154128.875,1514000.0,1533200.0,1502400.0,1518400.0,27
2012-08-29,1154128.875,1514000.0,1532400.0,1502000.0,1512000.0,21
2012-08-30,1189194.875,1560000.0,1566400.0,1531600.0,1533200.0,27
2012-08-31,1166325.75,1530000.0,1574400.0,1508000.0,1523600.0,54
2012-09-04,1167240.5,1531200.0,1577200.0,1515200.0,1535200.0,38
2012-09-05,1172119.5,1537600.0,1549600.0,1514800.0,1535600.0,33
2012-09-06,1094669.5,1436000.0,1510400.0,1434000.0,1510000.0,56
2012-09-07,1098328.375,1440800.0,1452800.0,1433200.0,1443200.0,29
2012-09-10,1139188.125,1494400.0,1498400.0,1442800.0,1452000.0,32
2012-09-11,1144676.375,1501600.0,1510000.0,1478000.0,1496000.0,33
2012-09-12,1134004.0,1487600.0,1516400.0,1478000.0,1487600.0,41
2012-09-13,1089180.75,1428800.0,1490400.0,1410000.0,1485200.0,64
2012-09-14,1059603.125,1390000.0,1414000.0,1374800.0,1411200.0,53
2012-09-17,1058688.625,1388800.0,1403200.0,1387200.0,1388000.0,44
2012-09-18,1056249.25,1385600.0,1400400.0,1383200.0,1400400.0,38
2012-09-19,1049236.0,1376400.0,1397200.0,1366000.0,1385200.0,41
2012-09-20,1052285.25,1380400.0,1407600.0,1377600.0,1398000.0,42
2012-09-21,1051980.125,1380000.0,1383600.0,1357200.0,1360800.0,33
2012-09-24,1072105.25,1406400.0,1422000.0,1396400.0,1414800.0,47
2012-09-25,1114489.125,1462000.0,1464800.0,1383600.0,1392400.0,50
2012-09-26,1141932.5,1498000.0,1520800.0,1466400.0,1469200.0,72
2012-09-27,1094364.625,1435600.0,1495200.0,1426000.0,1487600.0,52
2012-09-28,1121502.75,1471200.0,1474800.0,1437600.0,1450800.0,54
2012-10-01,1125466.375,1476400.0,1492000.0,1423200.0,1449600.0,41
2012-10-02,1116318.875,1464400.0,1499600.0,1444800.0,1458800.0,58
2012-10-03,1096498.75,1438400.0,1470800.0,1430000.0,1452000.0,53
2012-10-04,1083997.25,1422000.0,1443200.0,1410800.0,1429200.0,35
2012-10-05,1101073.0,1444400.0,1455200.0,1394400.0,1401600.0,44
2012-10-08,1130650.0,1483200.0,1494000.0,1460800.0,1470800.0,40
2012-10-09,1185840.75,1555600.0,1565200.0,1495600.0,1495600.0,55
2012-10-10,1202916.625,1578000.0,1586400.0,1544000.0,1556400.0,41
2012-10-11,1216027.875,1595200.0,1596000.0,1540000.0,1542800.0,37
2012-10-12,1216638.0,1596000.0,1604800.0,1567600.0,1593200.0,35
2012-10-15,1190414.875,1561600.0,1606400.0,1553600.0,1576000.0,34
2012-10-16,1136443.75,1490800.0,1554000.0,1488400.0,1553200.0,40
2012-10-17,1141017.375,1496800.0,1522800.0,1482400.0,1517600.0,48
2012-10-18,1178827.875,1546400.0,1564800.0,1496000.0,1512400.0,68
2012-10-19,1264815.5,1659200.0,1664800.0,1550800.0,1553200.0,97
2012-10-22,1245300.75,1633600.0,1672000.0,1620000.0,1663200.0,56
2012-10-23,1281281.375,1680800.0,1694800.0,1637600.0,1672800.0,78
2012-10-24,1295918.125,1700000.0,1704800.0,1643600.0,1650800.0,40
2012-10-25,1292563.75,1695600.0,1712000.0,1653200.0,1662000.0,47
2012-10-26,1280671.5,1680000.0,1736800.0,1661200.0,1697200.0,53
2012-10-31,1305065.25,1712000.0,1730800.0,1680000.0,1685600.0,29
2012-11-01,1248959.75,1638400.0,1694400.0,1629200.0,1682800.0,39
2012-11-02,1291343.875,1694000.0,1695600.0,1614000.0,1617200.0,30
2012-11-05,1263291.25,1657200.0,1700400.0,1647600.0,1690400.0,35
2012-11-06,1255363.125,1646800.0,1667200.0,1614400.0,1650000.0,46
2012-11-07,1343790.625,1762800.0,1784400.0,1695200.0,1698400.0,74
2012-11-08,1408434.0,1847600.0,1847600.0,1737200.0,1750800.0,59
2012-11-09,1390443.125,1824000.0,1847600.0,1764800.0,1844400.0,74
2012-11-12,1390138.5,1823600.0,1839600.0,1786000.0,1791200.0,31
2012-11-13,1419411.25,1862000.0,1879200.0,1810400.0,1869600.0,68
2012-11-14,1469723.25,1928000.0,1936400.0,1830000.0,1836400.0,54
2012-11-15,1485579.125,1948800.0,1968800.0,1904800.0,1926000.0,73
2012-11-16,1468808.5,1926800.0,2015200.0,1906000.0,1942400.0,70
2012-11-19,1359951.0,1784000.0,1860400.0,1780800.0,1860000.0,47
2012-11-20,1359646.375,1783600.0,1834000.0,1775600.0,1784400.0,38
2012-11-21,1350193.625,1771200.0,1798400.0,1764400.0,1778000.0,25
2012-11-23,1288904.625,1690800.0,1743200.0,1690000.0,1737600.0,32
2012-11-26,1271829.125,1668400.0,1718800.0,1666800.0,1700400.0,37
2012-11-27,1284940.375,1685600.0,1693200.0,1652000.0,1672800.0,46
2012-11-28,1253228.5,1644000.0,1740400.0,1638400.0,1711200.0,69
2012-11-29,1230054.625,1613600.0,1637200.0,1595600.0,1617200.0,58
2012-11-30,1234018.375,1618800.0,1634400.0,1607600.0,1612800.0,40
2012-12-03,1241031.375,1628000.0,1631600.0,1578400.0,1582800.0,53
2012-12-04,1247740.5,1636800.0,1664400.0,1622800.0,1626400.0,55
2012-12-05,1285550.375,1686400.0,1713600.0,1640000.0,1640400.0,59
2012-12-06,1262376.5,1656000.0,1716000.0,1641200.0,1701200.0,43
2012-12-07,1283416.0,1683600.0,1700400.0,1624000.0,1628800.0,35
2012-12-10,1271219.125,1667600.0,1697600.0,1642800.0,1697200.0,28
2012-12-11,1222126.875,1603200.0,1638000.0,1575200.0,1634000.0,63
2012-12-12,1231274.625,1615200.0,1626400.0,1577200.0,1578800.0,61
2012-12-13,1258412.5,1650800.0,1672400.0,1589200.0,1622000.0,47
2012-12-14,1294088.0,1697600.0,1715200.0,1669200.0,1682400.0,36
2012-12-17,1242251.5,1629600.0,1700800.0,1629200.0,1694000.0,37
2012-12-18,1185231.375,1554800.0,1620000.0,1548400.0,1603200.0,70
2012-12-19,1202306.75,1577200.0,1578000.0,1541200.0,1544000.0,52
2012-12-20,1201391.875,1576000.0,1600000.0,1564400.0,1568400.0,54
2012-12-21,1238897.375,1625200.0,1669200.0,1620000.0,1648800.0,44
2012-12-24,1248654.75,1638000.0,1646000.0,1630400.0,1638800.0,10
2012-12-26,1278841.875,1677600.0,1694400.0,1627600.0,1634800.0,21
2012-12-27,1284330.75,1684800.0,1748400.0,1667200.0,1674800.0,59
2012-12-28,1321531.5,1733600.0,1735200.0,1683200.0,1720000.0,33
2012-12-31,1236458.125,1622000.0,1748400.0,1612800.0,1741600.0,50
2013-01-02,1118758.25,1467600.0,1521600.0,1467600.0,1504800.0,68
2013-01-03,1135528.875,1489600.0,1504000.0,1459600.0,1469200.0,54
2013-01-04,1146811.125,1504400.0,1516000.0,1489200.0,1489200.0,34
2013-01-07,1144676.375,1501600.0,1531200.0,1497200.0,1519600.0,31
2013-01-08,1151080.0,1510000.0,1536400.0,1493600.0,1505600.0,32
2013-01-09,1140712.375,1496400.0,1509600.0,1483200.0,1506000.0,28
2013-01-10,1119978.125,1469200.0,1510800.0,1462000.0,1466000.0,30
2013-01-11,1115403.875,1463200.0,1480000.0,1460800.0,1470000.0,22
2013-01-14,1129735.375,1482000.0,1500800.0,1471200.0,1486000.0,28
2013-01-15,1146201.25,1503600.0,1523200.0,1498000.0,1503600.0,31
2013-01-16,1132479.75,1485600.0,1505600.0,1471200.0,1496000.0,26
2013-01-17,1115709.0,1463600.0,1475200.0,1447600.0,1467600.0,43
2013-01-18,1123941.875,1474400.0,1494000.0,1470000.0,1478800.0,40
2013-01-22,1117538.375,1466000.0,1496400.0,1464400.0,1470000.0,34
2013-01-23,1098328.375,1440800.0,1448800.0,1427200.0,1441600.0,34
2013-01-24,1142542.25,1498800.0,1506000.0,1460400.0,1497600.0,42
2013-01-25,1125771.125,1476800.0,1493200.0,1463600.0,1485600.0,34
2013-01-28,1119672.875,1468800.0,1481200.0,1451600.0,1474400.0,36
2013-01-29,1118148.125,1466800.0,1500400.0,1456400.0,1472000.0,59
2013-01-30,1122112.25,1472000.0,1484400.0,1444400.0,1458800.0,52
2013-01-31,1131260.0,1484000.0,1488400.0,1453200.0,1474000.0,41
2013-02-01,1091925.0,1432400.0,1471200.0,1424800.0,1452000.0,53
2013-02-04,1148945.375,1507200.0,1507600.0,1444800.0,1458000.0,43
2013-02-05,1098633.375,1441200.0,1497600.0,1426800.0,1487600.0,41
2013-02-06,1108695.625,1454400.0,1466800.0,1435200.0,1454400.0,44
2013-02-07,1105646.375,1450400.0,1498000.0,1445600.0,1448000.0,39
2013-02-08,1071800.5,1406000.0,1431200.0,1396400.0,1426800.0,47
2013-02-11,1071800.5,1406000.0,1418400.0,1401200.0,1402800.0,23
2013-02-12,1084301.875,1422400.0,1425600.0,1401200.0,1410000.0,26
2013-02-13,1072105.25,1406400.0,1419600.0,1390400.0,1408800.0,28
2013-02-14,1073934.375,1408800.0,1428000.0,1401600.0,1424400.0,23
2013-02-15,1082777.25,1420400.0,1431600.0,1398000.0,1407600.0,26
2013-02-19,1058688.625,1388800.0,1412400.0,1388000.0,1410000.0,30
2013-02-20,1105951.75,1450800.0,1452800.0,1388400.0,1389200.0,42
2013-02-21,1143761.625,1500400.0,1515600.0,1464400.0,1469600.0,55
2013-02-22,1109610.75,1455600.0,1491200.0,1454800.0,1474000.0,34
2013-02-25,1150774.75,1509600.0,1512800.0,1411200.0,1424000.0,53
2013-02-26,1137358.375,1492000.0,1532000.0,1482400.0,1501200.0,71
2013-02-27,1101682.625,1445200.0,1497200.0,1417600.0,1491600.0,55
2013-02-28,1107475.75,1452800.0,1454400.0,1413600.0,1446000.0,35
2013-03-01,1092534.75,1433200.0,1490800.0,1429200.0,1469600.0,49
2013-03-04,1077898.625,1414000.0,1456000.0,1414000.0,1449200.0,43
2013-03-05,1031855.5625,1353600.0,1392000.0,1348800.0,1390800.0,54
2013-03-06,1039783.0625,1364000.0,1369200.0,1340000.0,1341600.0,35
2013-03-07,1031245.6875,1352800.0,1366800.0,1346800.0,1360400.0,25
2013-03-08,1027281.4375,1347600.0,1364000.0,1333600.0,1338800.0,26
2013-03-11,1018743.875,1336400.0,1365600.0,1335600.0,1352000.0,23
2013-03-12,1031245.6875,1352800.0,1369600.0,1339600.0,1347600.0,31
2013-03-13,1033989.9375,1356400.0,1370400.0,1340800.0,1346000.0,42
2013-03-14,1023622.6875,1342800.0,1351200.0,1334000.0,1342800.0,26
2013-03-15,1031855.5625,1353600.0,1364000.0,1338000.0,1339200.0,31
2013-03-18,1039478.375,1363600.0,1400000.0,1346400.0,1390000.0,46
2013-03-19,1042832.5,1368000.0,1406400.0,1342400.0,1351200.0,63
2013-03-20,1023317.5,1342400.0,1360400.0,1332400.0,1341200.0,39
2013-03-21,1056249.25,1385600.0,1396400.0,1367600.0,1376000.0,41
2013-03-22,1027281.4375,1347600.0,1374800.0,1344000.0,1370000.0,47
2013-03-25,1037649.1875,1361200.0,1380400.0,1325600.0,1334000.0,55
2013-03-26,1020878.0625,1339200.0,1354400.0,1338400.0,1346000.0,32
2013-03-27,1015694.5,1332400.0,1371600.0,1331600.0,1364800.0,44
2013-03-28,1009291.3125,1324000.0,1343600.0,1320000.0,1334000.0,33
2013-04-01,1029415.8125,1350400.0,1360800.0,1317600.0,1320800.0,48
2013-04-02,1005022.375,1318400.0,1334800.0,1306000.0,1332800.0,64
2013-04-03,1030025.9375,1351200.0,1364000.0,1311200.0,1314800.0,45
2013-04-04,1030331.1875,1351600.0,1375200.0,1344000.0,1356000.0,31
2013-04-05,1057164.125,1386800.0,1426400.0,1381200.0,1418000.0,54
2013-04-08,1040393.1875,1364800.0,1397200.0,1364000.0,1385600.0,39
2013-04-09,1019354.0625,1337200.0,1372800.0,1321200.0,1352400.0,66
2013-04-10,959893.8125,1259200.0,1325200.0,1254000.0,1324000.0,89
2013-04-11,959588.9375,1258800.0,1272800.0,1252400.0,1269200.0,53
2013-04-12,961723.5625,1261600.0,1292000.0,1260800.0,1269600.0,48
2013-04-15,1020268.3125,1338400.0,1341600.0,1271200.0,1280000.0,85
2013-04-16,977579.3125,1282400.0,1322800.0,1280400.0,1313200.0,47
2013-04-17,1035819.625,1358800.0,1381600.0,1316800.0,1318800.0,91
2013-04-18,1079728.0,1416400.0,1433200.0,1347600.0,1348000.0,92
2013-04-19,1032465.0625,1354400.0,1414000.0,1348800.0,1406400.0,61
2013-04-22,1003192.625,1316000.0,1357600.0,1301200.0,1341200.0,54
2013-04-23,974530.0625,1278400.0,1314000.0,1264400.0,1292400.0,89
2013-04-24,975749.75,1280000.0,1296400.0,1266000.0,1288000.0,57
2013-04-25,959588.9375,1258800.0,1270000.0,1245200.0,1268000.0,53
2013-04-26,968431.6875,1270400.0,1286800.0,1260000.0,1269200.0,45
2013-04-29,941903.4375,1235600.0,1259200.0,1221200.0,1259200.0,57
2013-04-30,921168.8125,1208400.0,1244800.0,1208000.0,1231600.0,49
2013-05-01,932756.0,1223600.0,1232400.0,1202800.0,1209200.0,43
2013-05-02,899214.5625,1179600.0,1222400.0,1171600.0,1220000.0,53
2013-05-03,867502.75,1138000.0,1147600.0,1126400.0,1145600.0,51
2013-05-06,857440.25,1124800.0,1134000.0,1118800.0,1132000.0,34
2013-05-07,859269.75,1127200.0,1138000.0,1116000.0,1119600.0,53
2013-05-08,845243.3125,1108800.0,1133200.0,1106400.0,1128800.0,38
2013-05-09,847987.625,1112400.0,1120400.0,1092000.0,1114800.0,41
2013-05-10,833046.4375,1092800.0,1112800.0,1092000.0,1107600.0,37
2013-05-13,829997.125,1088800.0,1102400.0,1081600.0,1098800.0,37
2013-05-14,818105.125,1073200.0,1088800.0,1062400.0,1088800.0,40
2013-05-15,812921.5,1066400.0,1086800.0,1063200.0,1078800.0,31
2013-05-16,815665.875,1070000.0,1071200.0,1047600.0,1061200.0,51
2013-05-17,791272.1875,1038000.0,1062800.0,1036800.0,1054800.0,49
2013-05-20,796455.9375,1044800.0,1055200.0,1033200.0,1046400.0,42
2013-05-21,791881.9375,1038800.0,1055200.0,1028400.0,1044400.0,42
2013-05-22,812616.5625,1066000.0,1082800.0,1010800.0,1034800.0,143
2013-05-23,818715.125,1074000.0,1101200.0,1064000.0,1094800.0,94
2013-05-24,819934.75,1075600.0,1104800.0,1075600.0,1095600.0,63
2013-05-28,803468.9375,1054000.0,1064400.0,1026000.0,1038000.0,71
2013-05-29,815665.875,1070000.0,1087200.0,1058400.0,1066800.0,82
2013-05-30,802554.1875,1052800.0,1069600.0,1038400.0,1069600.0,60
2013-05-31,826947.9375,1084800.0,1084800.0,1040800.0,1065600.0,56
2013-06-03,819324.875,1074800.0,1117600.0,1074800.0,1080400.0,141
2013-06-04,832741.6875,1092400.0,1105200.0,1056400.0,1069600.0,107
2013-06-05,864453.375,1134000.0,1137200.0,1090400.0,1102000.0,126
2013-06-06,852866.25,1118800.0,1162800.0,1118000.0,1130400.0,116
2013-06-07,817800.25,1072800.0,1112400.0,1068800.0,1104000.0,94
2013-06-10,816580.625,1071200.0,1077600.0,1056000.0,1064800.0,74
2013-06-11,840974.375,1103200.0,1113200.0,1074400.0,1103200.0,104
2013-06-12,869637.125,1140800.0,1145600.0,1082000.0,1083600.0,115
2013-06-13,837315.375,1098400.0,1155200.0,1090400.0,1145600.0,74
2013-06-14,852561.4375,1118400.0,1124000.0,1094000.0,1097600.0,70
2013-06-17,829387.25,1088000.0,1104800.0,1067600.0,1091200.0,97
2013-06-18,808957.6875,1061200.0,1083200.0,1054000.0,1082400.0,77
2013-06-19,835485.75,1096000.0,1098800.0,1056400.0,1059200.0,133
2013-06-20,896774.8125,1176400.0,1184000.0,1122400.0,1133600.0,138
2013-06-21,907142.375,1190000.0,1221200.0,1164400.0,1174400.0,114
2013-06-24,934585.375,1226000.0,1256800.0,1199600.0,1220800.0,164
2013-06-25,916290.125,1202000.0,1222400.0,1185200.0,1192400.0,61
2013-06-26,891286.5,1169200.0,1182000.0,1161600.0,1170400.0,67
2013-06-27,878479.875,1152400.0,1155600.0,1131600.0,1150400.0,85
2013-06-28,877564.875,1151200.0,1172000.0,1128000.0,1165600.0,113
2013-07-01,859574.4375,1127600.0,1130400.0,1099600.0,1124400.0,84
2013-07-02,859879.6875,1128000.0,1144000.0,1105600.0,1129600.0,95
2013-07-03,847682.6875,1112000.0,1140800.0,1096000.0,1138000.0,41
2013-07-05,829082.4375,1087600.0,1120000.0,1085200.0,1094000.0,86
2013-07-08,826033.1875,1083600.0,1095200.0,1069200.0,1069200.0,53
2013-07-09,811092.0,1064000.0,1083200.0,1056800.0,1068800.0,74
2013-07-10,796760.875,1045200.0,1067600.0,1040800.0,1067600.0,73
2013-07-11,748887.875,982400.0,1014000.0,980400.0,1011200.0,80
2013-07-12,739740.375,970400.0,988400.0,968000.0,980800.0,54
2013-07-15,734251.625,963200.0,974800.0,961600.0,967200.0,33
2013-07-16,736996.0625,966800.0,974400.0,958800.0,961200.0,32
2013-07-17,732117.25,960400.0,968000.0,953200.0,958800.0,33
2013-07-18,736386.1875,966000.0,971600.0,952800.0,960800.0,43
2013-07-19,759255.375,996000.0,1004800.0,990800.0,990800.0,54
2013-07-22,753156.8125,988000.0,996800.0,981200.0,986000.0,30
2013-07-23,769622.75,1009600.0,1012000.0,982000.0,982400.0,48
2013-07-24,761999.5,999600.0,1006800.0,978800.0,980000.0,51
2013-07-25,747363.3125,980400.0,1001600.0,977600.0,985600.0,66
2013-07-26,735776.3125,965200.0,997200.0,965200.0,992000.0,48
2013-07-29,738520.5,968800.0,978400.0,958400.0,970400.0,41
2013-07-30,728458.1875,955600.0,965600.0,943200.0,960400.0,70
2013-07-31,724799.1875,950800.0,955200.0,933600.0,950400.0,68
2013-08-01,701930.0,920800.0,933600.0,916800.0,930000.0,51
2013-08-02,689733.0,904800.0,926400.0,904800.0,920400.0,41
2013-08-05,688818.4375,903600.0,911200.0,901200.0,909200.0,29
2013-08-06,701015.125,919600.0,930000.0,904400.0,906400.0,40
2013-08-07,703149.75,922400.0,944000.0,919600.0,925600.0,51
2013-08-08,693392.1875,909600.0,928400.0,904400.0,908800.0,43
2013-08-09,701930.0,920800.0,929200.0,905600.0,912800.0,36
2013-08-12,698270.9375,916000.0,932800.0,910400.0,932800.0,31
2013-08-13,685769.1875,899600.0,931200.0,893600.0,911600.0,61
2013-08-14,693697.1875,910000.0,913600.0,897200.0,901600.0,66
2013-08-15,728153.375,955200.0,963200.0,939600.0,939600.0,78
2013-08-16,729983.0,957600.0,962400.0,942800.0,955600.0,43
2013-08-19,733336.9375,962000.0,962400.0,932800.0,956800.0,66
2013-08-20,723274.4375,948800.0,959200.0,936400.0,957200.0,55
2013-08-21,730897.5625,958800.0,969200.0,934000.0,958000.0,90
2013-08-22,710162.8125,931600.0,948400.0,929200.0,946800.0,35
2013-08-23,695831.5,912800.0,922000.0,908800.0,910400.0,38
2013-08-26,694916.8125,911600.0,916400.0,890000.0,911200.0,59
2013-08-27,736996.0625,966800.0,972800.0,930000.0,942800.0,115
2013-08-28,727848.4375,954800.0,968800.0,942800.0,968800.0,71
2013-08-29,713212.125,935600.0,960000.0,920400.0,955200.0,72
2013-08-30,726018.75,952400.0,962800.0,932800.0,933200.0,77
2013-09-03,714127.0625,936800.0,949600.0,916400.0,928400.0,72
2013-09-04,690343.0625,905600.0,935200.0,902400.0,928800.0,65
2013-09-05,687903.625,902400.0,905600.0,894800.0,904400.0,27
2013-09-06,683939.5625,897200.0,929200.0,884800.0,893600.0,83
2013-09-09,660155.75,866000.0,888400.0,862800.0,888400.0,48
2013-09-10,651008.0,854000.0,863600.0,850800.0,851200.0,47
2013-09-11,654972.0,859200.0,874800.0,858000.0,871200.0,53
2013-09-12,657106.5,862000.0,866400.0,853600.0,860000.0,24
2013-09-13,654972.0,859200.0,872800.0,856800.0,858400.0,24
2013-09-16,660460.8125,866400.0,872000.0,837200.0,838800.0,49
2013-09-17,646739.0625,848400.0,861600.0,845600.0,861600.0,33
2013-09-18,623565.125,818000.0,850400.0,812800.0,845600.0,91
2013-09-19,619296.125,812400.0,816400.0,806400.0,811600.0,49
2013-09-20,625394.75,820400.0,822000.0,804000.0,806400.0,54
2013-09-23,629053.625,825200.0,837200.0,807600.0,810000.0,59
2013-09-24,629053.625,825200.0,833600.0,812000.0,820800.0,51
2013-09-25,634847.25,832800.0,838800.0,820400.0,824800.0,60
2013-09-26,620211.0625,813600.0,824800.0,808800.0,824400.0,56
2013-09-27,622040.5625,816000.0,832400.0,813600.0,826800.0,53
2013-09-30,629663.625,826000.0,850400.0,817200.0,843600.0,68
2013-10-01,608929.0,798800.0,824400.0,797200.0,824400.0,67
2013-10-02,608929.0,798800.0,816800.0,795600.0,814400.0,64
2013-10-03,630273.3125,826800.0,839600.0,796800.0,802800.0,97
2013-10-04,614112.5625,805600.0,829200.0,802400.0,827600.0,56
2013-10-07,629053.625,825200.0,827200.0,807200.0,826800.0,74
2013-10-08,664424.5625,871600.0,873600.0,824400.0,826000.0,137
2013-10-09,672047.8125,881600.0,902400.0,865600.0,867600.0,154
2013-10-10,629358.625,825600.0,853200.0,819600.0,853200.0,131
2013-10-11,614722.3125,806400.0,831600.0,804000.0,830800.0,79
2013-10-14,601001.0625,788400.0,822800.0,788400.0,821200.0,72
2013-10-15,608319.0,798000.0,800800.0,779600.0,790000.0,82
2013-10-16,587279.25,770400.0,788800.0,769600.0,785600.0,91
2013-10-17,577826.6875,758000.0,782800.0,756800.0,780800.0,58
2013-10-18,549774.0625,721200.0,743200.0,720000.0,736400.0,73
2013-10-21,546419.9375,716800.0,722400.0,710400.0,716000.0,52
2013-10-22,543675.625,713200.0,726000.0,700800.0,708800.0,92
2013-10-23,553128.125,725600.0,736000.0,718800.0,724000.0,58
2013-10-24,545810.0,716000.0,727600.0,711200.0,725200.0,47
2013-10-25,534833.0,701600.0,710400.0,690800.0,696400.0,51
2013-10-28,533918.1875,700400.0,709600.0,697200.0,700000.0,46
2013-10-29,531478.625,697200.0,705600.0,691200.0,694400.0,41
2013-10-30,533308.1875,699600.0,708000.0,686000.0,688800.0,73
2013-10-31,535747.6875,702800.0,710800.0,690400.0,703200.0,78
2013-11-01,536052.625,703200.0,713200.0,694000.0,697200.0,52
2013-11-04,533613.0625,700000.0,707600.0,695600.0,695600.0,30
2013-11-05,531173.625,696800.0,714000.0,692400.0,707200.0,52
2013-11-06,532088.625,698000.0,704800.0,687600.0,688800.0,43
2013-11-07,561970.9375,737200.0,738800.0,694400.0,697200.0,99
2013-11-08,539406.75,707600.0,734800.0,707200.0,729600.0,78
2013-11-11,541541.0625,710400.0,717200.0,704400.0,711600.0,35
2013-11-12,539101.75,707200.0,718000.0,704000.0,716400.0,47
2013-11-13,518366.96875,680000.0,721600.0,680000.0,721600.0,74
2013-11-14,515622.84375,676400.0,690800.0,673600.0,686800.0,56
2013-11-15,511658.75,671200.0,680000.0,671200.0,673600.0,41
2013-11-18,526295.0,690400.0,694400.0,668000.0,672000.0,49
2013-11-19,530868.875,696400.0,700000.0,682000.0,691200.0,81
2013-11-20,534833.0,701600.0,708000.0,683600.0,691200.0,65
2013-11-21,518672.0,680400.0,694800.0,678400.0,694000.0,59
2013-11-22,510134.15625,669200.0,678400.0,668800.0,676000.0,41
2013-11-25,506780.09375,664800.0,669600.0,660000.0,661600.0,36
2013-11-26,498852.125,654400.0,668000.0,649200.0,664000.0,50
2013-11-27,487874.875,640000.0,651600.0,639600.0,650000.0,47
2013-11-29,480556.75,630400.0,634400.0,626000.0,633200.0,29
2013-12-02,483910.90625,634800.0,636800.0,623600.0,626800.0,56
2013-12-03,483910.90625,634800.0,643200.0,630800.0,636000.0,64
2013-12-04,482996.0625,633600.0,649600.0,627600.0,643600.0,63
2013-12-05,484825.65625,636000.0,641200.0,630400.0,632000.0,58
2013-12-06,474458.3125,622400.0,631600.0,618400.0,620800.0,50
2013-12-09,469274.6875,615600.0,618000.0,610800.0,615600.0,26
2013-12-10,469579.625,616000.0,619600.0,612800.0,618000.0,29
2013-12-11,487874.875,640000.0,642400.0,614000.0,616800.0,66
2013-12-12,490924.09375,644000.0,646000.0,634400.0,639600.0,48
2013-12-13,493363.53125,647200.0,650800.0,634800.0,635200.0,35
2013-12-16,484825.65625,636000.0,638800.0,625200.0,637200.0,44
2013-12-17,487265.03125,639200.0,644000.0,632400.0,635600.0,39
2013-12-18,470494.4375,617200.0,665200.0,616000.0,639200.0,101
2013-12-19,474763.28125,622800.0,630800.0,620800.0,621600.0,39
2013-12-20,460431.90625,604000.0,620400.0,600000.0,620400.0,57
2013-12-23,446100.59375,585200.0,594800.0,585200.0,589200.0,52
2013-12-24,444881.0625,583600.0,587600.0,583200.0,584400.0,20
2013-12-26,441221.78125,578800.0,584400.0,577200.0,581600.0,21
2013-12-27,444271.125,582800.0,584800.0,575200.0,576000.0,46
2013-12-30,445795.6875,584800.0,590000.0,582800.0,585200.0,25
2013-12-31,437562.875,574000.0,582800.0,574000.0,581600.0,33
2014-01-02,447625.1875,587200.0,592000.0,581200.0,581200.0,58
2014-01-03,457382.8125,600000.0,600400.0,585600.0,586800.0,39
2014-01-06,462261.40625,606400.0,613200.0,597600.0,600000.0,35
2014-01-07,449454.78125,589600.0,601600.0,587200.0,598000.0,53
2014-01-08,446100.59375,585200.0,593200.0,581200.0,590400.0,59
2014-01-09,451589.15625,592400.0,598000.0,579200.0,579200.0,58
2014-01-10,446405.5625,585600.0,600800.0,584000.0,588000.0,46
2014-01-13,466225.53125,611600.0,618800.0,582400.0,589200.0,60
2014-01-14,440307.09375,577600.0,605600.0,575600.0,605600.0,93
2014-01-15,429025.03125,562800.0,571200.0,559200.0,570000.0,72
2014-01-16,428110.21875,561600.0,566400.0,560000.0,564400.0,46
2014-01-17,436343.09375,572400.0,576000.0,562400.0,566800.0,50
2014-01-21,425975.6875,558800.0,573200.0,558000.0,561200.0,54
2014-01-22,422316.71875,554000.0,559600.0,550800.0,555200.0,49
2014-01-23,427500.34375,560800.0,571600.0,559200.0,559200.0,76
2014-01-24,452808.90625,594000.0,594000.0,566000.0,566400.0,252
2014-01-27,465082.09375,610100.0,623500.0,589900.0,592800.0,288
2014-01-28,465691.84375,610900.0,622700.0,609500.0,619200.0,147
2014-01-29,481319.09375,631400.0,634600.0,613900.0,626700.0,217
2014-01-30,455629.5,597700.0,609800.0,589700.0,607400.0,162
2014-01-31,458145.0625,601000.0,617500.0,592300.0,615900.0,183
2014-02-03,489704.5,642400.0,646900.0,596000.0,604000.0,366
2014-02-04,477507.53125,626400.0,638200.0,620500.0,632200.0,169
2014-02-05,482615.03125,633100.0,653900.0,626100.0,634000.0,219
2014-02-06,463786.09375,608400.0,627600.0,606500.0,627200.0,141
2014-02-07,439011.1875,575900.0,603500.0,574800.0,598200.0,355
2014-02-10,431388.15625,565900.0,577500.0,565400.0,576900.0,175
2014-02-11,416751.875,546700.0,564200.0,543400.0,563000.0,278
2014-02-12,414388.71875,543600.0,548400.0,539800.0,543300.0,365
2014-02-13,404936.15625,531200.0,555400.0,530200.0,555300.0,455
2014-02-14,402649.1875,528200.0,536500.0,524500.0,532300.0,279
2014-02-18,396932.03125,520700.0,529300.0,517500.0,525500.0,301
2014-02-19,404631.15625,530800.0,534200.0,519700.0,523500.0,534
2014-02-20,398990.15625,523400.0,536800.0,520500.0,529900.0,458
2014-02-21,401277.09375,526400.0,527500.0,516500.0,518800.0,291
2014-02-24,393501.59375,516200.0,523700.0,510000.0,522800.0,469
2014-02-25,395559.78125,518900.0,523800.0,511800.0,515300.0,591
2014-02-26,396550.84375,520200.0,526400.0,509800.0,514100.0,659
2014-02-27,388851.5625,510100.0,522200.0,508700.0,520100.0,416
2014-02-28,389995.03125,511600.0,525300.0,501300.0,510400.0,808
2014-03-03,398456.625,522700.0,536600.0,519000.0,526600.0,730
2014-03-04,383515.40625,503100.0,507300.0,500000.0,506000.0,530
2014-03-05,380008.875,498500.0,503600.0,496200.0,500400.0,406
2014-03-06,381228.5,500100.0,505400.0,494300.0,495500.0,511
2014-03-07,386793.3125,507400.0,514900.0,493800.0,495200.0,607
2014-03-10,385802.3125,506100.0,515900.0,505200.0,508300.0,368
2014-03-11,390681.09375,512500.0,516900.0,498500.0,502400.0,595
2014-03-12,386183.46875,506600.0,525200.0,506000.0,519400.0,432
2014-03-13,402801.71875,528400.0,535000.0,500600.0,500900.0,696
2014-03-14,411034.625,539200.0,539600.0,526400.0,533700.0,471
2014-03-17,399904.9375,524600.0,529100.0,516300.0,528900.0,296
2014-03-18,385268.71875,505400.0,523200.0,504100.0,522900.0,461
2014-03-19,391672.03125,513800.0,523800.0,501000.0,505100.0,472
2014-03-20,388394.1875,509500.0,521700.0,505000.0,518600.0,328
2014-03-21,402573.0625,528100.0,530700.0,500100.0,501400.0,518
2014-03-24,412635.53125,541300.0,555900.0,521200.0,522000.0,335
2014-03-25,408900.125,536400.0,549800.0,522900.0,533300.0,618
2014-03-26,424756.03125,557200.0,557300.0,524900.0,528200.0,647
2014-03-27,431998.0,566700.0,575700.0,551900.0,559500.0,670
2014-03-28,429025.03125,562800.0,567800.0,544500.0,561300.0,660
2014-03-31,420106.0625,551100.0,551900.0,539800.0,550100.0,546
2014-04-01,397846.75,521900.0,543400.0,521200.0,542900.0,643
2014-04-02,394721.28125,517800.0,525100.0,513900.0,515600.0,460
2014-04-03,404097.53125,530100.0,539000.0,514000.0,516400.0,318
2014-04-04,437105.46875,573400.0,576700.0,518200.0,520300.0,763
2014-04-07,448463.78125,588300.0,600700.0,567600.0,583100.0,663
2014-04-08,436495.65625,572600.0,593200.0,570400.0,587000.0,499
2014-04-09,414007.5625,543100.0,570800.0,542200.0,566100.0,563
2014-04-10,452122.71875,593100.0,598000.0,542100.0,542400.0,848
2014-04-11,468436.09375,614500.0,618400.0,586500.0,609300.0,1079
2014-04-14,457077.8125,599600.0,617100.0,590000.0,598700.0,927
2014-04-15,452885.0625,594100.0,631600.0,583700.0,593600.0,1142
2014-04-16,435047.1875,570700.0,593000.0,570300.0,579900.0,464
2014-04-17,434208.65625,569600.0,580900.0,561400.0,575700.0,514
2014-04-21,424832.3125,557300.0,573600.0,557100.0,565500.0,400
2014-04-22,414312.53125,543500.0,554100.0,539900.0,551000.0,394
2014-04-23,425365.96875,558000.0,558800.0,543400.0,543400.0,547
2014-04-24,413169.09375,542000.0,560300.0,530300.0,530300.0,685
2014-04-25,432836.5625,567800.0,571800.0,549800.0,551800.0,723
2014-04-28,428339.03125,561900.0,589300.0,550000.0,560300.0,1227
2014-04-29,418505.125,549000.0,565500.0,546100.0,556900.0,646
2014-04-30,414846.125,544200.0,560700.0,543200.0,555900.0,666
2014-05-01,411187.125,539400.0,546100.0,530700.0,541800.0,594
2014-05-02,413473.96875,542400.0,546400.0,531200.0,534500.0,548
2014-05-05,407299.28125,534300.0,556100.0,534000.0,552200.0,424
2014-05-06,422697.84375,554500.0,555400.0,535700.0,536600.0,508
2014-05-07,426661.90625,559700.0,579100.0,549500.0,550600.0,767
2014-05-08,428034.03125,561500.0,569300.0,541100.0,565000.0,676
2014-05-09,422926.53125,554800.0,573500.0,553800.0,562600.0,561
2014-05-12,402268.09375,527700.0,546400.0,527100.0,544900.0,483
2014-05-13,401353.375,526500.0,529600.0,520500.0,525800.0,352
2014-05-14,407528.0625,534600.0,538200.0,525200.0,530900.0,322
2014-05-15,416828.125,546800.0,557200.0,532200.0,535000.0,577
2014-05-16,408976.40625,536500.0,556500.0,535400.0,545600.0,326
2014-05-19,400209.84375,525000.0,544000.0,522800.0,540800.0,284
2014-05-20,404631.15625,530800.0,537200.0,520200.0,526000.0,390
2014-05-21,393272.96875,515900.0,528700.0,515000.0,527900.0,380
2014-05-22,388013.03125,509000.0,516200.0,504500.0,514200.0,263
2014-05-23,379246.5625,497500.0,510600.0,497400.0,507400.0,236
2014-05-27,364610.28125,478300.0,492100.0,478300.0,490800.0,296
2014-05-28,368345.5625,483200.0,484500.0,477500.0,479800.0,285
2014-05-29,361484.8125,474200.0,481000.0,473900.0,478100.0,245
2014-05-30,361256.1875,473900.0,481300.0,471700.0,473700.0,293
2014-06-02,362170.90625,475100.0,484200.0,471900.0,472100.0,186
2014-06-03,362628.25,475700.0,481600.0,473500.0,480000.0,175
2014-06-04,358588.125,470400.0,481500.0,468300.0,479600.0,279
2014-06-05,349592.84375,458600.0,474000.0,456100.0,469400.0,397
2014-06-06,343570.65625,450700.0,456200.0,450700.0,453400.0,252
2014-06-09,344485.40625,451900.0,455400.0,448300.0,450200.0,204
2014-06-10,342808.34375,449700.0,454400.0,448700.0,453000.0,158
2014-06-11,342884.59375,449800.0,455100.0,447800.0,453900.0,283
2014-06-12,351803.5625,461500.0,466600.0,451000.0,452400.0,396
2014-06-13,348983.09375,457800.0,463700.0,454300.0,455700.0,323
2014-06-16,347992.03125,456500.0,462900.0,452500.0,459800.0,327
2014-06-17,347305.9375,455600.0,459800.0,452100.0,457100.0,323
2014-06-18,341207.53125,447600.0,462100.0,446200.0,454300.0,390
2014-06-19,342046.09375,448700.0,454900.0,445200.0,446300.0,244
2014-06-20,341131.28125,447500.0,450900.0,446000.0,448400.0,187
2014-06-23,340597.65625,446800.0,450800.0,446700.0,447900.0,191
2014-06-24,342198.53125,448900.0,452100.0,435900.0,447100.0,518
2014-06-25,335032.8125,439500.0,451500.0,437400.0,451500.0,436
2014-06-26,334651.65625,439000.0,449100.0,438700.0,439000.0,350
2014-06-27,330077.875,433000.0,441100.0,433000.0,441100.0,211
2014-06-30,328629.53125,431100.0,434300.0,427600.0,433600.0,187
2014-07-01,317423.625,416400.0,426900.0,413300.0,426900.0,291
2014-07-02,316127.71875,414700.0,417100.0,412800.0,415800.0,186
2014-07-03,310257.84375,407000.0,413900.0,407000.0,410600.0,139
2014-07-07,313002.1875,410600.0,412600.0,406600.0,408400.0,238
2014-07-08,323903.21875,424900.0,430200.0,411900.0,412600.0,468
2014-07-09,316890.0,415700.0,425500.0,414400.0,421600.0,379
2014-07-10,319862.96875,419600.0,433100.0,414600.0,431400.0,376
2014-07-11,313917.0625,411800.0,420200.0,411600.0,416800.0,260
2014-07-14,307818.65625,403800.0,408100.0,401400.0,406200.0,290
2014-07-15,311172.78125,408200.0,416900.0,400500.0,402100.0,323
2014-07-16,307437.40625,403300.0,404700.0,398200.0,399600.0,247
2014-07-17,319786.71875,419500.0,423200.0,402300.0,406500.0,362
2014-07-18,304616.875,399600.0,414400.0,398800.0,412300.0,492
2014-07-21,305684.15625,401000.0,406300.0,399000.0,402000.0,394
2014-07-22,299433.15625,392800.0,396400.0,391400.0,395000.0,373
2014-07-23,293944.625,385600.0,391200.0,384300.0,389200.0,382
2014-07-24,294783.1875,386700.0,388600.0,382300.0,383400.0,241
2014-07-25,298442.25,391500.0,397300.0,389800.0,392500.0,262
2014-07-28,297984.8125,390900.0,400000.0,388000.0,390300.0,237
2014-07-29,299509.4375,392900.0,394000.0,385800.0,388800.0,294
2014-07-30,295926.65625,388200.0,393000.0,384200.0,386600.0,317
2014-07-31,313917.0625,411800.0,413500.0,396100.0,397700.0,468
2014-08-01,317423.625,416400.0,424500.0,407600.0,414500.0,518
2014-08-04,310867.8125,407800.0,418300.0,402900.0,413200.0,559
2014-08-05,317880.9375,417000.0,422800.0,409200.0,412600.0,524
2014-08-06,318490.84375,417800.0,426100.0,410400.0,425000.0,478
2014-08-07,321768.71875,422100.0,426500.0,410000.0,412700.0,339
2014-08-08,314755.59375,412900.0,425400.0,411400.0,419700.0,365
2014-08-11,308885.84375,405200.0,408800.0,401700.0,408200.0,324
2014-08-12,309495.625,406000.0,412100.0,402900.0,406600.0,301
2014-08-13,299585.71875,393000.0,401700.0,392600.0,400900.0,469
2014-08-14,294935.625,386900.0,393100.0,386800.0,391800.0,332
2014-08-15,290742.90625,381400.0,392300.0,378700.0,380700.0,600
2014-08-18,283958.5,372500.0,376900.0,371500.0,375600.0,229
2014-08-19,278850.96875,365800.0,370400.0,365600.0,369600.0,273
2014-08-20,278927.25,365900.0,367900.0,363900.0,367200.0,255
2014-08-21,277631.34375,364200.0,367300.0,363600.0,365300.0,179
2014-08-22,276259.15625,362400.0,365900.0,360100.0,363800.0,361
2014-08-25,273286.125,358500.0,360900.0,355300.0,357100.0,201
2014-08-26,272142.6875,357000.0,359600.0,356000.0,356700.0,151
2014-08-27,272142.6875,357000.0,359300.0,355800.0,357300.0,178
2014-08-28,273209.96875,358400.0,361800.0,357100.0,360300.0,172
2014-08-29,269932.0,354100.0,359800.0,354100.0,355900.0,153
2014-09-02,267645.15625,351100.0,355500.0,350900.0,351800.0,230
2014-09-03,272218.9375,357100.0,359200.0,348300.0,348300.0,255
2014-09-04,273057.5,358200.0,360900.0,349300.0,354500.0,393
2014-09-05,268788.59375,352600.0,362000.0,352200.0,356600.0,327
2014-09-08,267264.0,350600.0,355600.0,348200.0,352800.0,286
2014-09-09,273896.0625,359300.0,361400.0,346800.0,351100.0,385
2014-09-10,267187.78125,350500.0,361100.0,350300.0,358300.0,417
2014-09-11,267721.34375,351200.0,359100.0,350900.0,355000.0,323
2014-09-12,271837.8125,356600.0,360000.0,352100.0,352500.0,302
2014-09-15,279842.0,367100.0,370200.0,355500.0,355600.0,442
2014-09-16,272600.15625,357600.0,372400.0,355500.0,371000.0,425
2014-09-17,271227.875,355800.0,362200.0,350800.0,357500.0,341
2014-09-18,265205.78125,347900.0,353600.0,347800.0,352600.0,232
2014-09-19,265739.3125,348600.0,352500.0,343400.0,343500.0,305
2014-09-22,272905.0,358000.0,362500.0,350800.0,351300.0,388
2014-09-23,275115.75,360900.0,363100.0,356200.0,362300.0,378
2014-09-24,266730.3125,349900.0,363600.0,349000.0,360200.0,502
2014-09-25,283043.71875,371300.0,371700.0,351600.0,352600.0,701
2014-09-26,273819.78125,359200.0,369600.0,357600.0,368000.0,429
2014-09-29,274887.03125,360600.0,370800.0,358000.0,370300.0,447
2014-09-30,273743.59375,359100.0,364400.0,353800.0,357500.0,483
2014-10-01,287007.71875,376500.0,379900.0,361400.0,362400.0,693
2014-10-02,287236.34375,376800.0,390800.0,373200.0,377100.0,733
2014-10-03,278622.28125,365500.0,373900.0,360800.0,369700.0,550
2014-10-06,280146.9375,367500.0,371100.0,359300.0,362500.0,488
2014-10-07,292115.125,383200.0,383500.0,369700.0,372800.0,551
2014-10-08,275191.96875,361000.0,389500.0,357500.0,382600.0,778
2014-10-09,288379.8125,378300.0,379900.0,359600.0,362000.0,800
2014-10-10,309953.03125,406600.0,406700.0,378400.0,385000.0,910
2014-10-13,324131.9375,425200.0,426700.0,399400.0,408800.0,740
2014-10-14,324436.78125,425600.0,429100.0,409000.0,417100.0,937
2014-10-15,330687.6875,433800.0,463000.0,428400.0,445000.0,967
2014-10-16,336862.4375,441900.0,461500.0,430800.0,460900.0,740
2014-10-17,323750.75,424700.0,432200.0,411800.0,424600.0,1072
2014-10-20,309190.6875,405600.0,427000.0,404300.0,424800.0,548
2014-10-21,284720.65625,373500.0,393300.0,373400.0,390400.0,867
2014-10-22,289294.59375,379500.0,379900.0,368400.0,370200.0,564
2014-10-23,275649.28125,361600.0,369600.0,355700.0,368000.0,777
2014-10-24,269322.15625,353300.0,364000.0,352400.0,359800.0,502
2014-10-27,268483.59375,352200.0,359400.0,350400.0,355100.0,399
2014-10-28,256591.6875,336600.0,348100.0,336200.0,347900.0,434
2014-10-29,259336.0,340200.0,347200.0,337100.0,339900.0,500
2014-10-30,257430.265625,337700.0,346900.0,335600.0,344800.0,489
2014-10-31,246986.640625,324000.0,327300.0,320500.0,321300.0,465
2014-11-03,244623.59375,320900.0,323600.0,318500.0,322400.0,373
2014-11-04,247139.109375,324200.0,330800.0,321800.0,324400.0,405
2014-11-05,246910.421875,323900.0,327600.0,317800.0,318100.0,404
2014-11-06,244776.03125,321100.0,328400.0,320900.0,324500.0,460
2014-11-07,245462.046875,322000.0,326900.0,318800.0,319300.0,293
2014-11-10,242794.0,318500.0,324000.0,317300.0,321600.0,387
2014-11-11,240430.890625,315400.0,320900.0,315400.0,318400.0,284
2014-11-12,239211.203125,313800.0,319400.0,312800.0,319400.0,370
2014-11-13,236238.171875,309900.0,314200.0,306300.0,312100.0,658
2014-11-14,233951.28125,306900.0,313100.0,306900.0,310200.0,390
2014-11-17,236161.890625,309800.0,314000.0,307000.0,309200.0,293
2014-11-18,230749.59375,302700.0,308800.0,301500.0,308800.0,425
2014-11-19,233722.640625,306600.0,310800.0,303600.0,303600.0,475
2014-11-20,230673.296875,302600.0,311400.0,301900.0,310600.0,377
2014-11-21,229225.0,300700.0,303600.0,293700.0,294600.0,360
2014-11-24,223660.15625,293400.0,299100.0,293400.0,298300.0,436
2014-11-25,222821.625,292300.0,294600.0,289900.0,292300.0,331
2014-11-26,218400.28125,286500.0,292300.0,286100.0,291500.0,470
2014-11-28,215274.8125,282400.0,284800.0,280700.0,284200.0,261
2014-12-01,222745.46875,292200.0,295300.0,283400.0,284800.0,415
2014-12-02,220001.09375,288600.0,293200.0,287200.0,291400.0,319
2014-12-03,218781.4375,287000.0,292500.0,286000.0,287500.0,284
2014-12-04,219315.015625,287700.0,291100.0,284200.0,288000.0,401
2014-12-05,219086.3125,287400.0,289300.0,284800.0,286200.0,266
2014-12-08,224041.34375,293900.0,298000.0,285900.0,289700.0,467
2014-12-09,221449.484375,290500.0,306900.0,290200.0,304000.0,666
2014-12-10,232197.921875,304600.0,306000.0,290200.0,292300.0,476
2014-12-11,228843.828125,300200.0,302000.0,289200.0,301900.0,700
2014-12-12,236238.171875,309900.0,309900.0,298500.0,308900.0,564
2014-12-15,243556.359375,319500.0,322200.0,301600.0,305200.0,925
2014-12-16,255371.984375,335000.0,335000.0,311500.0,325700.0,933
2014-12-17,242107.921875,317600.0,335600.0,313700.0,334200.0,913
2014-12-18,223888.859375,293700.0,305600.0,293400.0,302900.0,819
2014-12-19,221068.28125,290000.0,294700.0,286200.0,292300.0,428
2014-12-22,219391.21875,287800.0,291600.0,287300.0,291100.0,308
2014-12-23,221525.671875,290600.0,291700.0,284000.0,284400.0,243
2014-12-24,220992.140625,289900.0,290000.0,286500.0,289100.0,91
2014-12-26,216342.078125,283800.0,287500.0,281800.0,287300.0,150
2014-12-29,216494.53125,284000.0,285100.0,282100.0,284600.0,185
2014-12-30,220610.890625,289400.0,290700.0,284400.0,286500.0,227
2014-12-31,227471.703125,298400.0,299700.0,284700.0,288400.0,317
2015-01-02,228920.0625,300300.0,305400.0,290200.0,294200.0,426
2015-01-05,240202.125,315100.0,316800.0,304000.0,305100.0,375
2015-01-06,249044.890625,326700.0,331100.0,311300.0,313000.0,553
2015-01-07,239821.015625,314600.0,322800.0,312100.0,320500.0,297
2015-01-08,225794.578125,296200.0,307300.0,294500.0,306000.0,463
2015-01-09,230215.953125,302000.0,307100.0,293200.0,293700.0,473
2015-01-12,237457.828125,311500.0,314000.0,299600.0,300100.0,450
2015-01-13,237610.28125,311700.0,319300.0,292800.0,302500.0,755
2015-01-14,241650.5625,317000.0,325200.0,312300.0,321300.0,652
2015-01-15,251103.140625,329400.0,330500.0,311000.0,312800.0,624
2015-01-16,242260.375,317800.0,332400.0,316400.0,330800.0,504
2015-01-20,236390.6875,310100.0,322600.0,307600.0,311700.0,359
2015-01-21,232655.328125,305200.0,316100.0,301100.0,312800.0,518
2015-01-22,219924.84375,288500.0,309900.0,287500.0,301800.0,651
2015-01-23,218628.859375,286800.0,290900.0,284000.0,288400.0,407
2015-01-26,219086.3125,287400.0,291800.0,285900.0,287400.0,301
2015-01-27,236009.46875,309600.0,312500.0,300400.0,300700.0,547
2015-01-28,239744.78125,314500.0,314700.0,294000.0,294900.0,601
2015-01-29,232960.265625,305600.0,323600.0,303900.0,315300.0,590
2015-01-30,238448.828125,312800.0,313800.0,299300.0,306300.0,503
2015-02-02,232274.265625,304700.0,325200.0,303600.0,310700.0,449
2015-02-03,225260.953125,295500.0,307100.0,295100.0,301600.0,495
2015-02-04,226023.28125,296500.0,301400.0,290700.0,299400.0,464
2015-02-05,220382.234375,289100.0,296400.0,288200.0,294300.0,309
2015-02-06,224193.703125,294100.0,297100.0,285500.0,287200.0,432
2015-02-09,226404.453125,297000.0,298800.0,292700.0,297400.0,286
2015-02-10,215579.75,282800.0,293300.0,281800.0,291800.0,398
2015-02-11,213292.796875,279800.0,283600.0,277900.0,282100.0,535
2015-02-12,205898.4375,270100.0,275600.0,269800.0,274600.0,519
2015-02-13,200486.109375,263000.0,269200.0,262900.0,268000.0,477
2015-02-17,199952.46875,262300.0,265000.0,261800.0,263200.0,220
2015-02-18,199266.421875,261400.0,264400.0,260900.0,263400.0,215
2015-02-19,196217.1875,257400.0,262000.0,256800.0,261800.0,376
2015-02-20,192329.453125,252300.0,260200.0,251700.0,258100.0,285
2015-02-23,191567.109375,251300.0,254200.0,251200.0,252500.0,236
2015-02-24,191109.71875,250700.0,254400.0,249900.0,252300.0,294
2015-02-25,192634.359375,252700.0,254300.0,249100.0,252100.0,298
2015-02-26,189661.390625,248800.0,254000.0,248500.0,251900.0,315
2015-02-27,192100.734375,252000.0,253300.0,248700.0,249200.0,233
2015-03-02,186917.0625,245200.0,250700.0,245000.0,250700.0,295
2015-03-03,189508.921875,248600.0,253300.0,246800.0,247400.0,262
2015-03-04,191567.109375,251300.0,255600.0,250100.0,251100.0,272
2015-03-05,190804.796875,250300.0,253300.0,248100.0,249500.0,275
2015-03-06,197513.078125,259100.0,260600.0,249800.0,251200.0,350
2015-03-09,195683.578125,256700.0,260400.0,254600.0,257300.0,305
2015-03-10,206355.828125,270700.0,270700.0,261800.0,262000.0,572
2015-03-11,210091.140625,275600.0,275700.0,268600.0,269500.0,354
2015-03-12,205746.0,269900.0,276500.0,269000.0,276100.0,421
2015-03-13,208414.0625,273400.0,278400.0,267500.0,270700.0,563
2015-03-16,200486.109375,263000.0,271200.0,262500.0,270300.0,366
2015-03-17,199418.859375,261600.0,266700.0,260400.0,265100.0,243
2015-03-18,193244.1875,253500.0,267700.0,250300.0,263800.0,548
2015-03-19,192558.109375,252600.0,254200.0,250700.0,253000.0,427
2015-03-20,188365.46875,247100.0,247800.0,244100.0,246500.0,530
2015-03-23,189966.3125,249200.0,249300.0,246100.0,248100.0,358
2015-03-24,191948.28125,251800.0,252000.0,245800.0,249200.0,278
2015-03-25,205288.65625,269300.0,269500.0,250200.0,250700.0,499
2015-03-26,207423.0625,272100.0,278500.0,267400.0,275700.0,596
2015-03-27,204831.21875,268700.0,273300.0,266700.0,271900.0,274
2015-03-30,197589.34375,259200.0,263600.0,258800.0,263600.0,290
2015-03-31,203992.734375,267600.0,267800.0,260100.0,261600.0,294
2015-04-01,207118.15625,271700.0,277000.0,267600.0,267700.0,450
2015-04-02,206660.765625,271100.0,273900.0,268800.0,271100.0,306
2015-04-06,201858.25,264800.0,277400.0,262400.0,276100.0,355
2015-04-07,202773.0,266000.0,266000.0,259200.0,265200.0,322
2015-04-08,197970.484375,259700.0,265800.0,258500.0,265700.0,475
2015-04-09,194235.171875,254800.0,262700.0,254500.0,259700.0,326
2015-04-10,191795.828125,251600.0,256700.0,251500.0,255100.0,261
2015-04-13,193320.421875,253600.0,254300.0,247300.0,251000.0,506
2015-04-14,194997.515625,255800.0,259900.0,252100.0,253800.0,390
2015-04-15,191338.453125,251000.0,254600.0,249300.0,253500.0,393
2015-04-16,192024.46875,251900.0,254000.0,250600.0,252800.0,314
2015-04-17,200791.0,263400.0,266900.0,257100.0,259200.0,549
2015-04-20,191948.28125,251800.0,260000.0,250500.0,259800.0,360
2015-04-21,189432.625,248500.0,249500.0,246300.0,247500.0,475
2015-04-22,186535.921875,244700.0,251400.0,243400.0,246700.0,617
2015-04-23,184325.234375,241800.0,247100.0,238500.0,247000.0,736
2015-04-24,176930.859375,232100.0,235300.0,231000.0,234300.0,759
2015-04-27,178074.359375,233600.0,235100.0,228000.0,229300.0,455
2015-04-28,179217.796875,235100.0,240900.0,231900.0,233200.0,595
2015-04-29,182495.75,239400.0,243300.0,234900.0,239000.0,816
2015-04-30,191186.0,250800.0,254400.0,240600.0,243500.0,798
2015-05-01,183486.6875,240700.0,247900.0,240400.0,247600.0,675
2015-05-04,182724.390625,239700.0,240000.0,235200.0,238400.0,586
2015-05-05,191414.671875,251100.0,251600.0,241100.0,242500.0,725
2015-05-06,195454.90625,256400.0,261500.0,247900.0,250200.0,770
2015-05-07,191872.015625,251700.0,257100.0,249700.0,256600.0,473
2015-05-08,184935.09375,242600.0,245300.0,240800.0,243900.0,578
2015-05-11,186993.359375,245300.0,245700.0,240600.0,242100.0,477
2015-05-12,189661.390625,248800.0,255200.0,244900.0,249800.0,664
2015-05-13,188365.46875,247100.0,248200.0,241500.0,245400.0,505
2015-05-14,180132.5625,236300.0,243800.0,235600.0,241000.0,714
2015-05-15,179827.640625,235900.0,237900.0,233400.0,234100.0,360
2015-05-18,177845.625,233300.0,237800.0,231700.0,237300.0,322
2015-05-19,178379.28125,234000.0,235000.0,231200.0,232400.0,381
2015-05-20,177921.84375,233400.0,237100.0,229300.0,233500.0,384
2015-05-21,174948.859375,229500.0,235700.0,228800.0,234700.0,316
2015-05-22,175634.96875,230400.0,230900.0,228000.0,230700.0,337
2015-05-26,181809.625,238500.0,241000.0,231000.0,231900.0,798
2015-05-27,172814.453125,226700.0,237700.0,226100.0,236300.0,981
2015-05-28,173957.875,228200.0,230400.0,226500.0,228200.0,448
2015-05-29,177083.34375,232300.0,233900.0,227800.0,229000.0,856
2015-06-01,175482.5,230200.0,235800.0,228100.0,228700.0,696
2015-06-02,177159.578125,232400.0,235900.0,228800.0,232800.0,687
2015-06-03,175634.96875,230400.0,231800.0,227500.0,228900.0,627
2015-06-04,179370.265625,235300.0,237500.0,229700.0,234000.0,692
2015-06-05,180589.953125,236900.0,241400.0,234500.0,236400.0,508
2015-06-08,186231.015625,244300.0,245600.0,236900.0,237500.0,429
2015-06-09,187069.515625,245400.0,251000.0,242900.0,246000.0,462
2015-06-10,179598.9375,235600.0,243900.0,233300.0,243100.0,389
2015-06-11,178607.9375,234300.0,235700.0,231200.0,232900.0,443
2015-06-12,182953.0625,240000.0,241100.0,236700.0,238100.0,445
2015-06-15,185544.90625,243400.0,249600.0,242600.0,245500.0,1027
2015-06-16,182953.0625,240000.0,244800.0,238600.0,244700.0,471
2015-06-17,181199.796875,237700.0,242200.0,235500.0,238600.0,556
2015-06-18,173805.390625,228000.0,235600.0,226300.0,235500.0,977
2015-06-19,176244.796875,231200.0,231200.0,226600.0,227000.0,494
2015-06-22,172204.609375,225900.0,227300.0,223600.0,225600.0,441
2015-06-23,171518.515625,225000.0,227900.0,224500.0,224900.0,413
2015-06-24,174186.578125,228500.0,228700.0,223100.0,225800.0,426
2015-06-25,175330.015625,230000.0,231000.0,225200.0,225900.0,550
2015-06-26,178531.765625,234200.0,237000.0,228600.0,230000.0,909
2015-06-29,191109.71875,250700.0,251400.0,238300.0,242400.0,953
2015-06-30,188975.3125,247900.0,250800.0,243900.0,245400.0,869
2015-07-01,185011.328125,242700.0,246000.0,239600.0,241100.0,598
2015-07-02,184477.671875,242000.0,244500.0,239900.0,240400.0,555
2015-07-06,185773.625,243700.0,248400.0,239900.0,247300.0,689
2015-07-07,184477.671875,242000.0,256700.0,241500.0,243000.0,1036
2015-07-08,194387.640625,255000.0,256200.0,246500.0,247600.0,895
2015-07-09,194768.78125,255500.0,255500.0,243900.0,244500.0,759
2015-07-10,185773.625,243700.0,247900.0,240700.0,245100.0,683
2015-07-13,175939.921875,230800.0,237200.0,230100.0,237100.0,759
2015-07-14,172433.25,226200.0,230100.0,224300.0,230000.0,453
2015-07-15,171899.6875,225500.0,227400.0,222800.0,224900.0,592
2015-07-16,164734.03125,216100.0,221200.0,215800.0,219900.0,816
2015-07-17,157492.125,206600.0,211600.0,206400.0,210800.0,795
2015-07-20,155662.59375,204200.0,206900.0,201900.0,205300.0,836
2015-07-21,156119.96875,204800.0,206300.0,203000.0,204000.0,599
2015-07-22,160998.71875,211200.0,214100.0,208500.0,214100.0,646
2015-07-23,162980.71875,213800.0,215400.0,208800.0,210700.0,505
2015-07-24,167783.1875,220100.0,221000.0,210000.0,210400.0,685
2015-07-27,171823.453125,225400.0,226800.0,221000.0,224100.0,832
2015-07-28,167325.828125,219500.0,227900.0,218300.0,222300.0,1003
2015-07-29,165267.65625,216800.0,220800.0,215700.0,218300.0,550
2015-07-30,163209.40625,214100.0,222400.0,213000.0,218700.0,720
2015-07-31,163743.0,214800.0,216200.0,211700.0,212100.0,537
2015-08-03,165038.9375,216500.0,221100.0,212900.0,214700.0,556
2015-08-04,166334.828125,218200.0,220700.0,216000.0,217100.0,608
2015-08-05,162447.109375,213100.0,215100.0,208700.0,214300.0,1017
2015-08-06,169993.875,223000.0,226000.0,211600.0,212600.0,763
2015-08-07,170984.890625,224300.0,229600.0,222500.0,225000.0,713
2015-08-10,164886.46875,216300.0,219600.0,214800.0,219600.0,440
2015-08-11,171137.390625,224500.0,228300.0,217300.0,219800.0,548
2015-08-12,169536.53125,222400.0,236400.0,221000.0,229300.0,771
2015-08-13,170451.3125,223600.0,224900.0,218500.0,221600.0,556
2015-08-14,169460.3125,222300.0,226400.0,221500.0,225100.0,696
2015-08-17,165420.09375,217000.0,225600.0,216700.0,223900.0,577
2015-08-18,167706.96875,220000.0,221000.0,217100.0,217800.0,408
2015-08-19,170908.671875,224200.0,228300.0,218700.0,222200.0,781
2015-08-20,185468.671875,243300.0,243300.0,228600.0,230700.0,922
2015-08-21,209023.953125,274200.0,274200.0,247400.0,253800.0,1908
2015-08-24,234103.78125,307100.0,450000.0,274200.0,357900.0,2464
2015-08-25,237076.6875,311000.0,311700.0,267400.0,273300.0,1535
2015-08-26,201095.984375,263800.0,302700.0,261700.0,283300.0,1781
2015-08-27,185697.390625,243600.0,261600.0,243100.0,251600.0,1520
2015-08-28,186002.28125,244000.0,248900.0,241000.0,247400.0,1182
2015-08-31,192863.0625,253000.0,254500.0,243800.0,247800.0,1024
2015-09-01,210777.265625,276500.0,279400.0,260100.0,271600.0,1601
2015-09-02,193396.65625,253700.0,271100.0,253100.0,261400.0,1266
2015-09-03,196140.984375,257300.0,259000.0,245000.0,250000.0,1023
2015-09-04,202620.546875,265800.0,270400.0,261000.0,267100.0,1167
2015-09-08,185544.90625,243400.0,254000.0,242600.0,250800.0,1157
2015-09-09,192024.46875,251900.0,253600.0,234700.0,234800.0,1302
2015-09-10,185926.0625,243900.0,253400.0,238500.0,252600.0,1422
2015-09-11,182495.75,239400.0,248900.0,239400.0,246900.0,920
2015-09-14,184325.234375,241800.0,244300.0,236600.0,236600.0,545
2015-09-15,177540.703125,232900.0,242400.0,230800.0,239500.0,944
2015-09-16,174872.65625,229400.0,235300.0,228400.0,233000.0,1031
2015-09-17,174262.828125,228600.0,231800.0,218500.0,229800.0,1253
2015-09-18,181580.953125,238200.0,239700.0,230500.0,239200.0,984
2015-09-21,180208.796875,236400.0,242700.0,230400.0,234700.0,1059
2015-09-22,188060.546875,246700.0,253300.0,244700.0,247400.0,767
2015-09-23,188212.96875,246900.0,250200.0,243000.0,245100.0,693
2015-09-24,189508.921875,248600.0,259800.0,246300.0,253500.0,1001
2015-09-25,194692.546875,255400.0,259900.0,240200.0,240600.0,1036
2015-09-28,211691.984375,277700.0,279300.0,258200.0,258700.0,1156
2015-09-29,214207.5625,281000.0,287500.0,266600.0,275200.0,1392
2015-09-30,200257.375,262700.0,272800.0,261200.0,269400.0,1264
2015-10-01,197436.859375,259000.0,271100.0,258500.0,260500.0,941
2015-10-02,186612.15625,244800.0,271500.0,244800.0,269400.0,1239
2015-10-05,178607.9375,234300.0,241000.0,232400.0,240000.0,1153
2015-10-06,180818.609375,237200.0,243100.0,233700.0,236000.0,930
2015-10-07,178074.359375,233600.0,242500.0,231800.0,233200.0,1139
2015-10-08,175863.671875,230700.0,242800.0,229400.0,236300.0,1184
2015-10-09,173348.046875,227400.0,232100.0,226100.0,230000.0,756
2015-10-12,172280.8125,226000.0,228600.0,224500.0,226400.0,604
2015-10-13,175634.96875,230400.0,230800.0,222800.0,229600.0,966
2015-10-14,176244.796875,231200.0,234100.0,226700.0,230100.0,754
2015-10-15,167630.78125,219900.0,229600.0,219800.0,228500.0,1264
2015-10-16,165191.4375,216700.0,221500.0,216600.0,218300.0,612
2015-10-19,162523.34375,213200.0,219300.0,212800.0,218000.0,501
2015-10-20,165115.203125,216600.0,218700.0,213100.0,214500.0,493
2015-10-21,167859.46875,220200.0,220800.0,212600.0,213100.0,632
2015-10-22,157873.28125,207100.0,216500.0,206600.0,214500.0,998
2015-10-23,144685.421875,189800.0,193700.0,187100.0,190400.0,1213
2015-10-26,144304.21875,189300.0,192300.0,188200.0,190300.0,556
2015-10-27,143160.78125,187800.0,190900.0,187300.0,190800.0,490
2015-10-28,139959.109375,183600.0,191800.0,183600.0,187100.0,753
2015-10-29,140645.171875,184500.0,186500.0,183400.0,186000.0,493
2015-10-30,142169.796875,186500.0,186800.0,183100.0,184100.0,457
2015-11-02,137595.984375,180500.0,186500.0,179800.0,185400.0,576
2015-11-03,136071.34375,178500.0,182400.0,176600.0,181500.0,581
2015-11-04,135918.90625,178300.0,180600.0,176300.0,176700.0,525
2015-11-05,137214.828125,180000.0,182700.0,176700.0,177700.0,568
2015-11-06,136833.6875,179500.0,184300.0,178900.0,181000.0,549
2015-11-09,141102.578125,185100.0,188500.0,180900.0,181500.0,619
2015-11-10,142398.515625,186800.0,189900.0,186200.0,188600.0,512
2015-11-11,142779.625,187300.0,188300.0,182400.0,184900.0,523
2015-11-12,147124.796875,193000.0,193200.0,186900.0,190000.0,708
2015-11-13,155586.390625,204100.0,204500.0,194600.0,195200.0,1001
2015-11-16,149106.765625,195600.0,206200.0,195200.0,204800.0,842
2015-11-17,148801.859375,195200.0,196500.0,190800.0,194300.0,614
2015-11-18,139882.859375,183500.0,193300.0,183200.0,192600.0,691
2015-11-19,139959.109375,183600.0,184500.0,180900.0,183500.0,595
2015-11-20,136986.125,179700.0,181300.0,179300.0,180800.0,463
2015-11-23,138129.578125,181200.0,183400.0,177500.0,179400.0,436
2015-11-24,138358.28125,181500.0,187500.0,180400.0,184900.0,584
2015-11-25,138205.796875,181300.0,182400.0,180200.0,180800.0,226
2015-11-27,137291.046875,180100.0,182200.0,179300.0,180000.0,168
2015-11-30,138510.765625,181700.0,183500.0,178800.0,179000.0,362
2015-12-01,134394.296875,176300.0,180300.0,176300.0,179600.0,501
2015-12-02,136833.6875,179500.0,180400.0,173600.0,176000.0,500
2015-12-03,143846.84375,188700.0,191800.0,177200.0,178000.0,960
2015-12-04,133784.4375,175500.0,188100.0,174500.0,187000.0,1075
2015-12-07,135537.734375,177800.0,180300.0,174800.0,175100.0,579
2015-12-08,135309.046875,177500.0,183500.0,176000.0,183200.0,787
2015-12-09,141559.96875,185700.0,189000.0,177100.0,180200.0,928
2015-12-10,139654.1875,183200.0,186100.0,179600.0,184500.0,462
2015-12-11,149183.0,195700.0,196200.0,188200.0,189500.0,921
2015-12-14,145981.328125,191500.0,203400.0,191300.0,195300.0,1017
2015-12-15,143389.484375,188100.0,188700.0,183000.0,186300.0,657
2015-12-16,137062.34375,179800.0,189900.0,178700.0,184100.0,802
2015-12-17,141407.5,185500.0,187500.0,177200.0,177200.0,710
2015-12-18,150936.28125,198000.0,198000.0,188100.0,189300.0,723
2015-12-21,146057.5625,191600.0,197100.0,191600.0,192800.0,443
2015-12-22,143465.734375,188200.0,191800.0,187200.0,188800.0,376
2015-12-23,140187.84375,183900.0,186100.0,183500.0,185200.0,378
2015-12-24,140035.34375,183700.0,184200.0,182500.0,184000.0,148
2015-12-28,140340.28125,184100.0,189200.0,184100.0,185200.0,351
2015-12-29,134013.15625,175800.0,181400.0,174400.0,181000.0,514
2015-12-30,137519.734375,180400.0,180400.0,175900.0,176100.0,411
2015-12-31,142169.796875,186500.0,187200.0,181200.0,182300.0,562
2016-01-04,151088.71875,198200.0,205800.0,198200.0,199700.0,918
2016-01-05,152613.359375,200200.0,202700.0,195200.0,195700.0,607
2016-01-06,156882.3125,205800.0,210500.0,202400.0,210500.0,636
2016-01-07,171518.515625,225000.0,225200.0,211100.0,218900.0,1259
2016-01-08,175482.5,230200.0,231300.0,215800.0,220200.0,1124
2016-01-11,174262.828125,228600.0,239100.0,223600.0,225500.0,1028
2016-01-12,167630.78125,219900.0,230100.0,216900.0,221800.0,1035
2016-01-13,185392.4375,243200.0,244300.0,216300.0,217700.0,1203
2016-01-14,173424.296875,227500.0,252200.0,221200.0,240500.0,1717
2016-01-15,189585.109375,248700.0,257500.0,241600.0,250200.0,1498
2016-01-19,188746.578125,247600.0,256100.0,237600.0,238900.0,1485
2016-01-20,190271.21875,249600.0,275300.0,241700.0,259100.0,2087
2016-01-21,189508.921875,248600.0,256600.0,237800.0,246500.0,1535
2016-01-22,173195.609375,227200.0,236400.0,227100.0,234000.0,1344
2016-01-25,180894.859375,237300.0,238100.0,225900.0,229800.0,985
2016-01-26,176092.359375,231000.0,240600.0,228000.0,234500.0,780
2016-01-27,189280.203125,248300.0,251200.0,232100.0,235000.0,1244
2016-01-28,181504.6875,238100.0,250600.0,235600.0,236300.0,1230
2016-01-29,169841.453125,222800.0,238300.0,222600.0,237500.0,1068
2016-02-01,168697.96875,221300.0,228600.0,218400.0,226100.0,764
2016-02-02,179141.578125,235000.0,237400.0,223900.0,223900.0,922
2016-02-03,181962.109375,238700.0,251000.0,230500.0,230500.0,1810
2016-02-04,182038.34375,238800.0,247300.0,233200.0,240800.0,1252
2016-02-05,200943.46875,263600.0,266600.0,241200.0,241300.0,1478
2016-02-08,210243.59375,275800.0,290300.0,272500.0,278400.0,2019
2016-02-09,212378.015625,278600.0,288200.0,265900.0,286900.0,1772
2016-02-10,209786.203125,275200.0,275900.0,258000.0,268300.0,1583
2016-02-11,210167.375,275700.0,288000.0,269800.0,285900.0,1581
2016-02-12,201172.171875,263900.0,274900.0,263100.0,267000.0,986
2016-02-16,188136.765625,246800.0,257000.0,246700.0,251900.0,947
2016-02-17,174948.859375,229500.0,242600.0,228300.0,240400.0,1136
2016-02-18,180742.40625,237100.0,238100.0,227100.0,227400.0,960
2016-02-19,178989.0625,234800.0,242300.0,233000.0,240100.0,736
2016-02-22,170451.3125,223600.0,229100.0,222900.0,228100.0,704
2016-02-23,178684.234375,234400.0,235000.0,225700.0,227700.0,757
2016-02-24,173652.96875,227800.0,247200.0,227000.0,242700.0,1260
2016-02-25,168774.203125,221400.0,232700.0,221400.0,226800.0,802
2016-02-26,169307.859375,222100.0,223600.0,216000.0,216800.0,791
2016-02-29,173957.875,228200.0,228200.0,217700.0,222900.0,670
2016-03-01,157110.953125,206100.0,223700.0,206100.0,221600.0,1183
2016-03-02,156958.53125,205900.0,210700.0,205800.0,207000.0,676
2016-03-03,157873.28125,207100.0,211400.0,206300.0,206600.0,688
2016-03-04,157720.8125,206900.0,210800.0,202800.0,206300.0,900
2016-03-07,160541.34375,210600.0,215000.0,206300.0,209900.0,910
2016-03-08,164505.3125,215800.0,216900.0,209400.0,215400.0,1123
2016-03-09,161456.125,211800.0,217000.0,211500.0,213500.0,718
2016-03-10,161989.765625,212500.0,220900.0,205400.0,208400.0,1175
2016-03-11,153680.578125,201600.0,207800.0,201500.0,205900.0,881
2016-03-14,152842.078125,200500.0,203900.0,199000.0,203300.0,704
2016-03-15,152918.265625,200600.0,204500.0,200000.0,202800.0,638
2016-03-16,148801.859375,195200.0,202200.0,193700.0,202200.0,1003
2016-03-17,149259.234375,195800.0,199200.0,194300.0,197300.0,612
2016-03-18,148268.25,194500.0,197900.0,193200.0,194500.0,757
2016-03-21,146743.625,192500.0,196100.0,191900.0,196000.0,588
2016-03-22,145447.703125,190800.0,195700.0,189400.0,195400.0,652
2016-03-23,148954.3125,195400.0,196700.0,191400.0,191500.0,694
2016-03-24,148725.609375,195100.0,199300.0,195000.0,198900.0,614
2016-03-28,149487.9375,196100.0,197100.0,193600.0,193700.0,395
2016-03-29,142322.296875,186700.0,198100.0,186200.0,197200.0,749
2016-03-30,140187.84375,183900.0,185100.0,180400.0,183400.0,1076
2016-03-31,140950.09375,184900.0,185500.0,182200.0,184300.0,547
2016-04-01,136223.828125,178700.0,188800.0,178600.0,187900.0,744
2016-04-04,137977.125,181000.0,182100.0,178400.0,179400.0,582
2016-04-05,141712.421875,185900.0,186800.0,183000.0,185100.0,689
2016-04-06,134851.6875,176900.0,185600.0,176800.0,185600.0,880
2016-04-07,140797.625,184700.0,186700.0,179100.0,179800.0,870
2016-04-08,141102.578125,185100.0,186900.0,179800.0,181100.0,967
2016-04-11,142550.9375,187000.0,187000.0,179800.0,182500.0,832
2016-04-12,138891.890625,182200.0,190000.0,181200.0,186800.0,1247
2016-04-13,133632.0,175300.0,178800.0,174500.0,178100.0,879
2016-04-14,133632.0,175300.0,176700.0,173300.0,175200.0,637
2016-04-15,134622.984375,176600.0,177900.0,174500.0,176000.0,564
2016-04-18,132488.546875,173800.0,178400.0,173500.0,178000.0,502
2016-04-19,134927.90625,177000.0,179600.0,172500.0,172800.0,672
2016-04-20,134546.765625,176500.0,178700.0,174000.0,177000.0,589
2016-04-21,134546.765625,176500.0,178800.0,174500.0,176600.0,671
2016-04-22,140568.953125,184400.0,188500.0,180900.0,183000.0,884
2016-04-25,140645.171875,184500.0,187100.0,184400.0,186300.0,423
2016-04-26,142169.796875,186500.0,188800.0,182300.0,183500.0,473
2016-04-27,145981.328125,191500.0,196100.0,190300.0,192800.0,1004
2016-04-28,151165.0,198300.0,199600.0,187500.0,190900.0,784
2016-04-29,153604.359375,201500.0,206400.0,197300.0,199000.0,1194
2016-05-02,149411.6875,196000.0,202600.0,195100.0,200300.0,630
2016-05-03,153528.140625,201400.0,203000.0,197500.0,200400.0,829
2016-05-04,156424.921875,205200.0,206800.0,202900.0,204900.0,713
2016-05-05,156653.5625,205500.0,206700.0,201800.0,203000.0,599
2016-05-06,154138.0,202200.0,209100.0,202200.0,208600.0,754
2016-05-09,152994.515625,200700.0,202500.0,197700.0,202200.0,648
2016-05-10,146514.9375,192200.0,199400.0,192000.0,198300.0,550
2016-05-11,150478.890625,197400.0,197700.0,191300.0,193000.0,561
2016-05-12,152537.109375,200100.0,204200.0,195300.0,195600.0,944
2016-05-13,154138.0,202200.0,203400.0,197000.0,200500.0,882
2016-05-16,148496.921875,194800.0,201900.0,192500.0,201500.0,595
2016-05-17,154061.75,202100.0,203600.0,193500.0,195000.0,934
2016-05-18,152308.4375,199800.0,204500.0,196600.0,203300.0,1056
2016-05-19,154747.8125,203000.0,207300.0,200700.0,202300.0,981
2016-05-20,149640.375,196300.0,200800.0,193800.0,200300.0,991
2016-05-23,150402.6875,197300.0,197500.0,193500.0,195700.0,377
2016-05-24,141178.796875,185200.0,193900.0,184500.0,193800.0,788
2016-05-25,138129.578125,181200.0,184000.0,179500.0,183000.0,656
2016-05-26,136909.890625,179600.0,181900.0,178900.0,180600.0,464
2016-05-27,134699.21875,176700.0,179300.0,176700.0,179300.0,423
2016-05-31,133936.921875,175700.0,178400.0,174900.0,176000.0,526
2016-06-01,134013.15625,175800.0,177800.0,174500.0,177400.0,525
2016-06-02,133174.578125,174700.0,179500.0,174600.0,176900.0,440
2016-06-03,134927.90625,177000.0,180300.0,175400.0,175800.0,712
2016-06-06,133479.546875,175100.0,176900.0,173600.0,176000.0,359
2016-06-07,134394.296875,176300.0,176700.0,174300.0,174600.0,305
2016-06-08,134013.15625,175800.0,177500.0,174500.0,175500.0,430
2016-06-09,134394.296875,176300.0,178700.0,175800.0,177700.0,543
2016-06-10,138815.671875,182100.0,184200.0,180200.0,180900.0,768
2016-06-13,142474.71875,186900.0,187600.0,182400.0,185600.0,821
2016-06-14,142398.515625,186800.0,191000.0,185000.0,188300.0,880
2016-06-15,143618.171875,188400.0,189500.0,184600.0,185400.0,704
2016-06-16,142550.9375,187000.0,195000.0,186300.0,191500.0,933
2016-06-17,147277.21875,193200.0,194700.0,187700.0,187700.0,683
2016-06-20,144761.640625,189900.0,190200.0,183900.0,186400.0,861
2016-06-21,143465.734375,188200.0,190100.0,186900.0,188900.0,460
2016-06-22,144151.796875,189100.0,189800.0,184400.0,187700.0,649
2016-06-23,138282.03125,181400.0,187300.0,181200.0,184500.0,633
2016-06-24,155128.921875,203500.0,204700.0,192500.0,201700.0,2228
2016-06-27,164200.390625,215400.0,218500.0,207800.0,207900.0,1717
2016-06-28,153756.828125,201700.0,208900.0,201500.0,208700.0,1229
2016-06-29,145676.40625,191100.0,197200.0,189800.0,196900.0,1208
2016-06-30,140721.390625,184600.0,192000.0,184200.0,190100.0,886
2016-07-01,138510.765625,181700.0,184800.0,179500.0,184600.0,700
2016-07-05,141026.34375,185000.0,187800.0,183700.0,184500.0,908
2016-07-06,137595.984375,180500.0,189300.0,180100.0,187700.0,1023
2016-07-07,136300.078125,178800.0,181300.0,177500.0,179900.0,633
2016-07-08,129972.8828125,170500.0,176800.0,170200.0,176200.0,944
2016-07-11,127762.21875,167600.0,168800.0,165700.0,168800.0,648
2016-07-12,125780.28125,165000.0,165700.0,163600.0,164600.0,607
2016-07-13,126695.0234375,166200.0,166300.0,163600.0,164000.0,542
2016-07-14,124103.1796875,162800.0,164100.0,161800.0,163000.0,516
2016-07-15,124865.4921875,163800.0,164700.0,161400.0,161800.0,395
2016-07-18,122273.65625,160400.0,163400.0,159500.0,163400.0,554
2016-07-19,123569.5546875,162100.0,162900.0,160600.0,162000.0,380
2016-07-20,119300.6796875,156500.0,160100.0,155500.0,159600.0,580
2016-07-21,119986.7265625,157400.0,158800.0,155200.0,156100.0,458
2016-07-22,118614.578125,155600.0,158600.0,155000.0,157100.0,357
2016-07-25,118462.1328125,155400.0,157000.0,155300.0,156100.0,300
2016-07-26,118157.1875,155000.0,157300.0,153200.0,155700.0,427
2016-07-27,115717.8125,151800.0,153600.0,150500.0,151100.0,547
2016-07-28,114498.1171875,150200.0,152400.0,149600.0,151000.0,459
2016-07-29,113735.8515625,149200.0,150600.0,148000.0,149000.0,549
2016-08-01,111982.546875,146900.0,149400.0,145600.0,148900.0,580
2016-08-02,114498.1171875,150200.0,152900.0,147100.0,147500.0,802
2016-08-03,113278.4296875,148600.0,150800.0,148600.0,150800.0,398
2016-08-04,112439.9375,147500.0,149900.0,146900.0,148700.0,379
2016-08-05,109085.7734375,143100.0,145600.0,142100.0,145100.0,445
2016-08-08,109466.921875,143600.0,145000.0,142700.0,143200.0,301
2016-08-09,108628.421875,142500.0,143600.0,141200.0,143300.0,632
2016-08-10,109466.921875,143600.0,144800.0,142300.0,142500.0,329
2016-08-11,108171.0390625,141900.0,143100.0,140800.0,142300.0,279
2016-08-12,107866.09375,141500.0,143000.0,141500.0,142600.0,301
2016-08-15,106570.1796875,139800.0,141100.0,138800.0,140900.0,386
2016-08-16,108171.0390625,141900.0,142100.0,140500.0,140600.0,345
2016-08-17,107713.625,141300.0,144300.0,141100.0,142000.0,522
2016-08-18,107637.40625,141200.0,142400.0,140600.0,141700.0,291
2016-08-19,107713.625,141300.0,143100.0,140300.0,141900.0,530
2016-08-22,107561.1640625,141100.0,142700.0,140200.0,142000.0,400
2016-08-23,106875.0859375,140200.0,140400.0,138600.0,139400.0,370
2016-08-24,109085.7734375,143100.0,144400.0,140000.0,140600.0,515
2016-08-25,109466.921875,143600.0,144600.0,142300.0,144200.0,519
2016-08-26,109009.546875,143000.0,145600.0,140200.0,143400.0,1044
2016-08-29,108552.1640625,142400.0,143000.0,141200.0,142900.0,405
2016-08-30,109543.15625,143700.0,145200.0,141800.0,143100.0,589
2016-08-31,109924.3125,144200.0,146100.0,143800.0,144500.0,545
2016-09-01,109162.03125,143200.0,146200.0,142600.0,144000.0,697
2016-09-02,108094.7890625,141800.0,143300.0,140100.0,141000.0,554
2016-09-06,106036.5625,139100.0,142000.0,139100.0,141000.0,615
2016-09-07,105884.109375,138900.0,140400.0,138100.0,138700.0,371
2016-09-08,107713.625,141300.0,142400.0,139900.0,139900.0,433
2016-09-09,115794.046875,151900.0,151900.0,143900.0,144900.0,1303
2016-09-12,109619.3984375,143800.0,154600.0,143100.0,154600.0,1503
2016-09-13,112516.1484375,147600.0,149600.0,144600.0,146000.0,1459
2016-09-14,110839.078125,145400.0,147300.0,143000.0,147300.0,890
2016-09-15,105807.8828125,138800.0,145400.0,138100.0,145200.0,1021
2016-09-16,106036.5625,139100.0,141000.0,138500.0,139100.0,698
2016-09-19,107180.03125,140600.0,141500.0,136500.0,138000.0,632
2016-09-20,106646.3984375,139900.0,140700.0,138200.0,139200.0,439
2016-09-21,103520.9609375,135800.0,140600.0,135200.0,138200.0,1085
2016-09-22,101081.5859375,132600.0,133800.0,132100.0,133400.0,627
2016-09-23,102987.34375,135100.0,135600.0,133100.0,133300.0,549
2016-09-26,105579.1796875,138500.0,139100.0,136900.0,137600.0,673
2016-09-27,102453.703125,134400.0,139200.0,134200.0,138700.0,563
2016-09-28,101843.8984375,133600.0,135800.0,133500.0,133900.0,490
2016-09-29,104054.5625,136500.0,138300.0,133600.0,134500.0,945
2016-09-30,101920.1328125,133700.0,136000.0,132300.0,135600.0,652
2016-10-03,102148.8125,134000.0,135700.0,133600.0,134200.0,622
2016-10-04,102682.4140625,134700.0,136200.0,132000.0,133000.0,799
2016-10-05,101538.96875,133200.0,133700.0,132000.0,133700.0,502
2016-10-06,101767.65625,133500.0,135400.0,132600.0,133900.0,539
2016-10-07,102377.5,134300.0,136300.0,132500.0,133200.0,620
2016-10-10,100395.5,131700.0,132400.0,130900.0,132400.0,460
2016-10-11,104664.421875,137300.0,139200.0,132100.0,132400.0,801
2016-10-12,104969.3203125,137700.0,139100.0,136300.0,137300.0,642
2016-10-13,106036.5625,139100.0,143000.0,138100.0,140700.0,913
2016-10-14,105884.109375,138900.0,139100.0,135500.0,137200.0,605
2016-10-17,106722.640625,140000.0,140500.0,138300.0,139100.0,572
2016-10-18,103749.640625,136100.0,136400.0,134200.0,134900.0,639
2016-10-19,103978.3203125,136400.0,137000.0,135600.0,136400.0,423
2016-10-20,104207.03125,136700.0,139100.0,135800.0,136900.0,485
2016-10-21,103139.8046875,135300.0,137700.0,134900.0,136500.0,415
2016-10-24,99404.5,130400.0,132600.0,130100.0,132500.0,764
2016-10-25,100395.5,131700.0,132200.0,130000.0,130100.0,489
2016-10-26,102225.03125,134100.0,135400.0,132000.0,134300.0,574
2016-10-27,103673.40625,136000.0,136600.0,132200.0,132300.0,575
2016-10-28,105579.1796875,138500.0,139800.0,135200.0,137300.0,959
2016-10-31,106036.5625,139100.0,139200.0,137100.0,137100.0,425
2016-11-01,108323.4921875,142100.0,145800.0,138300.0,138400.0,875
2016-11-02,110915.3125,145500.0,146600.0,141500.0,142300.0,982
2016-11-03,114193.1875,149800.0,150400.0,144900.0,146400.0,824
2016-11-04,115489.140625,151500.0,152300.0,147900.0,151000.0,889
2016-11-07,107103.78125,140500.0,144800.0,140200.0,144100.0,997
2016-11-08,105198.0390625,138000.0,142100.0,136000.0,141200.0,740
2016-11-09,103597.1796875,135900.0,143200.0,135300.0,142900.0,2194
2016-11-10,108704.640625,142600.0,148000.0,133400.0,134000.0,2622
2016-11-11,108399.734375,142200.0,145900.0,141400.0,144700.0,1218
2016-11-14,111753.859375,146600.0,148900.0,141800.0,142200.0,1054
2016-11-15,107180.03125,140600.0,143900.0,139100.0,143400.0,1112
2016-11-16,105198.0390625,138000.0,142600.0,137800.0,142500.0,612
2016-11-17,102987.34375,135100.0,139100.0,135000.0,138200.0,759
2016-11-18,104130.8046875,136600.0,137000.0,133900.0,134800.0,470
2016-11-21,100929.125,132400.0,135900.0,132000.0,135900.0,695
2016-11-22,99938.1171875,131100.0,132100.0,130200.0,131000.0,466
2016-11-23,101081.5859375,132600.0,134400.0,132000.0,132400.0,627
2016-11-25,100243.0546875,131500.0,132700.0,131300.0,132300.0,231
2016-11-28,100852.8984375,132300.0,132700.0,130500.0,132000.0,536
2016-11-29,99785.671875,130900.0,133100.0,129100.0,132000.0,871
2016-11-30,103520.9609375,135800.0,135800.0,130300.0,130500.0,774
2016-12-01,108628.421875,142500.0,143400.0,135800.0,135800.0,908
2016-12-02,108171.0390625,141900.0,143700.0,140200.0,142500.0,665
2016-12-05,105502.9453125,138400.0,141700.0,136900.0,139600.0,564
2016-12-06,104969.3203125,137700.0,139300.0,136900.0,137500.0,301
2016-12-07,100852.8984375,132300.0,139700.0,131900.0,138500.0,904
2016-12-08,100395.5,131700.0,133000.0,130700.0,132200.0,1025
2016-12-09,98184.8359375,128800.0,130300.0,128500.0,130300.0,887
2016-12-12,99328.2734375,130300.0,132000.0,129600.0,130300.0,713
2016-12-13,95516.765625,125300.0,129200.0,123300.0,129100.0,1399
2016-12-14,96126.59375,126100.0,127300.0,123700.0,125000.0,1393
2016-12-15,95516.765625,125300.0,126600.0,123400.0,125700.0,1080
2016-12-16,96736.453125,126900.0,127700.0,124100.0,124900.0,748
2016-12-19,95593.0,125400.0,127200.0,123100.0,126600.0,627
2016-12-20,94449.5390625,123900.0,124700.0,123300.0,124500.0,397
2016-12-21,94754.4609375,124300.0,125200.0,123700.0,123900.0,347
2016-12-22,95669.2265625,125500.0,126800.0,124200.0,124200.0,441
2016-12-23,95288.078125,125000.0,126400.0,125000.0,126000.0,310
2016-12-27,93992.1640625,123300.0,124600.0,121000.0,124500.0,661
2016-12-28,96126.59375,126100.0,126300.0,122100.0,122500.0,831
2016-12-29,96583.984375,126700.0,127800.0,125300.0,126200.0,566
2016-12-30,99328.2734375,130300.0,131600.0,126000.0,126100.0,1196
2017-01-03,96888.9140625,127100.0,129200.0,125500.0,127800.0,860
2017-01-04,95211.8515625,124900.0,126600.0,124200.0,126600.0,827
2017-01-05,93763.4609375,123000.0,125200.0,122600.0,125100.0,589
2017-01-06,91171.640625,119600.0,123400.0,118600.0,122400.0,888
2017-01-09,90333.1015625,118500.0,119600.0,117800.0,119300.0,663
2017-01-10,89723.25,117700.0,119100.0,116600.0,118500.0,773
2017-01-11,89113.3984375,116900.0,119400.0,116700.0,117500.0,732
2017-01-12,89399.265625,117275.0,120525.0,117075.0,118000.0,1715
2017-01-13,88446.3984375,116025.0,117075.0,115500.0,117075.0,1291
2017-01-17,89284.90625,117125.0,118125.0,116450.0,117100.0,1405
2017-01-18,88770.3515625,116450.0,117525.0,116100.0,116650.0,995
2017-01-19,88846.5859375,116550.0,117325.0,114725.0,116025.0,1129
2017-01-20,88255.8046875,115775.0,116750.0,114175.0,115150.0,1533
2017-01-23,88141.46875,115625.0,117750.0,115075.0,116150.0,1092
2017-01-24,86311.9375,113225.0,115450.0,112700.0,114875.0,981
2017-01-25,83681.9765625,109775.0,111400.0,109750.0,111225.0,1181
2017-01-26,83434.234375,109450.0,110050.0,108800.0,109400.0,1004
2017-01-27,82957.8046875,108825.0,109925.0,108550.0,108850.0,702
2017-01-30,84882.6015625,111350.0,113200.0,109950.0,110025.0,1015
2017-01-31,85397.15625,112025.0,114025.0,112025.0,112525.0,1130
2017-02-01,83643.8671875,109725.0,111300.0,109125.0,109800.0,998
2017-02-02,83910.6875,110075.0,111300.0,109125.0,110350.0,943
2017-02-03,83205.5390625,109150.0,110075.0,108800.0,109675.0,805
2017-02-06,82900.6171875,108750.0,110000.0,108700.0,109825.0,648
2017-02-07,81985.84375,107550.0,108375.0,106900.0,108150.0,894
2017-02-08,81604.703125,107050.0,108625.0,106625.0,108000.0,847
2017-02-09,80689.9453125,105850.0,106900.0,105175.0,106675.0,1110
2017-02-10,79908.5625,104825.0,105725.0,104375.0,105275.0,1030
2017-02-13,78536.421875,103025.0,103975.0,102650.0,103875.0,952
2017-02-14,77736.0078125,101975.0,103900.0,101975.0,102950.0,1190
2017-02-15,76401.9765625,100225.0,102400.0,100075.0,102175.0,1142
2017-02-16,76459.1328125,100300.0,101100.0,99450.0,100050.0,1229
2017-02-17,75506.265625,99050.0,100800.0,99025.0,100750.0,1276
2017-02-21,74362.8046875,97550.0,98625.0,97350.0,98500.0,911
2017-02-22,74267.515625,97425.0,98325.0,97275.0,97875.0,712
2017-02-23,75125.1328125,98550.0,99750.0,97050.0,97050.0,1079
2017-02-24,74705.84375,98000.0,99975.0,98000.0,99775.0,1093
2017-02-27,74419.9921875,97625.0,99050.0,97625.0,98525.0,675
2017-02-28,75048.890625,98450.0,99350.0,97575.0,97725.0,863
2017-03-01,72628.5703125,95275.0,97200.0,94775.0,96725.0,1662
2017-03-02,73733.90625,96725.0,97050.0,95300.0,95350.0,783
2017-03-03,73333.7109375,96200.0,97725.0,96125.0,97025.0,641
2017-03-06,73791.0859375,96800.0,98000.0,96375.0,97225.0,711
2017-03-07,74210.359375,97350.0,97850.0,96075.0,97475.0,702
2017-03-08,73810.125,96825.0,97450.0,95925.0,97275.0,936
2017-03-09,73638.609375,96600.0,98175.0,96200.0,96900.0,820
2017-03-10,72742.921875,95425.0,96675.0,94950.0,95325.0,936
2017-03-13,72323.6484375,94875.0,95675.0,94875.0,95525.0,587
2017-03-14,72914.4140625,95650.0,96775.0,95475.0,95550.0,626
2017-03-15,71580.390625,93900.0,95950.0,93225.0,95075.0,1264
2017-03-16,71675.6953125,94025.0,94700.0,93350.0,93350.0,875
2017-03-17,71885.328125,94300.0,94325.0,93425.0,93825.0,616
2017-03-20,71599.4609375,93925.0,94650.0,93300.0,94250.0,644
2017-03-21,74820.1875,98150.0,98375.0,92600.0,92875.0,2101
2017-03-22,73371.8125,96250.0,98550.0,95950.0,98075.0,1940
2017-03-23,73905.4375,96950.0,97450.0,95825.0,96600.0,1108
2017-03-24,73448.015625,96350.0,97500.0,94925.0,96075.0,1313
2017-03-27,73105.0234375,95900.0,99100.0,95425.0,98475.0,1218
2017-03-28,71732.8671875,94100.0,96550.0,93300.0,96075.0,975
2017-03-29,70799.0390625,92875.0,94250.0,92775.0,93975.0,751
2017-03-30,70436.9375,92400.0,93250.0,92100.0,92925.0,703
2017-03-31,70608.4609375,92625.0,93125.0,91850.0,92800.0,640
2017-04-03,70722.8125,92775.0,94325.0,91725.0,92400.0,1191
2017-04-04,70398.8125,92350.0,93650.0,92300.0,93625.0,665
2017-04-05,71256.3984375,93475.0,94000.0,90350.0,91975.0,1823
2017-04-06,71142.078125,93325.0,94075.0,92625.0,93200.0,1156
2017-04-07,71256.3984375,93475.0,94500.0,92650.0,93500.0,1065
2017-04-10,71180.1640625,93375.0,94150.0,92250.0,93250.0,903
2017-04-11,72056.8515625,94525.0,96625.0,93275.0,93725.0,1365
2017-04-12,72990.6640625,95750.0,96075.0,94450.0,94650.0,989
2017-04-13,73867.3203125,96900.0,96950.0,94525.0,96150.0,1120
2017-04-17,72056.8515625,94525.0,96225.0,94500.0,96150.0,755
2017-04-18,72342.7109375,94900.0,95675.0,94150.0,95525.0,854
2017-04-19,72037.7734375,94500.0,94925.0,92825.0,93800.0,1022
2017-04-20,70322.5859375,92250.0,93825.0,91550.0,93400.0,1368
2017-04-21,70303.546875,92225.0,92925.0,91825.0,91950.0,783
2017-04-24,67787.9453125,88925.0,89650.0,88675.0,89225.0,1141
2017-04-25,66320.5,87000.0,88300.0,86525.0,88100.0,1218
2017-04-26,66568.234375,87325.0,87500.0,86300.0,86950.0,916
2017-04-27,65424.80078125,85825.0,86925.0,85825.0,86700.0,806
2017-04-28,65062.66796875,85350.0,85775.0,84675.0,84850.0,815
2017-05-01,63404.6796875,83175.0,84625.0,82775.0,84575.0,1002
2017-05-02,63042.59375,82700.0,83400.0,82575.0,82800.0,780
2017-05-03,63652.43359375,83500.0,84150.0,83200.0,83225.0,1007
2017-05-04,63557.14453125,83375.0,84250.0,83050.0,83450.0,973
2017-05-05,62890.140625,82500.0,83700.0,82500.0,82775.0,628
2017-05-08,62470.86328125,81950.0,82875.0,81950.0,82400.0,476
2017-05-09,61822.90625,81100.0,81775.0,80550.0,81600.0,1278
2017-05-10,61727.60546875,80975.0,81825.0,80875.0,81000.0,733
2017-05-11,61880.0703125,81175.0,82725.0,81100.0,81625.0,907
2017-05-12,61441.76171875,80600.0,81250.0,80575.0,81050.0,682
2017-05-15,60889.08984375,79875.0,80725.0,79750.0,80575.0,603
2017-05-16,60145.83203125,78900.0,79950.0,78875.0,79300.0,744
2017-05-17,64700.6015625,84875.0,84925.0,80300.0,80750.0,2811
2017-05-18,63023.52734375,82675.0,85300.0,81850.0,84925.0,2159
2017-05-19,62242.15625,81650.0,81950.0,80600.0,81900.0,1211
2017-05-22,60660.375,79575.0,81200.0,79475.0,81150.0,865
2017-05-23,60507.94140625,79375.0,79950.0,78875.0,78875.0,819
2017-05-24,59669.390625,78275.0,79325.0,78175.0,78650.0,710
2017-05-25,58163.83203125,76300.0,77925.0,75700.0,77350.0,1354
2017-05-26,57858.90625,75900.0,76575.0,75800.0,76225.0,623
2017-05-30,57725.51171875,75725.0,76150.0,75450.0,76025.0,583
2017-05-31,57820.8046875,75850.0,76950.0,74925.0,74975.0,1204
2017-06-01,57077.55078125,74875.0,76275.0,74850.0,75325.0,957
2017-06-02,55152.72265625,72350.0,74500.0,72325.0,74150.0,1678
2017-06-05,55190.8515625,72400.0,72725.0,72025.0,72375.0,594
2017-06-06,55857.8671875,73275.0,73600.0,71975.0,72600.0,1119
2017-06-07,55209.91796875,72425.0,73675.0,72250.0,72675.0,1017
2017-06-08,55019.33203125,72175.0,73375.0,71850.0,71900.0,1200
2017-06-09,59078.59375,77500.0,80425.0,71700.0,71925.0,5265
2017-06-12,60088.65625,78825.0,81800.0,78475.0,79500.0,5889
2017-06-13,58678.38671875,76975.0,78775.0,76650.0,77500.0,2702
2017-06-14,59421.63671875,77950.0,79850.0,76050.0,76075.0,3829
2017-06-15,60241.1015625,79025.0,81800.0,78775.0,80400.0,3693
2017-06-16,60965.31640625,79975.0,80950.0,79200.0,79200.0,1757
2017-06-19,58030.4296875,76125.0,78125.0,75875.0,77825.0,2125
2017-06-20,59345.41015625,77850.0,77950.0,76050.0,76350.0,1803
2017-06-21,57649.296875,75625.0,77500.0,75500.0,77400.0,1924
2017-06-22,57668.32421875,75650.0,76250.0,74825.0,75300.0,1524
2017-06-23,57039.44140625,74825.0,76550.0,74525.0,75950.0,1230
2017-06-26,57801.75390625,75825.0,76325.0,73150.0,73550.0,1857
2017-06-27,60908.12890625,79900.0,79975.0,76450.0,76750.0,2929
2017-06-28,58392.52734375,76600.0,80500.0,76350.0,79125.0,2750
2017-06-29,61365.51171875,80500.0,82750.0,77525.0,77550.0,4432
2017-06-30,61517.97265625,80700.0,81225.0,79225.0,79900.0,2631
2017-07-03,63233.16796875,82950.0,83175.0,79075.0,79375.0,1950
2017-07-05,61479.86328125,80650.0,83100.0,79925.0,82325.0,2387
2017-07-06,63061.6484375,82725.0,83625.0,81425.0,82450.0,3340
2017-07-07,61155.8984375,80225.0,81975.0,79450.0,81975.0,2230
2017-07-10,59898.078125,78575.0,80600.0,78000.0,79950.0,1430
2017-07-11,59421.63671875,77950.0,79800.0,77600.0,78950.0,1627
2017-07-12,57287.1796875,75150.0,76400.0,74875.0,75900.0,2232
2017-07-13,56925.1015625,74675.0,75300.0,74125.0,74900.0,2154
2017-07-14,55591.046875,72925.0,74375.0,72625.0,73775.0,2336
2017-07-17,55514.8359375,72825.0,73225.0,72050.0,72725.0,1525
2017-07-18,54428.54296875,71400.0,73650.0,71325.0,72975.0,1906
2017-07-19,53437.54296875,70100.0,70825.0,69800.0,70750.0,1666
2017-07-20,53208.8671875,69800.0,70800.0,69425.0,69625.0,2051
2017-07-21,53266.04296875,69875.0,71025.0,69875.0,70575.0,1558
2017-07-24,52599.01953125,69000.0,70225.0,68825.0,69975.0,1435
2017-07-25,52961.10546875,69475.0,70050.0,69025.0,69625.0,1267
2017-07-26,52484.66015625,68850.0,69300.0,68725.0,69000.0,1331
2017-07-27,53399.43359375,70050.0,72500.0,67300.0,67475.0,5522
2017-07-28,53609.05859375,70325.0,71750.0,69975.0,71325.0,3015
2017-07-31,54333.2578125,71275.0,71700.0,69475.0,69750.0,2076
2017-08-01,53952.11328125,70775.0,71425.0,70450.0,70550.0,1593
2017-08-02,53532.83984375,70225.0,72175.0,69350.0,69425.0,3531
2017-08-03,54123.6328125,71000.0,71400.0,69950.0,69950.0,2563
2017-08-04,53875.875,70675.0,71500.0,70150.0,70650.0,2123
2017-08-07,52884.87890625,69375.0,70550.0,69300.0,70250.0,1491
2017-08-08,53151.69140625,69725.0,70275.0,68000.0,69700.0,2679
2017-08-09,53304.140625,69925.0,71875.0,69875.0,71425.0,2681
2017-08-10,56772.63671875,74475.0,74675.0,71025.0,71175.0,4834
2017-08-11,55495.7734375,72800.0,74675.0,72300.0,74150.0,3721
2017-08-14,53361.3203125,70000.0,71125.0,69625.0,71125.0,2422
2017-08-15,53227.9140625,69825.0,70400.0,69425.0,69575.0,2002
2017-08-16,52980.16796875,69500.0,70175.0,68475.0,69325.0,2432
2017-08-17,56219.96875,73750.0,73750.0,70000.0,70300.0,4422
2017-08-18,56391.49609375,73975.0,74825.0,72400.0,73650.0,4360
2017-08-21,56562.99609375,74200.0,75600.0,73450.0,73925.0,2836
2017-08-22,54028.3359375,70875.0,73075.0,70600.0,73050.0,2400
2017-08-23,54600.0703125,71625.0,72100.0,71125.0,71925.0,1990
2017-08-24,55095.55859375,72275.0,73450.0,70875.0,71125.0,3032
2017-08-25,55438.59375,72725.0,73000.0,70900.0,71450.0,2411
2017-08-28,54981.2109375,72125.0,72750.0,71525.0,72075.0,1694
2017-08-29,54257.02734375,71175.0,74100.0,70850.0,73875.0,2707
2017-08-30,52408.43359375,68750.0,71175.0,68375.0,71075.0,3435
2017-08-31,50902.87890625,66775.0,68250.0,66525.0,68125.0,2761
2017-09-01,50902.87890625,66775.0,67325.0,66000.0,66250.0,2158
2017-09-05,52275.03125,68575.0,70100.0,66975.0,67425.0,4867
2017-09-06,51855.765625,68025.0,69475.0,67500.0,67975.0,2675
2017-09-07,51493.671875,67550.0,68275.0,67000.0,67575.0,2695
2017-09-08,52770.51953125,69225.0,69475.0,67700.0,67800.0,2103
2017-09-11,51093.47265625,67025.0,67700.0,66550.0,67700.0,2418
2017-09-12,50636.08203125,66425.0,67375.0,66150.0,66350.0,2053
2017-09-13,50464.5625,66200.0,67100.0,66125.0,66750.0,1621
2017-09-14,51322.1640625,67325.0,67450.0,66350.0,66875.0,1689
2017-09-15,50845.70703125,66700.0,67700.0,65900.0,67400.0,2070
2017-09-18,51017.234375,66925.0,67525.0,65800.0,66425.0,2125
2017-09-19,50750.42578125,66575.0,67250.0,66300.0,66575.0,1205
2017-09-20,51207.8046875,67175.0,68725.0,66425.0,66700.0,2996
2017-09-21,52179.74609375,68450.0,69150.0,67350.0,67350.0,2806
2017-09-22,52332.2109375,68650.0,69325.0,68350.0,69150.0,1908
2017-09-25,53952.11328125,70775.0,71850.0,69375.0,69500.0,4205
2017-09-26,53590.015625,70300.0,71025.0,69325.0,69725.0,2709
2017-09-27,52122.57421875,68375.0,69700.0,67600.0,69200.0,3139
2017-09-28,52236.921875,68525.0,69350.0,68250.0,68875.0,1850
2017-09-29,51093.47265625,67025.0,68600.0,66875.0,68050.0,2353
2017-10-02,50941.0078125,66825.0,67750.0,66025.0,66700.0,2115
2017-10-03,50636.08203125,66425.0,67000.0,66175.0,66600.0,1662
2017-10-04,50483.61328125,66225.0,66975.0,65800.0,66800.0,2051
2017-10-05,49035.24609375,64325.0,65750.0,64225.0,65525.0,2797
2017-10-06,48844.671875,64075.0,64950.0,64050.0,64925.0,2581
2017-10-09,48978.06640625,64250.0,64500.0,63575.0,63775.0,1507
2017-10-10,48882.78125,64125.0,65000.0,63425.0,63600.0,1717
2017-10-11,48444.45703125,63550.0,64475.0,63525.0,64200.0,1427
2017-10-12,48749.37890625,63950.0,64125.0,63175.0,63825.0,1532
2017-10-13,48196.703125,63225.0,63400.0,62950.0,63125.0,1494
2017-10-16,47701.19921875,62575.0,63150.0,62500.0,62725.0,1400
2017-10-17,47548.7421875,62375.0,62900.0,62300.0,62650.0,1344
2017-10-18,47682.14453125,62550.0,62825.0,62100.0,62100.0,1637
2017-10-19,48234.8203125,63275.0,64575.0,63225.0,63600.0,2074
2017-10-20,47853.66796875,62775.0,62975.0,62300.0,62475.0,1394
2017-10-23,48787.5,64000.0,64250.0,62350.0,62375.0,2529
2017-10-24,48520.6875,63650.0,64375.0,63250.0,63650.0,1860
2017-10-25,49111.4765625,64425.0,65800.0,63425.0,64050.0,3252
2017-10-26,49549.796875,65000.0,65075.0,64050.0,64475.0,2069
2017-10-27,45261.8359375,59375.0,62050.0,59000.0,61875.0,5566
2017-10-30,44937.859375,58950.0,59675.0,58250.0,59575.0,3501
2017-10-31,44461.40625,58325.0,58900.0,58050.0,58425.0,2024
2017-11-01,44518.58984375,58400.0,59025.0,57500.0,57600.0,2404
2017-11-02,44766.33203125,58725.0,59900.0,58500.0,58575.0,2294
2017-11-03,43489.46875,57050.0,58675.0,57000.0,58000.0,2370
2017-11-06,43051.15234375,56475.0,57225.0,56400.0,57150.0,1557
2017-11-07,42993.9765625,56400.0,56950.0,56150.0,56600.0,2373
2017-11-08,42441.30078125,55675.0,56675.0,55650.0,56425.0,1789
2017-11-09,43146.44140625,56600.0,58275.0,56475.0,57050.0,4587
2017-11-10,43127.3828125,56575.0,57275.0,56450.0,56975.0,1784
2017-11-13,42974.921875,56375.0,57225.0,56150.0,57200.0,1651
2017-11-14,43432.30078125,56975.0,57800.0,56800.0,57000.0,2632
2017-11-15,44099.31640625,57850.0,58700.0,57350.0,57750.0,2867
2017-11-16,42384.1328125,55600.0,56925.0,55200.0,56900.0,3081
2017-11-17,42898.6875,56275.0,56400.0,55450.0,55575.0,2059
2017-11-20,42993.9765625,56400.0,56625.0,55975.0,56125.0,1036
2017-11-21,41602.76953125,54575.0,55650.0,54500.0,55600.0,2184
2017-11-22,41450.30859375,54375.0,54725.0,54225.0,54425.0,1054
2017-11-24,40992.921875,53775.0,54300.0,53750.0,54200.0,746
2017-11-27,41050.09765625,53850.0,54225.0,53475.0,53875.0,1433
2017-11-28,40745.1796875,53450.0,54375.0,53375.0,53500.0,2616
2017-11-29,42860.57421875,56225.0,56975.0,53625.0,53625.0,5438
2017-11-30,41831.45703125,54875.0,55925.0,54550.0,55550.0,3526
2017-12-01,42346.01953125,55550.0,57925.0,54775.0,55875.0,5360
2017-12-04,43832.50390625,57500.0,57625.0,54325.0,54500.0,4092
2017-12-05,43737.21484375,57375.0,58150.0,55400.0,57575.0,3761
2017-12-06,43184.5546875,56650.0,58225.0,56350.0,58025.0,2816
2017-12-07,42727.16796875,56050.0,56800.0,55575.0,56625.0,2562
2017-12-08,42193.55078125,55350.0,55575.0,54400.0,54800.0,2014
2017-12-11,41183.5078125,54025.0,55275.0,53975.0,55275.0,1933
2017-12-12,41374.08203125,54275.0,54600.0,53775.0,54125.0,1809
2017-12-13,41145.390625,53975.0,54200.0,53425.0,53625.0,1847
2017-12-14,41240.6796875,54100.0,54250.0,53300.0,53700.0,1810
2017-12-15,39868.52734375,52300.0,53725.0,52050.0,53450.0,2711
2017-12-18,38839.42578125,50950.0,51500.0,50800.0,51275.0,2126
2017-12-19,39487.3671875,51800.0,52250.0,51075.0,51225.0,2654
2017-12-20,39658.890625,52025.0,52625.0,51275.0,51300.0,2051
2017-12-21,39677.953125,52050.0,52200.0,51350.0,51825.0,1520
2017-12-22,39811.35546875,52225.0,52625.0,52150.0,52250.0,1619
2017-12-26,40441.15625,52975.0,53550.0,52800.0,52975.0,1153
2017-12-27,40441.15625,52975.0,53150.0,52550.0,53000.0,1059
2017-12-28,40345.734375,52850.0,53000.0,52475.0,52500.0,868
2017-12-29,41051.87890625,53775.0,53875.0,52675.0,52675.0,1863
2018-01-02,38952.5390625,51025.0,53400.0,50950.0,53025.0,2717
2018-01-03,37807.42578125,49525.0,50850.0,49400.0,50850.0,2606
2018-01-04,37616.578125,49275.0,49450.0,48800.0,48975.0,1808
2018-01-05,36490.5546875,47800.0,48850.0,47675.0,48575.0,2720
2018-01-08,36070.69140625,47250.0,47825.0,47150.0,47775.0,1370
2018-01-09,36051.6015625,47225.0,47650.0,46800.0,46950.0,2237
2018-01-10,36318.79296875,47575.0,48475.0,47525.0,47875.0,2614
2018-01-11,35574.48046875,46600.0,47525.0,46600.0,47300.0,1964
2018-01-12,34830.1640625,45625.0,46875.0,45425.0,46750.0,2170
2018-01-16,35097.3671875,45975.0,46375.0,43975.0,44675.0,4346
2018-01-17,33990.42578125,44525.0,46000.0,44275.0,45400.0,3276
2018-01-18,33952.24609375,44475.0,45025.0,44175.0,44700.0,2776
2018-01-19,33646.91015625,44075.0,44725.0,43875.0,44100.0,2261
2018-01-22,32578.130859375,42675.0,44250.0,42675.0,44100.0,2320
2018-01-23,31776.568359375,41625.0,42325.0,41500.0,42275.0,2441
2018-01-24,32387.29296875,42425.0,43125.0,41075.0,41400.0,4987
2018-01-25,32444.53515625,42500.0,42900.0,41525.0,41575.0,3561
2018-01-26,31013.16796875,40625.0,42050.0,40600.0,41775.0,3285
2018-01-29,31433.04296875,41175.0,41400.0,40550.0,40825.0,3334
2018-01-30,32158.263671875,42125.0,42800.0,41625.0,42300.0,4591
2018-01-31,31833.8125,41700.0,42450.0,41200.0,41475.0,3741
2018-02-01,32616.30859375,42725.0,43125.0,41425.0,42600.0,3605
2018-02-02,34543.890625,45250.0,45350.0,42950.0,43225.0,6662
2018-02-05,38551.73828125,50500.0,50700.0,44325.0,46525.0,11642
2018-02-06,35574.48046875,46600.0,53475.0,46425.0,52775.0,11705
2018-02-07,36910.4375,48350.0,48425.0,45575.0,47050.0,6136
2018-02-08,41548.09765625,54425.0,54550.0,47900.0,47950.0,10847
2018-02-09,39563.24609375,51825.0,58150.0,50575.0,52250.0,14134
2018-02-12,37368.47265625,48950.0,51425.0,47975.0,50250.0,9880
2018-02-13,36891.34765625,48325.0,50075.0,47975.0,49875.0,4152
2018-02-14,34715.64453125,45475.0,49200.0,45350.0,49100.0,6739
2018-02-15,32959.8359375,43175.0,45800.0,43125.0,44375.0,6133
2018-02-16,33246.1015625,43550.0,43875.0,42250.0,43500.0,6737
2018-02-20,33169.765625,43450.0,44175.0,42300.0,44125.0,5700
2018-02-21,33436.9609375,43800.0,43800.0,41500.0,42825.0,6140
2018-02-22,33379.69921875,43725.0,44125.0,42525.0,43175.0,6797
2018-02-23,31413.9453125,41150.0,43300.0,41150.0,42775.0,5841
2018-02-26,30192.501953125,39550.0,40650.0,39525.0,40550.0,4722
2018-02-27,31299.435546875,41000.0,41000.0,39275.0,39500.0,7224
2018-02-28,31891.064453125,41775.0,41800.0,39850.0,40275.0,6539
2018-03-01,33417.87890625,43775.0,44925.0,41125.0,41675.0,11716
2018-03-02,32539.95703125,42625.0,45850.0,42400.0,45325.0,8692
2018-03-05,31509.37109375,41275.0,43700.0,40875.0,43225.0,5877
2018-03-06,31089.501953125,40725.0,41500.0,40275.0,40675.0,5892
2018-03-07,30860.484375,40425.0,41850.0,40300.0,41625.0,6102
2018-03-08,30383.3515625,39800.0,40425.0,39675.0,39975.0,4301
2018-03-09,28665.69921875,37550.0,39125.0,37525.0,38950.0,4745
2018-03-12,28245.826171875,37000.0,37400.0,36600.0,37150.0,4816
2018-03-13,29276.423828125,38350.0,38675.0,36600.0,37150.0,8403
2018-03-14,29333.673828125,38425.0,38900.0,37700.0,37775.0,6715
2018-03-15,29448.189453125,38575.0,38950.0,37850.0,38300.0,4784
2018-03-16,29658.119140625,38850.0,38925.0,38075.0,38375.0,3693
2018-03-19,31528.458984375,41300.0,42350.0,39950.0,39950.0,9407
2018-03-20,31299.435546875,41000.0,41725.0,40675.0,41300.0,5138
2018-03-21,31710.640625,41450.0,41950.0,40075.0,41225.0,5782
2018-03-22,34043.98828125,44500.0,44625.0,42275.0,43050.0,11013
2018-03-23,36740.734375,48025.0,48100.0,44275.0,44600.0,10318
2018-03-26,32647.80859375,42675.0,47475.0,42500.0,45175.0,10549
2018-03-27,35822.6953125,46825.0,47900.0,41725.0,41750.0,10440
2018-03-28,37027.62109375,48400.0,49525.0,46200.0,47575.0,14041
2018-03-29,35057.66015625,45825.0,49050.0,44375.0,47625.0,9968
2018-04-02,37983.92578125,49650.0,51150.0,46150.0,46750.0,11862
2018-04-03,36798.11328125,48100.0,50800.0,47475.0,48450.0,10437
2018-04-04,35057.66015625,45825.0,51075.0,45400.0,50925.0,10431
2018-04-05,34522.140625,45125.0,46100.0,44275.0,44500.0,6833
2018-04-06,37085.0078125,48475.0,49100.0,45250.0,46525.0,10437
2018-04-09,36358.21484375,47525.0,47700.0,44575.0,47175.0,8372
2018-04-10,34024.859375,44475.0,46275.0,43900.0,45275.0,9303
2018-04-11,34483.89453125,45075.0,45250.0,43700.0,45150.0,6509
2018-04-12,33336.34375,43575.0,44375.0,43050.0,44275.0,6300
2018-04-13,33776.234375,44150.0,44750.0,42675.0,42875.0,7630
2018-04-16,33049.4453125,43200.0,44100.0,42700.0,43325.0,5071
2018-04-17,30945.611328125,40450.0,42150.0,40125.0,41925.0,6110
2018-04-18,30773.46875,40225.0,41000.0,39775.0,40375.0,4611
2018-04-19,31538.505859375,41225.0,41700.0,40525.0,40775.0,6182
2018-04-20,33030.32421875,43175.0,43675.0,41525.0,41600.0,6704
2018-04-23,33355.46484375,43600.0,44300.0,42150.0,42675.0,5386
2018-04-24,35440.17578125,46325.0,47250.0,42775.0,43000.0,10208
2018-04-25,35306.296875,46150.0,48125.0,45625.0,46175.0,9769
2018-04-26,33164.203125,43350.0,44925.0,42850.0,44450.0,7332
2018-04-27,33068.57421875,43225.0,44000.0,41425.0,41475.0,7579
2018-04-30,33776.234375,44150.0,44525.0,42150.0,42950.0,5808
2018-05-01,32686.06640625,42725.0,44850.0,42650.0,44500.0,5766
2018-05-02,33221.5859375,43425.0,43575.0,42075.0,42475.0,6519
2018-05-03,33259.8359375,43475.0,45550.0,43000.0,44075.0,10137
2018-05-04,31385.498046875,41025.0,44150.0,40700.0,44025.0,8497
2018-05-07,30620.462890625,40025.0,40550.0,39600.0,40500.0,5453
2018-05-08,30735.220703125,40175.0,41000.0,39875.0,40300.0,5883
2018-05-09,29683.294921875,38800.0,40350.0,38750.0,39875.0,5178
2018-05-10,28803.51953125,37650.0,38550.0,37550.0,38450.0,6830
2018-05-11,28880.01953125,37750.0,38250.0,37500.0,37825.0,6002
2018-05-14,28727.005859375,37550.0,37750.0,36850.0,37500.0,6652
2018-05-15,29683.294921875,38800.0,39400.0,38400.0,38475.0,7286
2018-05-16,29109.533203125,38050.0,38725.0,37775.0,38700.0,4350
2018-05-17,29472.916015625,38525.0,39100.0,37650.0,38475.0,6015
2018-05-18,29912.806640625,39100.0,39300.0,38575.0,38925.0,4680
2018-05-21,29415.54296875,38450.0,38975.0,37700.0,38200.0,6112
2018-05-22,29549.41796875,38625.0,38825.0,37750.0,37950.0,6069
2018-05-23,28803.51953125,37650.0,39525.0,37650.0,39500.0,11526
2018-05-24,28860.888671875,37725.0,38850.0,37500.0,37700.0,5015
2018-05-25,28784.3828125,37625.0,37950.0,37200.0,37725.0,4382
2018-05-29,29147.775390625,38100.0,38775.0,37475.0,38125.0,6929
2018-05-30,28516.62890625,37275.0,37950.0,37100.0,37700.0,4257
2018-05-31,28593.125,37375.0,37675.0,36650.0,37350.0,5664
2018-06-01,27254.322265625,35625.0,36875.0,35550.0,36825.0,5650
2018-06-04,26546.66796875,34700.0,35400.0,34650.0,35350.0,4719
2018-06-05,26317.15234375,34400.0,34825.0,34200.0,34475.0,5406
2018-06-06,25819.8828125,33750.0,34775.0,33750.0,34275.0,6010
2018-06-07,26431.908203125,34550.0,35100.0,33750.0,33775.0,8934
2018-06-08,26451.03515625,34575.0,35350.0,34450.0,35150.0,4252
2018-06-11,26259.779296875,34325.0,34725.0,34075.0,34725.0,4329
2018-06-12,25858.138671875,33800.0,34300.0,33700.0,34175.0,6100
2018-06-13,25896.38671875,33850.0,34025.0,33075.0,33650.0,8914
2018-06-14,25093.103515625,32800.0,33425.0,32650.0,33400.0,8714
2018-06-15,25341.73828125,33125.0,33625.0,32950.0,33175.0,7571
2018-06-18,25399.109375,33200.0,34100.0,33125.0,33750.0,5731
2018-06-19,25628.62109375,33500.0,34775.0,33500.0,34475.0,6428
2018-06-20,25074.1953125,32675.0,33025.0,32275.0,32975.0,5707
2018-06-21,25745.646484375,33550.0,33750.0,32375.0,32450.0,6384
2018-06-22,25995.046875,33875.0,34150.0,33175.0,33225.0,4393
2018-06-25,27664.103515625,36050.0,37000.0,34575.0,34675.0,13135
2018-06-26,27376.3359375,35675.0,36100.0,35025.0,35700.0,6162
2018-06-27,28450.671875,37075.0,37175.0,34725.0,35200.0,10494
2018-06-28,27740.83984375,36150.0,37500.0,35775.0,37275.0,8890
2018-06-29,27606.548828125,35975.0,36025.0,35100.0,35625.0,6053
2018-07-02,26973.462890625,35150.0,37175.0,35150.0,36925.0,5997
2018-07-03,27932.681640625,36400.0,36475.0,34775.0,34825.0,4074
2018-07-05,26896.720703125,35050.0,36275.0,34975.0,35700.0,6730
2018-07-06,25707.27734375,33500.0,35050.0,33375.0,34875.0,6697
2018-07-09,24959.0859375,32525.0,33325.0,32525.0,32950.0,4941
2018-07-10,24920.712890625,32475.0,32825.0,32250.0,32450.0,4763
2018-07-11,25323.587890625,33000.0,33325.0,32625.0,33250.0,7319
2018-07-12,24038.224609375,31325.0,32625.0,31300.0,32525.0,7113
2018-07-13,23961.4921875,31225.0,31575.0,31075.0,31300.0,4760
2018-07-16,24153.33203125,31475.0,31625.0,31050.0,31225.0,3772
2018-07-17,23673.71875,30850.0,32425.0,30675.0,32425.0,6893
2018-07-18,23827.1953125,31050.0,31350.0,30775.0,30900.0,3334
2018-07-19,24210.884765625,31550.0,31650.0,31100.0,31425.0,5138
2018-07-20,24249.251953125,31600.0,31700.0,30950.0,31275.0,4468
2018-07-23,24019.0390625,31300.0,32250.0,31250.0,31825.0,3807
2018-07-24,23712.08984375,30900.0,31300.0,29975.0,30325.0,7836
2018-07-25,22714.49609375,29600.0,30900.0,29550.0,30875.0,7289
2018-07-26,23712.08984375,30900.0,31075.0,30550.0,30825.0,5510
2018-07-27,24709.681640625,32200.0,32750.0,30350.0,30400.0,8916
2018-07-30,25764.833984375,33575.0,34050.0,32175.0,32200.0,9763
2018-07-31,25285.216796875,32950.0,33775.0,32450.0,33250.0,7571
2018-08-01,24920.712890625,32475.0,33025.0,32175.0,32625.0,7278
2018-08-02,23923.119140625,31175.0,33225.0,31050.0,33175.0,7719
2018-08-03,23712.08984375,30900.0,31425.0,30875.0,31000.0,4529
2018-08-06,23270.84765625,30325.0,31075.0,30325.0,30975.0,4539
2018-08-07,23040.626953125,30025.0,30300.0,29850.0,30100.0,4488
2018-08-08,23002.259765625,29975.0,30400.0,29750.0,30150.0,4355
2018-08-09,23021.447265625,30000.0,30125.0,29650.0,30000.0,4727
2018-08-10,23539.42578125,30675.0,31025.0,30325.0,30575.0,6993
2018-08-13,23616.1640625,30775.0,30825.0,29950.0,30550.0,7110
2018-08-14,23213.2890625,30250.0,30950.0,30100.0,30450.0,4827
2018-08-15,24019.0390625,31300.0,31875.0,30650.0,30900.0,9910
2018-08-16,23846.37890625,31075.0,31225.0,30425.0,30650.0,4625
2018-08-17,23808.0078125,31025.0,31850.0,30800.0,31300.0,5367
2018-08-20,23865.56640625,31100.0,31500.0,30800.0,30825.0,4176
2018-08-21,23616.1640625,30775.0,30900.0,30225.0,30850.0,4601
2018-08-22,23347.583984375,30425.0,31100.0,30325.0,31000.0,4004
2018-08-23,23462.693359375,30575.0,30725.0,29950.0,30575.0,5495
2018-08-24,22810.412109375,29725.0,30300.0,29675.0,30300.0,5231
2018-08-27,22138.953125,28850.0,29425.0,28850.0,29275.0,5830
2018-08-28,22043.029296875,28725.0,28900.0,28500.0,28625.0,4416
2018-08-29,21256.47265625,27700.0,28600.0,27675.0,28575.0,8649
2018-08-30,21390.7578125,27875.0,28175.0,27400.0,27900.0,7878
2018-08-31,21314.017578125,27775.0,28075.0,27550.0,27975.0,5467
2018-09-04,21601.79296875,28150.0,28600.0,27900.0,28050.0,5849
2018-09-05,22465.095703125,29275.0,29525.0,28300.0,28325.0,9419
2018-09-06,23040.626953125,30025.0,30625.0,29100.0,29200.0,11345
2018-09-07,23270.84765625,30325.0,30750.0,29625.0,30700.0,7964
2018-09-10,23078.998046875,30075.0,30600.0,29825.0,29900.0,4979
2018-09-11,22561.017578125,29400.0,30700.0,29250.0,30500.0,5411
2018-09-12,22772.046875,29675.0,30425.0,29475.0,29550.0,7646
2018-09-13,22100.5859375,28800.0,29175.0,28575.0,29150.0,5667
2018-09-14,22254.06640625,29000.0,29350.0,28550.0,28700.0,4592
2018-09-17,23232.474609375,30275.0,30350.0,29100.0,29175.0,6215
2018-09-18,22637.75390625,29500.0,30225.0,29075.0,30175.0,8984
2018-09-19,22714.49609375,29600.0,30175.0,29300.0,29500.0,6530
2018-09-20,21966.294921875,28625.0,29225.0,28500.0,29000.0,7989
2018-09-21,22349.990234375,29125.0,29225.0,28275.0,28375.0,6335
2018-09-24,22158.138671875,28875.0,30100.0,28825.0,29750.0,5800
2018-09-25,22062.220703125,28750.0,29200.0,28675.0,28925.0,3911
2018-09-26,22056.43359375,28575.0,28700.0,27750.0,28550.0,8134
2018-09-27,21477.51953125,27825.0,28250.0,27525.0,28150.0,7081
2018-09-28,21496.8203125,27850.0,28225.0,27650.0,28075.0,7688
2018-10-01,21381.033203125,27700.0,27900.0,27075.0,27350.0,7326
2018-10-02,21496.8203125,27850.0,28075.0,27250.0,27800.0,5660
2018-10-03,21477.51953125,27825.0,27925.0,27325.0,27500.0,6917
2018-10-04,22673.93359375,29375.0,30000.0,28100.0,28100.0,13724
2018-10-05,23542.296875,30500.0,31325.0,29125.0,29425.0,15703
2018-10-08,23947.533203125,31025.0,32125.0,30250.0,30900.0,13956
2018-10-09,23773.859375,30800.0,31225.0,30050.0,31025.0,10152
2018-10-10,26880.66796875,34825.0,34975.0,31275.0,31325.0,23227
2018-10-11,27864.814453125,36100.0,37250.0,33825.0,35225.0,38094
2018-10-12,25549.1796875,33100.0,35325.0,32800.0,33350.0,35887
2018-10-15,26533.32421875,34375.0,34725.0,33325.0,33500.0,15825
2018-10-16,24294.873046875,31475.0,33475.0,31100.0,33300.0,16990
2018-10-17,24179.09375,31325.0,32300.0,30825.0,30850.0,17395
2018-10-18,25819.34375,33450.0,33900.0,31675.0,31725.0,18762
2018-10-19,25973.71484375,33650.0,34000.0,31875.0,32825.0,15805
2018-10-22,25549.1796875,33100.0,33900.0,32325.0,33050.0,14417
2018-10-23,25819.34375,33450.0,36050.0,33000.0,34925.0,20002
2018-10-24,29389.27734375,38075.0,38250.0,33450.0,33600.0,21122
2018-10-25,26417.544921875,34225.0,36850.0,33500.0,36325.0,18728
2018-10-26,28347.240234375,36725.0,38300.0,34850.0,37675.0,22789
2018-10-29,30006.779296875,38875.0,41175.0,34725.0,35225.0,25929
2018-10-30,28713.884765625,37200.0,40000.0,37125.0,39400.0,30835
2018-10-31,26784.189453125,34700.0,35475.0,33625.0,35475.0,25068
2018-11-01,25607.06640625,33175.0,35225.0,33125.0,34400.0,15416
2018-11-02,26803.486328125,34725.0,35450.0,32950.0,33550.0,23777
2018-11-05,27054.34375,35050.0,36225.0,34675.0,34675.0,11861
2018-11-06,26436.841796875,34250.0,35225.0,33675.0,35100.0,10904
2018-11-07,24005.423828125,31100.0,33300.0,31075.0,33075.0,18071
2018-11-08,24449.251953125,31675.0,32150.0,31225.0,31525.0,11777
2018-11-09,25664.9609375,33250.0,34050.0,32350.0,32600.0,16584
2018-11-12,27980.59765625,36250.0,36425.0,33800.0,34000.0,17767
2018-11-13,27942.0,36200.0,36550.0,34275.0,35825.0,17068
2018-11-14,28636.697265625,37100.0,37700.0,34825.0,35175.0,17097
2018-11-15,27131.53125,35150.0,38275.0,34850.0,37375.0,18638
2018-11-16,27420.984375,35525.0,36625.0,35025.0,36200.0,16836
2018-11-19,30122.564453125,39025.0,39350.0,35925.0,36125.0,17981
2018-11-20,31704.916015625,41075.0,42625.0,39525.0,41675.0,22697
2018-11-21,31029.513671875,40200.0,40425.0,39000.0,39500.0,11363
2018-11-23,31743.509765625,41125.0,41225.0,39875.0,41200.0,5773
2018-11-26,29543.65234375,38275.0,39925.0,38200.0,39375.0,10344
2018-11-27,29215.607421875,37850.0,39475.0,37575.0,38850.0,8201
2018-11-28,26475.435546875,34300.0,37700.0,34250.0,37050.0,12885
2018-11-29,26726.298828125,34625.0,35400.0,33900.0,34700.0,10406
2018-11-30,26108.796875,33825.0,35000.0,33775.0,34475.0,8321
2018-12-03,24815.8984375,32150.0,32850.0,31500.0,31600.0,10822
2018-12-04,27575.359375,35725.0,35900.0,32350.0,32650.0,20412
2018-12-06,27054.34375,35050.0,38400.0,35050.0,37900.0,22842
2018-12-07,29775.21875,38575.0,38875.0,34925.0,35550.0,20396
2018-12-10,28829.6640625,37350.0,39975.0,36850.0,38750.0,19766
2018-12-11,28540.21875,36975.0,37950.0,35500.0,35550.0,14539
2018-12-12,27787.62890625,36000.0,36050.0,34275.0,35350.0,14266
2018-12-13,27768.330078125,35975.0,36700.0,34875.0,35375.0,13653
2018-12-14,29813.806640625,38625.0,38900.0,36850.0,37250.0,16046
2018-12-17,31897.87890625,41325.0,42175.0,38225.0,39125.0,20615
2018-12-18,31261.08203125,40500.0,41600.0,39300.0,40300.0,16709
2018-12-19,33557.4140625,43475.0,44425.0,38775.0,40725.0,25217
2018-12-20,34927.50390625,45250.0,47025.0,42450.0,43875.0,30105
2018-12-21,38400.95703125,49750.0,50375.0,43850.0,44800.0,30294
2018-12-24,41199.015625,53375.0,53425.0,48875.0,50775.0,18068
2018-12-26,33623.15234375,43350.0,52500.0,43250.0,51400.0,28013
2018-12-27,33118.98828125,42700.0,47825.0,42675.0,44950.0,18906
2018-12-28,33215.94921875,42825.0,43900.0,40650.0,42000.0,22643
2018-12-31,32498.4921875,41900.0,43075.0,41175.0,41550.0,15337
2019-01-02,31994.34765625,41250.0,44575.0,40575.0,44475.0,17901
2019-01-03,35154.99609375,45325.0,45600.0,42600.0,43100.0,23647
2019-01-04,30540.060546875,39375.0,43625.0,38825.0,43200.0,24928
2019-01-07,29570.53125,38125.0,39575.0,37500.0,39175.0,12661
2019-01-08,28736.73828125,37050.0,38750.0,36650.0,37050.0,17966
2019-01-09,28096.853515625,36225.0,37125.0,35675.0,36675.0,18703
2019-01-10,27805.98828125,35850.0,37625.0,35825.0,37050.0,17150
2019-01-11,28116.244140625,36250.0,36900.0,36150.0,36500.0,9581
2019-01-14,28911.25,37275.0,37725.0,36775.0,37250.0,10344
2019-01-15,27224.275390625,35100.0,36825.0,34925.0,36800.0,16027
2019-01-16,27185.494140625,35050.0,35150.0,34175.0,34925.0,12122
2019-01-17,26584.392578125,34275.0,35650.0,33825.0,35450.0,12651
2019-01-18,25828.16015625,33300.0,34200.0,32825.0,33550.0,15910
2019-01-22,27321.232421875,35225.0,36025.0,33975.0,34025.0,14900
2019-01-23,27263.0546875,35150.0,36375.0,34275.0,34725.0,14261
2019-01-24,26758.904296875,34500.0,35250.0,34375.0,34875.0,9600
2019-01-25,25789.37890625,33250.0,34050.0,32975.0,33675.0,11597
2019-01-28,26758.904296875,34500.0,35325.0,34500.0,34575.0,13100
2019-01-29,27534.521484375,35500.0,35875.0,34425.0,34475.0,9459
2019-01-30,25440.349609375,32800.0,34650.0,32425.0,34275.0,14498
2019-01-31,24296.310546875,31325.0,32350.0,30875.0,32250.0,14705
2019-02-01,24645.341796875,31775.0,32000.0,31100.0,31800.0,10842
2019-02-04,23753.373046875,30625.0,31825.0,30600.0,31700.0,7660
2019-02-05,23113.490234375,29800.0,30500.0,29675.0,30475.0,9642
2019-02-06,23288.001953125,30025.0,30450.0,29600.0,29775.0,9436
2019-02-07,24238.13671875,31250.0,31950.0,30625.0,30875.0,17880
2019-02-08,24102.404296875,31075.0,32200.0,31075.0,32125.0,13192
2019-02-11,24179.96484375,31175.0,31425.0,30525.0,30775.0,7015
2019-02-12,23132.880859375,29825.0,30675.0,29675.0,30525.0,11323
2019-02-13,23113.490234375,29800.0,29850.0,29150.0,29425.0,8961
2019-02-14,22997.146484375,29650.0,30400.0,29350.0,30125.0,12100
2019-02-15,22745.068359375,29325.0,29725.0,29000.0,29000.0,8711
2019-02-19,22609.337890625,29150.0,29600.0,28875.0,29575.0,5136
2019-02-20,22609.337890625,29150.0,29650.0,28750.0,29100.0,8530
2019-02-21,22880.8046875,29500.0,29975.0,29175.0,29425.0,11007
2019-02-22,22376.650390625,28850.0,29350.0,28775.0,29300.0,8833
2019-02-25,22124.57421875,28525.0,28600.0,27975.0,28175.0,8827
2019-02-26,22066.400390625,28450.0,28900.0,28175.0,28800.0,7843
2019-02-27,22143.962890625,28550.0,29425.0,28425.0,28850.0,8773
2019-02-28,22299.08984375,28750.0,28975.0,28425.0,28800.0,6364
2019-03-01,21814.322265625,28125.0,28750.0,28025.0,28125.0,9245
2019-03-04,21814.322265625,28125.0,29075.0,27475.0,27675.0,16324
2019-03-05,21775.541015625,28075.0,28525.0,27825.0,28100.0,10667
2019-03-06,22124.57421875,28525.0,28700.0,28000.0,28025.0,13182
2019-03-07,22997.146484375,29650.0,29950.0,28750.0,28800.0,16902
2019-03-08,23074.70703125,29750.0,30750.0,29725.0,30650.0,17008
2019-03-11,21659.203125,27925.0,29450.0,27875.0,29425.0,18193
2019-03-12,21290.78125,27450.0,27925.0,27250.0,27700.0,11574
2019-03-13,20864.193359375,26900.0,27175.0,26425.0,27050.0,12178
2019-03-14,20922.36328125,26975.0,27050.0,26725.0,26825.0,7786
2019-03-15,20437.599609375,26350.0,26775.0,26025.0,26675.0,12339
2019-03-18,20224.30078125,26075.0,26475.0,25850.0,26300.0,7509
2019-03-19,20049.783203125,25850.0,26175.0,25400.0,25800.0,11910
2019-03-20,19795.060546875,25450.0,26125.0,25000.0,25775.0,17193
2019-03-21,18881.140625,24275.0,25725.0,24175.0,25725.0,17877
2019-03-22,20145.0703125,25900.0,25975.0,24425.0,24600.0,23386
2019-03-25,20242.29296875,26025.0,26600.0,25775.0,26225.0,26005
2019-03-26,19970.0625,25675.0,26075.0,24975.0,25450.0,15887
2019-03-27,20358.966796875,26175.0,26750.0,25400.0,25575.0,21056
2019-03-28,20222.849609375,26000.0,26500.0,25725.0,26025.0,13209
2019-03-29,19775.611328125,25425.0,25900.0,25375.0,25475.0,12927
2019-04-01,19017.251953125,24450.0,24975.0,24350.0,24675.0,13927
2019-04-02,18783.9140625,24150.0,24550.0,24100.0,24375.0,8782
2019-04-03,18472.79296875,23750.0,24000.0,23300.0,23750.0,12519
2019-04-04,18511.6875,23800.0,24225.0,23500.0,23775.0,9014
2019-04-05,18220.009765625,23425.0,23675.0,23400.0,23575.0,6194
2019-04-08,18083.892578125,23250.0,23850.0,23200.0,23575.0,8370
2019-04-09,18278.341796875,23500.0,23675.0,23275.0,23500.0,9065
2019-04-10,17986.666015625,23125.0,23500.0,23125.0,23425.0,7025
2019-04-11,18142.232421875,23325.0,23450.0,23025.0,23075.0,5840
2019-04-12,17889.443359375,23000.0,23300.0,22975.0,23000.0,6768
2019-04-15,17908.884765625,23025.0,23475.0,22925.0,23050.0,6192
2019-04-16,17714.4375,22775.0,23000.0,22625.0,22775.0,6162
2019-04-17,17539.427734375,22550.0,22775.0,22275.0,22375.0,7112
2019-04-18,17500.54296875,22500.0,22900.0,22450.0,22475.0,5524
2019-04-22,17344.98046875,22300.0,22825.0,22275.0,22775.0,4501
2019-04-23,16683.853515625,21450.0,22225.0,21375.0,22125.0,8713
2019-04-24,16839.408203125,21650.0,21700.0,21325.0,21400.0,6651
2019-04-25,16683.853515625,21450.0,21775.0,21150.0,21175.0,9739
2019-04-26,16625.509765625,21375.0,22075.0,21350.0,21525.0,7489
2019-04-29,16528.291015625,21250.0,21475.0,21150.0,21350.0,5507
2019-04-30,16917.185546875,21750.0,22200.0,21625.0,21750.0,8038
2019-05-01,17111.640625,22000.0,22025.0,21125.0,21300.0,10995
2019-05-02,17306.08984375,22250.0,22700.0,21650.0,22000.0,13331
2019-05-03,16489.3984375,21200.0,21850.0,21150.0,21725.0,9152
2019-05-06,16781.07421875,21575.0,22650.0,21500.0,22525.0,14417
2019-05-07,17772.7734375,22850.0,23450.0,22025.0,22300.0,22953
2019-05-08,17908.884765625,23025.0,23325.0,22500.0,23050.0,16229
2019-05-09,18200.564453125,23400.0,24425.0,23175.0,23800.0,21793
2019-05-10,18181.12109375,23375.0,24875.0,23000.0,23700.0,23244
2019-05-13,20067.2890625,25800.0,26000.0,24775.0,25125.0,27461
2019-05-14,19406.15625,24950.0,25675.0,24475.0,25375.0,19387
2019-05-15,18608.908203125,23925.0,25475.0,23700.0,25450.0,19304
2019-05-16,18045.001953125,23200.0,23975.0,22725.0,23875.0,14721
2019-05-17,18608.908203125,23925.0,23975.0,22950.0,23875.0,19831
2019-05-20,19542.2734375,25125.0,25375.0,24625.0,24900.0,17064
2019-05-21,18978.36328125,24400.0,24725.0,24125.0,24475.0,11813
2019-05-22,19192.26171875,24675.0,24800.0,24250.0,24800.0,11007
2019-05-23,20067.2890625,25800.0,26300.0,25500.0,25525.0,17398
2019-05-24,20183.9609375,25950.0,25968.75,25150.0,25381.25,24703
2019-05-28,20378.408203125,26200.0,26200.0,25231.25,25656.25,21163
2019-05-29,20874.25390625,26837.5,27256.25,26412.5,26662.5,28918
2019-05-30,20616.611328125,26506.25,26968.75,26287.5,26625.0,18206
2019-05-31,21603.443359375,27775.0,27818.75,27187.5,27450.0,23288
2019-06-03,22988.90625,29556.25,30050.0,27806.25,28018.75,33086
2019-06-04,21136.763671875,27175.0,28987.5,27118.75,28668.75,24734
2019-06-05,20655.50390625,26556.25,27412.5,26356.25,26387.5,22670
2019-06-06,20174.236328125,25937.5,26787.5,25750.0,26456.25,20544
2019-06-07,19026.9765625,24462.5,25631.25,24125.0,25550.0,24393
2019-06-10,18360.98828125,23606.25,23968.75,22900.0,23950.0,21039
2019-06-11,18268.62109375,23487.5,23750.0,22725.0,22868.75,22612
2019-06-12,18589.458984375,23900.0,24037.5,23562.5,23706.25,17539
2019-06-13,18273.482421875,23493.75,23768.75,23331.25,23631.25,17136
2019-06-14,18531.126953125,23825.0,24087.5,23637.5,23893.75,14086
2019-06-17,18181.12109375,23375.0,23737.5,23187.5,23681.25,14011
2019-06-18,17413.0390625,22387.5,22743.75,21875.0,22562.5,26618
2019-06-19,17204.0078125,22118.75,22681.25,21975.0,22262.5,17804
2019-06-20,16747.04296875,21531.25,22018.75,21200.0,21212.5,19866
2019-06-21,16805.384765625,21606.25,21762.5,21218.75,21618.75,18232
2019-06-24,16829.69140625,21637.5,21662.5,21437.5,21518.75,10016
2019-06-25,17678.615234375,22568.75,22681.25,21493.75,21525.0,32525
2019-06-26,17453.408203125,22281.25,22381.25,21712.5,22118.75,19654
2019-06-27,17267.373046875,22043.75,22212.5,21875.0,22043.75,16961
2019-06-28,17208.623046875,21968.75,22193.75,21806.25,21875.0,15813
2019-07-01,16518.31640625,21087.5,21381.25,20618.75,20706.25,21716
2019-07-02,16322.4833984375,20837.5,21281.25,20831.25,21112.5,14457
2019-07-03,15965.0927734375,20381.25,20750.0,20375.0,20693.75,12470
2019-07-05,16058.1142578125,20500.0,21031.25,20393.75,20787.5,20570
2019-07-08,16405.71875,20943.75,21187.5,20881.25,20900.0,15840
2019-07-09,16146.2392578125,20612.5,21293.75,20550.0,21243.75,13707
2019-07-10,15676.24609375,20012.5,20368.75,19843.75,20262.5,22839
2019-07-11,15715.412109375,20062.5,20262.5,19787.5,19925.0,18279
2019-07-12,15455.9384765625,19731.25,20068.75,19725.0,20012.5,12359
2019-07-15,15313.958984375,19550.0,19762.5,19531.25,19587.5,10397
2019-07-16,15548.958984375,19850.0,20031.25,19568.75,19631.25,13979
2019-07-17,15774.1591796875,20137.5,20143.75,19750.0,19837.5,16537
2019-07-18,15715.412109375,20062.5,20637.5,19975.0,20443.75,23852
2019-07-19,16087.48828125,20537.5,20600.0,19656.25,19662.5,21921
2019-07-22,15700.7236328125,20043.75,20393.75,19918.75,20381.25,19474
2019-07-23,15406.98046875,19668.75,20125.0,19662.5,19718.75,18087
2019-07-24,15078.9638671875,19250.0,19893.75,19250.0,19887.5,19101
2019-07-25,15509.787109375,19800.0,19912.5,19443.75,19443.75,23495
2019-07-26,15044.69140625,19206.25,19456.25,19118.75,19437.5,18363
2019-07-29,15186.66796875,19387.5,19756.25,19237.5,19243.75,19225
2019-07-30,15387.3955078125,19643.75,19881.25,19425.0,19837.5,15124
2019-07-31,16028.7421875,20462.5,21018.75,19462.5,19500.0,36553
2019-08-01,16273.533203125,20775.0,21093.75,19243.75,20368.75,65494
2019-08-02,17027.4765625,21737.5,22087.5,21175.0,21250.0,51937
2019-08-05,18824.2265625,24031.25,24556.25,23068.75,23068.75,63370
2019-08-06,18021.3203125,23006.25,23900.0,22800.0,23362.5,41719
2019-08-07,17786.32421875,22706.25,24293.75,22556.25,23762.5,51662
2019-08-08,16596.646484375,21187.5,22550.0,21162.5,22325.0,30183
2019-08-09,17066.64453125,21787.5,22281.25,21275.0,21500.0,37486
2019-08-12,17649.236328125,22531.25,22837.5,21987.5,22187.5,36573
2019-08-13,16488.943359375,21050.0,22668.75,20593.75,22575.0,42666
2019-08-14,17982.15234375,22956.25,23062.5,21875.0,22075.0,51883
2019-08-15,18040.904296875,23031.25,23556.25,22643.75,22825.0,30695
2019-08-16,17189.0390625,21943.75,22462.5,21768.75,22462.5,22404
2019-08-19,16415.509765625,20956.25,21231.25,20762.5,20993.75,18792
2019-08-20,16743.521484375,21375.0,21393.75,20837.5,21062.5,18198
2019-08-21,16307.796875,20818.75,21043.75,20625.0,20812.5,18918
2019-08-22,16474.2578125,21031.25,21518.75,20568.75,20725.0,24707
2019-08-23,17982.15234375,22956.25,23206.25,20900.0,21468.75,53835
2019-08-26,17242.892578125,22012.5,22662.5,21987.5,22262.5,27721
2019-08-27,17335.912109375,22131.25,22400.0,21431.25,21550.0,29713
2019-08-28,17184.14453125,21937.5,22687.5,21806.25,22362.5,22446
2019-08-29,16381.234375,20912.5,21356.25,20731.25,21100.0,25421
2019-08-30,16493.841796875,21056.25,21425.0,20575.0,20587.5,25833
2019-09-03,16973.62109375,21668.75,21906.25,21175.0,21493.75,25184
2019-09-04,16263.7373046875,20762.5,21243.75,20706.25,21087.5,20838
2019-09-05,15367.814453125,19618.75,20118.75,19450.0,20087.5,31049
2019-09-06,15406.98046875,19668.75,19812.5,19512.5,19531.25,20041
2019-09-09,15514.6845703125,19806.25,20112.5,19481.25,19500.0,18712
2019-09-10,15646.873046875,19975.0,20525.0,19968.75,20131.25,24149
2019-09-11,15225.8349609375,19437.5,20012.5,19400.0,19887.5,20307
2019-09-12,15025.1083984375,19181.25,19275.0,18750.0,19075.0,24390
2019-09-13,15191.5673828125,19393.75,19481.25,19150.0,19262.5,16807
2019-09-16,15406.98046875,19668.75,19837.5,19550.0,19775.0,23637
2019-09-17,15196.4599609375,19400.0,19787.5,19381.25,19668.75,17061
2019-09-18,15211.1494140625,19418.75,20150.0,19393.75,19512.5,21468
2019-09-19,15147.50390625,19337.5,19443.75,18975.0,19318.75,18657
2019-09-20,15602.8095703125,19918.75,20143.75,19200.0,19250.0,20224
2019-09-23,15612.6005859375,19931.25,20175.0,19750.0,19993.75,15789
2019-09-24,16229.46875,20718.75,20981.25,19537.5,19662.5,37734
2019-09-25,15690.3740234375,19918.75,21187.5,19756.25,20675.0,23692
2019-09-26,15862.68359375,20137.5,20593.75,19956.25,20000.0,20103
2019-09-27,16438.70703125,20868.75,21318.75,20018.75,20056.25,32193
2019-09-30,16005.45703125,20318.75,20787.5,20212.5,20675.0,16416
2019-10-01,16389.474609375,20806.25,20918.75,19750.0,20100.0,30992
2019-10-02,17236.26953125,21881.25,22243.75,21237.5,21237.5,34641
2019-10-03,16655.330078125,21143.75,22700.0,21137.5,21900.0,32862
2019-10-04,15951.3037109375,20250.0,20912.5,20162.5,20868.75,22908
2019-10-07,16113.7705078125,20456.25,20550.0,19962.5,20443.75,21771
2019-10-08,16832.564453125,21368.75,21406.25,20562.5,20831.25,34975
2019-10-09,16325.46875,20725.0,21012.5,20443.75,20806.25,23209
2019-10-10,15961.1494140625,20262.5,20781.25,20018.75,20718.75,24303
2019-10-11,15365.4384765625,19506.25,19606.25,19000.0,19581.25,39682
2019-10-14,15350.6689453125,19487.5,19631.25,19306.25,19575.0,15892
2019-10-15,14774.6474609375,18756.25,19343.75,18618.75,19318.75,28692
2019-10-16,14878.0390625,18887.5,19075.0,18756.25,18937.5,21315
2019-10-17,14769.7236328125,18750.0,18968.75,18475.0,18556.25,15444
2019-10-18,15188.19921875,19281.25,19575.0,18725.0,18831.25,24616
2019-10-21,14794.345703125,18781.25,19168.75,18750.0,19012.5,13427
2019-10-22,15143.8935546875,19225.0,19250.0,18500.0,18593.75,18308
2019-10-23,15065.1201171875,19125.0,19450.0,19118.75,19375.0,14076
2019-10-24,14631.876953125,18575.0,18981.25,18550.0,18718.75,23225
2019-10-25,14302.0185546875,18156.25,18881.25,18112.5,18862.5,22163
2019-10-28,13858.927734375,17593.75,17887.5,17531.25,17875.0,16159
2019-10-29,14183.861328125,18006.25,18025.0,17618.75,17687.5,17062
2019-10-30,13986.9287109375,17756.25,18225.0,17668.75,17918.75,18652
2019-10-31,13977.0859375,17743.75,18050.0,17587.5,17618.75,21382
2019-11-01,13597.9931640625,17262.5,17600.0,17262.5,17512.5,18276
2019-11-04,13351.8330078125,16950.0,17037.5,16831.25,16912.5,18833
2019-11-05,13341.9853515625,16937.5,17087.5,16825.0,16875.0,17041
2019-11-06,13420.7578125,17037.5,17287.5,16975.0,16981.25,17663
2019-11-07,13292.75390625,16875.0,17018.75,16537.5,16775.0,19125
2019-11-08,13130.2861328125,16668.75,17100.0,16668.75,16975.0,14983
2019-11-11,13189.3662109375,16743.75,16993.75,16725.0,16918.75,9713
2019-11-12,13076.12890625,16600.0,16781.25,16431.25,16700.0,16549
2019-11-13,13095.8232421875,16625.0,16812.5,16543.75,16775.0,17266
2019-11-14,13100.748046875,16631.25,16937.5,16600.0,16781.25,15067
2019-11-15,12859.5078125,16325.0,16500.0,16293.75,16350.0,15357
2019-11-18,12780.7373046875,16225.0,16550.0,16156.25,16343.75,19688
2019-11-19,12741.3505859375,16175.0,16356.25,16056.25,16062.5,17837
2019-11-20,12972.7431640625,16468.75,16825.0,16150.0,16293.75,26541
2019-11-21,13066.283203125,16587.5,16731.25,16481.25,16518.75,20692
2019-11-22,13031.8212890625,16543.75,16818.75,16425.0,16443.75,16481
2019-11-25,12569.037109375,15956.25,16337.5,15950.0,16337.5,15472
2019-11-26,12505.0361328125,15875.0,16006.25,15812.5,15943.75,12929
2019-11-27,12253.94921875,15556.25,15812.5,15543.75,15768.75,14708
2019-11-29,12421.33984375,15768.75,15787.5,15593.75,15656.25,9817
2019-12-02,12825.0478515625,16281.25,16512.5,15743.75,15756.25,28780
2019-12-03,13100.748046875,16631.25,17162.5,16612.5,16900.0,32668
2019-12-04,12903.8173828125,16381.25,16456.25,16262.5,16375.0,18382
2019-12-05,12839.8134765625,16300.0,16537.5,16218.75,16218.75,15633
2019-12-06,12441.0322265625,15793.75,15975.0,15737.5,15956.25,18370
2019-12-09,12593.65234375,15987.5,16006.25,15637.5,15862.5,13313
2019-12-10,12623.193359375,16025.0,16143.75,15806.25,15968.75,16813
2019-12-11,12426.263671875,15775.0,16000.0,15737.5,15937.5,12629
2019-12-12,12150.5615234375,15425.0,15900.0,15250.0,15831.25,36426
2019-12-13,12037.326171875,15281.25,15556.25,15112.5,15462.5,29818
2019-12-16,11692.7001953125,14843.75,15000.0,14768.75,14993.75,16028
2019-12-17,11673.0068359375,14818.75,14875.0,14731.25,14775.0,13073
2019-12-18,11648.390625,14787.5,14812.5,14643.75,14768.75,12332
2019-12-19,11412.076171875,14487.5,14756.25,14481.25,14756.25,13441
2019-12-20,11288.9951171875,14331.25,14412.5,14250.0,14287.5,14908
2019-12-23,11195.451171875,14212.5,14250.0,14143.75,14175.0,9418
2019-12-24,11184.5703125,14131.25,14225.0,14093.75,14112.5,5627
2019-12-26,10887.765625,13756.25,14068.75,13756.25,14062.5,11307
2019-12-27,10927.337890625,13806.25,13906.25,13606.25,13618.75,17743
2019-12-30,11140.0498046875,14075.0,14275.0,13800.0,13825.0,25318
2019-12-31,11075.7431640625,13993.75,14268.75,13968.75,14206.25,18533
2020-01-02,10536.5478515625,13312.5,13731.25,13312.5,13650.0,25799
2020-01-03,10818.51171875,13668.75,13837.5,13431.25,13831.25,29139
2020-01-06,10610.7470703125,13406.25,14043.75,13406.25,13993.75,25101
2020-01-07,10615.69140625,13412.5,13543.75,13300.0,13393.75,17691
2020-01-08,10378.2529296875,13112.5,13487.5,12931.25,13425.0,29224
2020-01-09,10116.0751953125,12781.25,13018.75,12712.5,12806.25,27716
2020-01-10,10200.1708984375,12887.5,12950.0,12631.25,12643.75,30932
2020-01-13,9844.0048828125,12437.5,12793.75,12437.5,12737.5,25107
2020-01-14,9962.7265625,12587.5,12650.0,12400.0,12475.0,37181
2020-01-15,9957.779296875,12581.25,12700.0,12400.0,12575.0,30865
2020-01-16,9675.8134765625,12225.0,12475.0,12218.75,12400.0,25390
2020-01-17,9527.4140625,12037.5,12250.0,12012.5,12068.75,22365
2020-01-21,9547.19921875,12062.5,12156.25,11968.75,12150.0,19694
2020-01-22,9472.9990234375,11968.75,12012.5,11756.25,11881.25,21796
2020-01-23,9383.9580078125,11856.25,12156.25,11843.75,11993.75,28432
2020-01-24,9626.3466796875,12162.5,12325.0,11650.0,11700.0,39371
2020-01-27,10219.9560546875,12912.5,13075.0,12718.75,12968.75,46922
2020-01-28,9750.0146484375,12318.75,12743.75,12231.25,12650.0,33681
2020-01-29,9710.44140625,12268.75,12425.0,12075.0,12112.5,30482
2020-01-30,9601.61328125,12131.25,12618.75,12118.75,12500.0,48260
2020-01-31,10071.5546875,12725.0,12843.75,11981.25,11981.25,58542
2020-02-03,9616.455078125,12150.0,12562.5,12050.0,12537.5,49271
2020-02-04,8958.537109375,11318.75,11768.75,11243.75,11650.0,56163
2020-02-05,8854.65625,11187.5,11400.0,10900.0,10900.0,44422
2020-02-06,8637.0,10912.5,11237.5,10900.0,11118.75,27849
2020-02-07,8745.8291015625,11050.0,11150.0,10875.0,11056.25,35358
2020-02-10,8429.2373046875,10650.0,11175.0,10650.0,11168.75,30571
2020-02-11,8429.2373046875,10650.0,10737.5,10375.0,10481.25,39584
2020-02-12,8186.8486328125,10343.75,10543.75,10325.0,10468.75,25595
2020-02-13,8221.4765625,10387.5,10600.0,10256.25,10568.75,33578
2020-02-14,8157.16748046875,10306.25,10443.75,10268.75,10343.75,25823
2020-02-18,8137.3798828125,10281.25,10487.5,10225.0,10456.25,30925
2020-02-19,7909.830078125,9993.75,10143.75,9931.25,10106.25,25670
2020-02-20,8137.3798828125,10281.25,10637.5,10000.0,10056.25,49529
2020-02-21,8602.3740234375,10868.75,10993.75,10381.25,10418.75,61292
2020-02-24,9601.61328125,12131.25,12287.5,11725.0,12062.5,112160
2020-02-25,10373.3046875,13106.25,13225.0,11706.25,11831.25,141867
2020-02-26,10224.90234375,12918.75,13212.5,12225.0,12900.0,120406
2020-02-27,11753.4453125,14850.0,14893.75,13306.25,13906.25,169664
2020-02-28,11575.3623046875,14625.0,16500.0,14543.75,16331.25,201670
2020-03-02,9928.099609375,12543.75,14812.5,12525.0,14193.75,121467
2020-03-03,10922.3916015625,13800.0,14106.25,12012.5,12456.25,138580
2020-03-04,9562.0419921875,12081.25,13406.25,12068.75,13025.0,102389
2020-03-05,10407.9326171875,13150.0,13418.75,12375.0,13012.5,90529
2020-03-06,10927.337890625,13806.25,14793.75,13631.25,14481.25,128673
2020-03-09,13187.998046875,16662.5,16893.75,15206.25,16718.75,104632
2020-03-10,11130.1572265625,14062.5,16712.5,14062.5,14806.25,116631
2020-03-11,12505.34765625,15800.0,16350.0,14706.25,15031.25,95815
2020-03-12,15963.11328125,20168.75,20268.75,16937.5,18937.5,137302
2020-03-13,11436.8525390625,14450.0,19875.0,14375.0,16893.75,154005
2020-03-16,15181.53125,19181.25,19662.5,16350.0,18750.0,135212
2020-03-17,12406.412109375,15675.0,19743.75,14831.25,17868.75,167090
2020-03-18,13326.505859375,16837.5,19375.0,16318.75,18287.5,136188
2020-03-19,13158.31640625,16625.0,18325.0,14887.5,17081.25,166209
2020-03-20,14503.828125,18325.0,18600.0,15156.25,15450.0,166549
2020-03-23,14582.9775390625,18425.0,20156.25,17250.0,18256.25,161576
2020-03-24,11298.3447265625,14275.0,16056.25,14256.25,15600.0,174516
2020-03-25,11489.337890625,14475.0,15018.75,12850.0,14018.75,168613
2020-03-26,9658.7822265625,12168.75,14150.0,12006.25,14087.5,179134
2020-03-27,10591.4228515625,13343.75,13475.0,12400.0,13056.25,132630
2020-03-30,9445.4677734375,11900.0,13137.5,11818.75,12975.0,139439
2020-03-31,9653.8212890625,12162.5,12412.5,11300.0,11975.0,147727
2020-04-01,10889.07421875,13718.75,14018.75,12712.5,13250.0,142936
2020-04-02,10244.1640625,12906.25,14050.0,12881.25,13912.5,163036
2020-04-03,10645.9912109375,13412.5,13887.5,12693.75,13025.0,126740
2020-04-06,8408.6484375,10593.75,12175.0,10343.75,11931.25,144559
2020-04-07,8383.84375,10562.5,10612.5,9575.0,9637.5,166134
2020-04-08,7853.03076171875,9893.75,10562.5,9781.25,10256.25,134014
2020-04-09,7813.34521484375,9843.75,10112.5,9487.5,9637.5,159118
2020-04-13,7550.41943359375,9512.5,10143.75,9456.25,9962.5,114197
2020-04-14,6563.20947265625,8268.75,9037.5,8200.0,8937.5,131333
2020-04-15,6781.4873046875,8543.75,8831.25,8343.75,8668.75,105140
2020-04-16,6414.384765625,8081.25,8531.25,7956.25,8268.75,143971
2020-04-17,6255.63671875,7881.25,8225.0,7718.75,7768.75,114859
2020-04-20,6459.03173828125,8137.5,8150.0,7793.75,8075.0,86157
2020-04-21,7168.43408203125,9031.25,9181.25,8318.75,8375.0,146575
2020-04-22,6523.5224609375,8218.75,8593.75,8056.25,8468.75,84050
2020-04-23,6573.1318359375,8281.25,8337.5,7825.0,8125.0,104801
2020-04-24,6250.67626953125,7875.0,8400.0,7843.75,8231.25,96153
2020-04-27,6126.654296875,7718.75,7812.5,7575.0,7631.25,73637
2020-04-28,6449.10986328125,8125.0,8162.5,7506.25,7512.5,104528
2020-04-29,5784.3564453125,7287.5,7712.5,7156.25,7593.75,108957
2020-04-30,5744.6689453125,7237.5,7431.25,7162.5,7168.75,89451
2020-05-01,6260.59814453125,7887.5,7993.75,7493.75,7706.25,103522
2020-05-04,6037.359375,7606.25,8068.75,7581.25,8012.5,70241
2020-05-05,5833.9638671875,7350.0,7437.5,7087.5,7375.0,81538
2020-05-06,5724.826171875,7212.5,7306.25,7006.25,7181.25,91895
2020-05-07,5501.58642578125,6931.25,7075.0,6843.75,6937.5,94721
2020-05-08,5278.34912109375,6650.0,6875.0,6631.25,6768.75,83798
2020-05-11,5144.4052734375,6481.25,6793.75,6375.0,6768.75,89125
2020-05-12,5451.9775390625,6868.75,6875.0,6362.5,6418.75,105176
2020-05-13,5655.3740234375,7125.0,7375.0,6643.75,6825.0,175337
2020-05-14,5466.861328125,6887.5,7462.5,6887.5,7256.25,127786
2020-05-15,5357.72314453125,6750.0,7218.75,6750.0,7175.0,119261
2020-05-18,5060.07080078125,6375.0,6556.25,6281.25,6487.5,93447
2020-05-19,5104.71826171875,6431.25,6437.5,6175.0,6362.5,92159
2020-05-20,4792.1845703125,6037.5,6200.0,6006.25,6200.0,91258
2020-05-21,4941.009765625,6225.0,6275.0,5981.25,6031.25,105987
2020-05-22,4896.36279296875,6168.75,6350.0,6150.0,6275.0,69979
2020-05-26,4921.1669921875,6200.0,6243.75,5856.25,5875.0,80486
2020-05-27,4851.71533203125,6112.5,6637.5,6106.25,6256.25,131899
2020-05-28,4876.51904296875,6143.75,6218.75,5862.5,6206.25,118955
2020-05-29,4678.08544921875,5893.75,6237.5,5850.0,6106.25,135543
2020-06-01,4613.59423828125,5812.5,5975.0,5787.5,5950.0,63071
2020-06-02,4529.2587890625,5706.25,5968.75,5693.75,5793.75,86448
2020-06-03,4449.88525390625,5606.25,5718.75,5562.5,5656.25,77562
2020-06-04,4554.0634765625,5737.5,5837.5,5543.75,5650.0,84338
2020-06-05,4286.17724609375,5400.0,5693.75,5350.0,5668.75,117280
2020-06-08,4181.99951171875,5268.75,5512.5,5262.5,5412.5,71238
2020-06-09,4087.744140625,5150.0,5343.75,5093.75,5331.25,89423
2020-06-10,3933.957275390625,4956.25,5081.25,4868.75,5043.75,118114
2020-06-11,4524.29931640625,5700.0,5712.5,5125.0,5206.25,189568
2020-06-12,4420.1201171875,5568.75,5875.0,5237.5,5331.25,211308
2020-06-15,4256.4130859375,5362.5,5881.25,5312.5,5812.5,145018
2020-06-16,4043.09619140625,5093.75,5343.75,4981.25,5018.75,152103
2020-06-17,3998.448974609375,5037.5,5100.0,4918.75,4993.75,99174
2020-06-18,3963.72265625,4993.75,5112.5,4981.25,5062.5,72259
2020-06-19,3968.6826171875,5000.0,5112.5,4825.0,4843.75,112185
2020-06-22,3829.77978515625,4825.0,5025.0,4812.5,5006.25,88704
2020-06-23,3730.562255859375,4700.0,4756.25,4562.5,4718.75,121056
2020-06-24,3948.839599609375,4975.0,5075.0,4668.75,4750.0,199872
2020-06-25,3839.700927734375,4837.5,5143.75,4825.0,4981.25,134489
2020-06-26,4117.5078125,5187.5,5218.75,4850.0,4862.5,158603
2020-06-29,3993.48779296875,5031.25,5375.0,5018.75,5200.0,128589
2020-06-30,3750.405517578125,4725.0,5037.5,4687.5,5025.0,113478
2020-07-01,3616.462646484375,4556.25,4750.0,4493.75,4718.75,134571
2020-07-02,3542.049560546875,4462.5,4487.5,4350.0,4425.0,122537
2020-07-06,3284.085205078125,4137.5,4293.75,4100.0,4293.75,142119
2020-07-07,3348.576171875,4218.75,4231.25,4012.5,4156.25,151924
2020-07-08,3214.633544921875,4050.0,4225.0,4050.0,4150.0,125769
2020-07-09,3135.259521484375,3950.0,4162.5,3912.5,3968.75,184147
2020-07-10,3065.8076171875,3862.5,4081.25,3856.25,3956.25,132420
2020-07-13,3254.3203125,4100.0,4143.75,3612.5,3737.5,269991
2020-07-14,3184.86767578125,4012.5,4381.25,3993.75,4218.75,334667
2020-07-15,3165.024658203125,3987.5,4150.0,3906.25,3956.25,168723
2020-07-16,3234.4765625,4075.0,4231.25,4043.75,4125.0,156566
2020-07-17,3229.515869140625,4068.75,4168.75,4012.5,4043.75,114773
2020-07-20,2946.7470703125,3712.5,4087.5,3681.25,4025.0,158403
2020-07-21,3036.042236328125,3825.0,3862.5,3643.75,3643.75,161275
2020-07-22,3001.31640625,3781.25,3893.75,3743.75,3806.25,119008
2020-07-23,3239.4375,4081.25,4150.0,3775.0,3806.25,220467
2020-07-24,3333.693603515625,4200.0,4400.0,4131.25,4275.0,271052
2020-07-27,3150.142333984375,3968.75,4156.25,3956.25,4118.75,131230
2020-07-28,3269.202392578125,4118.75,4137.5,3981.25,4012.5,111384
2020-07-29,3155.103271484375,3975.0,4075.0,3937.5,4050.0,102637
2020-07-30,3105.494384765625,3912.5,4131.25,3893.75,4081.25,169909
2020-07-31,2941.786376953125,3706.25,3931.25,3700.0,3706.25,182106
2020-08-03,2827.68701171875,3562.5,3625.0,3525.0,3618.75,134528
2020-08-04,2787.99951171875,3512.5,3612.5,3512.5,3587.5,108742
2020-08-05,2773.117431640625,3493.75,3537.5,3475.0,3500.0,87859
2020-08-06,2659.017578125,3350.0,3525.0,3337.5,3506.25,150306
2020-08-07,2748.312744140625,3462.5,3550.0,3343.75,3375.0,187796
2020-08-10,2787.99951171875,3512.5,3656.25,3450.0,3456.25,165835
2020-08-11,2946.7470703125,3712.5,3737.5,3506.25,3562.5,166501
2020-08-12,2718.5478515625,3425.0,3625.0,3387.5,3618.75,169947
2020-08-13,2703.665283203125,3406.25,3443.75,3318.75,3406.25,159062
2020-08-14,2718.5478515625,3425.0,3475.0,3375.0,3387.5,111889
2020-08-17,2619.330810546875,3300.0,3362.5,3287.5,3350.0,85846
2020-08-18,2544.91796875,3206.25,3315.0,3187.5,3261.25,185515
2020-08-19,2595.5185546875,3270.0,3285.0,3167.5,3206.25,262116
2020-08-20,2486.3798828125,3132.5,3312.5,3115.0,3298.75,267351
2020-08-21,2434.787109375,3067.5,3148.75,3052.5,3128.75,264829
2020-08-24,2388.155517578125,3008.75,3087.5,2932.5,2961.25,297816
2020-08-25,2332.593505859375,2938.75,3050.0,2937.5,3035.0,233814
2020-08-26,2182.775390625,2750.0,2905.0,2745.0,2901.25,387394
2020-08-27,2204.603515625,2777.5,2842.5,2696.25,2718.75,507615
2020-08-28,2167.893310546875,2731.25,2778.75,2715.0,2741.25,287270
2020-08-31,2118.284423828125,2668.75,2730.0,2615.0,2717.5,390970
2020-09-01,2008.1539306640625,2530.0,2641.25,2527.5,2595.0,387730
2020-09-02,1950.607666015625,2457.5,2607.5,2443.75,2446.25,626356
2020-09-03,2250.243408203125,2835.0,2905.0,2558.75,2567.5,1382832
2020-09-04,2339.538818359375,2947.5,3292.5,2783.75,2878.75,1662614
2020-09-08,2671.916015625,3366.25,3376.25,3108.75,3296.25,965803
2020-09-09,2440.740234375,3075.0,3252.5,2990.0,3160.0,605925
2020-09-10,2580.63623046875,3251.25,3312.5,2927.5,2968.75,805107
2020-09-11,2635.20556640625,3320.0,3450.0,3150.0,3180.0,964651
2020-09-14,2500.27001953125,3150.0,3227.5,3071.25,3177.5,576442
2020-09-15,2391.13134765625,3012.5,3075.0,2965.0,3018.75,510386
2020-09-16,2508.207763671875,3160.0,3167.5,2971.25,2990.0,577282
2020-09-17,2621.315185546875,3302.5,3431.25,3233.75,3400.0,879757
2020-09-18,2726.485595703125,3435.0,3587.5,3241.25,3257.5,945849
2020-09-21,2689.774658203125,3388.75,3677.5,3386.25,3585.0,909666
2020-09-22,2541.94140625,3202.5,3428.75,3180.0,3293.75,591027
2020-09-23,2778.077880859375,3500.0,3526.25,3207.5,3215.0,800870
2020-09-24,2735.41455078125,3446.25,3611.25,3313.75,3596.25,1027052
2020-09-25,2542.93359375,3203.75,3487.5,3172.5,3427.5,744181
2020-09-28,2387.1630859375,3007.5,3123.75,3005.0,3027.5,588761
2020-09-29,2417.920654296875,3046.25,3065.0,2988.75,3022.5,409170
2020-09-30,2366.3271484375,2981.25,3048.75,2876.25,3040.0,662069
2020-10-01,2255.204345703125,2841.25,2917.5,2821.25,2856.25,558626
2020-10-02,2441.732666015625,3076.25,3107.5,2916.25,3027.5,882478
2020-10-05,2287.94580078125,2882.5,3015.0,2871.25,3012.5,371702
2020-10-06,2410.97509765625,3037.5,3065.0,2850.0,2908.75,689499
2020-10-07,2283.977294921875,2877.5,2966.25,2851.25,2947.5,408995
2020-10-08,2246.2744140625,2830.0,2865.0,2800.0,2803.75,305810
2020-10-09,2145.073486328125,2702.5,2792.5,2698.75,2780.0,343889
2020-10-12,1946.6396484375,2452.5,2595.0,2368.75,2563.75,689594
2020-10-13,1944.65478515625,2450.0,2486.25,2387.5,2406.25,464068
2020-10-14,1993.2706298828125,2511.25,2557.5,2405.0,2430.0,562226
2020-10-15,2035.9342041015625,2565.0,2655.0,2546.25,2636.25,547510
2020-10-16,2067.684326171875,2605.0,2613.75,2478.75,2517.5,392511
2020-10-19,2167.893310546875,2731.25,2760.0,2525.0,2552.5,581219
2020-10-20,2152.0185546875,2711.25,2756.25,2620.0,2706.25,594054
2020-10-21,2158.962890625,2720.0,2733.75,2630.0,2705.0,506086
2020-10-22,2157.970703125,2718.75,2817.5,2668.75,2695.0,584590
2020-10-23,2143.088623046875,2700.0,2788.75,2698.75,2700.0,389883
2020-10-26,2240.32177734375,2822.5,2931.25,2688.75,2770.0,676716
2020-10-27,2188.72900390625,2757.5,2833.75,2733.75,2795.0,474227
2020-10-28,2445.700927734375,3081.25,3088.75,2875.0,2893.75,802102
2020-10-29,2317.710693359375,2920.0,3051.25,2813.75,3032.5,614706
2020-10-30,2483.40380859375,3128.75,3213.75,2955.0,2982.5,1016035
2020-11-02,2475.46630859375,3118.75,3222.5,2993.75,3056.25,684757
2020-11-03,2349.460693359375,2960.0,3087.5,2881.25,3052.5,696548
2020-11-04,2031.966064453125,2560.0,2723.75,2501.25,2668.75,960473
2020-11-05,1875.2027587890625,2362.5,2425.0,2333.75,2386.25,706246
2020-11-06,1868.2576904296875,2353.75,2470.0,2337.5,2381.25,722407
2020-11-09,1982.357177734375,2497.5,2508.75,2247.5,2286.25,925018
2020-11-10,2087.52734375,2630.0,2706.25,2547.5,2585.0,1034930
2020-11-11,1948.6231689453125,2455.0,2573.75,2442.5,2563.75,532778
2020-11-12,1974.4197998046875,2487.5,2520.0,2396.25,2431.25,564468
2020-11-13,1923.81884765625,2423.75,2503.75,2408.75,2446.25,419057
2020-11-16,1880.16357421875,2368.75,2447.5,2358.75,2430.0,341597
2020-11-17,1895.046142578125,2387.5,2406.25,2353.75,2361.25,317346
2020-11-18,1939.694091796875,2443.75,2443.75,2362.5,2403.75,351990
2020-11-19,1892.0699462890625,2383.75,2475.0,2376.25,2457.5,332208
2020-11-20,1931.756591796875,2433.75,2435.0,2368.75,2387.5,279570
2020-11-23,1930.7645263671875,2432.5,2492.5,2375.0,2407.5,311571
2020-11-24,1850.398193359375,2331.25,2453.75,2318.75,2405.0,362866
2020-11-25,1814.6802978515625,2286.25,2328.75,2272.5,2307.5,277269
2020-11-27,1766.06396484375,2225.0,2250.0,2197.5,2242.5,187304
2020-11-30,1756.1422119140625,2212.5,2320.0,2202.5,2217.5,430302
2020-12-01,1685.6982421875,2123.75,2185.0,2087.5,2161.25,413717
2020-12-02,1678.753173828125,2115.0,2190.0,2108.75,2150.0,316513
2020-12-03,1671.8079833984375,2106.25,2122.5,2073.75,2111.25,277110
2020-12-04,1650.97216796875,2080.0,2121.25,2078.75,2107.5,246060
2020-12-07,1623.19140625,2045.0,2081.25,2038.75,2077.5,249346
2020-12-08,1607.3167724609375,2025.0,2092.5,2018.75,2055.0,272060
2020-12-09,1715.463134765625,2161.25,2185.0,2023.75,2028.75,645486
2020-12-10,1696.6121826171875,2137.5,2233.75,2112.5,2210.0,506970
2020-12-11,1706.53369140625,2150.0,2223.75,2148.75,2172.5,433547
2020-12-14,1668.831298828125,2102.5,2126.25,2061.25,2125.0,338122
2020-12-15,1617.23828125,2037.5,2103.75,2037.5,2056.25,305902
2020-12-16,1590.4495849609375,2003.75,2050.0,1987.5,2028.75,318155
2020-12-17,1557.7081298828125,1962.5,1995.0,1958.75,1971.25,243999
2020-12-18,1572.5906982421875,1981.25,2027.5,1946.25,1951.25,379437
2020-12-21,1582.5123291015625,1993.75,2093.75,1981.25,2038.75,552857
2020-12-22,1568.6220703125,1976.25,2032.5,1957.5,1975.0,369183
2020-12-23,1591.4420166015625,2005.0,2008.75,1968.75,1976.25,260759
2020-12-24,1570.6060791015625,1978.75,2002.5,1970.0,2000.0,157865
2020-12-28,1522.9820556640625,1918.75,1963.75,1910.0,1927.5,310148
2020-12-29,1519.0135498046875,1913.75,1932.5,1882.5,1895.0,391314
2020-12-30,1519.0135498046875,1913.75,1926.25,1886.25,1892.5,225566
2020-12-31,1506.115234375,1897.5,1936.25,1892.5,1915.0,286943
2021-01-04,1571.5986328125,1980.0,2056.25,1872.5,1875.0,716122
2021-01-05,1532.90380859375,1931.25,2000.0,1928.75,2000.0,404773
2021-01-06,1596.40283203125,2011.25,2041.25,1930.0,2020.0,822835
2021-01-07,1477.3424072265625,1861.25,1957.5,1848.75,1957.5,480905
2021-01-08,1422.77294921875,1792.5,1863.75,1786.25,1823.75,697530
2021-01-11,1484.28759765625,1870.0,1881.25,1822.5,1843.75,539513
2021-01-12,1490.240478515625,1877.5,1927.5,1848.75,1868.75,446461
2021-01-13,1462.459716796875,1842.5,1885.0,1826.25,1875.0,335724
2021-01-14,1484.28759765625,1870.0,1878.75,1815.0,1832.5,283622
2021-01-15,1520.005615234375,1915.0,1937.5,1856.25,1876.25,492682
2021-01-19,1452.5380859375,1830.0,1891.25,1821.25,1870.0,358135
2021-01-20,1352.328857421875,1703.75,1773.75,1687.5,1766.25,524582
2021-01-21,1317.602783203125,1660.0,1703.75,1650.0,1683.75,372114
2021-01-22,1329.5087890625,1675.0,1687.5,1660.0,1678.75,296681
2021-01-25,1292.7984619140625,1628.75,1738.75,1601.25,1622.5,811772
2021-01-26,1290.814208984375,1626.25,1648.75,1610.0,1623.75,361330
2021-01-27,1395.984375,1758.75,1793.75,1661.25,1661.25,863249
2021-01-28,1374.1563720703125,1731.25,1753.75,1647.5,1743.75,657142
2021-01-29,1459.483154296875,1838.75,1871.25,1741.25,1758.75,889578
2021-02-01,1350.344482421875,1701.25,1815.0,1686.25,1778.75,672315
2021-02-02,1286.845458984375,1621.25,1657.5,1601.25,1655.0,464027
2021-02-03,1299.7437744140625,1637.5,1640.0,1583.75,1588.75,425677
2021-02-04,1254.1038818359375,1580.0,1638.75,1580.0,1616.25,376750
2021-02-05,1241.20556640625,1563.75,1592.5,1550.0,1567.5,374802
2021-02-08,1216.4014892578125,1532.5,1565.0,1531.25,1540.0,353012
2021-02-09,1217.3935546875,1533.75,1547.5,1517.5,1547.5,375858
2021-02-10,1225.330810546875,1543.75,1590.0,1507.5,1513.75,756834
2021-02-11,1205.487548828125,1518.75,1555.0,1513.75,1522.5,556934
2021-02-12,1186.63623046875,1495.0,1546.25,1491.25,1530.0,385786
2021-02-16,1194.5738525390625,1505.0,1522.5,1470.0,1482.5,447960
2021-02-17,1212.432861328125,1527.5,1578.75,1523.75,1547.5,639890
2021-02-18,1228.307373046875,1547.5,1603.75,1537.5,1578.75,700362
2021-02-19,1244.1822509765625,1567.5,1582.5,1526.25,1527.5,526438
2021-02-22,1341.4149169921875,1690.0,1692.5,1612.5,1631.25,824762
2021-02-23,1352.328857421875,1703.75,1870.0,1677.5,1776.25,1549617
2021-02-24,1318.5950927734375,1661.25,1792.5,1656.25,1750.0,926164
2021-02-25,1458.490966796875,1837.5,1861.25,1663.75,1705.0,1519481
2021-02-26,1436.6632080078125,1810.0,1870.0,1725.0,1782.5,1732058
2021-03-01,1308.67333984375,1648.75,1747.5,1642.5,1722.5,765638
2021-03-02,1371.1798095703125,1727.5,1732.5,1637.5,1640.0,614727
2021-03-03,1490.240478515625,1877.5,1880.0,1731.25,1747.5,1314785
2021-03-04,1563.6611328125,1970.0,2045.0,1826.25,1886.25,2590718
2021-03-05,1492.2249755859375,1880.0,2097.5,1862.5,1917.5,2426704
2021-03-08,1619.222900390625,2040.0,2047.5,1855.0,1891.25,1477632
2021-03-09,1427.73388671875,1798.75,1897.5,1758.75,1887.5,1269245
2021-03-10,1438.647705078125,1812.5,1826.25,1716.25,1722.5,1063167
2021-03-11,1338.4383544921875,1686.25,1743.75,1656.25,1727.5,895859
2021-03-12,1371.1798095703125,1727.5,1793.75,1726.25,1753.75,785867
2021-03-15,1327.5244140625,1672.5,1751.25,1670.0,1723.75,499196
2021-03-16,1305.69677734375,1645.0,1668.75,1588.75,1636.25,743275
2021-03-17,1289.822021484375,1625.0,1721.25,1595.0,1693.75,957026
2021-03-18,1407.8905029296875,1773.75,1781.25,1685.0,1701.25,810626
2021-03-19,1390.0313720703125,1751.25,1815.0,1727.5,1777.5,956178
2021-03-22,1314.6263427734375,1656.25,1713.75,1621.25,1713.75,662738
2021-03-23,1332.4854736328125,1678.75,1691.25,1617.5,1640.0,811640
2021-03-24,1398.9608154296875,1762.5,1766.25,1655.0,1655.0,753206
2021-03-25,1405.906005859375,1771.25,1840.0,1745.0,1796.25,1114960
2021-03-26,1342.4071044921875,1691.25,1801.25,1687.5,1776.25,868062
2021-03-29,1344.3912353515625,1693.75,1750.0,1676.25,1701.25,751013
2021-03-30,1364.2347412109375,1718.75,1765.0,1710.0,1726.25,520023
2021-03-31,1301.728271484375,1640.0,1695.0,1613.75,1690.0,645236
2021-04-01,1234.2603759765625,1555.0,1583.75,1553.75,1580.0,583808
2021-04-05,1161.831787109375,1463.75,1522.5,1451.25,1518.75,554821
2021-04-06,1164.8084716796875,1467.5,1476.25,1438.75,1467.5,447970
2021-04-07,1154.88671875,1455.0,1485.0,1443.75,1471.25,440629
2021-04-08,1118.1766357421875,1408.75,1427.5,1407.5,1416.25,420758
2021-04-09,1098.3330078125,1383.75,1436.25,1381.25,1427.5,589418
2021-04-12,1103.2939453125,1390.0,1413.75,1383.75,1396.25,387774
2021-04-13,1063.607177734375,1340.0,1372.5,1335.0,1368.75,466623
2021-04-14,1102.3017578125,1388.75,1398.75,1336.25,1337.5,541399
2021-04-15,1050.7088623046875,1323.75,1353.75,1320.0,1351.25,605792
2021-04-16,1047.7322998046875,1320.0,1342.5,1317.5,1321.25,399960
2021-04-19,1077.4974365234375,1357.5,1380.0,1325.0,1340.0,639063
2021-04-20,1100.317626953125,1386.25,1411.25,1348.75,1363.75,575549
2021-04-21,1071.5443115234375,1350.0,1416.25,1347.5,1402.5,510230
2021-04-22,1110.2392578125,1398.75,1413.75,1342.5,1355.0,864813
2021-04-23,1068.5679931640625,1346.25,1391.25,1328.75,1390.0,486552
2021-04-26,1046.740234375,1318.75,1352.5,1316.25,1342.5,496975
2021-04-27,1060.6307373046875,1336.25,1348.75,1313.75,1315.0,485086
2021-04-28,1072.5367431640625,1351.25,1358.75,1328.75,1340.0,365026
2021-04-29,1059.63818359375,1335.0,1376.25,1305.0,1310.0,534448
2021-04-30,1080.47412109375,1361.25,1373.75,1335.0,1366.25,431578
2021-05-03,1097.3406982421875,1382.5,1390.0,1337.5,1347.5,363408
2021-05-04,1156.8712158203125,1457.5,1507.5,1411.25,1416.25,1035810
2021-05-05,1168.77734375,1472.5,1483.75,1418.75,1430.0,496106
2021-05-06,1142.9808349609375,1440.0,1507.5,1437.5,1477.5,646254
2021-05-07,1114.2078857421875,1403.75,1418.75,1372.5,1401.25,606258
2021-05-10,1198.5421142578125,1510.0,1512.5,1420.0,1421.25,542145
2021-05-11,1202.51123046875,1515.0,1605.0,1505.0,1595.0,1037047
2021-05-12,1295.7750244140625,1632.5,1646.25,1553.75,1587.5,1294955
2021-05-13,1267.002197265625,1596.25,1633.75,1548.75,1587.5,939587
2021-05-14,1183.65966796875,1491.25,1555.0,1476.25,1546.25,699000
2021-05-17,1204.4952392578125,1517.5,1557.5,1505.0,1515.0,551846
2021-05-18,1228.307373046875,1547.5,1552.5,1486.25,1502.5,466590
2021-05-19,1224.3388671875,1542.5,1633.75,1537.5,1627.5,890112
2021-05-20,1152.90234375,1452.5,1523.75,1440.0,1521.25,665770
2021-05-21,1171.753662109375,1476.25,1482.5,1425.0,1431.25,484174
2021-05-24,1112.223388671875,1401.25,1450.0,1386.25,1445.0,458792
2021-05-25,1107.2628173828125,1395.0,1412.5,1372.5,1381.25,440627
2021-05-26,1096.3486328125,1381.25,1397.5,1375.0,1388.75,351830
2021-05-27,1109.246826171875,1397.5,1400.0,1376.25,1386.25,354521
2021-05-28,1098.3330078125,1383.75,1387.5,1363.75,1381.25,359710
2021-06-01,1109.246826171875,1397.5,1415.0,1360.0,1367.5,473457
2021-06-02,1103.2939453125,1390.0,1411.25,1378.75,1392.5,399905
2021-06-03,1138.02001953125,1433.75,1455.0,1410.0,1426.25,508244
2021-06-04,1078.4898681640625,1358.75,1410.0,1353.75,1408.75,629577
2021-06-07,1069.560302734375,1347.5,1375.0,1346.25,1367.5,412586
2021-06-08,1068.5679931640625,1346.25,1366.25,1313.75,1325.0,523978
2021-06-09,1066.58349609375,1343.75,1346.25,1318.75,1327.5,334262
2021-06-10,1032.849609375,1301.25,1346.25,1300.0,1340.0,777025
2021-06-11,1024.9124755859375,1291.25,1310.0,1291.25,1301.25,315215
2021-06-14,996.1395263671875,1255.0,1301.25,1255.0,1287.5,373570
2021-06-15,1014.9906005859375,1278.75,1287.5,1255.0,1257.5,452394
2021-06-16,1026.8966064453125,1293.75,1333.75,1261.25,1273.75,812466
2021-06-17,987.2098999023438,1243.75,1306.25,1232.5,1305.0,822594
2021-06-18,1010.0299682617188,1272.5,1281.25,1248.75,1261.25,652547
2021-06-21,992.170654296875,1250.0,1296.25,1245.0,1271.25,488807
2021-06-22,964.3900146484375,1215.0,1255.0,1208.75,1251.25,591276
2021-06-23,962.405517578125,1212.5,1221.25,1200.0,1213.75,417638
2021-06-24,944.5465087890625,1190.0,1197.5,1173.75,1191.25,562975
2021-06-25,946.5309448242188,1192.5,1201.25,1181.25,1183.75,473511
2021-06-28,912.797119140625,1150.0,1181.25,1148.75,1181.25,479222
2021-06-29,902.8753662109375,1137.5,1161.25,1137.5,1152.5,413761
2021-06-30,906.8442993164062,1142.5,1148.75,1136.25,1140.0,361911
2021-07-01,906.8442993164062,1142.5,1160.0,1137.5,1147.5,374674
2021-07-02,875.0946044921875,1102.5,1126.25,1100.0,1123.75,452681
2021-07-06,865.1727905273438,1090.0,1122.5,1085.0,1096.25,752240
2021-07-07,858.2276611328125,1081.25,1100.0,1065.0,1067.5,795751
2021-07-08,874.1024780273438,1101.25,1140.0,1092.5,1127.5,882074
2021-07-09,857.2355346679688,1080.0,1112.5,1076.25,1107.5,516157
2021-07-12,848.3060913085938,1068.75,1082.5,1063.75,1066.25,418965
2021-07-13,848.3060913085938,1068.75,1075.0,1040.0,1071.25,832274
2021-07-14,843.3450317382812,1062.5,1070.0,1040.0,1046.25,776626
2021-07-15,860.2120971679688,1083.75,1102.5,1061.25,1062.5,900884
2021-07-16,881.0475463867188,1110.0,1113.75,1067.5,1075.0,660944
2021-07-19,902.8753662109375,1137.5,1162.5,1132.5,1143.75,1068910
2021-07-20,872.1181640625,1098.75,1146.25,1083.75,1127.5,739705
2021-07-21,851.2825317382812,1072.5,1103.75,1072.5,1102.5,455142
2021-07-22,833.4234008789062,1050.0,1071.25,1050.0,1071.25,494978
2021-07-23,805.6427612304688,1015.0,1050.0,1011.25,1038.75,686675
2021-07-26,803.6583862304688,1012.5,1027.5,1008.75,1020.0,470524
2021-07-27,829.4547119140625,1045.0,1081.25,1013.75,1013.75,1006849
2021-07-28,819.5331420898438,1032.5,1055.0,1018.75,1036.25,836006
2021-07-29,814.5722045898438,1026.25,1037.5,1017.5,1037.5,515245
2021-07-30,827.4703979492188,1042.5,1062.5,1038.75,1061.25,640469
2021-08-02,827.4703979492188,1042.5,1048.75,1023.75,1028.75,576138
2021-08-03,812.587890625,1023.75,1066.25,1023.75,1037.5,657346
2021-08-04,808.619140625,1018.75,1033.75,1011.25,1025.0,558566
2021-08-05,793.7366333007812,1000.0,1018.75,998.75,1013.75,434928
2021-08-06,803.6583862304688,1012.5,1022.5,1002.5,1010.0,538201
2021-08-09,800.6818237304688,1008.75,1018.75,1003.75,1008.75,532328
2021-08-10,812.587890625,1023.75,1033.75,1001.25,1003.75,625858
2021-08-11,815.5643310546875,1027.5,1040.0,1007.5,1012.5,626026
2021-08-12,806.6348266601562,1016.25,1045.0,1013.75,1032.5,457466
2021-08-13,798.6974487304688,1006.25,1018.75,1003.75,1015.0,367321
2021-08-16,797.705322265625,1005.0,1048.75,1005.0,1016.25,734373
2021-08-17,819.5331420898438,1032.5,1052.5,1020.0,1027.5,1162784
2021-08-18,843.3450317382812,1062.5,1065.0,1023.75,1037.5,930999
2021-08-19,829.4547119140625,1045.0,1081.25,1031.25,1080.0,1053963
2021-08-20,803.6583862304688,1012.5,1040.0,1010.0,1037.5,721627
2021-08-23,767.9402465820312,967.5,1005.0,962.5,1003.75,732145
2021-08-24,760.9949951171875,958.75,967.5,953.75,962.5,483904
2021-08-25,760.0028076171875,957.5,963.75,951.25,957.5,496667
2021-08-26,772.901123046875,973.75,977.5,956.25,962.5,771065
2021-08-27,751.0733642578125,946.25,972.5,941.25,968.75,592823
2021-08-30,724.28466796875,912.5,940.0,910.0,940.0,645950
2021-08-31,726.26904296875,915.0,927.5,911.25,912.5,624342
2021-09-01,723.29248046875,911.25,912.5,896.25,907.5,627782
2021-09-02,725.2769165039062,913.75,921.25,898.75,902.5,685212
2021-09-03,717.3395385742188,903.75,921.25,901.25,920.0,570295
2021-09-07,713.3707885742188,898.75,912.5,895.0,902.5,523952
2021-09-08,722.30029296875,910.0,926.25,901.25,902.5,700440
2021-09-09,729.2454833984375,918.75,921.25,900.0,908.75,727511
2021-09-10,747.1046142578125,941.25,942.5,900.0,906.25,778042
2021-09-13,748.0968017578125,942.5,957.5,918.75,922.5,1081866
2021-09-14,754.0498046875,950.0,957.5,923.75,930.0,896416
2021-09-15,736.1908569335938,927.5,963.75,925.0,946.25,713430
2021-09-16,736.1908569335938,927.5,953.75,922.5,937.5,664802
2021-09-17,761.9871215820312,960.0,967.5,930.0,930.0,929447
2021-09-20,808.619140625,1018.75,1056.25,991.25,1003.75,1277145
2021-09-21,806.6348266601562,1016.25,1025.0,992.5,1002.5,932269
2021-09-22,782.8228759765625,986.25,1016.25,973.75,1006.25,892691
2021-09-23,760.9949951171875,958.75,982.5,950.0,976.25,683782
2021-09-24,758.0184936523438,955.0,980.0,952.5,977.5,580513
2021-09-27,776.8697509765625,978.75,998.75,972.5,981.25,651476
2021-09-28,842.3530883789062,1061.25,1066.25,1011.25,1017.5,1282712
2021-09-29,847.3137817382812,1067.5,1073.75,1031.25,1050.0,988428
2021-09-30,856.2433471679688,1078.75,1082.5,1037.5,1053.75,1102799
2021-10-01,840.3685913085938,1058.75,1111.25,1048.75,1073.75,912870
2021-10-04,892.9536743164062,1125.0,1146.25,1070.0,1073.75,1093242
2021-10-05,856.2433471679688,1078.75,1117.5,1057.5,1115.0,937071
2021-10-06,840.3685913085938,1058.75,1118.75,1056.25,1110.0,1166859
2021-10-07,816.5567016601562,1028.75,1036.25,1006.25,1030.0,832074
2021-10-08,830.447021484375,1046.25,1050.0,1017.5,1020.0,715582
2021-10-11,848.3060913085938,1068.75,1070.0,1027.5,1058.75,835242
2021-10-12,856.2433471679688,1078.75,1086.25,1051.25,1056.25,847504
2021-10-13,836.4000244140625,1053.75,1077.5,1047.5,1058.75,716126
2021-10-14,789.7680053710938,995.0,1027.5,993.75,1021.25,725419
2021-10-15,774.8853149414062,976.25,995.0,976.25,985.0,499992
2021-10-18,751.0733642578125,946.25,992.5,946.25,987.5,595456
2021-10-19,736.1908569335938,927.5,945.0,925.0,938.75,562785
2021-10-20,737.182861328125,928.75,941.25,917.5,922.5,593636
2021-10-21,724.28466796875,912.5,938.75,911.25,935.0,534139
2021-10-22,742.143798828125,935.0,948.75,913.75,922.5,744554
2021-10-25,719.3238525390625,906.25,940.0,898.75,925.0,661824
2021-10-26,713.3707885742188,898.75,907.5,872.5,890.0,1045786
2021-10-27,707.4177856445312,891.25,897.5,868.75,895.0,907050
2021-10-28,684.5978393554688,862.5,883.75,860.0,878.75,790056
2021-10-29,673.6838989257812,848.75,886.25,847.5,883.75,817806
2021-11-01,667.7308959960938,841.25,861.25,840.0,846.25,738097
2021-11-02,657.8092041015625,828.75,845.0,826.25,843.75,628822
2021-11-03,636.9736938476562,802.5,833.75,800.0,826.25,964349
2021-11-04,614.1536865234375,773.75,798.75,766.25,795.0,1189771
2021-11-05,612.16943359375,771.25,778.75,756.25,761.25,1189386
2021-11-08,614.1536865234375,773.75,777.5,763.75,771.25,805918
2021-11-09,626.0597534179688,788.75,797.5,765.0,767.5,1288020
2021-11-10,654.8327026367188,825.0,836.25,788.75,806.25,1627902
2021-11-11,647.8875122070312,816.25,820.0,802.5,805.0,766002
2021-11-12,627.0519409179688,790.0,820.0,787.5,808.75,923637
2021-11-15,628.0440673828125,791.25,807.5,781.25,785.0,1015658
2021-11-16,614.1536865234375,773.75,797.5,771.25,796.25,749792
2021-11-17,614.1536865234375,773.75,780.0,761.25,773.75,755726
2021-11-18,594.3104248046875,748.75,775.0,746.25,761.25,1138758
2021-11-19,584.388671875,736.25,745.0,730.0,740.0,984478
2021-11-22,606.2164306640625,763.75,763.75,711.25,728.75,1264390
2021-11-23,614.1536865234375,773.75,800.0,757.5,770.0,1646844
2021-11-24,607.2085571289062,765.0,802.5,763.75,787.5,1152980
2021-11-26,640.9425048828125,807.5,817.5,772.5,781.25,1170100
2021-11-29,600.2633666992188,756.25,785.0,748.75,778.75,1169657
2021-11-30,626.0597534179688,788.75,801.25,747.5,761.25,1543781
2021-12-01,659.7936401367188,831.25,832.5,748.75,762.5,1656606
2021-12-02,643.9189453125,811.25,847.5,798.75,838.75,1980022
2021-12-03,676.6604614257812,852.5,880.0,796.25,802.5,2050901
2021-12-06,660.7858276367188,832.5,878.75,823.75,851.25,1403894
2021-12-07,600.2633666992188,756.25,790.0,753.75,788.75,1571655
2021-12-08,593.318115234375,747.5,767.5,746.25,755.0,1344246
2021-12-09,618.1223754882812,778.75,781.25,743.75,755.0,1580057
2021-12-10,598.279052734375,753.75,782.5,752.5,762.5,1551425
2021-12-13,625.0675048828125,787.5,790.0,753.75,753.75,1289205
2021-12-14,643.9189453125,811.25,838.75,800.0,816.25,1465780
2021-12-15,601.255615234375,757.5,838.75,753.75,813.75,1930296
2021-12-16,644.9110107421875,812.5,823.75,747.5,750.0,1826062
2021-12-17,654.8327026367188,825.0,846.25,798.75,837.5,1646915
2021-12-20,674.6760864257812,850.0,871.25,845.0,858.75,1523595
2021-12-21,629.0363159179688,792.5,853.75,791.25,827.5,1281175
2021-12-22,607.2085571289062,765.0,800.0,762.5,795.0,1045811
2021-12-23,593.318115234375,747.5,763.75,737.5,762.5,959705
2021-12-27,564.545166015625,711.25,740.0,710.0,740.0,813840
2021-12-28,570.4982299804688,718.75,725.0,703.75,706.25,1000894
2021-12-29,571.4904174804688,720.0,733.75,711.25,717.5,1008058
2021-12-30,576.451171875,726.25,730.0,708.75,721.25,609786
2021-12-31,589.3494262695312,742.5,742.5,722.5,730.0,746444
2022-01-03,569.506103515625,717.5,745.0,717.5,733.75,1061733
2022-01-04,592.3260498046875,746.25,763.75,715.0,715.0,1511388
2022-01-05,647.8875122070312,816.25,816.25,748.75,755.0,1884943
2022-01-06,648.879638671875,817.5,841.25,795.0,827.5,1697661
2022-01-07,668.72314453125,842.5,855.0,805.0,817.5,1818413
2022-01-10,665.7466430664062,838.75,913.75,837.5,876.25,2175641
2022-01-11,637.9658813476562,803.75,861.25,802.5,847.5,1981070
2022-01-12,629.0363159179688,792.5,808.75,776.25,787.5,1872105
2022-01-13,675.8668823242188,851.5,859.5,781.0,785.5,2463012
2022-01-14,664.75439453125,837.5,872.25,835.0,871.5,2530424
2022-01-18,712.378662109375,897.5,904.75,862.25,876.5,2285648
2022-01-19,737.182861328125,928.75,931.0,869.0,887.75,2142972
2022-01-20,766.154296875,965.25,969.5,872.75,904.0,2490764
2022-01-21,829.25634765625,1044.75,1047.75,961.25,983.25,3688784
2022-01-24,818.9378662109375,1031.75,1202.0,1025.0,1097.5,5002264
2022-01-25,874.6978149414062,1102.0,1132.5,1051.0,1089.25,3724080
2022-01-26,876.0868530273438,1103.75,1144.0,989.25,1027.25,4137808
2022-01-27,904.8596801757812,1140.0,1150.75,1043.75,1061.25,3241740
2022-01-28,819.929931640625,1033.0,1172.5,1031.25,1121.25,3215804
2022-01-31,741.7469482421875,934.5,1035.5,928.75,1020.5,2649408
2022-02-01,725.8721923828125,914.5,963.75,909.25,923.0,2300808
2022-02-02,708.6083374023438,892.75,924.0,880.5,882.5,3114968
2022-02-03,792.94287109375,999.0,1008.5,940.0,964.0,3094864
2022-02-04,764.9638061523438,963.75,1013.75,933.25,995.75,3131544
2022-02-07,781.036865234375,984.0,995.5,937.25,956.5,2208932
2022-02-08,755.6372680664062,952.0,1004.5,942.5,995.25,2746608
2022-02-09,707.6162109375,891.5,928.0,890.75,915.0,2558792
2022-02-10,754.6451416015625,950.75,965.25,893.0,943.75,4892468
2022-02-11,825.8829345703125,1040.5,1052.0,938.25,951.5,4719456
2022-02-14,823.8986206054688,1038.0,1070.75,1007.0,1048.0,4409604
2022-02-15,762.979248046875,961.25,999.75,959.0,990.0,3257272
2022-02-16,763.5746459960938,962.0,1005.0,953.25,978.75,3210900
2022-02-17,831.24072265625,1047.25,1051.0,982.75,988.75,3125896
2022-02-18,859.0213623046875,1082.25,1105.0,1035.25,1038.75,4715736
2022-02-22,885.0164184570312,1115.0,1151.75,1059.25,1112.25,4512972
2022-02-23,952.6824340820312,1200.25,1204.75,1075.5,1084.25,4204740
2022-02-24,859.6168212890625,1083.0,1321.75,1074.75,1317.5,5934020
2022-02-25,816.9534301757812,1029.25,1110.0,1028.25,1072.5,3413828
2022-02-28,808.2223510742188,1018.25,1069.5,1005.0,1058.75,4508668
2022-03-01,846.3217163085938,1066.25,1089.5,1009.5,1029.75,4522300
2022-03-02,805.245849609375,1014.5,1079.25,1001.5,1053.0,3278888
2022-03-03,838.7813720703125,1056.75,1073.5,988.75,989.75,3580056
2022-03-04,875.2930297851562,1102.75,1125.0,1066.0,1079.5,3857536
2022-03-07,972.5257568359375,1225.25,1227.25,1091.5,1102.75,4043464
2022-03-08,985.62255859375,1241.75,1280.5,1130.0,1234.0,5300648
2022-03-09,880.2539672851562,1109.0,1175.75,1092.0,1145.0,3536828
2022-03-10,908.233154296875,1144.25,1190.0,1132.25,1149.25,3202840
2022-03-11,963.19921875,1213.5,1220.75,1109.75,1113.5,2969092
2022-03-14,1019.7532958984375,1284.75,1293.75,1191.0,1230.5,3304364
2022-03-15,925.4970703125,1166.0,1272.75,1155.0,1253.25,3607456
2022-03-16,821.1206665039062,1034.5,1161.5,1033.75,1122.5,4563808
2022-03-17,792.149169921875,998.0,1064.75,997.5,1052.75,2937548
2022-03-18,743.9296875,937.25,1022.5,933.25,1012.25,3971724
2022-03-21,748.8905029296875,943.5,979.5,924.5,942.75,4147072
2022-03-22,705.0365600585938,888.25,942.5,880.75,939.25,3432396
2022-03-23,734.8017578125,925.75,926.25,882.5,910.0,4010948
2022-03-24,686.3837890625,864.75,928.0,864.25,910.5,3301944
2022-03-25,687.574462890625,866.25,898.5,857.25,865.5,3864572
2022-03-28,656.0234375,826.5,876.0,825.5,866.75,3197116
2022-03-29,622.4879760742188,784.25,818.25,779.25,799.5,3530992
2022-03-30,641.3391723632812,808.0,819.5,785.0,795.75,3498752
2022-03-31,668.1277465820312,841.75,845.25,806.25,808.75,3417516
2022-04-01,670.310546875,844.5,867.5,832.0,837.75,3609204
2022-04-04,629.2346801757812,792.75,840.5,792.5,838.5,2318032
2022-04-05,670.1121826171875,844.25,852.5,797.25,801.75,3201616
2022-04-06,713.966064453125,899.5,919.25,875.5,883.5,4899032
2022-04-07,709.20361328125,893.5,935.25,876.5,907.75,4100540
2022-04-08,738.1749267578125,930.0,936.0,901.5,907.25,3449684
2022-04-11,790.5617065429688,996.0,1000.0,958.5,966.5,3374824
2022-04-12,801.4755249023438,1009.75,1022.75,937.75,954.25,4413968
2022-04-13,753.256103515625,949.0,1013.75,939.25,1007.25,3171028
2022-04-14,804.4520874023438,1013.5,1015.5,943.0,947.75,3253840
2022-04-18,801.277099609375,1009.5,1037.5,990.0,1023.25,3508836
2022-04-19,749.4859008789062,944.25,1026.5,938.5,1017.25,2987948
2022-04-20,782.6243286132812,986.0,995.25,933.0,936.25,3576816
2022-04-21,829.4547119140625,1045.0,1054.5,927.5,950.5,4630692
2022-04-22,895.7317504882812,1128.5,1132.5,1033.0,1045.0,4940836
2022-04-25,860.807373046875,1084.5,1159.25,1081.5,1146.0,5421316
2022-04-26,956.4527587890625,1205.0,1210.25,1103.75,1105.5,5077216
2022-04-27,961.612060546875,1211.5,1232.0,1141.5,1206.5,5829940
2022-04-28,860.2120971679688,1083.75,1202.75,1061.25,1153.0,5723740
2022-04-29,972.9228515625,1225.75,1235.25,1090.5,1126.0,5015468
2022-05-02,925.4970703125,1166.0,1271.75,1165.0,1234.0,6428780
2022-05-03,923.3143310546875,1163.25,1194.75,1138.0,1167.5,4766172
2022-05-04,829.25634765625,1044.75,1217.75,1038.25,1158.25,6580312
2022-05-05,951.491943359375,1198.75,1235.25,1087.0,1088.25,7009468
2022-05-06,988.4005737304688,1245.25,1294.75,1179.25,1227.5,8025804
2022-05-09,1103.4921875,1390.25,1409.75,1286.25,1316.75,6604632
2022-05-10,1064.5992431640625,1341.25,1400.5,1272.0,1289.0,7557852
2022-05-11,1159.45068359375,1460.75,1473.0,1297.75,1373.0,6981532
2022-05-12,1165.9990234375,1469.0,1565.25,1402.25,1527.75,7027452
2022-05-13,1040.5887451171875,1311.0,1427.75,1292.0,1402.75,5057648
2022-05-16,1072.5367431640625,1351.25,1370.0,1304.25,1331.25,4404012
2022-05-17,991.1785888671875,1248.75,1324.75,1243.25,1271.75,4784056
2022-05-18,1135.2415771484375,1430.25,1448.0,1296.0,1305.0,5215416
2022-05-19,1156.077392578125,1456.5,1485.0,1383.5,1460.25,6404000
2022-05-20,1165.403564453125,1468.25,1596.5,1391.0,1401.0,6868708
2022-05-23,1107.4608154296875,1395.25,1489.75,1390.0,1452.5,4436192
2022-05-24,1177.5081787109375,1483.5,1555.75,1461.5,1472.0,5539212
2022-05-25,1129.09033203125,1422.5,1511.5,1388.75,1508.0,4375324
2022-05-26,1035.03271484375,1304.0,1438.0,1280.5,1433.25,3963396
2022-05-27,932.8388061523438,1175.25,1263.0,1174.25,1261.75,3916116
2022-05-31,938.7918090820312,1182.75,1230.25,1150.5,1175.5,4911328
2022-06-01,962.405517578125,1212.5,1237.5,1134.75,1159.75,5011744
2022-06-02,883.031982421875,1112.5,1242.5,1110.0,1225.25,4431472
2022-06-03,951.6904907226562,1199.0,1212.5,1153.25,1168.75,4994408
2022-06-06,941.570068359375,1186.25,1205.5,1126.25,1145.25,3984216
2022-06-07,917.7579956054688,1156.25,1239.25,1146.75,1226.5,3843756
2022-06-08,936.609375,1180.0,1190.5,1134.5,1165.25,3043312
2022-06-09,1012.6095581054688,1275.75,1277.75,1165.0,1201.0,4475016
2022-06-10,1121.5496826171875,1413.0,1417.0,1334.0,1349.25,5553064
2022-06-13,1274.145751953125,1605.25,1621.0,1506.5,1545.25,6229200
2022-06-14,1266.6053466796875,1595.75,1644.0,1550.75,1566.75,4823148
2022-06-15,1174.135009765625,1479.25,1587.0,1409.5,1538.0,5680904
2022-06-16,1311.4515380859375,1652.25,1692.25,1585.75,1593.75,5204240
2022-06-17,1269.1846923828125,1599.0,1676.0,1552.25,1644.5,4915264
2022-06-21,1174.333251953125,1479.5,1520.75,1437.5,1519.0,3276112
2022-06-22,1178.5008544921875,1484.75,1528.5,1414.0,1519.75,4059560
2022-06-23,1128.0985107421875,1421.25,1491.0,1405.5,1445.0,4031316
2022-06-24,1012.212646484375,1275.25,1379.75,1275.0,1376.75,3468036
2022-06-27,1031.857666015625,1300.0,1316.0,1247.75,1254.5,3372432
2022-06-28,1126.5106201171875,1419.25,1422.75,1258.5,1294.5,4694136
2022-06-29,1124.1295166015625,1416.25,1460.75,1392.75,1423.0,4475008
2022-06-30,1167.586669921875,1471.0,1536.75,1415.5,1462.0,5637276
2022-07-01,1143.3778076171875,1440.5,1521.0,1434.25,1490.5,4207444
2022-07-05,1084.6414794921875,1366.5,1523.5,1365.5,1499.5,4491676
2022-07-06,1064.5992431640625,1341.25,1386.25,1310.0,1361.5,3674336
2022-07-07,997.7268676757812,1257.0,1328.5,1245.25,1328.5,3161456
2022-07-08,992.9645385742188,1251.0,1304.75,1232.75,1292.75,4071456
2022-07-11,1056.4635009765625,1331.0,1342.25,1279.0,1282.75,3558416
2022-07-12,1087.0220947265625,1369.5,1392.0,1286.25,1314.0,4128664
2022-07-13,1093.769287109375,1378.0,1459.0,1343.25,1451.25,5483800
2022-07-14,1082.061767578125,1363.25,1462.75,1351.0,1417.5,4586740
2022-07-15,1024.714111328125,1291.0,1344.0,1288.25,1319.0,3976528
2022-07-18,1049.5181884765625,1322.25,1337.75,1233.0,1252.0,4408460
2022-07-19,955.4605712890625,1203.75,1294.25,1196.5,1271.5,4049228
2022-07-20,908.0346069335938,1144.0,1205.0,1128.75,1195.5,4766424
2022-07-21,869.1417236328125,1095.0,1169.25,1094.5,1138.75,4779216
2022-07-22,914.3846435546875,1152.0,1172.5,1082.25,1105.0,4856300
2022-07-25,929.26708984375,1170.75,1196.0,1146.75,1152.5,3781684
2022-07-26,984.6303100585938,1240.5,1251.25,1190.25,1193.0,3663640
2022-07-27,862.5933837890625,1086.75,1190.0,1061.75,1182.25,5163596
2022-07-28,836.0030517578125,1053.25,1127.5,1046.75,1087.0,4502604
2022-07-29,790.36328125,995.75,1051.75,986.25,1036.75,4732772
2022-08-01,791.5538330078125,997.25,1023.5,964.0,1013.0,5015672
2022-08-02,799.2927856445312,1007.0,1030.25,966.5,1020.25,5759928
2022-08-03,735.39697265625,926.5,991.0,916.5,990.0,4973152
2022-08-04,724.28466796875,912.5,943.5,909.5,924.75,4754776
2022-08-05,741.7469482421875,934.5,963.25,917.25,956.75,5466936
2022-08-08,749.0889282226562,943.75,957.0,894.0,926.25,4836804
2022-08-09,774.2900390625,975.5,991.0,958.75,961.5,4435956
2022-08-10,710.9896850585938,895.75,930.5,892.0,907.25,4358428
2022-08-11,721.1097412109375,908.5,916.5,858.5,875.5,4939204
2022-08-12,680.4307861328125,857.25,903.75,855.75,892.75,3620808
2022-08-15,663.76220703125,836.25,865.5,832.5,865.0,3557064
2022-08-16,668.5247192382812,842.25,866.25,826.25,844.25,4357188
2022-08-17,692.138427734375,872.0,887.75,849.0,867.0,5090932
2022-08-18,687.3759765625,866.0,885.75,856.0,872.75,3609368
2022-08-19,727.4596557617188,916.5,923.0,885.5,890.75,4293620
2022-08-22,784.6087646484375,988.5,996.5,952.25,954.75,4219628
2022-08-23,787.3867797851562,992.0,999.5,964.5,992.25,4155740
2022-08-24,780.6400146484375,983.5,1002.5,965.75,996.75,3216120
2022-08-25,740.1594848632812,932.5,977.25,932.0,967.0,3464412
2022-08-26,830.6453857421875,1046.5,1047.75,924.0,934.75,6655140
2022-08-29,855.648193359375,1078.0,1089.75,1050.0,1077.0,5322840
2022-08-30,883.6272583007812,1113.25,1142.25,1054.0,1060.5,6238408
2022-08-31,900.6926879882812,1134.75,1135.5,1071.25,1081.0,5426308
2022-09-01,899.3037719726562,1133.0,1207.0,1129.0,1164.5,6678800
2022-09-02,937.2044677734375,1180.75,1201.0,1084.5,1100.25,7107096
2022-09-06,958.2385864257812,1207.25,1234.5,1165.25,1177.0,5886724
2022-09-07,901.2879638671875,1135.5,1205.25,1122.25,1202.75,4884604
2022-09-08,886.8023071289062,1117.25,1175.0,1102.5,1159.5,6072296
2022-09-09,830.2485961914062,1046.0,1092.75,1039.25,1092.75,5438180
2022-09-12,799.8881225585938,1007.75,1033.75,1004.25,1030.25,4783456
2022-09-13,931.8467407226562,1174.0,1182.75,1083.0,1095.25,7228956
2022-09-14,909.6221923828125,1146.0,1181.25,1134.75,1159.75,5823460
2022-09-15,955.2620849609375,1203.5,1222.5,1140.5,1169.5,6650340
2022-09-16,974.7086181640625,1228.0,1272.25,1221.0,1246.75,7079368
2022-09-19,950.896484375,1198.0,1261.5,1195.75,1260.25,4849824
2022-09-20,973.9148559570312,1227.0,1255.75,1198.0,1229.25,4766140
2022-09-21,1027.4920654296875,1294.5,1294.75,1160.25,1215.75,7228240
2022-09-22,1065.194580078125,1342.0,1358.75,1301.0,1315.75,6076316
2022-09-23,1116.390625,1406.5,1457.75,1374.0,1378.25,6951228
2022-09-26,1130.4793701171875,1424.25,1437.5,1346.5,1415.75,6526216
2022-09-27,1129.685546875,1423.25,1461.0,1334.0,1371.0,6013168
2022-09-28,1065.194580078125,1342.0,1448.5,1319.25,1424.25,5414920
2022-09-29,1153.89453125,1453.75,1500.5,1393.5,1399.0,6441620
2022-09-30,1216.79833984375,1533.0,1533.75,1404.0,1470.75,6364628
2022-10-03,1130.4793701171875,1424.25,1527.25,1396.0,1500.0,5052244
2022-10-04,1025.1109619140625,1291.5,1338.75,1279.0,1338.25,5518428
2022-10-05,1024.1190185546875,1290.25,1380.75,1267.0,1343.0,5536968
2022-10-06,1051.1055908203125,1324.25,1328.75,1263.5,1307.0,5368284
2022-10-07,1172.1505126953125,1476.75,1495.5,1390.25,1392.5,6214216
2022-10-10,1209.059326171875,1523.25,1565.75,1466.5,1472.5,5670232
2022-10-11,1254.1038818359375,1580.0,1612.5,1499.75,1550.0,6293884
2022-10-12,1257.08056640625,1583.75,1598.5,1536.75,1572.25,5144324
2022-10-13,1172.9444580078125,1477.75,1738.75,1449.75,1722.0,9026712
2022-10-14,1277.519287109375,1609.5,1618.5,1426.25,1436.75,6790660
2022-10-17,1150.918212890625,1450.0,1496.0,1432.5,1494.75,5615660
2022-10-18,1122.93896484375,1414.75,1458.25,1321.75,1332.75,6607288
2022-10-19,1134.2498779296875,1429.0,1467.75,1380.25,1438.75,5785016
2022-10-20,1154.6883544921875,1454.75,1471.75,1362.5,1446.0,5846476
2022-10-21,1073.1319580078125,1352.0,1490.75,1343.0,1471.5,6654412
2022-10-24,1036.619873046875,1306.0,1402.0,1292.5,1347.75,5843900
2022-10-25,974.5101318359375,1227.75,1293.5,1221.0,1293.5,4835340
2022-10-26,1038.20751953125,1308.0,1314.0,1229.5,1301.25,6466312
2022-10-27,1095.3565673828125,1380.0,1387.5,1303.75,1325.0,5478464
2022-10-28,995.7427368164062,1254.5,1392.25,1246.25,1390.75,5894564
2022-10-31,1029.8731689453125,1297.5,1323.5,1273.5,1284.5,4618724
2022-11-01,1061.42431640625,1337.25,1342.75,1240.0,1248.5,4752660
2022-11-02,1171.5550537109375,1476.0,1476.5,1292.5,1338.5,7705636
2022-11-03,1239.2213134765625,1561.25,1570.25,1496.5,1521.25,5577608
2022-11-04,1181.6754150390625,1488.75,1589.25,1437.75,1471.5,6925812
2022-11-07,1144.1712646484375,1441.5,1508.25,1430.5,1471.0,3916028
2022-11-08,1119.1685791015625,1410.0,1474.5,1355.25,1415.5,4982892
2022-11-09,1197.947021484375,1509.25,1513.5,1426.75,1439.75,4922032
2022-11-10,934.2280883789062,1177.0,1327.75,1170.0,1290.75,7252696
2022-11-11,880.4523315429688,1109.25,1193.5,1100.5,1176.5,5596412
2022-11-14,903.272216796875,1138.0,1150.0,1094.5,1133.5,5073992
2022-11-15,866.56201171875,1091.75,1132.25,1044.75,1057.0,7460240
2022-11-16,901.88330078125,1136.25,1146.25,1110.5,1114.25,5197948
2022-11-17,908.630126953125,1144.75,1193.75,1127.25,1191.75,5314072
2022-11-18,909.4236450195312,1145.75,1175.75,1107.5,1108.75,4449128
2022-11-21,937.4031372070312,1181.0,1191.75,1148.75,1163.75,3922452
2022-11-22,899.3037719726562,1133.0,1200.0,1129.0,1172.75,3201348
2022-11-23,871.919677734375,1098.5,1134.25,1090.5,1131.75,3996692
2022-11-25,889.5802612304688,1120.75,1126.25,1109.25,1117.25,1491808
2022-11-28,929.26708984375,1170.75,1181.5,1120.5,1145.25,3394352
2022-11-29,950.896484375,1198.0,1215.25,1163.0,1168.0,3754160
2022-11-30,821.1206665039062,1034.5,1205.75,1033.0,1194.75,6031996
2022-12-01,818.540771484375,1031.25,1061.0,1011.75,1031.5,3732664
2022-12-02,829.25634765625,1044.75,1088.25,1034.25,1085.75,4835984
2022-12-05,870.1337280273438,1096.25,1113.0,1053.5,1067.25,3837856
2022-12-06,924.3062133789062,1164.5,1182.25,1097.5,1099.5,4323328
2022-12-07,937.4031372070312,1181.0,1202.25,1155.0,1181.75,5289168
2022-12-08,904.8596801757812,1140.0,1191.25,1127.5,1164.25,4458776
2022-12-09,922.5203857421875,1162.25,1168.25,1119.0,1153.0,4945192
2022-12-12,888.3898315429688,1119.25,1173.75,1118.25,1160.25,3560496
2022-12-13,860.013671875,1083.5,1116.0,987.0,989.0,7182212
2022-12-14,881.6429443359375,1110.75,1145.25,1052.5,1090.0,6285132
2022-12-15,967.9618530273438,1219.5,1235.0,1149.5,1158.0,5325876
2022-12-16,996.9332275390625,1256.0,1278.0,1209.5,1230.25,4727296
2022-12-19,1038.009033203125,1307.75,1327.25,1252.25,1254.0,4041028
2022-12-20,1042.374755859375,1313.25,1351.25,1287.5,1328.0,3907416
2022-12-21,998.1238403320312,1257.5,1311.25,1237.5,1298.25,3752872
2022-12-22,1069.7950439453125,1343.75,1406.5,1295.75,1298.0,4599324
2022-12-23,1064.8194580078125,1337.5,1397.0,1328.5,1368.5,4367988
2022-12-27,1110.795654296875,1395.25,1404.25,1346.5,1348.75,3660576
2022-12-28,1155.7767333984375,1451.75,1457.25,1366.25,1403.75,4204552
2022-12-29,1071.984375,1346.5,1418.5,1331.75,1406.0,3311864
2022-12-30,1074.9698486328125,1350.25,1411.5,1349.0,1391.5,3435280
2023-01-03,1097.6595458984375,1378.75,1414.25,1292.0,1314.75,3427468
2023-01-04,1082.9312744140625,1360.25,1409.75,1332.75,1346.0,4712432
2023-01-05,1133.087158203125,1423.25,1429.75,1384.5,1387.25,4053192
2023-01-06,1042.9259033203125,1310.0,1446.0,1288.25,1398.0,5119524
2023-01-09,1020.6342163085938,1282.0,1291.75,1213.25,1278.5,4145676
2023-01-10,995.7552490234375,1250.75,1305.5,1249.25,1298.25,3882072
2023-01-11,944.604248046875,1186.5,1247.0,1185.0,1236.0,3468504
2023-01-12,930.27392578125,1168.5,1237.25,1155.75,1181.75,6435924
2023-01-13,911.76416015625,1145.25,1206.0,1142.25,1201.25,3974484
2023-01-17,907.9823608398438,1140.5,1163.0,1123.0,1149.0,3384780
2023-01-18,942.2157592773438,1183.5,1186.5,1101.25,1120.0,4911464
2023-01-19,971.6724243164062,1220.5,1236.25,1191.75,1206.5,4484904
2023-01-20,891.4628295898438,1119.75,1213.25,1116.75,1199.0,4341696
2023-01-23,832.7484130859375,1046.0,1119.75,1031.5,1111.0,4821448
2023-01-24,838.5203247070312,1053.25,1070.5,1040.25,1065.0,3832608
2023-01-25,844.2922973632812,1060.5,1132.25,1053.75,1104.0,5441508
2023-01-26,795.927490234375,999.75,1053.25,998.0,1022.75,4899540
2023-01-27,773.2379760742188,971.25,1015.25,950.0,1014.25,5048092
2023-01-30,820.0104370117188,1030.0,1033.0,989.25,1004.0,4807064
2023-01-31,783.3884887695312,984.0,1030.75,982.5,1029.25,3964236
2023-02-01,733.2325439453125,921.0,1007.0,895.75,986.25,7747832
2023-02-02,657.0035400390625,825.25,868.75,805.0,861.25,8653668
2023-02-03,690.0426635742188,866.75,880.0,818.0,876.75,8500320
2023-02-06,708.1546020507812,889.5,901.0,869.75,890.0,5101212
2023-02-07,664.3677368164062,834.5,901.0,824.5,891.0,7799436
2023-02-08,699.7952270507812,879.0,885.0,837.75,845.75,5787380
2023-02-09,719.1013793945312,903.25,916.75,840.0,841.75,6190860
2023-02-10,733.8297119140625,921.75,944.0,905.25,924.25,6376936
2023-02-13,698.6011352539062,877.5,920.5,872.5,909.0,4350812
2023-02-14,683.8727416992188,859.0,909.75,850.5,892.75,8257436
2023-02-15,668.3482055664062,839.5,881.0,838.5,875.5,4850708
2023-02-16,706.562255859375,887.5,889.5,846.25,879.75,6364144
2023-02-17,722.2858276367188,907.25,934.5,900.75,908.25,6006872
2023-02-21,773.6361083984375,971.75,973.75,930.0,943.0,5021060
2023-02-22,773.0388793945312,971.0,987.5,949.75,966.75,5649232
2023-02-23,753.3347778320312,946.25,988.75,933.25,935.0,5422028
2023-02-24,791.9469604492188,994.75,1011.75,983.75,995.75,6220072
2023-02-27,774.8301391601562,973.25,979.5,947.25,961.5,4452324
2023-02-28,778.8108520507812,978.25,983.75,952.5,980.5,4363412
2023-03-01,797.5198974609375,1001.75,1012.0,974.5,981.25,5418444
2023-03-02,778.8108520507812,978.25,1032.5,969.5,1029.5,5034180
2023-03-03,731.043212890625,918.25,966.0,915.5,960.75,4408480
2023-03-06,728.4558715820312,915.0,917.0,878.75,906.75,4675792
2023-03-07,755.5240478515625,949.0,955.0,906.5,915.25,6331552
2023-03-08,744.5773315429688,935.25,963.5,929.5,945.5,5304512
2023-03-09,785.1798706054688,986.25,993.25,907.0,931.5,6516728
2023-03-10,817.6219482421875,1027.0,1038.5,968.75,984.25,10842384
2023-03-13,799.9083862304688,1004.75,1064.25,965.0,1047.5,10088412
2023-03-14,745.5726318359375,936.5,977.0,930.5,968.25,7020860
2023-03-15,735.02392578125,923.25,975.75,919.0,961.75,8710532
2023-03-16,677.1056518554688,850.5,939.25,847.0,933.0,6957672
2023-03-17,686.4601440429688,862.25,879.5,831.0,851.25,6605268
2023-03-20,680.0911865234375,854.25,887.75,851.5,868.75,4655900
2023-03-21,651.6295776367188,818.5,851.0,814.0,838.0,4210552
2023-03-22,678.1466064453125,846.5,847.5,774.5,814.0,7187404
2023-03-23,654.7138671875,817.25,840.0,780.5,815.75,7594720
2023-03-24,647.7041015625,808.5,839.75,807.75,821.25,5935720
2023-03-27,661.1229858398438,825.25,832.25,794.75,803.25,4385224
2023-03-28,671.9378662109375,838.75,858.0,830.5,830.5,4401256
2023-03-29,636.0879516601562,794.0,815.5,788.5,808.5,4805216
2023-03-30,618.46337890625,772.0,785.25,767.0,775.5,4613668
2023-03-31,588.0208129882812,734.0,772.75,732.25,770.75,5593012
2023-04-03,592.0263671875,739.0,758.25,737.5,748.75,4441924
2023-04-04,598.235107421875,746.75,756.0,729.5,736.75,4498220
2023-04-05,617.6622314453125,771.0,783.75,754.25,755.5,4743816
2023-04-06,605.044677734375,755.25,793.75,752.0,783.5,4624152
2023-04-10,606.6467895507812,757.25,790.0,756.75,777.25,3517568
2023-04-11,618.46337890625,772.0,775.75,757.25,757.75,3527628
2023-04-12,634.6859741210938,792.25,796.5,753.5,758.0,5824552
2023-04-13,598.8359375,747.5,781.75,743.75,780.5,4942576
2023-04-14,602.24072265625,751.75,772.75,739.5,758.75,5664140
2023-04-17,601.4395751953125,750.75,769.75,747.75,755.25,3868196
2023-04-18,601.2391357421875,750.5,759.25,732.5,735.5,3657644
2023-04-19,602.24072265625,751.75,769.0,744.25,768.25,4077172
2023-04-20,617.0614624023438,770.25,779.5,749.0,774.25,5667280
2023-04-21,615.4591064453125,768.25,786.75,762.5,773.5,4649812
2023-04-24,619.4647827148438,773.25,789.5,760.25,770.25,4355652
2023-04-25,654.7138671875,817.25,818.25,781.0,785.75,5243488
2023-04-26,643.8988037109375,803.75,807.25,778.75,790.5,5260796
2023-04-27,592.0263671875,739.0,779.75,734.5,774.5,5679260
2023-04-28,580.0096435546875,724.0,748.5,723.0,740.5,5532520
2023-05-01,581.81201171875,726.25,733.75,717.0,727.0,3607908
2023-05-02,597.033447265625,745.25,757.5,725.0,727.25,5502348
2023-05-03,609.2504272460938,760.5,761.25,724.5,743.5,6105412
2023-05-04,616.4605102539062,769.5,777.25,754.75,763.25,5574884
2023-05-05,577.6063232421875,721.0,756.25,715.0,753.5,4472920
2023-05-08,573.6006469726562,716.0,732.0,713.75,724.75,3052220
2023-05-09,584.8162841796875,730.0,732.25,721.75,727.75,2848116
2023-05-10,566.1903076171875,706.75,730.5,700.5,713.5,5554704
2023-05-11,561.5838623046875,701.0,714.25,697.0,704.0,4395468
2023-05-12,567.59228515625,708.5,722.25,695.0,697.75,4059448
2023-05-15,558.7799682617188,697.5,716.0,696.0,705.75,3469860
2023-05-16,556.9776000976562,695.25,702.75,684.25,702.75,3988940
2023-05-17,536.949462890625,670.25,696.5,666.5,689.0,4496976
2023-05-18,508.30963134765625,634.5,669.0,632.75,668.75,5854316
2023-05-19,511.9145202636719,639.0,644.75,629.0,633.25,4632768
2023-05-22,506.7074279785156,632.5,640.5,626.5,640.25,3196428
2023-05-23,526.134521484375,656.75,659.0,636.25,642.5,4457556
2023-05-24,534.1455078125,666.75,679.75,659.75,668.75,5237636
2023-05-25,496.6933898925781,620.0,638.25,612.0,623.0,5959152
2023-05-26,458.84051513671875,572.75,615.0,568.0,614.5,6572940
2023-05-30,452.4315490722656,564.75,572.0,545.5,551.25,5525312
2023-05-31,461.8446960449219,576.5,582.0,563.0,573.0,5157368
2023-06-01,445.0212707519531,555.5,582.25,548.75,576.75,4708000
2023-06-02,435.4077453613281,543.5,556.0,537.75,547.25,4745508
2023-06-05,434.606689453125,542.5,547.25,530.5,544.25,4960560
2023-06-06,435.00714111328125,543.0,552.0,538.5,545.5,3736132
2023-06-07,457.4385681152344,571.0,574.0,532.75,542.0,5633896
2023-06-08,441.61651611328125,551.25,571.5,548.0,570.25,4272080
2023-06-09,436.4091796875,544.75,551.5,529.75,544.0,4737572
2023-06-12,414.3784484863281,517.25,541.5,516.5,537.0,4162816
2023-06-13,404.96527099609375,505.5,519.5,501.75,505.25,5653356
2023-06-14,396.15301513671875,494.5,517.5,493.5,505.5,6593188
2023-06-15,383.13482666015625,478.25,503.25,471.5,500.75,6684256
2023-06-16,390.34490966796875,487.25,489.0,468.25,468.75,5104900
2023-06-20,391.94720458984375,489.25,501.5,483.75,493.5,4453452
2023-06-21,407.9060363769531,502.25,506.5,486.0,487.75,5002348
2023-06-22,394.3023986816406,485.5,510.5,485.25,508.75,4757784
2023-06-23,406.4847412109375,500.5,507.5,491.0,502.0,5032568
2023-06-26,422.5248107910156,520.25,521.0,491.25,502.75,4387884
2023-06-27,401.6117858886719,494.5,517.5,491.0,514.25,4737736
2023-06-28,398.9722900390625,491.25,502.25,483.5,501.75,5290088
2023-06-29,402.0179138183594,495.0,502.0,490.5,493.25,4559068
2023-06-30,383.94732666015625,472.75,481.75,468.25,480.25,4832580
2023-07-03,381.51092529296875,469.75,474.75,467.25,470.5,1696276
2023-07-05,381.51092529296875,469.75,476.0,463.25,476.0,3506028
2023-07-06,390.64764404296875,481.0,492.5,479.5,484.75,4195368
2023-07-07,394.9114990234375,486.25,487.25,469.75,482.5,3901896
2023-07-10,394.50543212890625,485.75,498.0,483.25,487.75,3850956
2023-07-11,389.0233459472656,479.0,493.25,477.25,484.5,3546824
2023-07-12,374.4045104980469,461.0,471.0,455.75,463.0,5316744
2023-07-13,356.1310119628906,438.5,452.0,435.25,449.75,4635896
2023-07-14,356.33404541015625,438.75,442.0,425.75,437.0,4834096
2023-07-17,346.79119873046875,427.0,438.25,423.75,436.75,3431656
2023-07-18,338.2635498046875,416.5,435.75,411.75,429.25,4733296
2023-07-19,338.2635498046875,416.5,421.5,409.5,413.25,4794844
2023-07-20,362.42523193359375,446.25,450.0,422.5,427.5,5896832
2023-07-21,366.0799255371094,450.75,452.25,435.25,438.0,5313512
2023-07-24,364.2525634765625,448.5,455.75,443.75,447.5,3344628
2023-07-25,356.943115234375,439.5,446.5,433.75,446.25,3348664
2023-07-26,360.5978698730469,444.0,452.5,438.25,443.75,4885540
2023-07-27,364.0494689941406,448.25,453.0,419.5,425.25,6634616
2023-07-28,344.35467529296875,424.0,435.5,420.25,433.75,6250140
2023-07-31,343.3395690917969,422.75,428.0,419.5,423.25,3447784
2023-08-01,346.3851623535156,426.5,433.75,424.0,428.25,4246888
2023-08-02,369.1255187988281,454.5,459.25,438.5,438.75,7029852
2023-08-03,371.9681091308594,458.0,465.0,449.75,464.5,5601388
2023-08-04,377.0440368652344,464.25,466.25,442.25,450.75,6433044
2023-08-07,367.7042541503906,452.75,466.75,452.5,458.0,4325984
2023-08-08,377.45013427734375,464.75,476.25,462.5,462.5,4794004
2023-08-09,389.8354797363281,480.0,483.25,463.25,463.75,5700880
2023-08-10,388.41424560546875,478.25,484.25,455.25,468.75,7100172
2023-08-11,396.1297302246094,487.75,493.75,481.0,489.0,5373132
2023-08-14,382.93218994140625,471.5,494.25,471.25,491.25,5337292
2023-08-15,395.11456298828125,486.5,489.5,472.5,475.75,4671800
2023-08-16,408.1091003417969,502.5,503.0,483.0,489.25,5471764
2023-08-17,421.9156799316406,519.5,521.5,496.0,497.25,5853648
2023-08-18,423.9461364746094,522.0,537.0,516.25,534.5,6577236
2023-08-21,403.4391784667969,496.75,518.0,494.0,515.75,5363764
2023-08-22,405.6726379394531,499.5,502.25,486.25,486.75,4775908
2023-08-23,386.38385009765625,475.75,495.75,471.5,494.75,5294912
2023-08-24,412.3728942871094,507.75,508.0,462.5,463.0,6098644
2023-08-25,402.4239501953125,495.5,518.75,488.25,504.0,8560912
2023-08-28,393.4902648925781,484.5,495.0,480.75,483.75,4426144
2023-08-29,368.3133544921875,453.5,487.0,451.75,485.75,5470616
2023-08-30,362.0191345214844,445.75,456.75,443.75,452.75,4774432
2023-08-31,359.5826416015625,442.75,446.5,436.25,446.5,4150988
2023-09-01,360.8009338378906,444.25,449.75,432.75,434.25,4537972
2023-09-05,359.7856750488281,443.0,450.75,438.5,447.5,3550896
2023-09-06,369.1255187988281,454.5,462.0,444.75,445.75,4842496
2023-09-07,377.85614013671875,465.25,476.0,462.5,472.0,4738668
2023-09-08,376.4349060058594,463.5,467.5,455.0,465.75,3959012
2023-09-11,363.23736572265625,447.25,459.75,445.5,452.25,3849316
2023-09-12,375.41973876953125,462.25,463.75,448.75,453.5,3827668
2023-09-13,371.5619812011719,457.5,466.25,451.25,462.0,4831100
2023-09-14,363.0343322753906,447.0,459.25,443.25,451.75,4881308
2023-09-15,382.1199951171875,470.5,473.5,450.5,452.0,4945300
2023-09-18,380.69879150390625,468.75,475.25,464.5,474.0,3554688
2023-09-19,383.5412902832031,472.25,484.0,469.25,474.25,4287928
2023-09-20,399.9439697265625,484.0,484.5,458.75,460.5,4712956
2023-09-21,423.0811767578125,512.0,512.5,496.75,500.0,5696684
2023-09-22,422.8746643066406,511.75,513.25,495.25,504.5,5355428
2023-09-25,416.88372802734375,504.5,520.75,504.25,516.25,4596396
2023-09-26,435.889404296875,527.5,532.0,513.75,516.0,4773460
2023-09-27,432.7906188964844,523.75,540.75,515.5,523.0,6124236
2023-09-28,423.0811767578125,512.0,533.0,502.25,529.0,5660976
2023-09-29,422.2549133300781,511.0,516.75,491.0,497.25,6512004
2023-10-02,412.13232421875,498.75,513.0,492.5,510.25,5088156
2023-10-03,434.03009033203125,525.25,532.0,500.0,509.25,5473292
2023-10-04,416.6771545410156,504.25,523.75,500.0,521.5,5957664
2023-10-05,420.80877685546875,509.25,524.0,503.0,504.75,4812180
2023-10-06,399.9439697265625,484.0,526.25,479.0,522.5,7245880
2023-10-09,393.74652099609375,476.5,499.5,474.25,493.5,4558560
2023-10-10,387.5490417480469,469.0,477.5,458.25,475.5,4635412
2023-10-11,379.49224853515625,459.25,470.75,458.25,464.0,4737760
2023-10-12,384.037109375,464.75,473.5,451.0,457.75,5959600
2023-10-13,398.7044677734375,482.5,487.75,460.25,462.25,6339748
2023-10-16,385.07000732421875,466.0,478.0,462.0,477.0,4412612
2023-10-17,388.99505615234375,470.75,488.25,464.5,480.0,5526200
2023-10-18,405.1085205078125,490.25,495.0,472.25,481.0,5799804
2023-10-19,416.4705810546875,504.0,507.5,479.75,484.75,7961992
2023-10-20,435.4761657714844,527.0,528.0,504.25,506.75,6484864
2023-10-23,431.7576599121094,522.5,543.0,506.5,533.5,6426012
2023-10-24,419.5693359375,507.75,522.5,504.25,514.75,5183556
2023-10-25,450.35009765625,545.0,547.75,517.5,518.25,5990064
2023-10-26,476.99932861328125,577.25,583.5,547.25,551.5,7594776
2023-10-27,469.9754943847656,568.75,575.5,551.5,563.75,7367244
2023-10-30,455.1014709472656,550.75,564.0,543.75,557.0,5633796
2023-10-31,448.2842712402344,542.5,563.0,541.0,550.5,4687572
2023-11-01,424.9404296875,514.25,539.5,512.0,539.0,6128848
2023-11-02,402.83612060546875,487.5,501.0,486.5,495.75,5158204
2023-11-03,388.7884826660156,470.5,483.5,465.25,482.75,5714536
2023-11-06,384.4502258300781,465.25,474.0,462.75,467.75,4081128
2023-11-07,373.91455078125,452.5,466.0,448.75,461.25,5111616
2023-11-08,373.0882263183594,451.5,460.0,448.5,451.0,4712664
2023-11-09,382.3844299316406,462.75,464.5,445.25,449.75,6771760
2023-11-10,356.9747619628906,432.0,458.5,431.0,456.25,6286256
2023-11-13,360.2801208496094,436.0,442.75,432.25,437.25,4228352
2023-11-14,337.5560302734375,408.5,415.5,404.75,413.75,6150408
2023-11-15,336.7297058105469,407.5,411.75,400.5,402.0,5873028
2023-11-16,336.10992431640625,406.75,414.75,406.25,410.5,5122412
2023-11-17,336.3164978027344,407.0,412.5,403.5,409.5,4428888
2023-11-20,324.33477783203125,392.5,407.25,390.0,407.25,4548816
2023-11-21,330.3256530761719,399.75,405.0,397.25,397.75,4377612
2023-11-22,326.6071472167969,395.25,398.5,385.75,393.75,4568364
2023-11-24,328.4664001464844,397.5,400.25,395.0,396.75,1988336
2023-11-27,329.0860900878906,398.25,401.25,392.25,399.0,3652748
2023-11-28,326.81365966796875,395.5,402.25,393.75,401.0,4301564
2023-11-29,328.259765625,397.25,398.0,383.75,388.25,4604456
2023-11-30,330.9454040527344,400.5,409.75,395.25,396.75,5414796
2023-12-01,328.4664001464844,397.5,409.5,395.5,404.25,4946896
2023-12-04,337.7626037597656,408.75,420.0,407.75,409.25,5010672
2023-12-05,335.2835693359375,405.75,415.75,402.0,415.25,4548004
2023-12-06,341.2745056152344,413.0,414.25,396.25,396.75,4329592
2023-12-07,327.4334716796875,396.25,407.75,393.75,404.25,4478652
2023-12-08,323.5084228515625,391.5,402.5,390.0,401.75,5131384
2023-12-11,315.2450866699219,381.5,393.5,380.5,392.75,3959120
2023-12-12,307.8081359863281,372.5,385.0,372.25,381.5,3964464
2023-12-13,296.2394714355469,358.5,372.25,356.75,370.25,5832948
2023-12-14,297.685546875,360.25,368.25,352.25,355.75,5253672
2023-12-15,294.3802795410156,356.25,359.75,351.75,358.25,4657500
2023-12-18,287.7695617675781,348.25,355.0,346.0,354.0,3882944
2023-12-19,283.8445129394531,343.5,348.0,343.0,347.5,3307452
2023-12-20,296.56341552734375,351.5,351.75,333.25,338.75,5255116
2023-12-21,286.86077880859375,340.0,348.5,338.75,341.75,4735512
2023-12-22,285.3843078613281,338.25,343.25,334.5,337.0,3522512
2023-12-26,280.3220520019531,332.25,336.75,330.75,336.5,2327420
2023-12-27,278.8455810546875,330.5,334.0,329.75,332.0,3599104
2023-12-28,279.90020751953125,331.75,332.75,327.75,328.25,2501872
2023-12-29,283.6968994140625,336.25,341.0,331.25,332.25,4782888
2024-01-02,298.2508239746094,353.5,359.5,344.75,345.25,5075128
2024-01-03,307.7425537109375,364.75,366.25,358.0,360.75,5269900
2024-01-04,313.0157470703125,371.0,371.75,362.0,371.0,4509448
2024-01-05,312.1720275878906,370.0,374.0,362.25,371.0,5839924
2024-01-08,292.9776916503906,347.25,367.25,346.5,366.75,4619584
2024-01-09,291.5011901855469,345.5,356.0,343.0,355.25,4429984
2024-01-10,285.5951843261719,338.5,347.25,336.0,344.75,3905648
2024-01-11,284.5406188964844,337.25,350.0,332.5,336.25,6202276
2024-01-12,284.1187438964844,336.75,340.5,332.75,334.75,4530920
2024-01-16,284.5406188964844,337.25,343.75,333.25,340.0,5353348
2024-01-17,289.39190673828125,343.0,353.75,342.0,345.75,5654356
2024-01-18,277.3690490722656,328.75,338.75,327.5,335.5,6503188
2024-01-19,261.127685546875,309.5,325.25,309.25,324.0,6489116
2024-01-22,260.28399658203125,308.5,310.0,302.0,305.0,4553524
2024-01-23,257.1200256347656,304.75,311.25,304.5,307.25,3717964
2024-01-24,252.9015655517578,299.75,301.0,291.25,296.5,6939512
2024-01-25,252.47967529296875,299.25,304.5,293.5,295.0,5785252
2024-01-26,257.1200256347656,304.75,306.25,299.75,303.5,4522420
2024-01-29,249.5266876220703,295.75,305.5,295.25,304.0,3664364
2024-01-30,254.58897399902344,301.75,303.75,296.75,298.0,3813832
2024-01-31,269.5647888183594,319.5,320.0,307.0,311.5,7089064
2024-02-01,260.28399658203125,308.5,318.25,307.75,316.0,6455040
2024-02-02,247.20651245117188,293.0,307.0,290.75,305.0,7590612
2024-02-05,248.47206115722656,294.5,301.75,292.25,293.5,6225876
2024-02-06,250.15943908691406,296.5,301.5,291.25,292.5,4929656
2024-02-07,242.7770538330078,287.75,293.75,285.75,291.0,4975468
2024-02-08,241.51144409179688,286.25,289.25,284.75,287.75,3199788
2024-02-09,234.55087280273438,278.0,286.0,276.5,284.25,4144340
2024-02-12,237.50387573242188,281.5,283.0,274.25,278.5,4120708
2024-02-13,248.8939208984375,295.0,301.25,289.5,297.25,6691260
2024-02-14,240.6677703857422,285.25,294.25,284.5,289.25,4850200
2024-02-15,238.98036193847656,283.25,289.75,282.5,284.5,3951288
2024-02-16,245.73001098632812,291.25,292.75,282.5,282.75,5586220
2024-02-20,251.4250030517578,298.0,305.75,292.5,295.75,5896380
2024-02-21,254.58897399902344,301.75,310.0,301.5,304.0,5679520
2024-02-22,232.4416046142578,275.5,285.0,273.5,283.25,6436968
2024-02-23,234.55087280273438,278.0,280.0,271.0,272.75,4837344
2024-02-26,235.1836395263672,278.75,279.25,274.75,276.75,3702576
2024-02-27,233.4962615966797,276.75,282.0,276.25,277.0,4140568
2024-02-28,237.29293823242188,281.25,283.5,278.75,281.0,4012484
2024-02-29,231.80880737304688,274.75,282.5,272.5,276.25,5096740
2024-03-01,221.26248168945312,262.25,273.25,260.75,273.25,6761764
2024-03-04,224.0045166015625,265.5,266.0,261.75,262.5,4068872
2024-03-05,236.02734375,279.75,284.25,271.25,271.25,6359156
2024-03-06,231.59788513183594,274.5,278.5,268.5,272.0,7672280
2024-03-07,221.68434143066406,262.75,271.25,260.25,268.5,6590816
2024-03-08,231.17604064941406,274.0,275.5,257.0,262.25,9022692
2024-03-11,233.91810607910156,277.25,281.0,275.0,277.0,5447056
2024-03-12,223.7935791015625,265.25,279.25,264.75,273.0,6324836
2024-03-13,229.48858642578125,272.0,273.75,267.25,267.5,4726212
2024-03-14,231.17604064941406,274.0,279.5,268.75,269.75,7494612
2024-03-15,239.61312866210938,284.0,286.5,278.75,280.0,6267592
2024-03-18,233.0743865966797,276.25,276.75,269.25,273.75,5718436
2024-03-19,231.386962890625,274.25,284.25,273.5,280.25,5878152
2024-03-20,223.3357696533203,260.75,271.25,260.0,268.25,6683928
2024-03-21,220.55209350585938,257.5,257.75,251.25,252.25,5581220
2024-03-22,220.1238250732422,257.0,260.0,254.75,258.5,4094560
2024-03-25,222.47921752929688,259.75,263.5,257.0,261.75,3383136
2024-03-26,224.4063720703125,262.0,262.75,255.5,257.25,3532452
2024-03-27,222.69337463378906,260.0,265.5,257.0,257.5,4122496
2024-03-28,224.4063720703125,262.0,262.5,259.0,260.25,3004408
2024-04-01,222.90748596191406,260.25,263.75,255.75,260.5,4319456
2024-04-02,228.6889190673828,267.0,272.5,266.5,269.25,4541312
2024-04-03,227.40419006347656,265.5,271.25,262.0,271.25,4511304
2024-04-04,238.11058044433594,278.0,278.5,257.0,258.25,6195008
2024-04-05,229.97373962402344,268.5,277.25,263.25,275.5,7645468
2024-04-08,229.97373962402344,268.5,271.0,264.75,266.75,3626504
2024-04-09,227.19003295898438,265.25,274.25,263.5,264.25,5191524
2024-04-10,233.3997802734375,272.5,276.25,271.0,275.25,7154020
2024-04-11,222.69337463378906,260.0,273.75,258.25,269.5,6407184
2024-04-12,233.18563842773438,272.25,275.0,265.5,267.5,7043116
2024-04-15,244.96270751953125,286.0,287.75,265.25,265.5,8041672
2024-04-16,244.96270751953125,286.0,289.0,280.75,286.75,7289840
2024-04-17,253.95606994628906,296.5,298.75,282.25,282.25,6754464
2024-04-18,258.4527893066406,301.75,303.5,292.25,296.0,6906236
2024-04-19,274.9406433105469,321.0,324.75,304.0,305.0,8796476
2024-04-22,267.0179138183594,311.75,323.25,306.25,315.25,6286748
2024-04-23,255.02674865722656,297.75,308.5,295.25,307.5,5566380
2024-04-24,252.88546752929688,295.25,300.0,288.25,291.75,5929000
2024-04-25,256.95391845703125,300.0,313.0,298.0,310.75,6699312
2024-04-26,244.74856567382812,285.75,294.75,282.75,293.25,5491560
2024-04-29,242.17906188964844,282.75,288.25,280.75,282.0,3907340
2024-04-30,255.8832550048828,298.75,299.0,283.25,286.25,5173264
2024-05-01,261.66473388671875,305.5,307.5,287.25,302.0,8435264
2024-05-02,252.24307250976562,294.5,308.0,292.25,297.75,5650068
2024-05-03,237.2540740966797,277.0,282.25,274.75,279.0,6184152
2024-05-06,229.11721801757812,267.5,275.0,267.5,273.5,3788384
2024-05-07,229.54547119140625,268.0,269.25,264.75,267.25,4122372
2024-05-08,229.97373962402344,268.5,273.0,265.75,272.75,4028448
2024-05-09,228.6889190673828,267.0,271.75,266.0,268.5,3888184
2024-05-10,227.19003295898438,265.25,268.25,261.25,264.5,3994584
2024-05-13,225.9053192138672,263.75,266.25,261.75,262.0,2760444
2024-05-14,221.4086151123047,258.5,265.0,257.75,264.5,5089216
2024-05-15,211.3445587158203,246.75,257.25,246.25,254.5,6223648
2024-05-16,212.84344482421875,248.5,249.0,244.25,247.5,4111464
2024-05-17,213.48585510253906,249.25,253.0,247.5,248.75,3520760
2024-05-20,208.9891815185547,244.0,249.25,243.0,249.0,3815760
2024-05-21,207.9185028076172,242.75,247.75,242.5,247.25,2383348
2024-05-22,208.34678649902344,243.25,247.25,241.25,242.5,3533856
2024-05-23,211.55870056152344,247.0,249.75,235.75,236.0,6326832
2024-05-24,205.56309509277344,240.0,245.75,238.0,244.5,4488848
2024-05-28,203.20767211914062,237.25,242.25,237.25,238.25,3868600
2024-05-29,207.49026489257812,242.25,244.25,239.75,244.25,4166120
2024-05-30,214.55650329589844,250.5,252.75,244.0,244.0,4520708
2024-05-31,214.55650329589844,250.5,265.25,249.25,250.5,6475404
2024-06-03,212.6293487548828,248.25,257.25,244.5,246.0,5362144
2024-06-04,211.1304473876953,246.5,252.0,244.5,249.0,5024584
2024-06-05,198.28274536132812,231.5,242.75,231.5,240.75,6097072
2024-06-06,198.92514038085938,232.25,234.0,230.25,231.0,3899340
2024-06-07,199.56753540039062,233.0,234.75,229.0,233.0,4813924
2024-06-10,197.42620849609375,230.5,235.5,229.75,235.0,3743656
2024-06-11,193.35781860351562,225.75,234.75,225.5,232.5,3991824
2024-06-12,185.86331176757812,217.0,221.25,213.5,220.25,7361124
2024-06-13,182.86549377441406,213.5,216.75,211.25,212.25,4718972
2024-06-14,180.51010131835938,210.75,215.0,210.5,214.25,4498792
2024-06-17,174.0862274169922,203.25,212.25,200.5,210.5,5655244
2024-06-18,173.8721160888672,203.0,205.25,202.25,203.25,3353420
2024-06-20,178.15467834472656,208.0,210.25,201.0,201.75,6679220
2024-06-21,179.86773681640625,210.0,211.75,206.75,208.5,5039988
2024-06-24,186.0774383544922,217.25,217.25,209.25,211.75,5401480
2024-06-25,179.65357971191406,209.75,215.75,209.25,214.5,4593312
2024-06-26,178.56214904785156,204.5,207.5,204.0,207.0,4388628
2024-06-27,177.4706573486328,203.25,206.25,201.25,205.0,4518920
2024-06-28,180.7450408935547,207.0,207.5,196.5,202.5,6229376
2024-07-01,177.25238037109375,203.0,210.5,202.25,205.75,5603052
2024-07-02,172.01341247558594,197.0,205.25,196.75,205.25,4583768
2024-07-03,167.86585998535156,192.25,198.0,192.0,198.0,3112272
2024-07-05,162.62689208984375,186.25,192.0,186.0,191.5,4724408
2024-07-08,161.53543090820312,185.0,187.25,184.5,186.0,3199376
2024-07-09,161.31710815429688,184.75,186.75,182.25,183.75,3865592
2024-07-10,156.5147247314453,179.25,184.25,178.5,183.0,4338136
2024-07-11,166.55612182617188,190.75,192.5,178.75,179.25,7329392
2024-07-12,163.9366455078125,187.75,191.25,182.25,190.75,5974888
2024-07-15,162.84518432617188,186.5,189.0,181.0,186.25,6205448
2024-07-16,162.84518432617188,186.5,190.0,184.0,185.0,5207884
2024-07-17,177.03407287597656,202.75,203.0,195.0,195.75,7021176
2024-07-18,179.653564453125,205.75,210.0,198.0,198.5,8367456
2024-07-19,184.67428588867188,211.5,213.5,203.25,206.75,7530860
2024-07-22,176.59750366210938,202.25,208.5,201.0,204.0,7346144
2024-07-23,178.56214904785156,204.5,205.25,199.75,203.5,5137612
2024-07-24,197.77175903320312,226.5,228.0,213.0,213.5,8158012
2024-07-25,204.5387420654297,234.25,238.25,220.0,226.25,9951096
2024-07-26,198.64491271972656,227.5,232.5,223.0,228.0,7059576
2024-07-29,197.553466796875,226.25,229.75,220.25,223.5,6081312
2024-07-30,205.84852600097656,235.75,240.75,222.5,223.5,8119168
2024-07-31,187.5120849609375,214.75,222.25,212.25,220.0,9773996
2024-08-01,201.26438903808594,230.5,235.75,208.75,214.0,11691856
2024-08-02,215.88990783691406,247.25,254.0,240.25,244.25,11471684
2024-08-05,235.5361328125,269.75,289.75,258.25,287.5,15314836
2024-08-06,228.9873809814453,262.25,271.5,248.25,266.5,10877348
2024-08-07,236.40928649902344,270.75,271.5,245.5,249.75,10324380
2024-08-08,214.7984619140625,246.0,266.75,244.5,259.25,8952152
2024-08-09,211.7423858642578,242.5,250.75,240.0,248.75,6623968
2024-08-12,210.65093994140625,241.25,245.75,225.0,241.25,5128696
2024-08-13,195.1522979736328,223.5,234.5,223.0,234.25,6375460
2024-08-14,194.9339599609375,223.25,229.75,219.75,222.25,6356972
2024-08-15,180.30845642089844,206.5,215.25,206.0,214.75,6445940
2024-08-16,179.653564453125,205.75,210.5,204.25,209.0,4833428
2024-08-19,173.1048583984375,198.25,208.5,198.0,206.0,5167436
2024-08-20,174.4145965576172,199.75,201.5,196.0,199.25,5628868
2024-08-21,171.5768280029297,196.5,200.75,194.25,198.5,5185076
2024-08-22,179.8718719482422,206.0,207.5,193.25,194.0,7801676
2024-08-23,174.1963348388672,199.5,206.0,196.0,201.0,7452056
2024-08-26,179.653564453125,205.75,208.25,199.25,200.5,5300188
2024-08-27,177.9072723388672,203.75,210.5,202.5,208.0,4513636
2024-08-28,184.23770141601562,211.0,215.5,203.75,204.75,6256956
2024-08-29,184.89256286621094,211.75,213.75,202.25,208.75,7909652
2024-08-30,178.9987335205078,205.0,212.75,204.0,206.75,6081716
2024-09-03,195.37057495117188,223.75,226.75,208.75,209.0,6674312
2024-09-04,196.6802978515625,225.25,229.75,219.75,228.25,8113300
2024-09-05,196.4619903564453,225.0,229.5,218.5,228.0,7247848
2024-09-06,212.178955078125,243.0,244.25,225.0,226.5,9432920
2024-09-09,204.3204803466797,234.0,241.75,232.5,236.25,6760180
2024-09-10,199.08148193359375,228.0,237.75,227.0,231.5,6410852
2024-09-11,186.20233154296875,213.25,239.0,212.0,226.0,10655912
2024-09-12,180.7450408935547,207.0,215.75,205.75,213.25,7212616
2024-09-13,178.3438262939453,204.25,208.5,202.75,208.0,5131296
2024-09-16,181.18162536621094,207.5,211.75,206.5,207.25,4696512
2024-09-17,180.7450408935547,207.0,210.5,201.75,203.25,5454516
2024-09-18,183.36456298828125,210.0,210.75,200.25,205.75,8029252
2024-09-19,169.3938751220703,194.0,198.0,190.25,195.25,8902316
2024-09-20,170.92198181152344,195.75,200.5,194.0,195.5,5948552
2024-09-23,169.6121826171875,194.25,195.75,192.75,194.25,4117700
2024-09-24,166.99269104003906,191.25,197.5,190.0,192.5,5435220
2024-09-25,166.30255126953125,186.75,188.75,185.0,188.5,4966140
2024-09-26,162.963134765625,183.0,187.25,178.0,178.5,6425780
2024-09-27,165.8572998046875,186.25,187.75,182.0,182.25,5348304
2024-09-30,164.52151489257812,184.75,191.0,184.5,187.5,6270580
2024-10-01,171.8682403564453,193.0,197.25,185.0,185.5,8646944
2024-10-02,170.7550811767578,191.75,197.0,189.5,194.0,6120124
2024-10-03,171.64561462402344,192.75,195.75,189.0,194.75,6043440
2024-10-04,165.4120635986328,185.75,192.0,185.25,186.0,7359188
2024-10-07,170.97772216796875,192.0,193.5,186.75,188.25,4889672
2024-10-08,163.40838623046875,183.5,190.0,182.5,189.25,5556376
2024-10-09,159.62374877929688,179.25,185.0,178.5,183.75,5377868
2024-10-10,160.29161071777344,180.0,183.25,177.75,181.75,5315084
2024-10-11,159.62374877929688,179.25,183.0,178.25,182.25,4075100
2024-10-14,155.61647033691406,174.75,177.25,173.25,177.0,4557220
2024-10-15,162.07266235351562,182.0,184.25,174.0,174.75,7321924
2024-10-16,161.85000610351562,181.75,185.75,181.0,181.75,4384900
2024-10-17,161.62738037109375,181.5,181.75,175.75,176.0,5221472
2024-10-18,158.7332305908203,178.25,179.75,177.25,179.0,4231272
2024-10-21,158.06536865234375,177.5,182.0,176.5,179.75,5346832
2024-10-22,157.39749145507812,176.75,181.25,175.25,180.5,4969380
2024-10-23,164.96678161621094,185.25,188.75,178.75,179.5,7554816
2024-10-24,161.18214416503906,181.0,184.0,180.0,181.0,5352760
2024-10-25,158.28797912597656,177.75,178.75,172.25,178.0,9008968
2024-10-28,158.28797912597656,177.75,178.0,174.25,174.5,5482468
2024-10-29,154.0580596923828,173.0,179.5,171.25,177.5,6662068
2024-10-30,157.1748504638672,176.5,177.25,172.5,173.5,6501968
2024-10-31,169.1967010498047,190.0,190.25,181.0,181.25,8501396
2024-11-01,165.63467407226562,186.0,189.0,182.25,188.5,8646200
2024-11-04,167.41567993164062,188.0,190.0,184.0,187.0,6692164
2024-11-05,160.95950317382812,180.75,186.25,180.0,186.25,6430704
2024-11-06,148.04713439941406,166.25,173.0,165.25,171.75,8845932
2024-11-07,141.1011505126953,158.4499969482422,163.5,157.60000610351562,163.4499969482422,8425860
2024-11-08,140.83401489257812,158.14999389648438,159.75,157.4499969482422,159.1999969482422,7559100
2024-11-11,141.1011505126953,158.4499969482422,161.14999389648438,156.85000610351562,157.0500030517578,8666060
2024-11-12,141.85809326171875,159.3000030517578,162.25,157.75,158.60000610351562,7396920
2024-11-13,142.52598571777344,160.0500030517578,162.1999969482422,157.5,159.89999389648438,9273940
2024-11-14,145.50917053222656,163.39999389648438,164.35000610351562,159.60000610351562,160.5,8360580
2024-11-15,156.23980712890625,175.4499969482422,177.39999389648438,168.89999389648438,169.10000610351562,10371340
2024-11-18,152.9894561767578,171.8000030517578,175.3000030517578,169.5500030517578,173.8000030517578,6648440
2024-11-19,150.00624084472656,168.4499969482422,174.9499969482422,167.8000030517578,174.60000610351562,8651960
2024-11-20,150.1398468017578,168.60000610351562,175.35000610351562,168.4499969482422,168.75,10737820
2024-11-21,148.6704864501953,166.9499969482422,174.4499969482422,165.0,165.6999969482422,12374960
2024-11-22,148.18067932128906,166.39999389648438,169.39999389648438,165.6999969482422,167.75,6527800
2024-11-25,147.6018829345703,165.75,168.0,160.85000610351562,162.35000610351562,6506840
2024-11-26,145.24203491210938,163.10000610351562,165.14999389648438,162.3000030517578,164.3000030517578,4983380
2024-11-27,148.75955200195312,167.0500030517578,170.35000610351562,164.3000030517578,164.3000030517578,5682100
2024-11-29,145.0639190673828,162.89999389648438,167.35000610351562,162.3000030517578,166.6999969482422,3421780
2024-12-02,140.3887481689453,157.64999389648438,162.14999389648438,156.75,161.8000030517578,6202120
2024-12-03,139.14205932617188,156.25,159.5,156.0500030517578,158.9499969482422,4946540
2024-12-04,134.06613159179688,150.5500030517578,153.89999389648438,150.39999389648438,153.25,7749340
2024-12-05,135.26832580566406,151.89999389648438,152.1999969482422,149.9499969482422,150.60000610351562,6549420
2024-12-06,131.75079345703125,147.9499969482422,151.64999389648438,147.8000030517578,151.5,7673900
2024-12-09,134.95664978027344,151.5500030517578,152.5,148.1999969482422,148.85000610351562,6830660
2024-12-10,136.42596435546875,153.1999969482422,154.39999389648438,149.0,150.5500030517578,6085380
2024-12-11,129.0792999267578,144.9499969482422,149.6999969482422,144.39999389648438,149.39999389648438,9712160
2024-12-12,131.6617889404297,147.85000610351562,148.25,145.85000610351562,146.89999389648438,7339740
2024-12-13,128.81211853027344,144.64999389648438,147.39999389648438,142.4499969482422,144.75,8046100
2024-12-16,123.33551025390625,138.5,142.6999969482422,137.6999969482422,142.64999389648438,8711540
2024-12-17,124.98294830322266,140.35000610351562,141.64999389648438,139.0500030517578,139.89999389648438,7085380
2024-12-18,138.47415161132812,155.5,156.8000030517578,139.5500030517578,140.9499969482422,16992140
2024-12-19,140.47779846191406,157.75,158.0500030517578,150.89999389648438,151.39999389648438,14122260
2024-12-20,136.915771484375,153.75,162.5,148.1999969482422,161.4499969482422,16181980
2024-12-23,133.01405334472656,145.39999389648438,151.3000030517578,145.10000610351562,148.35000610351562,7316360
2024-12-24,127.75389099121094,139.64999389648438,144.5,139.64999389648438,144.0,4584520
2024-12-26,128.11984252929688,140.0500030517578,142.60000610351562,138.6999969482422,141.0,5621180
2024-12-27,133.3342742919922,145.75,149.5500030517578,142.6999969482422,143.0500030517578,10221440
2024-12-30,138.7774200439453,151.6999969482422,154.85000610351562,148.5,151.75,9885860
2024-12-31,142.43666076660156,155.6999969482422,156.5,150.0,150.6999969482422,9700940
2025-01-02,143.35147094726562,156.6999969482422,160.8000030517578,150.75,152.89999389648438,12196260
2025-01-03,136.4903564453125,149.1999969482422,154.75,148.1999969482422,154.0,9790320
2025-01-06,131.77908325195312,144.0500030517578,146.25,141.14999389648438,144.5,9559100
2025-01-07,138.91464233398438,151.85000610351562,153.4499969482422,143.0,143.3000030517578,12434400
2025-01-08,138.82315063476562,151.75,156.0500030517578,150.39999389648438,152.0,12668320
2025-01-10,145.59278869628906,159.14999389648438,162.10000610351562,155.35000610351562,155.39999389648438,14137620
2025-01-13,147.05648803710938,160.75,166.39999389648438,160.39999389648438,164.89999389648438,9685600
2025-01-14,147.55966186523438,161.3000030517578,164.64999389648438,156.5500030517578,157.8000030517578,10532540
2025-01-15,137.58815002441406,150.39999389648438,155.3000030517578,149.1999969482422,153.8000030517578,13107900
2025-01-16,140.3783416748047,153.4499969482422,153.5500030517578,148.3000030517578,148.35000610351562,9035220
2025-01-17,133.51724243164062,145.9499969482422,148.5500030517578,144.4499969482422,144.9499969482422,11154500
2025-01-21,131.27593994140625,143.5,147.5,142.5,143.8000030517578,8584980
2025-01-22,126.29019165039062,138.0500030517578,139.9499969482422,136.14999389648438,139.75,9526980
2025-01-23,125.51258850097656,137.1999969482422,140.5,137.14999389648438,140.0500030517578,6938440
2025-01-24,127.75389099121094,139.64999389648438,140.89999389648438,136.5,137.14999389648438,6684980
2025-01-27,139.05186462402344,152.0,155.1999969482422,148.9499969482422,154.60000610351562,16994760
2025-01-28,132.83111572265625,145.1999969482422,154.1999969482422,144.1999969482422,151.10000610351562,10805520
2025-01-29,133.70018005371094,146.14999389648438,149.39999389648438,144.64999389648438,144.75,11526220
2025-01-30,131.96205139160156,144.25,148.39999389648438,141.8000030517578,143.75,9590200
2025-01-31,132.78536987304688,145.14999389648438,146.0500030517578,137.5500030517578,141.3000030517578,14643120
2025-02-03,135.94149780273438,148.60000610351562,154.60000610351562,146.39999389648438,152.5,17833660
2025-02-04,131.0472412109375,143.25,148.6999969482422,142.75,148.35000610351562,9443660
2025-02-05,129.4005584716797,141.4499969482422,146.5,141.3000030517578,145.5,7320820
2025-02-06,127.34222412109375,139.1999969482422,142.35000610351562,139.0500030517578,141.0500030517578,7532540
2025-02-07,132.3279571533203,144.64999389648438,145.3000030517578,137.4499969482422,139.0,12007940
2025-02-10,127.66241455078125,139.5500030517578,141.5500030517578,138.60000610351562,141.14999389648438,8818200
2025-02-11,128.531494140625,140.5,142.25,139.0,142.14999389648438,8298760
2025-02-12,128.34852600097656,140.3000030517578,145.4499969482422,139.64999389648438,145.14999389648438,12786500
2025-02-13,122.90538024902344,134.35000610351562,139.6999969482422,134.14999389648438,139.10000610351562,12631720
2025-02-14,121.6246337890625,132.9499969482422,134.8000030517578,132.39999389648438,134.4499969482422,8149820
2025-02-18,120.80130767822266,132.0500030517578,134.5500030517578,131.5500030517578,131.8000030517578,6892020
2025-02-19,120.75557708740234,132.0,134.25,131.0500030517578,132.6999969482422,7446780
2025-02-20,122.40223693847656,133.8000030517578,137.25,132.39999389648438,132.75,10758900
2025-02-21,130.086669921875,142.1999969482422,142.5500030517578,133.10000610351562,133.14999389648438,14456060
2025-02-24,134.79798889160156,147.35000610351562,147.64999389648438,139.89999389648438,140.85000610351562,14006360
2025-02-25,139.92092895507812,152.9499969482422,156.35000610351562,147.9499969482422,148.0,14833580
2025-02-26,139.00611877441406,151.9499969482422,154.8000030517578,147.35000610351562,151.10000610351562,17710080
2025-02-27,150.57852172851562,164.60000610351562,164.89999389648438,148.0,148.89999389648438,20492780
2025-02-28,143.6259307861328,157.0,168.3000030517578,156.5,165.14999389648438,19880060
2025-03-03,152.9113006591797,167.14999389648438,170.6999969482422,152.64999389648438,154.10000610351562,22767900
2025-03-04,154.64944458007812,169.0500030517578,176.9499969482422,160.8000030517578,170.4499969482422,24871640
2025-03-05,148.7031707763672,162.5500030517578,173.5500030517578,160.85000610351562,168.5500030517578,19655320
2025-03-06,160.87017822265625,175.85000610351562,177.9499969482422,165.89999389648438,170.64999389648438,19368860
2025-03-07,157.66835021972656,172.35000610351562,184.5,170.8000030517578,177.39999389648438,20646440
2025-03-10,175.50723266601562,191.85000610351562,196.8000030517578,180.64999389648438,181.1999969482422,17911020
2025-03-11,177.4740753173828,194.0,199.60000610351562,185.25,193.1999969482422,21106840
2025-03-12,171.48204040527344,187.4499969482422,193.85000610351562,182.4499969482422,184.8000030517578,20691540
2025-03-13,180.85890197753906,197.6999969482422,200.0,188.35000610351562,188.4499969482422,16604760
2025-03-14,168.0057373046875,183.64999389648438,191.89999389648438,182.5500030517578,191.14999389648438,18403500
2025-03-17,164.75816345214844,180.10000610351562,185.8000030517578,176.60000610351562,183.6999969482422,15124840
2025-03-18,173.0829620361328,189.1999969482422,191.8000030517578,183.89999389648438,183.89999389648438,13736700
2025-03-19,166.49630737304688,182.0,189.14999389648438,176.5500030517578,186.8000030517578,16553380
2025-03-20,168.09722900390625,183.75,187.35000610351562,177.85000610351562,186.60000610351562,14904100
2025-03-21,166.49630737304688,182.0,191.39999389648438,181.39999389648438,190.0500030517578,13698320
2025-03-24,156.11317443847656,170.64999389648438,174.5,169.4499969482422,173.75,13410540
2025-03-25,153.32298278808594,167.60000610351562,170.6999969482422,167.39999389648438,169.75,9796880
2025-03-26,161.77854919433594,174.3000030517578,175.89999389648438,165.5,166.35000610351562,16307280
2025-03-27,164.60943603515625,177.35000610351562,178.89999389648438,172.0,176.5,15522100
2025-03-28,177.74288940429688,191.5,192.64999389648438,178.85000610351562,179.64999389648438,17357760
2025-03-31,177.92852783203125,191.6999969482422,206.0,190.60000610351562,200.3000030517578,20047460
2025-04-01,173.75180053710938,187.1999969482422,197.39999389648438,186.10000610351562,193.85000610351562,21250840
2025-04-02,169.853515625,183.0,195.4499969482422,179.14999389648438,195.10000610351562,25597740
2025-04-03,197.37350463867188,212.64999389648438,213.1999969482422,201.8000030517578,206.0,26980160
2025-04-04,233.71102905273438,251.8000030517578,251.9499969482422,227.5,230.8000030517578,45621840
2025-04-07,232.8292999267578,250.85000610351562,289.0,216.10000610351562,278.29998779296875,45279700
2025-04-08,245.82354736328125,264.8500061035156,275.79998779296875,216.8000030517578,225.5,42987740
2025-04-09,159.08685302734375,171.39999389648438,266.1499938964844,165.85000610351562,265.79998779296875,54654860
2025-04-10,177.3252410888672,191.0500030517578,205.89999389648438,180.8000030517578,183.0,47232500
2025-04-11,168.09002685546875,181.10000610351562,197.60000610351562,179.10000610351562,193.25,29853540
2025-04-14,164.5166015625,177.25,183.0,168.3000030517578,168.89999389648438,22798880
2025-04-15,164.00611877441406,176.6999969482422,178.85000610351562,171.60000610351562,176.10000610351562,17659220
2025-04-16,178.85667419433594,192.6999969482422,200.1999969482422,183.0,187.1999969482422,21602400
2025-04-17,179.32077026367188,193.1999969482422,196.8000030517578,188.5,189.39999389648438,20267260
2025-04-21,192.54705810546875,207.4499969482422,214.39999389648438,199.85000610351562,201.0500030517578,14677340
2025-04-22,177.65008544921875,191.39999389648438,201.3000030517578,187.0,199.5,21852880
2025-04-23,165.95526123046875,178.8000030517578,180.64999389648438,167.14999389648438,173.85000610351562,27405040
2025-04-24,151.8472137451172,163.60000610351562,177.0,163.14999389648438,176.25,24455900
2025-04-25,146.8815460205078,158.25,165.8000030517578,157.6999969482422,164.10000610351562,21898940
2025-04-28,147.06715393066406,158.4499969482422,164.89999389648438,156.0500030517578,157.9499969482422,20488100
2025-04-29,144.23626708984375,155.39999389648438,161.39999389648438,154.5,160.8000030517578,18400320
2025-04-30,144.1434783935547,155.3000030517578,168.3000030517578,153.85000610351562,163.6999969482422,27368860
2025-05-01,139.27061462402344,150.0500030517578,150.4499969482422,144.14999389648438,147.9499969482422,27094140
2025-05-02,132.77349853515625,143.0500030517578,146.8000030517578,141.14999389648438,145.1999969482422,21943440
2025-05-05,135.2331085205078,145.6999969482422,147.25,142.9499969482422,146.75,15240580
2025-05-06,138.8993377685547,149.64999389648438,152.6999969482422,146.5,151.5,19211460
2025-05-07,137.3678741455078,148.0,154.14999389648438,145.75,149.1999969482422,23742840
2025-05-08,133.28396606445312,143.60000610351562,147.35000610351562,139.5500030517578,143.35000610351562,22583860
2025-05-09,133.65524291992188,144.0,145.64999389648438,140.89999389648438,142.10000610351562,15255340
2025-05-12,117.5052261352539,126.5999984741211,132.14999389648438,126.5,127.25,27343220
2025-05-13,112.12190246582031,120.80000305175781,126.1500015258789,119.44999694824219,125.5999984741211,23985740
2025-05-14,110.1727523803711,118.69999694824219,120.69999694824219,118.30000305175781,120.0,19373120
2025-05-15,109.75508117675781,118.25,121.1500015258789,116.5,120.19999694824219,22766680
2025-05-16,108.50206756591797,116.9000015258789,120.0,116.8499984741211,117.5,16879200
2025-05-19,108.3164291381836,116.69999694824219,121.94999694824219,116.30000305175781,121.8499984741211,24765780
2025-05-20,109.47663116455078,117.94999694824219,120.3499984741211,117.44999694824219,118.44999694824219,16974640
2025-05-21,113.97822570800781,122.80000305175781,124.0999984741211,116.0999984741211,120.6500015258789,30509600
2025-05-22,113.42131805419922,122.19999694824219,123.44999694824219,119.55000305175781,122.5,28093940
2025-05-23,116.76271057128906,125.80000305175781,128.4499969482422,124.0,128.0500030517578,33243940
2025-05-27,108.59487915039062,117.0,121.94999694824219,116.6500015258789,120.75,22006040
2025-05-28,110.07994079589844,118.5999984741211,118.94999694824219,115.4000015258789,116.3499984741211,16484940
2025-05-29,109.43022918701172,117.9000015258789,119.75,113.44999694824219,113.55000305175781,22330460
2025-05-30,110.12635803222656,118.6500015258789,123.5999984741211,117.5999984741211,118.44999694824219,25959760
2025-06-02,107.57391357421875,115.9000015258789,120.9000015258789,115.75,120.0,18383780
2025-06-03,105.06787109375,113.19999694824219,116.3499984741211,112.30000305175781,115.75,16610880
2025-06-04,104.32534790039062,112.4000015258789,114.19999694824219,111.69999694824219,112.9000015258789,14752500
2025-06-05,106.692138671875,114.94999694824219,116.30000305175781,109.69999694824219,111.5,28965460
2025-06-06,103.72203063964844,111.75,112.9000015258789,110.5,111.69999694824219,18940740
2025-06-09,103.35076141357422,111.3499984741211,112.3499984741211,110.25,111.6500015258789,14402980
2025-06-10,101.21601104736328,109.05000305175781,112.5,108.69999694824219,111.0999984741211,15235820
2025-06-11,102.37620544433594,110.30000305175781,111.69999694824219,107.5999984741211,108.3499984741211,21144160
2025-06-12,101.72647857666016,109.5999984741211,111.3499984741211,108.94999694824219,111.19999694824219,17800180
2025-06-13,105.62477111816406,113.80000305175781,114.5999984741211,110.8499984741211,113.44999694824219,30116300
2025-06-16,101.26240539550781,109.0999984741211,111.6500015258789,108.44999694824219,111.5999984741211,18301660
2025-06-17,104.27892303466797,112.3499984741211,113.0999984741211,109.75,110.75,17891240
2025-06-18,104.41815185546875,112.5,113.55000305175781,110.30000305175781,111.9000015258789,19887920
2025-06-20,105.94962310791016,114.1500015258789,115.30000305175781,109.80000305175781,110.5999984741211,19692980
2025-06-23,102.65464782714844,110.5999984741211,115.80000305175781,110.30000305175781,113.80000305175781,25653380
2025-06-24,97.9674301147461,105.55000305175781,107.80000305175781,105.0,107.4000015258789,16451180
2025-06-25,97.2486343383789,103.5,104.5999984741211,102.30000305175781,103.0,13692440
2025-06-26,94.61775970458984,100.69999694824219,103.4000015258789,100.44999694824219,102.30000305175781,13589540
2025-06-27,93.67814636230469,99.69999694824219,101.75,98.75,100.30000305175781,18066800
2025-06-30,91.93988800048828,97.8499984741211,99.30000305175781,97.25,98.0999984741211,11948680
2025-07-01,94.28889465332031,100.3499984741211,101.6500015258789,98.4000015258789,98.94999694824219,17809940
2025-07-02,92.36272430419922,98.30000305175781,100.94999694824219,98.25,100.8499984741211,15493180
2025-07-03,89.8727798461914,95.6500015258789,97.25,95.0999984741211,97.25,12419720
2025-07-07,91.8929214477539,97.80000305175781,99.05000305175781,96.6500015258789,97.05000305175781,17744180
2025-07-08,91.75198364257812,97.6500015258789,98.3499984741211,96.80000305175781,97.1500015258789,14744720
2025-07-09,89.8727798461914,95.6500015258789,97.3499984741211,94.94999694824219,96.6500015258789,16401480
2025-07-10,90.24861145019531,96.05000305175781,97.5,95.1500015258789,95.4000015258789,12744380
2025-07-11,91.00028991699219,96.8499984741211,98.0,96.05000305175781,97.4000015258789,15072060
2025-07-14,90.10768127441406,95.9000015258789,98.30000305175781,95.5,97.05000305175781,13871540
2025-07-15,89.8727798461914,95.6500015258789,95.69999694824219,93.55000305175781,93.9000015258789,17153880
2025-07-16,89.59088897705078,95.3499984741211,98.3499984741211,95.0999984741211,95.44999694824219,22175600
2025-07-17,87.4767837524414,93.0999984741211,95.5,92.9000015258789,95.0999984741211,16407060
2025-07-18,87.85263061523438,93.5,94.1500015258789,92.5,92.5999984741211,16246760
2025-07-21,86.53719329833984,92.0999984741211,93.1500015258789,91.19999694824219,93.1500015258789,15911720
2025-07-22,87.89962005615234,93.55000305175781,94.9000015258789,92.0999984741211,92.1500015258789,18302120
2025-07-23,86.7720947265625,92.3499984741211,94.5,92.3499984741211,93.0999984741211,17298860
2025-07-24,86.20832824707031,91.75,92.69999694824219,91.19999694824219,91.80000305175781,15184840
2025-07-25,85.738525390625,91.25,92.30000305175781,90.6500015258789,92.0,13551100
2025-07-28,84.93988037109375,90.4000015258789,91.0999984741211,90.0,90.6500015258789,12938160
2025-07-29,85.3626937866211,90.8499984741211,91.30000305175781,88.5999984741211,89.25,18188820
2025-07-30,85.0338363647461,90.5,92.05000305175781,89.3499984741211,90.5,20937520
2025-07-31,86.53719329833984,92.0999984741211,92.5999984741211,87.44999694824219,87.5,25819980
2025-08-01,91.70499420166016,97.5999984741211,98.8499984741211,95.0999984741211,95.19999694824219,36714800
2025-08-04,86.67813110351562,92.25,95.05000305175781,92.1500015258789,94.94999694824219,23359080
2025-08-05,88.51034545898438,94.19999694824219,94.5,91.0999984741211,91.69999694824219,22758980
2025-08-06,85.17477416992188,90.6500015258789,94.0999984741211,90.44999694824219,93.80000305175781,23645200
2025-08-07,84.32913208007812,89.75,91.80000305175781,87.8499984741211,88.69999694824219,24443500
2025-08-08,82.1210708618164,87.4000015258789,89.5,87.30000305175781,89.4000015258789,20717020
2025-08-11,82.96671295166016,88.30000305175781,88.8499984741211,86.44999694824219,87.4000015258789,16418600
2025-08-12,79.77207946777344,84.9000015258789,88.44999694824219,84.80000305175781,87.19999694824219,22596520
2025-08-13,79.67811584472656,84.80000305175781,85.44999694824219,83.55000305175781,83.80000305175781,18463340
2025-08-14,79.91300964355469,85.05000305175781,85.94999694824219,84.19999694824219,85.75,23794240
2025-08-15,81.13449096679688,86.3499984741211,87.0999984741211,85.25,85.25,21603460
2025-08-18,81.22844696044922,86.44999694824219,87.30000305175781,86.1500015258789,86.80000305175781,15083120
2025-08-19,84.56403350830078,90.0,90.5,86.69999694824219,86.80000305175781,23100220
2025-08-20,86.11437225341797,91.6500015258789,95.0,90.44999694824219,90.55000305175781,31209940
2025-08-21,87.33584594726562,92.94999694824219,94.0999984741211,91.4000015258789,92.5,21477000
2025-08-22,83.38953399658203,88.75,93.0999984741211,87.80000305175781,92.4000015258789,27113640
2025-08-25,84.18819427490234,89.5999984741211,90.1500015258789,88.19999694824219,89.55000305175781,13476780
2025-08-26,83.15463256835938,88.5,90.4000015258789,88.4000015258789,89.9000015258789,12747240
2025-08-27,82.82577514648438,88.1500015258789,89.6500015258789,87.80000305175781,89.05000305175781,13012560
2025-08-28,81.3224105834961,86.55000305175781,88.75,86.1500015258789,87.94999694824219,16521680
2025-08-29,84.32913208007812,89.75,90.5999984741211,87.69999694824219,87.8499984741211,19268640
2025-09-02,86.4432373046875,92.0,94.94999694824219,91.9000015258789,94.05000305175781,23109080
2025-09-03,84.51704406738281,89.94999694824219,91.55000305175781,89.0999984741211,90.3499984741211,20334840
2025-09-04,82.16804504394531,87.44999694824219,90.44999694824219,87.3499984741211,89.6500015258789,16979720
2025-09-05,81.98013305664062,87.25,89.3499984741211,84.94999694824219,85.25,25967920
2025-09-08,80.80563354492188,86.0,86.55000305175781,85.0999984741211,86.25,15905560
2025-09-09,80.14791107177734,85.30000305175781,86.9000015258789,85.1500015258789,85.75,15150780
2025-09-10,80.10093688964844,85.25,86.25,83.9000015258789,83.94999694824219,19231860
2025-09-11,78.73851013183594,83.80000305175781,84.94999694824219,83.5,84.19999694824219,18179020
2025-09-12,77.79891204833984,82.80000305175781,83.94999694824219,82.30000305175781,83.5999984741211,15036720
2025-09-15,75.82574462890625,80.69999694824219,82.1500015258789,80.69999694824219,82.1500015258789,17396780
2025-09-16,76.0606460571289,80.94999694824219,81.30000305175781,80.30000305175781,80.4000015258789,13062160
2025-09-17,76.57743072509766,81.5,83.80000305175781,80.80000305175781,81.05000305175781,31903840
2025-09-18,74.51030731201172,79.30000305175781,80.3499984741211,78.1500015258789,79.5,25518220
2025-09-19,73.0539321899414,77.75,79.19999694824219,77.5,78.6500015258789,20087740
2025-09-22,71.83244323730469,76.44999694824219,78.19999694824219,76.19999694824219,78.19999694824219,17420300
2025-09-23,73.28883361816406,78.0,78.5,76.3499984741211,76.44999694824219,20372040
2025-09-24,74.11444854736328,77.6500015258789,78.75,76.19999694824219,76.3499984741211,20499600
2025-09-25,75.11662292480469,78.69999694824219,80.6500015258789,78.05000305175781,79.19999694824219,32496180
2025-09-26,74.20989227294922,77.75,79.80000305175781,77.69999694824219,78.5,20720120
2025-09-29,73.20768737792969,76.69999694824219,77.30000305175781,75.5,76.5999984741211,20127720
2025-09-30,72.68274688720703,76.1500015258789,77.80000305175781,76.05000305175781,76.94999694824219,21445240
2025-10-01,71.63282775878906,75.05000305175781,77.75,74.9000015258789,77.4000015258789,22497580
2025-10-02,70.82151794433594,74.19999694824219,75.25,73.69999694824219,73.75,20235900
2025-10-03,71.82372283935547,75.25,75.94999694824219,73.69999694824219,74.0,24836420
2025-10-06,70.20112609863281,73.55000305175781,74.25,72.94999694824219,73.3499984741211,20712160
2025-10-07,71.34648895263672,74.75,75.30000305175781,72.9000015258789,73.1500015258789,22724580
2025-10-08,68.91258239746094,72.19999694824219,74.55000305175781,72.0999984741211,74.44999694824219,21926420
2025-10-09,69.19892883300781,72.5,73.6500015258789,72.19999694824219,72.25,22504300
2025-10-10,76.5006103515625,80.1500015258789,80.3499984741211,71.75,72.4000015258789,58967620
2025-10-13,71.6805419921875,75.0999984741211,77.05000305175781,74.69999694824219,76.0,31876580
2025-10-14,73.06452941894531,76.55000305175781,79.55000305175781,74.8499984741211,77.5999984741211,38124800
2025-10-15,71.63282775878906,75.05000305175781,77.44999694824219,73.30000305175781,74.3499984741211,31972740
2025-10-16,72.39639282226562,75.8499984741211,77.55000305175781,72.75,74.0,36159020
2025-10-17,71.06014251708984,74.44999694824219,77.3499984741211,73.8499984741211,76.75,40094360
2025-10-20,68.38764190673828,71.6500015258789,73.3499984741211,71.25,73.3499984741211,20891760
2025-10-21,68.48308563232422,71.75,72.5,71.30000305175781,71.69999694824219,17699380
2025-10-22,70.58290100097656,73.94999694824219,75.9000015258789,71.80000305175781,72.0,34936080
2025-10-23,68.7217025756836,72.0,74.25,71.75,74.0999984741211,23555280
2025-10-24,66.62186431884766,69.80000305175781,70.55000305175781,69.3499984741211,70.25,27381080
2025-10-27,63.090328216552734,66.0999984741211,67.5,65.94999694824219,67.3499984741211,22024480
2025-10-28,61.65863037109375,64.5999984741211,65.80000305175781,64.05000305175781,65.44999694824219,23469180
2025-10-29,60.895057678222656,63.79999923706055,65.5,63.400001525878906,63.849998474121094,29582280
2025-10-30,63.71073913574219,66.75,66.75,64.5,64.9000015258789,35392720
2025-10-31,62.80399703979492,65.80000305175781,66.6500015258789,64.25,64.25,33844980
2025-11-03,61.99269485473633,64.94999694824219,65.6500015258789,63.75,64.0,23038440
2025-11-04,65.8105697631836,68.94999694824219,69.1500015258789,66.55000305175781,67.69999694824219,36453300
2025-11-05,64.47431945800781,67.55000305175781,69.6500015258789,66.5,69.19999694824219,27921060
2025-11-06,68.14901733398438,71.4000015258789,71.8499984741211,68.05000305175781,68.0999984741211,40973920
2025-11-07,68.8648681640625,72.1500015258789,76.05000305175781,72.0999984741211,72.69999694824219,45688640
2025-11-10,64.33114624023438,67.4000015258789,69.69999694824219,67.05000305175781,69.0,29860960
2025-11-11,64.85609436035156,67.94999694824219,69.30000305175781,67.5999984741211,68.30000305175781,23134440
2025-11-12,65.0469970703125,68.1500015258789,69.25,66.9000015258789,66.94999694824219,25965800
2025-11-13,69.10348510742188,72.4000015258789,73.0999984741211,69.1500015258789,69.3499984741211,34726220
2025-11-14,68.96031951904297,72.25,76.44999694824219,70.6500015258789,75.6500015258789,44800880
2025-11-17,70.82151794433594,74.19999694824219,75.5,71.0,73.25,39675820
2025-11-18,73.39859008789062,76.9000015258789,78.75,74.69999694824219,75.75,56840520
2025-11-19,72.15777587890625,75.5999984741211,77.5999984741211,73.0999984741211,76.6500015258789,39235980
2025-11-20,77.23554992675781,80.91999816894531,81.26000213623047,70.23999786376953,71.1500015258789,58191700
2025-11-21,75.60340881347656,79.20999908447266,83.0999984741211,76.37000274658203,80.29000091552734,97300400
2025-11-24,69.82888793945312,73.16000366210938,77.19999694824219,72.55999755859375,77.16000366210938,56920200
2025-11-25,68.56898498535156,71.83999633789062,76.0199966430664,71.33999633789062,73.79000091552734,56664100
2025-11-26,66.78412628173828,69.97000122070312,71.36000061035156,69.30999755859375,70.62000274658203,41525600
2025-11-28,65.29515838623047,68.41000366210938,69.69000244140625,68.37000274658203,69.44000244140625,14389800
2025-12-01,65.9537353515625,69.0999984741211,70.63999938964844,68.33999633789062,70.26000213623047,35882800
2025-12-02,64.42659759521484,67.5,68.98999786376953,66.91000366210938,68.3499984741211,37882000
2025-12-03,63.97798538208008,67.02999877929688,68.81999969482422,66.80999755859375,68.30000305175781,37473500
2025-12-04,64.19752502441406,67.26000213623047,68.3499984741211,66.61000061035156,66.62999725341797,33360100
2025-12-05,63.46257781982422,66.48999786376953,67.08000183105469,65.38999938964844,66.87000274658203,38973900
2025-12-08,63.88254165649414,66.93000030517578,67.75,65.47000122070312,66.0,33707700
2025-12-09,63.653472900390625,66.69000244140625,67.80999755859375,66.43000030517578,67.37000274658203,28086600
2025-12-10,62.91852569580078,65.91999816894531,68.0199966430664,65.4000015258789,67.12000274658203,58536100
2025-12-11,63.53893280029297,66.56999969482422,69.05000305175781,66.51000213623047,67.13999938964844,45512400
2025-12-12,67.29000091552734,70.5,71.20999908447266,67.30999755859375,67.79000091552734,55697900
2025-12-15,68.33036804199219,71.58999633789062,72.0,68.87999725341797,68.87999725341797,43859900
2025-12-16,67.92948913574219,71.16999816894531,72.87000274658203,70.55000305175781,72.41000366210938,48792800
2025-12-17,71.7187271118164,75.13999938964844,75.19000244140625,70.52999877929688,70.73999786376953,51019500
2025-12-18,68.64533996582031,71.91999816894531,72.7300033569336,70.4800033569336,71.68000030517578,59184500
2025-12-19,65.97283172607422,69.12000274658203,71.01000213623047,68.9800033569336,70.98999786376953,32157600
2025-12-22,65.10425567626953,68.20999908447266,68.69000244140625,67.37999725341797,67.48999786376953,25375600
2025-12-23,64.17842864990234,67.23999786376953,68.69999694824219,67.18000030517578,68.56999969482422,18866500
2025-12-24,63.67659378051758,65.22000122070312,65.94999694824219,65.12999725341797,65.86000061035156,10762000
2025-12-26,63.783992767333984,65.33000183105469,65.56999969482422,64.80999755859375,65.0999984741211,11011700
2025-12-29,64.73104095458984,66.30000305175781,66.97000122070312,65.69999694824219,66.54000091552734,19643900
2025-12-30,65.19966888427734,66.77999877929688,66.86000061035156,65.91000366210938,66.6500015258789,16168500
2025-12-31,66.87897491455078,68.5,68.58000183105469,66.66999816894531,66.77999877929688,19400200
2026-01-02,67.33785247802734,68.97000122070312,69.9800033569336,65.7300033569336,66.6500015258789,37902400
2026-01-05,65.76595306396484,67.36000061035156,67.77999877929688,66.4000015258789,66.93000030517578,32142800
2026-01-06,64.05736541748047,65.61000061035156,67.20999908447266,65.41000366210938,67.0,35013700
2026-01-07,63.87186050415039,65.41999816894531,65.91000366210938,64.20999908447266,65.76000213623047,35817500
2026-01-08,65.01416778564453,66.58999633789062,67.41999816894531,65.66000366210938,65.77999877929688,35295900
2026-01-09,63.13960647583008,64.66999816894531,67.12000274658203,64.2699966430664,66.37999725341797,42801200
2026-01-12,62.983394622802734,64.51000213623047,66.04000091552734,64.02999877929688,66.02999877929688,31377100
2026-01-13,63.31534957885742,64.8499984741211,65.62000274658203,63.849998474121094,64.54000091552734,40141900
2026-01-14,65.35588836669922,66.94000244140625,68.5,65.73999786376953,66.0999984741211,50152000
2026-01-15,64.69198608398438,66.26000213623047,66.55999755859375,64.4800033569336,64.69999694824219,41135500
2026-01-16,65.00440979003906,66.58000183105469,67.27999877929688,64.98999786376953,65.16000366210938,34516400
2026-01-20,69.09524536132812,70.7699966430664,71.0999984741211,68.54000091552734,69.9800033569336,48533000
2026-01-21,66.36151885986328,67.97000122070312,70.87000274658203,66.48999786376953,70.30999755859375,65272600
2026-01-22,64.89701080322266,66.47000122070312,67.45999908447266,65.93000030517578,65.95999908447266,42429200
2026-01-23,64.35027313232422,65.91000366210938,67.2300033569336,65.05999755859375,66.87999725341797,40892600
2026-01-26,63.5301399230957,65.06999969482422,66.1500015258789,64.41000366210938,65.81999969482422,33951800
2026-01-27,61.831321716308594,63.33000183105469,64.5199966430664,63.04999923706055,64.04000091552734,31578500
2026-01-28,61.304100036621094,62.790000915527344,63.15999984741211,61.720001220703125,62.060001373291016,45293900
2026-01-29,62.36830520629883,63.880001068115234,67.19999694824219,62.619998931884766,62.90999984741211,77620900
2026-01-30,64.69198608398438,66.26000213623047,67.05000305175781,64.31999969482422,65.11000061035156,81551000
2026-02-02,63.37392807006836,64.91000366210938,67.30000305175781,64.16000366210938,67.29000091552734,46862600
2026-02-03,66.35175323486328,67.95999908447266,69.66000366210938,64.13999938964844,64.29000091552734,56719700
2026-02-04,69.7982177734375,71.48999786376953,73.26000213623047,68.44000244140625,68.45999908447266,81393000
2026-02-05,72.81509399414062,74.58000183105469,75.41999816894531,71.87000274658203,73.5199966430664,79551300
2026-02-06,68.3337173461914,69.98999786376953,74.06999969482422,69.3499984741211,73.54000091552734,62455700
2026-02-09,66.79110717773438,68.41000366210938,71.58999633789062,67.68000030517578,70.73999786376953,45536800
2026-02-10,67.73814392089844,69.37999725341797,69.5199966430664,67.54000091552734,68.0999984741211,40834900
2026-02-11,67.24998474121094,68.87999725341797,70.69000244140625,67.33999633789062,67.72000122070312,55861800
2026-02-12,71.37010955810547,73.0999984741211,73.43000030517578,67.94999694824219,68.33000183105469,61833000
2026-02-13,71.00887298583984,72.7300033569336,74.73999786376953,71.05999755859375,73.26000213623047,78110800
2026-02-17,71.23342895507812,72.95999908447266,75.86000061035156,72.01000213623047,74.04000091552734,71549400
2026-02-18,69.7103500366211,71.4000015258789,73.19000244140625,69.91999816894531,72.69999694824219,55758200
2026-02-19,70.50117492675781,72.20999908447266,73.18000030517578,71.38999938964844,72.44999694824219,50295400
2026-02-20,68.70471954345703,70.37000274658203,73.80999755859375,69.83000183105469,73.51000213623047,75740300
2026-02-23,71.23342895507812,72.95999908447266,73.77999877929688,70.66999816894531,71.13999938964844,54439400
2026-02-24,68.98786163330078,70.66000366210938,73.61000061035156,70.25,72.6500015258789,45294000
2026-02-25,66.0393295288086,67.63999938964844,69.58000183105469,67.55000305175781,69.55000305175781,40385600
2026-02-26,68.41181945800781,70.06999969482422,71.81999969482422,67.98999786376953,68.0,57715800
2026-02-27,69.1733627319336,70.8499984741211,72.5999984741211,70.5,72.33000183105469,57208800
2026-03-02,68.91950988769531,70.58999633789062,74.12000274658203,69.94000244140625,73.80000305175781,68259800
2026-03-03,71.14556121826172,72.87000274658203,76.25,72.05000305175781,74.69000244140625,94170600
2026-03-04,67.97247314453125,69.62000274658203,72.2300033569336,68.80999755859375,71.98999786376953,63022100
2026-03-05,68.59732055664062,70.26000213623047,72.5,68.91999816894531,70.70999908447266,79927100
2026-03-06,71.72159576416016,73.45999908447266,73.94999694824219,71.33000183105469,73.2699966430664,59856700
2026-03-09,68.92927551269531,70.5999984741211,76.61000061035156,70.0,75.55999755859375,77827900
2026-03-10,68.91950988769531,70.58999633789062,71.41000366210938,68.68000030517578,70.58000183105469,64533300
2026-03-11,68.97809600830078,70.6500015258789,71.56999969482422,69.0,70.19999694824219,54975600
2026-03-12,72.57101440429688,74.33000183105469,74.37999725341797,71.91000366210938,72.4000015258789,54968800
2026-03-13,73.94763946533203,75.73999786376953,76.1500015258789,72.04000091552734,73.47000122070312,61870300
2026-03-16,71.47750854492188,73.20999908447266,73.68000030517578,71.86000061035156,73.36000061035156,48893200
2026-03-17,70.44259643554688,72.1500015258789,72.68000030517578,71.20999908447266,72.20999908447266,40038500
2026-03-18,73.43018341064453,75.20999908447266,75.30999755859375,72.25,72.81999969482422,52923300
2026-03-19,74.11361694335938,75.91000366210938,78.19000244140625,74.87999725341797,77.27999877929688,66223900
2026-03-20,78.35091400146484,80.25,81.58999633789062,76.76000213623047,76.7699966430664,57151900
2026-03-23,75.64646911621094,77.4800033569336,78.33000183105469,74.55999755859375,76.48999786376953,69991600
2026-03-24,77.26718139648438,79.13999938964844,79.9000015258789,77.55000305175781,78.79000091552734,57159200
2026-03-25,75.74943542480469,76.95999908447266,77.80000305175781,75.51000213623047,76.43000030517578,54149200
2026-03-26,81.2022933959961,82.5,82.62000274658203,78.25,79.0199966430664,53752500
2026-03-27,86.0448989868164,87.41999816894531,87.86000061035156,83.77999877929688,83.87000274658203,60210400
2026-03-30,88.01344299316406,89.41999816894531,90.72000122070312,84.88999938964844,85.2699966430664,63811000
2026-03-31,79.22390747070312,80.48999786376953,86.66000366210938,79.73999786376953,86.62000274658203,90124800
2026-04-01,76.23172760009766,77.44999694824219,79.06999969482422,76.02999877929688,78.62000274658203,55417000
2026-04-02,76.07424926757812,77.29000091552734,82.5,76.93000030517578,81.69999694824219,71844000
2026-04-06,74.72579193115234,75.91999816894531,77.44999694824219,75.0999984741211,76.8499984741211,40289600
2026-04-07,74.71595764160156,75.91000366210938,79.87999725341797,75.79000091552734,77.08000183105469,68143900
2026-04-08,68.11149597167969,69.19999694824219,70.7300033569336,67.75,68.20999908447266,61640500
2026-04-09,66.7925796508789,67.86000061035156,70.30000305175781,67.72000122070312,69.31999969482422,49074900
2026-04-10,66.55635833740234,67.62000274658203,68.12999725341797,66.75,67.37999725341797,43204600
2026-04-13,64.5385971069336,65.56999969482422,68.62999725341797,65.5,68.19999694824219,48930300
2026-04-14,61.044437408447266,62.02000045776367,64.68000030517578,62.02000045776367,64.66999816894531,48186000
2026-04-15,58.50502014160156,59.439998626708984,62.150001525878906,59.349998474121094,61.880001068115234,56491900
2026-04-16,57.68807601928711,58.61000061035156,60.060001373291016,58.11000061035156,58.95000076293945,54954400
2026-04-17,55.50299835205078,56.38999938964844,57.66999816894531,56.040000915527344,57.25,69145600
2026-04-20,56.01481628417969,56.90999984741211,58.040000915527344,56.40999984741211,56.59000015258789,47649200
2026-04-21,56.684120178222656,57.59000015258789,58.150001525878906,56.040000915527344,56.52000045776367,68578200
2026-04-22,53.869110107421875,54.72999954223633,56.4900016784668,54.65999984741211,56.04999923706055,53235600
2026-04-23,54.784481048583984,55.65999984741211,57.13999938964844,54.279998779296875,55.130001068115234,69263700
2026-04-24,51.67418670654297,52.5,54.43000030517578,52.369998931884766,53.93000030517578,59409200
2026-04-27,51.62497329711914,52.45000076293945,53.310001373291016,52.41999816894531,52.66999816894531,36527300
2026-04-28,53.199806213378906,54.04999923706055,54.959999084472656,53.58000183105469,54.09000015258789,47683100
2026-04-29,52.24506378173828,53.08000183105469,54.33000183105469,53.060001373291016,53.84000015258789,51299500
2026-04-30,50.83755874633789,51.650001525878906,54.09000015258789,51.400001525878906,52.209999084472656,56560700
2026-05-01,49.430049896240234,50.220001220703125,51.45000076293945,49.790000915527344,51.36000061035156,56598700
2026-05-04,49.71548843383789,50.5099983215332,51.43000030517578,49.650001525878906,50.119998931884766,51093600
2026-05-05,47.82569122314453,48.59000015258789,49.4900016784668,48.29999923706055,49.400001525878906,43491800
2026-05-06,44.87287902832031,45.59000015258789,47.540000915527344,45.52000045776367,47.2599983215332,65025500
2026-05-07,45.010677337646484,45.72999954223633,46.36000061035156,44.5,45.40999984741211,76149600
2026-05-08,41.90038299560547,42.56999969482422,44.88999938964844,42.56999969482422,44.81999969482422,60666300
2026-05-11,41.55588912963867,42.220001220703125,43.0,41.9900016784668,42.7400016784668,49617200
2026-05-12,42.628746032714844,43.310001373291016,45.189998626708984,42.790000915527344,43.13999938964844,80149500
2026-05-13,41.32950973510742,41.9900016784668,43.77000045776367,41.599998474121094,42.83000183105469,61590100
2026-05-14,40.42397689819336,41.06999969482422,42.060001373291016,40.68000030517578,41.97999954223633,52849900
2026-05-15,42.303932189941406,42.97999954223633,43.56999969482422,41.93000030517578,42.77000045776367,69281500
2026-05-18,42.855125427246094,43.540000915527344,44.81999969482422,42.439998626708984,42.5099983215332,79060500
2026-05-19,43.67206954956055,44.369998931884766,45.529998779296875,43.459999084472656,44.68000030517578,72124400
2026-05-20,41.52635955810547,42.189998626708984,43.970001220703125,42.189998626708984,43.66999816894531,65312500
2026-05-21,41.29997634887695,41.959999084472656,43.33000183105469,41.5,42.939998626708984,60271600
2026-05-22,40.84721374511719,41.5,41.779998779296875,40.68000030517578,41.400001525878906,53464000
2026-05-26,38.662132263183594,39.279998779296875,40.349998474121094,39.13999938964844,40.04999923706055,48878500
2026-05-27,38.81961441040039,39.439998626708984,40.09000015258789,38.86000061035156,38.869998931884766,64039900
2026-05-28,37.86487579345703,38.470001220703125,39.939998626708984,38.29999923706055,39.40999984741211,61136500
2026-05-29,37.48101043701172,38.08000183105469,38.560001373291016,37.560001373291016,38.150001525878906,54182400
2026-06-01,36.831390380859375,37.41999816894531,38.459999084472656,36.959999084472656,38.27000045776367,56499300
2026-06-02,36.32941436767578,36.90999984741211,37.95000076293945,36.86000061035156,37.470001220703125,41717800
2026-06-03,36.60500717163086,37.189998626708984,37.689998626708984,36.54999923706055,36.72999954223633,73361700
2026-06-04,37.16604232788086,37.7599983215332,38.959999084472656,37.33000183105469,38.529998779296875,60863200
2026-06-05,42.51062774658203,43.189998626708984,43.349998474121094,39.18000030517578,39.41999816894531,112575100
2026-06-08,40.61098861694336,41.2599983215332,41.779998779296875,39.959999084472656,40.91999816894531,87211700
2026-06-09,41.998809814453125,42.66999816894531,46.380001068115234,39.59000015258789,40.060001373291016,158568600
2026-06-10,44.53822708129883,45.25,45.38999938964844,42.06999969482422,43.810001373291016,128808600
2026-06-11,40.1877555847168,40.83000183105469,45.0099983215332,40.439998626708984,44.18000030517578,120942600
2026-06-12,39.410179138183594,40.040000915527344,41.75,39.56999969482422,40.650001525878906,67885500
2026-06-15,35.738853454589844,36.310001373291016,37.36000061035156,36.150001525878906,37.25,59705000
2026-06-16,37.746761322021484,38.349998474121094,38.38999938964844,36.2599983215332,36.540000915527344,53011100
2026-06-17,38.89836120605469,39.52000045776367,39.790000915527344,37.459999084472656,37.529998779296875,74068600
2026-06-18,36.171932220458984,36.75,37.95000076293945,36.43000030517578,37.20000076293945,60260800
2026-06-22,36.349098205566406,36.93000030517578,37.439998626708984,35.79999923706055,36.310001373291016,49284500
2026-06-23,39.922000885009766,40.560001373291016,40.79999923706055,39.08000183105469,40.2599983215332,72155500
2026-06-24,40.45000076293945,40.45000076293945,41.4900016784668,38.900001525878906,39.65999984741211,71325400
2026-06-25,39.470001220703125,39.470001220703125,41.369998931884766,37.709999084472656,37.869998931884766,74579700
2026-06-26,41.310001373291016,41.310001373291016,41.790000915527344,39.689998626708984,41.08000183105469,70343200
2026-06-29,38.15999984741211,38.15999984741211,41.43000030517578,38.08000183105469,39.90999984741211,72454800
2026-06-30,36.310001373291016,36.310001373291016,38.20000076293945,36.029998779296875,38.15999984741211,56647900
2026-07-01,37.880001068115234,37.880001068115234,37.97999954223633,36.900001525878906,37.310001373291016,47904300
2026-07-02,39.95000076293945,39.95000076293945,40.720001220703125,37.08000183105469,37.90999984741211,71536700
2026-07-06,38.279998779296875,38.279998779296875,38.97999954223633,37.709999084472656,38.75,49329800
2026-07-07,40.380001068115234,40.380001068115234,41.11000061035156,39.290000915527344,39.63999938964844,59058000
2026-07-08,40.08000183105469,40.08000183105469,41.86000061035156,39.93000030517578,41.18000030517578,65536300
2026-07-09,38.099998474121094,38.099998474121094,39.470001220703125,37.93000030517578,38.93000030517578,49639000
2026-07-10,37.779998779296875,37.779998779296875,39.13999938964844,37.63999938964844,38.4900016784668,46502400
2026-07-13,39.95000076293945,39.95000076293945,40.209999084472656,38.849998474121094,39.0099983215332,49556900
2026-07-14,38.630001068115234,38.630001068115234,39.529998779296875,38.189998626708984,38.540000915527344,51166800
2026-07-15,38.939998626708984,38.939998626708984,40.16999816894531,37.88999938964844,37.97999954223633,54608500
2026-07-16,40.88999938964844,40.88999938964844,41.439998626708984,39.650001525878906,39.900001525878906,53850200
2026-07-17,42.790000915527344,42.790000915527344,44.27000045776367,41.59000015258789,43.43000030517578,57071700
2026-07-20,42.68000030517578,42.68000030517578,42.7599983215332,40.869998931884766,41.540000915527344,48043000
2026-07-21,40.310001373291016,40.310001373291016,41.45000076293945,40.11000061035156,40.7599983215332,42590100
2026-07-22,40.939998626708984,40.939998626708984,41.22999954223633,40.20000076293945,41.22999954223633,39488300
2026-07-23,43.27000045776367,43.27000045776367,44.0099983215332,42.11000061035156,42.810001373291016,53258300
2026-07-24,44.790000915527344,44.790000915527344,45.11000061035156,43.209999084472656,43.619998931884766,56609400
2026-07-27,45.220001220703125,45.220001220703125,46.43000030517578,43.220001220703125,43.31999969482422,48994700
