Date,Adj Close,Close,High,Low,Open,Volume
2006-06-21,3.643158197402954,4.46875,4.488124847412109,4.426249980926514,4.429999828338623,4436800
2006-06-22,3.604433298110962,4.421249866485596,4.442500114440918,4.391250133514404,4.442500114440918,2185600
2006-06-23,3.6039252281188965,4.42062520980835,4.461249828338623,4.383124828338623,4.394999980926514,713600
2006-06-26,3.62481427192688,4.446249961853027,4.448124885559082,4.406875133514404,4.421875,603200
2006-06-27,3.560612440109253,4.367499828338623,4.460625171661377,4.367499828338623,4.460625171661377,1835200
2006-06-28,3.5922038555145264,4.40625,4.418749809265137,4.356249809265137,4.380624771118164,681600
2006-06-29,3.744553565979004,4.593124866485596,4.593124866485596,4.461874961853027,4.46875,1068800
2006-06-30,3.742516279220581,4.590624809265137,4.631249904632568,4.590624809265137,4.625625133514404,1449600
2006-07-03,3.7934703826904297,4.653124809265137,4.653124809265137,4.610000133514404,4.615624904632568,454400
2006-07-05,3.743025302886963,4.591249942779541,4.61062479019165,4.555624961853027,4.603125095367432,1184000
2006-07-06,3.7547452449798584,4.605625152587891,4.638124942779541,4.591249942779541,4.606249809265137,1865600
2006-07-07,3.7114341259002686,4.552499771118164,4.611249923706055,4.53000020980835,4.571875095367432,1137600
2006-07-10,3.7180588245391846,4.560625076293945,4.60812520980835,4.543749809265137,4.590624809265137,1152000
2006-07-11,3.7496497631073,4.599374771118164,4.602499961853027,4.504374980926514,4.540625095367432,3080000
2006-07-12,3.675767421722412,4.508749961853027,4.596250057220459,4.489999771118164,4.594375133514404,2051200
2006-07-13,3.5646893978118896,4.372499942779541,4.46999979019165,4.369375228881836,4.448124885559082,2780800
2006-07-14,3.5325891971588135,4.333125114440918,4.371874809265137,4.28125,4.358749866485596,2417600
2006-07-17,3.5290238857269287,4.328750133514404,4.362500190734863,4.300000190734863,4.339375019073486,910400
2006-07-18,3.5346286296844482,4.335625171661377,4.415625095367432,4.256875038146973,4.359375,3278400
2006-07-19,3.6558969020843506,4.484375,4.512499809265137,4.374374866485596,4.375,3504000
2006-07-20,3.6130948066711426,4.431875228881836,4.53125,4.421875,4.525000095367432,1844800
2006-07-21,3.556027889251709,4.361875057220459,4.413125038146973,4.344375133514404,4.393750190734863,2054400
2006-07-24,3.668632984161377,4.5,4.508749961853027,4.404375076293945,4.404375076293945,2134400
2006-07-25,3.7150022983551025,4.556875228881836,4.580625057220459,4.470624923706055,4.491250038146973,2742400
2006-07-26,3.722135066986084,4.565625190734863,4.596250057220459,4.508749961853027,4.527500152587891,2211200
2006-07-27,3.6864686012268066,4.521874904632568,4.612500190734863,4.503749847412109,4.599374771118164,2864000
2006-07-28,3.7705414295196533,4.625,4.641250133514404,4.541250228881836,4.544374942779541,1806400
2006-07-31,3.7603509426116943,4.612500190734863,4.625,4.59499979019165,4.625,908800
2006-08-01,3.7267212867736816,4.571249961853027,4.596875190734863,4.528124809265137,4.5625,836800
2006-08-02,3.7552545070648193,4.606249809265137,4.659375190734863,4.59499979019165,4.616875171661377,1172800
2006-08-03,3.7741081714630127,4.629374980926514,4.663750171661377,4.5625,4.5625,1441600
2006-08-04,3.773088216781616,4.628125190734863,4.734375,4.587500095367432,4.731249809265137,2753600
2006-08-07,3.7521982192993164,4.602499961853027,4.621874809265137,4.581250190734863,4.599999904632568,785600
2006-08-08,3.721626043319702,4.565000057220459,4.646249771118164,4.545000076293945,4.637499809265137,923200
2006-08-09,3.6930909156799316,4.53000020980835,4.653749942779541,4.525000095367432,4.606874942779541,1115200
2006-08-10,3.725703001022339,4.570000171661377,4.578125,4.500625133514404,4.518750190734863,2590400
2006-08-11,3.6986961364746094,4.536874771118164,4.5625,4.506249904632568,4.5625,1950400
2006-08-14,3.7114341259002686,4.552499771118164,4.672500133514404,4.539374828338623,4.593124866485596,1545600
2006-08-15,3.8026411533355713,4.664374828338623,4.675000190734863,4.611249923706055,4.623125076293945,1350400
2006-08-16,3.866333484649658,4.742499828338623,4.750625133514404,4.691874980926514,4.696875095367432,1792000
2006-08-17,3.882129192352295,4.761875152587891,4.786874771118164,4.730000019073486,4.741250038146973,3046400
2006-08-18,3.897923707962036,4.78125,4.793749809265137,4.730625152587891,4.777500152587891,1331200
2006-08-21,3.8795816898345947,4.758749961853027,4.771249771118164,4.743750095367432,4.75,649600
2006-08-22,3.8862032890319824,4.76687479019165,4.791250228881836,4.734375,4.753749847412109,1113600
2006-08-23,3.8510468006134033,4.723750114440918,4.787499904632568,4.697500228881836,4.773125171661377,996800
2006-08-24,3.86531400680542,4.741250038146973,4.756249904632568,4.711249828338623,4.756249904632568,1408000
2006-08-25,3.8724465370178223,4.75,4.771249771118164,4.723750114440918,4.733749866485596,635200
2006-08-28,3.9055681228637695,4.790625095367432,4.807499885559082,4.731874942779541,4.744999885559082,1110400
2006-08-29,3.923910140991211,4.813125133514404,4.814374923706055,4.741875171661377,4.786874771118164,947200
2006-08-30,3.923398733139038,4.8125,4.831250190734863,4.738749980926514,4.831250190734863,470400
2006-08-31,3.9203426837921143,4.808750152587891,4.818749904632568,4.793749809265137,4.796875,444800
2006-09-01,3.960087537765503,4.857500076293945,4.862500190734863,4.81374979019165,4.828125,905600
2006-09-05,3.9672203063964844,4.866250038146973,4.882500171661377,4.838749885559082,4.854374885559082,984000
2006-09-06,3.897923707962036,4.78125,4.839375019073486,4.768750190734863,4.839375019073486,902400
2006-09-07,3.8586905002593994,4.73312520980835,4.780624866485596,4.715000152587891,4.738124847412109,1017600
2006-09-08,3.8862032890319824,4.76687479019165,4.775625228881836,4.730000019073486,4.745625019073486,902400
2006-09-11,3.8851871490478516,4.765625,4.794374942779541,4.704999923706055,4.738124847412109,524800
2006-09-12,3.9611077308654785,4.858749866485596,4.866875171661377,4.778124809265137,4.778124809265137,1075200
2006-09-13,3.9998292922973633,4.90625,4.913750171661377,4.852499961853027,4.871250152587891,636800
2006-09-14,3.9804697036743164,4.882500171661377,4.894374847412109,4.864375114440918,4.889999866485596,803200
2006-09-15,4.01460599899292,4.924375057220459,4.962500095367432,4.905624866485596,4.946875095367432,998400
2006-09-18,4.014096736907959,4.923749923706055,4.949375152587891,4.901875019073486,4.914999961853027,544000
2006-09-19,3.9881129264831543,4.89187479019165,4.925624847412109,4.848750114440918,4.909999847412109,1604800
2006-09-20,4.036515712738037,4.951250076293945,4.96750020980835,4.925000190734863,4.952499866485596,1241600
2006-09-21,3.992698907852173,4.897500038146973,4.974999904632568,4.878749847412109,4.974999904632568,825600
2006-09-22,3.970787286758423,4.870625019073486,4.896874904632568,4.840000152587891,4.896874904632568,560000
2006-09-25,4.044669151306152,4.961249828338623,4.979374885559082,4.852499961853027,4.913750171661377,1308800
2006-09-26,4.097660541534424,5.026249885559082,5.03000020980835,4.95437479019165,4.965000152587891,1222400
2006-09-27,4.107852458953857,5.038750171661377,5.056250095367432,5.011250019073486,5.040625095367432,1395200
2006-09-28,4.121098518371582,5.054999828338623,5.091249942779541,5.015625,5.065625190734863,1424000
2006-09-29,4.104283809661865,5.034375190734863,5.060625076293945,5.028749942779541,5.053124904632568,755200
2006-10-02,4.070146083831787,4.992499828338623,5.04562520980835,4.984375,5.029375076293945,720000
2006-10-03,4.084920883178711,5.010624885559082,5.044374942779541,4.961249828338623,4.990624904632568,764800
2006-10-04,4.180715084075928,5.128125190734863,5.135000228881836,4.989999771118164,5.012499809265137,1673600
2006-10-05,4.200585842132568,5.152500152587891,5.166250228881836,5.121874809265137,5.143750190734863,1104000
2006-10-06,4.188356399536133,5.137499809265137,5.139999866485596,5.095624923706055,5.106874942779541,2622400
2006-10-09,4.192435264587402,5.142499923706055,5.154375076293945,5.107500076293945,5.121874809265137,654400
2006-10-10,4.205171585083008,5.158124923706055,5.166250228881836,5.124374866485596,5.141250133514404,660800
2006-10-11,4.188356399536133,5.137499809265137,5.162499904632568,5.085625171661377,5.122499942779541,899200
2006-10-12,4.2632598876953125,5.229374885559082,5.236249923706055,5.159375190734863,5.172500133514404,2403200
2006-10-13,4.283129692077637,5.253749847412109,5.258124828338623,5.209374904632568,5.21875,950400
2006-10-16,4.296377658843994,5.269999980926514,5.28125,5.238749980926514,5.239375114440918,982400
2006-10-17,4.261728286743164,5.227499961853027,5.253125190734863,5.178124904632568,5.231249809265137,2585600
2006-10-18,4.273959636688232,5.242499828338623,5.299375057220459,5.205625057220459,5.298749923706055,2396800
2006-10-19,4.281602382659912,5.251874923706055,5.263124942779541,5.216875076293945,5.227499961853027,1275200
2006-10-20,4.287716388702393,5.259375095367432,5.293749809265137,5.220624923706055,5.256249904632568,840000
2006-10-23,4.327460765838623,5.308125019073486,5.328125,5.223750114440918,5.231249809265137,2041600
2006-10-24,4.346822738647461,5.331874847412109,5.331874847412109,5.289374828338623,5.3125,852800
2006-10-25,4.371280193328857,5.361875057220459,5.374374866485596,5.315625190734863,5.331874847412109,1454400
2006-10-26,4.408984661102295,5.408124923706055,5.420000076293945,5.34250020980835,5.401249885559082,2150400
2006-10-27,4.350898742675781,5.336874961853027,5.399374961853027,5.31374979019165,5.36062479019165,1715200
2006-10-30,4.345292568206787,5.329999923706055,5.353125095367432,5.296249866485596,5.309374809265137,1481600
2006-10-31,4.331027507781982,5.3125,5.352499961853027,5.28249979019165,5.349999904632568,2000000
2006-11-01,4.279561519622803,5.249374866485596,5.36062479019165,5.236249923706055,5.356874942779541,2022400
2006-11-02,4.27599573135376,5.244999885559082,5.255000114440918,5.206874847412109,5.221875190734863,1787200
2006-11-03,4.249499797821045,5.212500095367432,5.28125,5.199999809265137,5.28125,2097600
2006-11-06,4.352935314178467,5.339375019073486,5.355625152587891,5.25124979019165,5.262499809265137,1664000
2006-11-07,4.3758649826049805,5.367499828338623,5.415625095367432,5.335625171661377,5.340624809265137,1833600
2006-11-08,4.404400825500488,5.402500152587891,5.412499904632568,5.303124904632568,5.321875095367432,1644800
2006-11-09,4.353958606719971,5.340624809265137,5.414374828338623,5.323750019073486,5.409375190734863,1726400
2006-11-10,4.361598491668701,5.349999904632568,5.353750228881836,5.310625076293945,5.348124980926514,896000
2006-11-13,4.379429817199707,5.371874809265137,5.40500020980835,5.331874847412109,5.334374904632568,1312000
2006-11-14,4.441593647003174,5.448124885559082,5.460625171661377,5.337500095367432,5.409375190734863,2665600
2006-11-15,4.473187446594238,5.486875057220459,5.514999866485596,5.446875095367432,5.446875095367432,2889600
2006-11-16,4.492548942565918,5.510624885559082,5.535624980926514,5.492499828338623,5.506875038146973,2668800
2006-11-17,4.4915289878845215,5.509375095367432,5.511250019073486,5.459374904632568,5.459374904632568,920000
2006-11-20,4.4889817237854,5.506249904632568,5.53125,5.486249923706055,5.494375228881836,1476800
2006-11-21,4.5027384757995605,5.523125171661377,5.525000095367432,5.503125190734863,5.512499809265137,673600
2006-11-22,4.522101402282715,5.546875,5.561874866485596,5.517499923706055,5.536250114440918,651200
2006-11-24,4.486433982849121,5.503125190734863,5.538125038146973,5.493750095367432,5.493750095367432,134400
2006-11-27,4.366693496704102,5.356249809265137,5.491250038146973,5.338125228881836,5.483749866485596,4433600
2006-11-28,4.393699645996094,5.38937520980835,5.393750190734863,5.320624828338623,5.346250057220459,2662400
2006-11-29,4.472677707672119,5.486249923706055,5.5,5.427499771118164,5.4375,860800
2006-11-30,4.47624397277832,5.490624904632568,5.53125,5.441874980926514,5.503749847412109,3601600
2006-12-01,4.455862998962402,5.465624809265137,5.509375095367432,5.378125190734863,5.493750095367432,2633600
2006-12-04,4.527196407318115,5.553124904632568,5.565000057220459,5.490624904632568,5.495625019073486,569600
2006-12-05,4.563883304595947,5.598124980926514,5.605625152587891,5.553124904632568,5.571875095367432,1611200
2006-12-06,4.550634384155273,5.581874847412109,5.605000019073486,5.571875095367432,5.587500095367432,860800
2006-12-07,4.518534183502197,5.542500019073486,5.629374980926514,5.542500019073486,5.621250152587891,1056000
2006-12-08,4.527706146240234,5.553750038146973,5.59250020980835,5.513124942779541,5.556250095367432,1726400
2006-12-11,4.551146984100342,5.582499980926514,5.599999904632568,5.556250095367432,5.568749904632568,846400
2006-12-12,4.542992115020752,5.572500228881836,5.587500095367432,5.524374961853027,5.581250190734863,921600
2006-12-13,4.5654120445251465,5.599999904632568,5.618750095367432,5.570624828338623,5.618750095367432,1060800
2006-12-14,4.6265549659729,5.675000190734863,5.699999809265137,5.603125095367432,5.603125095367432,2076800
2006-12-15,4.645920276641846,5.698750019073486,5.731249809265137,5.6875,5.712500095367432,1508800
2006-12-18,4.61636209487915,5.662499904632568,5.729374885559082,5.644999980926514,5.706250190734863,1812800
2006-12-19,4.641332149505615,5.693124771118164,5.708125114440918,5.59375,5.609375,2464000
2006-12-20,4.623630046844482,5.434999942779541,5.570624828338623,5.431250095367432,5.538125038146973,1993600
2006-12-21,4.595979690551758,5.402500152587891,5.453125,5.37624979019165,5.441249847412109,1348800
2006-12-22,4.530582427978516,5.325624942779541,5.388124942779541,5.325624942779541,5.388124942779541,1406400
2006-12-26,4.590662956237793,5.396249771118164,5.396249771118164,5.333749771118164,5.337500095367432,870400
2006-12-27,4.6549973487854,5.471875190734863,5.474999904632568,5.412499904632568,5.429375171661377,1732800
2006-12-28,4.636385917663574,5.449999809265137,5.471875190734863,5.426249980926514,5.459374904632568,961600
2006-12-29,4.588534832000732,5.393750190734863,5.459374904632568,5.388124942779541,5.440625190734863,1036800
2007-01-03,4.558760166168213,5.358749866485596,5.468124866485596,5.304375171661377,5.440625190734863,3816000
2007-01-04,4.582153797149658,5.386250019073486,5.414999961853027,5.305624961853027,5.335625171661377,784000
2007-01-05,4.5098443031311035,5.301249980926514,5.353125095367432,5.290625095367432,5.34499979019165,3776000
2007-01-08,4.54759407043457,5.345624923706055,5.365624904632568,5.275625228881836,5.318749904632568,1811200
2007-01-09,4.535897254943848,5.331874847412109,5.362500190734863,5.284999847412109,5.353125095367432,1977600
2007-01-10,4.556632041931152,5.356249809265137,5.362500190734863,5.28125,5.290625095367432,2985600
2007-01-11,4.611398696899414,5.42062520980835,5.448750019073486,5.362500190734863,5.368750095367432,3908800
2007-01-12,4.665631294250488,5.484375,5.484375,5.409375190734863,5.410624980926514,2089600
2007-01-16,4.658718585968018,5.476250171661377,5.493750095367432,5.453750133514404,5.474999904632568,2235200
2007-01-17,4.656591892242432,5.473750114440918,5.506249904632568,5.456874847412109,5.465000152587891,1705600
2007-01-18,4.61777925491333,5.428124904632568,5.486249923706055,5.417500019073486,5.478125095367432,2886400
2007-01-19,4.645425796508789,5.460625171661377,5.46875,5.415625095367432,5.415625095367432,3483200
2007-01-22,4.595447540283203,5.401875019073486,5.465000152587891,5.385624885559082,5.465000152587891,2828800
2007-01-23,4.627880573272705,5.440000057220459,5.463125228881836,5.387499809265137,5.400000095367432,2265600
2007-01-24,4.700191974639893,5.525000095367432,5.526875019073486,5.454999923706055,5.456874847412109,2331200
2007-01-25,4.605550765991211,5.413750171661377,5.528124809265137,5.393750190734863,5.521249771118164,3388800
2007-01-26,4.593853950500488,5.400000095367432,5.425000190734863,5.356874942779541,5.425000190734863,3576000
2007-01-29,4.580028057098389,5.383749961853027,5.431250095367432,5.365624904632568,5.387499809265137,3110400
2007-01-30,4.62841272354126,5.440625190734863,5.443749904632568,5.387499809265137,5.399374961853027,2404800
2007-01-31,4.6858344078063965,5.508124828338623,5.535624980926514,5.412499904632568,5.421875,4113600
2007-02-01,4.7406005859375,5.572500228881836,5.583749771118164,5.523749828338623,5.54562520980835,2297600
2007-02-02,4.756552219390869,5.591249942779541,5.599999904632568,5.56374979019165,5.590624809265137,1379200
2007-02-05,4.7501702308654785,5.583749771118164,5.598124980926514,5.552499771118164,5.587500095367432,1067200
2007-02-06,4.7501702308654785,5.583749771118164,5.606874942779541,5.553124904632568,5.59375,1739200
2007-02-07,4.766653060913086,5.603125095367432,5.631875038146973,5.580625057220459,5.608749866485596,1337600
2007-02-08,4.757082939147949,5.591875076293945,5.610000133514404,5.551875114440918,5.588749885559082,1417600
2007-02-09,4.700722694396973,5.525625228881836,5.625,5.475625038146973,5.601250171661377,2188800
2007-02-12,4.661376953125,5.479374885559082,5.539374828338623,5.458749771118164,5.523125171661377,1662400
2007-02-13,4.733156204223633,5.56374979019165,5.56374979019165,5.510624885559082,5.510624885559082,2284800
2007-02-14,4.804934024810791,5.648125171661377,5.659375190734863,5.581250190734863,5.59375,2512000
2007-02-15,4.803872108459473,5.646874904632568,5.664999961853027,5.628125190734863,5.642499923706055,307200
2007-02-16,4.802807331085205,5.645625114440918,5.652500152587891,5.617499828338623,5.631249904632568,923200
2007-02-20,4.82567024230957,5.672500133514404,5.683750152587891,5.596250057220459,5.63937520980835,1736000
2007-02-21,4.816634654998779,5.661874771118164,5.671249866485596,5.611875057220459,5.653124809265137,1670400
2007-02-22,4.8081231117248535,5.651875019073486,5.695000171661377,5.608749866485596,5.678124904632568,931200
2007-02-23,4.782073020935059,5.621250152587891,5.63937520980835,5.590624809265137,5.63937520980835,1774400
2007-02-26,4.769844055175781,5.606874942779541,5.658750057220459,5.565625190734863,5.658750057220459,1934400
2007-02-27,4.387022972106934,5.156875133514404,5.497499942779541,5.089375019073486,5.497499942779541,10924800
2007-02-28,4.471561431884766,5.256249904632568,5.339375019073486,5.178124904632568,5.231249809265137,7571200
2007-03-01,4.459863662719727,5.242499828338623,5.290625095367432,5.0625,5.085625171661377,8740800
2007-03-02,4.333319664001465,5.09375,5.23562479019165,5.09375,5.195624828338623,7201600
2007-03-05,4.247716903686523,4.993124961853027,5.150625228881836,4.993124961853027,5.03125,2424000
2007-03-06,4.394464015960693,5.165625095367432,5.192500114440918,5.070000171661377,5.128125190734863,7036800
2007-03-07,4.377450942993164,5.145625114440918,5.218124866485596,5.13937520980835,5.174375057220459,4886400
2007-03-08,4.429027080535889,5.206250190734863,5.26687479019165,5.18874979019165,5.231249809265137,3342400
2007-03-09,4.447636604309082,5.228125095367432,5.283750057220459,5.1875,5.28125,537600
2007-03-12,4.471561431884766,5.256249904632568,5.275625228881836,5.195624828338623,5.211874961853027,2102400
2007-03-13,4.289191246032715,5.041874885559082,5.23562479019165,5.041874885559082,5.190625190734863,7249600
2007-03-14,4.354054927825928,5.118124961853027,5.118124961853027,4.940000057220459,5.06125020980835,10929600
2007-03-15,4.374261856079102,5.14187479019165,5.170000076293945,5.096875190734863,5.111875057220459,3200000
2007-03-16,4.337042808532715,5.098124980926514,5.181250095367432,5.07937479019165,5.156875133514404,2547200
2007-03-19,4.443382263183594,5.223124980926514,5.225625038146973,5.150000095367432,5.158750057220459,2667200
2007-03-20,4.494954586029053,5.283750057220459,5.283750057220459,5.212500095367432,5.216249942779541,2528000
2007-03-21,4.643301010131836,5.458125114440918,5.474999904632568,5.271249771118164,5.306250095367432,7897600
2007-03-22,4.641171932220459,5.455625057220459,5.484375,5.42062520980835,5.456250190734863,8249600
2007-03-23,4.642233848571777,5.456874847412109,5.493750095367432,5.446249961853027,5.448124885559082,2524800
2007-03-26,4.651806831359863,5.468124866485596,5.478125095367432,5.355625152587891,5.46875,5008000
2007-03-27,4.6054158210754395,5.398125171661377,5.419374942779541,5.365624904632568,5.40749979019165,3817600
2007-03-28,4.537698745727539,5.318749904632568,5.369999885559082,5.284999847412109,5.361249923706055,6164800
2007-03-29,4.559027194976807,5.34375,5.375,5.275000095367432,5.375,1174400
2007-03-30,4.55635929107666,5.340624809265137,5.397500038146973,5.246874809265137,5.344375133514404,1712000
2007-04-02,4.567025184631348,5.353125095367432,5.366250038146973,5.293749809265137,5.344375133514404,3780800
2007-04-03,4.657137870788574,5.458749771118164,5.476874828338623,5.400000095367432,5.401249885559082,4915200
2007-04-04,4.663005352020264,5.465624809265137,5.477499961853027,5.438125133514404,5.459374904632568,1435200
2007-04-05,4.69286584854126,5.500625133514404,5.513750076293945,5.451250076293945,5.460625171661377,2755200
2007-04-09,4.706195831298828,5.516250133514404,5.539999961853027,5.495625019073486,5.537499904632568,4392000
2007-04-10,4.710994720458984,5.521874904632568,5.538750171661377,5.504374980926514,5.504374980926514,1993600
2007-04-11,4.658205509185791,5.460000038146973,5.53125,5.441249847412109,5.53125,3182400
2007-04-12,4.718993186950684,5.53125,5.53249979019165,5.424375057220459,5.443749904632568,3296000
2007-04-13,4.753118991851807,5.571249961853027,5.571249961853027,5.496874809265137,5.533750057220459,2198400
2007-04-16,4.842700481414795,5.676249980926514,5.683750152587891,5.613124847412109,5.616250038146973,3064000
2007-04-17,4.865627288818359,5.703125,5.726874828338623,5.676249980926514,5.699999809265137,1960000
2007-04-18,4.868826389312744,5.706874847412109,5.745625019073486,5.662499904632568,5.669374942779541,3507200
2007-04-19,4.872026443481445,5.710625171661377,5.725625038146973,5.651249885559082,5.651249885559082,4284800
2007-04-20,4.95467472076416,5.807499885559082,5.809374809265137,5.746250152587891,5.789999961853027,3177600
2007-04-23,4.930147647857666,5.778749942779541,5.821249961853027,5.76687479019165,5.800000190734863,1769600
2007-04-24,4.932281017303467,5.78125,5.796249866485596,5.71750020980835,5.775000095367432,4456000
2007-04-25,5.0175957679748535,5.881249904632568,5.895625114440918,5.785624980926514,5.824999809265137,3668800
2007-04-26,5.03359317779541,5.900000095367432,5.905624866485596,5.855000019073486,5.885000228881836,3625600
2007-04-27,5.016530990600586,5.880000114440918,5.897500038146973,5.828125,5.848124980926514,3262400
2007-04-30,4.9466776847839355,5.79812479019165,5.893125057220459,5.778124809265137,5.875,2868800
2007-05-01,4.958942413330078,5.8125,5.814374923706055,5.732500076293945,5.806250095367432,5614400
2007-05-02,5.019194602966309,5.883124828338623,5.910624980926514,5.8125,5.830625057220459,4856000
2007-05-03,5.064519882202148,5.93625020980835,5.944375038146973,5.893750190734863,5.893750190734863,4990400
2007-05-04,5.10024356842041,5.978125095367432,6.00124979019165,5.931250095367432,5.962500095367432,4193600
2007-05-07,5.103445529937744,5.981874942779541,6.003125190734863,5.978750228881836,5.990624904632568,1838400
2007-05-08,5.09757661819458,5.974999904632568,5.986875057220459,5.92062520980835,5.944375038146973,5091200
2007-05-09,5.131171703338623,6.01437520980835,6.028124809265137,5.948124885559082,5.956874847412109,4168000
2007-05-10,5.014927387237549,5.878125190734863,5.987500190734863,5.852499961853027,5.96875,6022400
2007-05-11,5.093311786651611,5.96999979019165,5.96999979019165,5.883749961853027,5.886875152587891,4123200
2007-05-14,5.074650764465332,5.948124885559082,5.999374866485596,5.901249885559082,5.983749866485596,2372800
2007-05-15,5.060785293579102,5.931875228881836,6.036874771118164,5.915625095367432,5.965624809265137,5388800
2007-05-16,5.141835689544678,6.026875019073486,6.03125,5.934374809265137,5.963749885559082,3524800
2007-05-17,5.129038333892822,6.011875152587891,6.053124904632568,5.989375114440918,6.003125190734863,4214400
2007-05-18,5.206355571746826,6.102499961853027,6.102499961853027,6.042500019073486,6.059374809265137,4923200
2007-05-21,5.19888973236084,6.09375,6.152500152587891,6.09375,6.103125095367432,6588800
2007-05-22,5.207956790924072,6.104374885559082,6.146249771118164,6.086874961853027,6.106249809265137,4350400
2007-05-23,5.202090263366699,6.097499847412109,6.171249866485596,6.086249828338623,6.132500171661377,6137600
2007-05-24,5.092245578765869,5.96875,6.148125171661377,5.949999809265137,6.086249828338623,10361600
2007-05-25,5.132238864898682,6.015625,6.04562520980835,5.985000133514404,6.005624771118164,3265600
2007-05-29,5.171694755554199,6.061874866485596,6.081250190734863,6.005624771118164,6.044374942779541,3836800
2007-05-30,5.257011413574219,6.161874771118164,6.161874771118164,5.991250038146973,5.994999885559082,4905600
2007-05-31,5.251679420471191,6.155624866485596,6.193749904632568,6.136250019073486,6.181250095367432,5232000
2007-06-01,5.292736053466797,6.203750133514404,6.235000133514404,6.164999961853027,6.203125,4008000
2007-06-04,5.293269634246826,6.20437479019165,6.230625152587891,6.161250114440918,6.165625095367432,2592000
2007-06-05,5.251147270202637,6.15500020980835,6.192500114440918,6.109375,6.171249866485596,5500800
2007-06-06,5.134368896484375,6.018125057220459,6.111875057220459,6.017499923706055,6.107500076293945,9313600
2007-06-07,4.960540771484375,5.814374923706055,6.034999847412109,5.803124904632568,6.000625133514404,16611200
2007-06-08,5.070917129516602,5.943749904632568,5.959374904632568,5.801875114440918,5.835000038146973,11830400
2007-06-11,5.10024356842041,5.978125095367432,6.017499923706055,5.921875,5.940625190734863,8110400
2007-06-12,4.974938869476318,5.831250190734863,5.982500076293945,5.831250190734863,5.915625095367432,8147200
2007-06-13,5.129570960998535,6.012499809265137,6.019374847412109,5.87624979019165,5.902500152587891,8526400
2007-06-14,5.185557842254639,6.078125,6.103125095367432,6.019374847412109,6.021249771118164,9342400
2007-06-15,5.243680477142334,6.146249771118164,6.199999809265137,6.144999980926514,6.178124904632568,6880000
2007-06-18,5.230885982513428,6.131249904632568,6.177499771118164,6.120625019073486,6.175000190734863,4846400
2007-06-19,5.253811359405518,6.158124923706055,6.175000190734863,6.098124980926514,6.119375228881836,6472000
2007-06-20,5.109307765960693,5.988749980926514,6.1875,5.981874942779541,6.186874866485596,9172800
2007-06-21,5.170628070831299,6.060625076293945,6.069375038146973,5.918749809265137,5.98562479019165,12366400
2007-06-22,5.0751848220825195,5.948750019073486,6.041250228881836,5.893750190734863,6.015625,11548800
2007-06-25,5.023992538452148,5.888750076293945,5.996874809265137,5.827499866485596,5.934374809265137,12051200
2007-06-26,4.933243274688721,5.765625,5.917500019073486,5.762499809265137,5.895625114440918,11694400
2007-06-27,5.070679664611816,5.926249980926514,5.926249980926514,5.731249809265137,5.733749866485596,11553600
2007-06-28,5.059449672698975,5.913125038146973,5.989375114440918,5.900625228881836,5.910624980926514,15227200
2007-06-29,5.053566932678223,5.90625,6.004374980926514,5.81125020980835,5.931250095367432,15792000
2007-07-02,5.15356969833374,6.023125171661377,6.023125171661377,5.9375,5.945000171661377,8094400
2007-07-03,5.179773807525635,6.053750038146973,6.065000057220459,6.029375076293945,6.041250228881836,4776000
2007-07-05,5.167471885681152,6.039374828338623,6.068749904632568,5.99875020980835,6.056250095367432,8211200
2007-07-06,5.222019672393799,6.103125095367432,6.119999885559082,6.020625114440918,6.054375171661377,6675200
2007-07-09,5.223623275756836,6.105000019073486,6.131249904632568,6.076250076293945,6.117499828338623,5854400
2007-07-10,5.064796447753906,5.919374942779541,6.071249961853027,5.919374942779541,6.043749809265137,13172800
2007-07-11,5.150895595550537,6.019999980926514,6.019999980926514,5.90625,5.925000190734863,9795200
2007-07-12,5.324161529541016,6.222499847412109,6.23562479019165,6.061874866485596,6.065625190734863,11457600
2007-07-13,5.356245994567871,6.260000228881836,6.291874885559082,6.206250190734863,6.21875,10273600
2007-07-16,5.347155570983887,6.249374866485596,6.297500133514404,6.223124980926514,6.252500057220459,10603200
2007-07-17,5.336994647979736,6.237500190734863,6.294374942779541,6.23312520980835,6.250625133514404,7244800
2007-07-18,5.322020053863525,6.21999979019165,6.232500076293945,6.115624904632568,6.193124771118164,11124800
2007-07-19,5.354641914367676,6.258124828338623,6.291250228881836,6.234375,6.275000095367432,7064000
2007-07-20,5.240201473236084,6.124374866485596,6.246874809265137,6.073124885559082,6.243124961853027,13556800
2007-07-23,5.279237747192383,6.170000076293945,6.221250057220459,6.152500152587891,6.1875,6121600
2007-07-24,5.10330057144165,5.964375019073486,6.120625019073486,5.911250114440918,6.091875076293945,14790400
2007-07-25,5.117739200592041,5.981249809265137,6.03125,5.865624904632568,6.006875038146973,17796800
2007-07-26,4.874420166015625,5.696875095367432,5.896874904632568,5.5625,5.857500076293945,37945600
2007-07-27,4.697409629821777,5.489999771118164,5.75,5.489999771118164,5.688125133514404,40204800
2007-07-30,4.823615074157715,5.637499809265137,5.664999961853027,5.478125095367432,5.519999980926514,22276800
2007-07-31,4.697948455810547,5.490624904632568,5.742499828338623,5.455625057220459,5.706250190734863,22214400
2007-08-01,4.761049747467041,5.564374923706055,5.59250020980835,5.370625019073486,5.473750114440918,36564800
2007-08-02,4.8273606300354,5.64187479019165,5.651875019073486,5.534375190734863,5.581250190734863,20574400
2007-08-03,4.556229591369629,5.324999809265137,5.625625133514404,5.31125020980835,5.621874809265137,29067200
2007-08-06,4.735380172729492,5.534375190734863,5.572500228881836,5.271874904632568,5.376874923706055,30292800
2007-08-07,4.823615074157715,5.637499809265137,5.727499961853027,5.479374885559082,5.502500057220459,25001600
2007-08-08,4.9599809646606445,5.796875,5.848124980926514,5.649374961853027,5.702499866485596,25532800
2007-08-09,4.676019668579102,5.465000152587891,5.728750228881836,5.449375152587891,5.596875190734863,26979200
2007-08-10,4.609708786010742,5.387499809265137,5.531875133514404,5.288125038146973,5.488749980926514,46054400
2007-08-13,4.655698776245117,5.441249847412109,5.5625,5.434999942779541,5.460625171661377,18425600
2007-08-14,4.5011491775512695,5.260624885559082,5.480000019073486,5.25124979019165,5.478125095367432,30662400
2007-08-15,4.389384746551514,5.130000114440918,5.372499942779541,5.098750114440918,5.234375,44051200
2007-08-16,4.435908317565918,5.184374809265137,5.240624904632568,4.855000019073486,5.036250114440918,72382400
2007-08-17,4.618797779083252,5.398125171661377,5.5,5.220624923706055,5.391250133514404,47891200
2007-08-20,4.607035160064697,5.384375095367432,5.440625190734863,5.28125,5.414999961853027,32020800
2007-08-21,4.624680519104004,5.40500020980835,5.466249942779541,5.34375,5.375,25497600
2007-08-22,4.72468376159668,5.521874904632568,5.536250114440918,5.426249980926514,5.48562479019165,28225600
2007-08-23,4.7155938148498535,5.511250019073486,5.599999904632568,5.443749904632568,5.583749771118164,25088000
2007-08-24,4.823615074157715,5.637499809265137,5.640625,5.494375228881836,5.515625,16654400
2007-08-27,4.740726947784424,5.540625095367432,5.615624904632568,5.53125,5.601874828338623,15252800
2007-08-28,4.544466972351074,5.31125020980835,5.493750095367432,5.281875133514404,5.493750095367432,22872000
2007-08-29,4.707036018371582,5.50124979019165,5.515625,5.313125133514404,5.356249809265137,15886400
2007-08-30,4.681900978088379,5.471875190734863,5.548749923706055,5.377500057220459,5.413125038146973,20307200
2007-08-31,4.749817848205566,5.551249980926514,5.646874904632568,5.51687479019165,5.598124980926514,22899200
2007-09-04,4.87281608581543,5.695000171661377,5.759375095367432,5.563125133514404,5.581250190734863,14907200
2007-09-05,4.764791488647461,5.568749904632568,5.635624885559082,5.533124923706055,5.612500190734863,17284800
2007-09-06,4.812385559082031,5.624374866485596,5.648749828338623,5.541250228881836,5.61062479019165,12625600
2007-09-07,4.667998790740967,5.455625057220459,5.564374923706055,5.399374961853027,5.564374923706055,25568000
2007-09-10,4.636981010437012,5.419374942779541,5.503125190734863,5.32687520980835,5.486249923706055,18792000
2007-09-11,4.764791488647461,5.568749904632568,5.570624828338623,5.460625171661377,5.474999904632568,18577600
2007-09-12,4.7861833572387695,5.59375,5.625625133514404,5.519374847412109,5.539374828338623,13459200
2007-09-13,4.837518215179443,5.653749942779541,5.699999809265137,5.609375,5.631249904632568,14099200
2007-09-14,4.845006465911865,5.662499904632568,5.674375057220459,5.573124885559082,5.587500095367432,9304000
2007-09-17,4.782974720001221,5.590000152587891,5.640625,5.566249847412109,5.607500076293945,8059200
2007-09-18,5.064796447753906,5.919374942779541,6.25,5.621250152587891,5.650000095367432,26377600
2007-09-19,5.132176399230957,5.998125076293945,6.074375152587891,5.948750019073486,6.005624771118164,16000000
2007-09-20,5.0642619132995605,5.918749809265137,6.001874923706055,5.897500038146973,5.98312520980835,13624000
2007-09-21,5.080305099487305,5.9375,6.012499809265137,5.9375,5.996874809265137,8716800
2007-09-24,5.069610118865967,5.925000190734863,6.008749961853027,5.890625,5.974999904632568,12513600
2007-09-25,5.053205966949463,5.890625,5.900625228881836,5.811874866485596,5.87375020980835,13188800
2007-09-26,5.090734481811523,5.934374809265137,5.983749866485596,5.898749828338623,5.941874980926514,11401600
2007-09-27,5.152390480041504,6.006249904632568,6.006249904632568,5.950624942779541,5.99875020980835,9728000
2007-09-28,5.119149684906006,5.96750020980835,6.012499809265137,5.924375057220459,5.996874809265137,10140800
2007-10-01,5.2456817626953125,6.114999771118164,6.133749961853027,5.971875190734863,5.972499847412109,13036800
2007-10-02,5.231741428375244,6.098750114440918,6.126874923706055,6.065000057220459,6.112500190734863,11297600
2007-10-03,5.194746494293213,6.055624961853027,6.106874942779541,6.03125,6.0625,11811200
2007-10-04,5.211369037628174,6.074999809265137,6.09499979019165,6.044374942779541,6.07937479019165,5708800
2007-10-05,5.336827278137207,6.221250057220459,6.235000133514404,6.123125076293945,6.150625228881836,15198400
2007-10-08,5.281602382659912,6.156875133514404,6.188125133514404,6.133124828338623,6.17062520980835,8030400
2007-10-09,5.367386817932129,6.256875038146973,6.260000228881836,6.152500152587891,6.202499866485596,10510400
2007-10-10,5.344867706298828,6.230625152587891,6.258124828338623,6.179999828338623,6.215624809265137,9723200
2007-10-11,5.30519437789917,6.184374809265137,6.34250020980835,6.105000019073486,6.29812479019165,18406400
2007-10-12,5.355591297149658,6.243124961853027,6.243750095367432,6.169374942779541,6.18625020980835,7584000
2007-10-15,5.27249002456665,6.146249771118164,6.246874809265137,6.06125020980835,6.243750095367432,14961600
2007-10-16,5.20975923538208,6.073124885559082,6.101250171661377,6.022500038146973,6.090624809265137,17833600
2007-10-17,5.219410419464111,6.084374904632568,6.168749809265137,5.941249847412109,6.168749809265137,24425600
2007-10-18,5.1883134841918945,6.04812479019165,6.071249961853027,5.984375,6.010000228881836,12704000
2007-10-19,4.895040512084961,5.706250190734863,5.988749980926514,5.706250190734863,5.982500076293945,33580800
2007-10-22,4.9647393226623535,5.787499904632568,5.794374942779541,5.630624771118164,5.631249904632568,27080000
2007-10-23,5.015671730041504,5.846875190734863,5.885624885559082,5.760624885559082,5.84375,13222400
2007-10-24,5.023715496063232,5.856249809265137,5.868750095367432,5.650000095367432,5.831250190734863,35635200
2007-10-25,5.043554306030273,5.879374980926514,5.911250114440918,5.730000019073486,5.851874828338623,23980800
2007-10-26,5.161506652832031,6.01687479019165,6.018125057220459,5.881875038146973,5.978750228881836,20297600
2007-10-29,5.183489799499512,6.042500019073486,6.073124885559082,6.007500171661377,6.037499904632568,19896000
2007-10-30,5.111108303070068,5.958125114440918,6.021249771118164,5.95187520980835,6.0,13872000
2007-10-31,5.226917266845703,6.093124866485596,6.136250019073486,5.949375152587891,6.021874904632568,33459200
2007-11-01,4.9770708084106445,5.801875114440918,5.987500190734863,5.768750190734863,5.986249923706055,47307200
2007-11-02,4.9888691902160645,5.815625190734863,5.837500095367432,5.666250228881836,5.837500095367432,33088000
2007-11-05,4.902007102966309,5.714375019073486,5.808750152587891,5.643750190734863,5.643750190734863,30507200
2007-11-06,5.046768665313721,5.883124828338623,5.883124828338623,5.714375019073486,5.796249866485596,21576000
2007-11-07,4.779232025146484,5.571249961853027,5.801249980926514,5.526875019073486,5.749374866485596,34966400
2007-11-08,4.717040061950684,5.49875020980835,5.65625,5.34375,5.65625,44792000
2007-11-09,4.598012447357178,5.360000133514404,5.523749828338623,5.328125,5.393750190734863,42720000
2007-11-12,4.519734859466553,5.268750190734863,5.449999809265137,5.239999771118164,5.311874866485596,34192000
2007-11-13,4.7770867347717285,5.568749904632568,5.568749904632568,5.34375,5.379374980926514,33260800
2007-11-14,4.725080966949463,5.508124828338623,5.661874771118164,5.456250190734863,5.661874771118164,39161600
2007-11-15,4.604984283447266,5.368124961853027,5.505000114440918,5.286874771118164,5.40749979019165,40816000
2007-11-16,4.606591701507568,5.369999885559082,5.427499771118164,5.289374828338623,5.351874828338623,34153600
2007-11-19,4.471479892730713,5.212500095367432,5.357500076293945,5.1875,5.316249847412109,44315200
2007-11-20,4.522954940795898,5.272500038146973,5.350625038146973,5.105625152587891,5.216249942779541,46014400
2007-11-21,4.352456092834473,5.073750019073486,5.232500076293945,5.072500228881836,5.206250190734863,47060800
2007-11-23,4.482205390930176,5.224999904632568,5.255624771118164,5.140625,5.176249980926514,13672000
2007-11-26,4.3106369972229,5.025000095367432,5.29812479019165,4.990624904632568,5.293749809265137,35753600
2007-11-27,4.413578510284424,5.144999980926514,5.174375057220459,5.013124942779541,5.090624809265137,36432000
2007-11-28,4.6661057472229,5.439374923706055,5.475625038146973,5.244375228881836,5.299375057220459,38513600
2007-11-29,4.682187557220459,5.458125114440918,5.494999885559082,5.321875095367432,5.321875095367432,24516800
2007-11-30,4.782448768615723,5.574999809265137,5.626874923706055,5.466875076293945,5.626874923706055,34696000
2007-12-03,4.699345111846924,5.478125095367432,5.54562520980835,5.461874961853027,5.543749809265137,17987200
2007-12-04,4.632326602935791,5.400000095367432,5.465624809265137,5.392499923706055,5.456250190734863,20353600
2007-12-05,4.776551723480225,5.568124771118164,5.584374904632568,5.5,5.524374961853027,28915200
2007-12-06,4.9100518226623535,5.723750114440918,5.748125076293945,5.552499771118164,5.607500076293945,28960000
2007-12-07,4.921848773956299,5.737500190734863,5.769374847412109,5.700624942779541,5.76687479019165,22272000
2007-12-10,4.981895923614502,5.807499885559082,5.824999809265137,5.723750114440918,5.789374828338623,18246400
2007-12-11,4.718110084533691,5.5,5.87375020980835,5.472499847412109,5.820000171661377,51688000
2007-12-12,4.801212310791016,5.596875190734863,5.774374961853027,5.4375,5.625,51467200
2007-12-13,4.7996063232421875,5.59499979019165,5.605625152587891,5.445624828338623,5.515625,47526400
2007-12-14,4.6602067947387695,5.432499885559082,5.578750133514404,5.432499885559082,5.498125076293945,36689600
2007-12-17,4.511692047119141,5.259375095367432,5.409999847412109,5.257500171661377,5.38937520980835,39969600
2007-12-18,4.569058895111084,5.326250076293945,5.37624979019165,5.196249961853027,5.349999904632568,45758400
2007-12-19,4.576030254364014,5.334374904632568,5.40500020980835,5.269999980926514,5.343124866485596,56008000
2007-12-20,4.620223045349121,5.155624866485596,5.179999828338623,5.056250095367432,5.169374942779541,34024000
2007-12-21,4.772008895874023,5.324999809265137,5.32937479019165,5.1875,5.219375133514404,35748800
2007-12-24,4.847622394561768,5.409375190734863,5.409375190734863,5.340624809265137,5.349999904632568,7424000
2007-12-26,4.844821453094482,5.40625,5.413125038146973,5.3125,5.396874904632568,10075200
2007-12-27,4.7188005447387695,5.265625,5.375625133514404,5.248125076293945,5.375,18817600
2007-12-28,4.706477165222168,5.251874923706055,5.340624809265137,5.221875190734863,5.340624809265137,17428800
2007-12-31,4.637587547302246,5.175000190734863,5.262499809265137,5.168749809265137,5.231249809265137,17102400
2008-01-02,4.540689468383789,5.066874980926514,5.221250057220459,5.010000228881836,5.196249961853027,40305600
2008-01-03,4.539010524749756,5.065000057220459,5.115624904632568,5.021874904632568,5.081250190734863,27728000
2008-01-04,4.323931694030762,4.824999809265137,4.993750095367432,4.794374942779541,4.993750095367432,51968000
2008-01-07,4.312732696533203,4.8125,4.884375095367432,4.743124961853027,4.869999885559082,77828800
2008-01-08,4.164304733276367,4.646874904632568,4.929375171661377,4.631249904632568,4.851874828338623,82001600
2008-01-09,4.257841110229492,4.75124979019165,4.785624980926514,4.57687520980835,4.65625,70814400
2008-01-10,4.323931694030762,4.824999809265137,4.92062520980835,4.675624847412109,4.718124866485596,129163200
2008-01-11,4.243278980255127,4.735000133514404,4.834374904632568,4.675000190734863,4.792500019073486,115432000
2008-01-14,4.317771911621094,4.818124771118164,4.838125228881836,4.75124979019165,4.811874866485596,53734400
2008-01-15,4.114457607269287,4.591249942779541,4.729374885559082,4.581250190734863,4.691249847412109,75363200
2008-01-16,4.060129165649414,4.530624866485596,4.659999847412109,4.471250057220459,4.551875114440918,94468800
2008-01-17,3.8349695205688477,4.279375076293945,4.56374979019165,4.248125076293945,4.54812479019165,160683200
2008-01-18,3.7565560340881348,4.191874980926514,4.381875038146973,4.132500171661377,4.343124866485596,152822400
2008-01-22,3.675342559814453,4.101250171661377,4.20187520980835,3.8218750953674316,3.877500057220459,178784000
2008-01-23,3.862973690032959,4.310625076293945,4.315000057220459,3.861875057220459,3.9181249141693115,258768000
2008-01-24,3.9206652641296387,4.375,4.403749942779541,4.267499923706055,4.341875076293945,218368000
2008-01-25,3.795764446258545,4.23562479019165,4.484375,4.212500095367432,4.46875,153788800
2008-01-28,3.9346671104431152,4.390625,4.394374847412109,4.181250095367432,4.255624771118164,122756800
2008-01-29,3.9604313373565674,4.419374942779541,4.458749771118164,4.35812520980835,4.443749904632568,101803200
2008-01-30,3.910583019256592,4.363749980926514,4.59375,4.34375,4.40625,167328000
2008-01-31,4.041085720062256,4.509375095367432,4.59250020980835,4.239999771118164,4.260000228881836,196296000
2008-02-01,4.1715874671936035,4.65500020980835,4.663750171661377,4.524374961853027,4.5625,140390400
2008-02-04,4.07020902633667,4.541874885559082,4.645625114440918,4.541874885559082,4.640625,84217600
2008-02-05,3.853454113006592,4.300000190734863,4.442500114440918,4.268750190734863,4.421249866485596,144512000
2008-02-06,3.783440589904785,4.221875190734863,4.369375228881836,4.190000057220459,4.339375019073486,113246400
2008-02-07,3.8405723571777344,4.285624980926514,4.339375019073486,4.146249771118164,4.167500019073486,157926400
2008-02-08,3.78064227104187,4.21875,4.306250095367432,4.171249866485596,4.243750095367432,116347200
2008-02-11,3.819847345352173,4.262499809265137,4.303750038146973,4.164999961853027,4.23312520980835,92808000
2008-02-12,3.9038619995117188,4.356249809265137,4.43625020980835,4.284999847412109,4.34499979019165,120016000
2008-02-13,3.9772348403930664,4.438125133514404,4.480625152587891,4.360000133514404,4.414999961853027,91355200
2008-02-14,3.8870601654052734,4.337500095367432,4.481249809265137,4.334374904632568,4.470624923706055,99569600
2008-02-15,3.90330171585083,4.355625152587891,4.356249809265137,4.278124809265137,4.309999942779541,64534400
2008-02-19,3.937466859817505,4.393750190734863,4.46875,4.320000171661377,4.45187520980835,101627200
2008-02-20,3.9419472217559814,4.398749828338623,4.443749904632568,4.268125057220459,4.28125,110972800
2008-02-21,3.873056173324585,4.321875095367432,4.473124980926514,4.283124923706055,4.449999809265137,100641600
2008-02-22,3.9318654537200928,4.387499809265137,4.393125057220459,4.208749771118164,4.340000152587891,128360000
2008-02-25,4.0270819664001465,4.493750095367432,4.513750076293945,4.32937479019165,4.380624771118164,124296000
2008-02-26,4.074690341949463,4.546875,4.598750114440918,4.4375,4.45437479019165,106372800
2008-02-27,4.067970275878906,4.539374828338623,4.609375,4.498125076293945,4.505624771118164,87632000
2008-02-28,3.98171329498291,4.443124771118164,4.529375076293945,4.4375,4.481249809265137,84096000
2008-02-29,3.8220880031585693,4.264999866485596,4.381875038146973,4.193749904632568,4.376874923706055,140571200
2008-03-03,3.7812013626098633,4.219375133514404,4.260624885559082,4.159999847412109,4.216249942779541,104187200
2008-03-04,3.7660787105560303,4.202499866485596,4.231249809265137,4.081250190734863,4.155624866485596,170460800
2008-03-05,3.8136868476867676,4.255624771118164,4.315000057220459,4.164999961853027,4.231874942779541,143988800
2008-03-06,3.651259183883667,4.074375152587891,4.21875,4.046875,4.201250076293945,153064000
2008-03-07,3.5840470790863037,3.999375104904175,4.119375228881836,3.9262499809265137,3.9981250762939453,201801600
2008-03-10,3.4798696041107178,3.883125066757202,4.008124828338623,3.866874933242798,4.002500057220459,131331200
2008-03-11,3.7408738136291504,4.174375057220459,4.174375057220459,3.948124885559082,4.053750038146973,171630400
2008-03-12,3.6719818115234375,4.097499847412109,4.242499828338623,4.078125,4.177499771118164,155808000
2008-03-13,3.685424566268921,4.112500190734863,4.170000076293945,3.916249990463257,3.9800000190734863,226809600
2008-03-14,3.5694844722747803,3.9831249713897705,4.178124904632568,3.869999885559082,4.176875114440918,257662400
2008-03-17,3.491072416305542,3.895625114440918,3.9543750286102295,3.7618749141693115,3.7906250953674316,251638400
2008-03-18,3.780081033706665,4.218124866485596,4.218124866485596,3.9962499141693115,4.036874771118164,241812800
2008-03-19,3.585167407989502,4.000625133514404,4.287499904632568,3.991874933242798,4.25,210584000
2008-03-20,3.7190303802490234,4.150000095367432,4.209374904632568,3.984999895095825,4.025000095367432,174843200
2008-03-24,3.8780975341796875,4.327499866485596,4.38937520980835,4.229374885559082,4.234375,146571200
2008-03-25,3.877816677093506,4.317500114440918,4.364999771118164,4.257500171661377,4.320000171661377,129713600
2008-03-26,3.7784578800201416,4.206874847412109,4.301875114440918,4.206874847412109,4.292500019073486,130376000
2008-03-27,3.7554428577423096,4.181250095367432,4.291874885559082,4.161874771118164,4.276875019073486,146678400
2008-03-28,3.6830263137817383,4.100625038146973,4.226874828338623,4.081250190734863,4.20187520980835,157292800
2008-03-31,3.7049217224121094,4.125,4.184374809265137,4.078750133514404,4.091249942779541,90473600
2008-04-01,3.9603357315063477,4.409375190734863,4.43625020980835,4.229374885559082,4.240624904632568,150515200
2008-04-02,3.9839115142822266,4.435625076293945,4.491250038146973,4.382500171661377,4.450624942779541,121273600
2008-04-03,4.004122257232666,4.458125114440918,4.476250171661377,4.36062479019165,4.381249904632568,111318400
2008-04-04,3.990647792816162,4.443124771118164,4.509375095367432,4.393125057220459,4.453750133514404,121734400
2008-04-07,3.985598087310791,4.4375,4.54812479019165,4.431250095367432,4.50124979019165,96601600
2008-04-08,3.981106758117676,4.432499885559082,4.441874980926514,4.379374980926514,4.392499923706055,85222400
2008-04-09,3.918795585632324,4.363124847412109,4.4375,4.3125,4.423749923706055,120611200
2008-04-10,3.9378809928894043,4.384375095367432,4.421249866485596,4.310625076293945,4.343124866485596,109662400
2008-04-11,3.7846333980560303,4.213749885559082,4.314374923706055,4.1875,4.28000020980835,132892800
2008-04-14,3.749828577041626,4.175000190734863,4.219375133514404,4.158124923706055,4.198124885559082,100243200
2008-04-15,3.784071683883667,4.213125228881836,4.229374885559082,4.143125057220459,4.221875190734863,104324800
2008-04-16,3.9749298095703125,4.425624847412109,4.426875114440918,4.280624866485596,4.28125,117142400
2008-04-17,3.9788613319396973,4.429999828338623,4.449375152587891,4.351874828338623,4.375625133514404,105995200
2008-04-18,4.073169708251953,4.534999847412109,4.600625038146973,4.521874904632568,4.56125020980835,139019200
2008-04-21,4.079904556274414,4.542500019073486,4.563125133514404,4.491875171661377,4.514999866485596,87774400
2008-04-22,4.038363933563232,4.496250152587891,4.519374847412109,4.427499771118164,4.511250019073486,113105600
2008-04-23,4.024327278137207,4.480625152587891,4.550000190734863,4.441874980926514,4.505000114440918,95686400
2008-04-24,4.056326389312744,4.516250133514404,4.609375,4.435625076293945,4.504374980926514,149440000
2008-04-25,4.127618312835693,4.595624923706055,4.618750095367432,4.491250038146973,4.588749885559082,105118400
2008-04-28,4.130985736846924,4.599374771118164,4.643750190734863,4.588125228881836,4.619999885559082,73097600
2008-04-29,4.09393835067749,4.558125019073486,4.605625152587891,4.535624980926514,4.585000038146973,87012800
2008-04-30,4.05127477645874,4.510624885559082,4.666250228881836,4.510624885559082,4.582499980926514,156419200
2008-05-01,4.214066982269287,4.691874980926514,4.70187520980835,4.512499809265137,4.518125057220459,145808000
2008-05-02,4.23539924621582,4.715624809265137,4.78000020980835,4.662499904632568,4.779375076293945,166777600
2008-05-05,4.2062087059021,4.683125019073486,4.725625038146973,4.650625228881836,4.696249961853027,107353600
2008-05-06,4.269639492034912,4.753749847412109,4.766250133514404,4.602499961853027,4.625,135758400
2008-05-07,4.114706039428711,4.581250190734863,4.755624771118164,4.5625,4.74875020980835,158809600
2008-05-08,4.101797103881836,4.566874980926514,4.637499809265137,4.550000190734863,4.604374885559082,114864000
2008-05-09,4.079904556274414,4.542500019073486,4.576250076293945,4.516250133514404,4.525625228881836,96166400
2008-05-12,4.180386066436768,4.654375076293945,4.654375076293945,4.533750057220459,4.567500114440918,80166400
2008-05-13,4.1826324462890625,4.656875133514404,4.67312479019165,4.599374771118164,4.671875,107246400
2008-05-14,4.204524517059326,4.681250095367432,4.760000228881836,4.67312479019165,4.689374923706055,106560000
2008-05-15,4.299393177032471,4.786874771118164,4.788125038146973,4.668749809265137,4.681875228881836,104532800
2008-05-16,4.3094964027404785,4.79812479019165,4.807499885559082,4.71999979019165,4.807499885559082,107507200
2008-05-19,4.322408199310303,4.8125,4.892499923706055,4.768125057220459,4.799375057220459,118624000
2008-05-20,4.254482269287109,4.736875057220459,4.76687479019165,4.682499885559082,4.763750076293945,145681600
2008-05-21,4.10909366607666,4.574999809265137,4.750625133514404,4.546875,4.731874942779541,147760000
2008-05-22,4.10909366607666,4.574999809265137,4.618124961853027,4.559374809265137,4.568124771118164,105329600
2008-05-23,4.007491111755371,4.461874961853027,4.554999828338623,4.445000171661377,4.546875,135358400
2008-05-27,4.056887149810791,4.51687479019165,4.538125038146973,4.445624828338623,4.465624809265137,113694400
2008-05-28,4.104601860046387,4.570000171661377,4.570000171661377,4.478125095367432,4.550624847412109,116147200
2008-05-29,4.139407157897949,4.608749866485596,4.664374828338623,4.54562520980835,4.548749923706055,77798400
2008-05-30,4.14670467376709,4.616875171661377,4.651875019073486,4.606249809265137,4.638124942779541,60376000
2008-06-02,4.0591349601745605,4.519374847412109,4.59375,4.474374771118164,4.590000152587891,102348800
2008-06-03,4.030505657196045,4.487500190734863,4.577499866485596,4.42312479019165,4.556875228881836,122888000
2008-06-04,4.015346050262451,4.470624923706055,4.546249866485596,4.43874979019165,4.458749771118164,138064000
2008-06-05,4.180386066436768,4.654375076293945,4.654375076293945,4.492499828338623,4.508124828338623,108825600
2008-06-06,3.9148664474487305,4.358749866485596,4.585000038146973,4.355000019073486,4.568124771118164,185364800
2008-06-09,3.9390037059783936,4.385624885559082,4.429999828338623,4.298749923706055,4.386250019073486,113358400
2008-06-10,3.8890457153320312,4.329999923706055,4.403749942779541,4.304999828338623,4.314374923706055,145652800
2008-06-11,3.7778964042663574,4.206250190734863,4.338749885559082,4.200624942779541,4.329999923706055,161697600
2008-06-12,3.805964708328247,4.237500190734863,4.315000057220459,4.176249980926514,4.237500190734863,112238400
2008-06-13,3.900271415710449,4.34250020980835,4.357500076293945,4.243124961853027,4.277500152587891,129192000
2008-06-16,3.9064462184906006,4.349374771118164,4.388750076293945,4.296249866485596,4.296875,103894400
2008-06-17,3.8621013164520264,4.300000190734863,4.398749828338623,4.292500019073486,4.396249771118164,121153600
2008-06-18,3.776773452758789,4.204999923706055,4.269999980926514,4.185625076293945,4.246250152587891,181316800
2008-06-19,3.795297384262085,4.225625038146973,4.277500152587891,4.17062520980835,4.210000038146973,152796800
2008-06-20,3.6678714752197266,4.083749771118164,4.184374809265137,4.067500114440918,4.17062520980835,174268800
2008-06-23,3.656083583831787,4.070624828338623,4.128125190734863,4.070624828338623,4.118124961853027,107747200
2008-06-24,3.6484248638153076,4.048749923706055,4.128125190734863,3.9912500381469727,4.045000076293945,155320000
2008-06-25,3.683342933654785,4.087500095367432,4.18625020980835,4.078125,4.084374904632568,146750400
2008-06-26,3.4738311767578125,3.8550000190734863,4.025625228881836,3.8550000190734863,4.011875152587891,209460800
2008-06-27,3.441728353500366,3.8193750381469727,3.903125047683716,3.7931249141693115,3.869374990463257,154891200
2008-06-30,3.4715781211853027,3.8524999618530273,3.905625104904175,3.809999942779541,3.843125104904175,137460800
2008-07-01,3.4862215518951416,3.8687500953674316,3.8762500286102295,3.7256250381469727,3.7637500762939453,232875200
2008-07-02,3.3600645065307617,3.728749990463257,3.9393749237060547,3.724375009536743,3.898750066757202,191579200
2008-07-03,3.3690760135650635,3.7387499809265137,3.794374942779541,3.671250104904175,3.794374942779541,138577600
2008-07-07,3.298676013946533,3.6606249809265137,3.807499885559082,3.603749990463257,3.7718749046325684,219928000
2008-07-08,3.4186365604400635,3.793750047683716,3.806874990463257,3.6212499141693115,3.6681249141693115,251078400
2008-07-09,3.2823431491851807,3.6424999237060547,3.8293750286102295,3.625624895095825,3.8143749237060547,195145600
2008-07-10,3.326272487640381,3.6912500858306885,3.7074999809265137,3.5799999237060547,3.6343750953674316,226675200
2008-07-11,3.245170831680298,3.601249933242798,3.7100000381469727,3.516249895095825,3.601249933242798,321020800
2008-07-14,3.174771308898926,3.523124933242798,3.6962499618530273,3.512500047683716,3.680000066757202,222316800
2008-07-15,3.0897274017333984,3.4287500381469727,3.5718750953674316,3.375,3.4781250953674316,318926400
2008-07-16,3.272205114364624,3.6312499046325684,3.6312499046325684,3.4356250762939453,3.4593749046325684,257590400
2008-07-17,3.3014914989471436,3.663749933242798,3.7306249141693115,3.6031250953674316,3.6700000762939453,240713600
2008-07-18,3.343731164932251,3.710624933242798,3.731874942779541,3.664375066757202,3.7231249809265137,127700800
2008-07-21,3.3600645065307617,3.728749990463257,3.7618749141693115,3.688124895095825,3.75,119985600
2008-07-22,3.429901599884033,3.8062500953674316,3.8187499046325684,3.6475000381469727,3.661250114440918,150840000
2008-07-23,3.4603145122528076,3.8399999141693115,3.9000000953674316,3.806874990463257,3.827500104904175,201315200
2008-07-24,3.304871082305908,3.6675000190734863,3.8556249141693115,3.6600000858306885,3.849375009536743,166156800
2008-07-25,3.3172614574432373,3.6812500953674316,3.728749990463257,3.6600000858306885,3.702500104904175,126416000
2008-07-28,3.2113780975341797,3.5637500286102295,3.7118749618530273,3.556874990463257,3.679374933242798,127137600
2008-07-29,3.352179527282715,3.7200000286102295,3.7249999046325684,3.581249952316284,3.5893750190734863,135441600
2008-07-30,3.4743940830230713,3.8556249141693115,3.8556249141693115,3.733750104904175,3.766249895095825,150272000
2008-07-31,3.3831567764282227,3.7543749809265137,3.856250047683716,3.7387499809265137,3.786875009536743,135502400
2008-08-01,3.347672700881958,3.7149999141693115,3.778125047683716,3.6624999046325684,3.7674999237060547,139977600
2008-08-04,3.2885377407073975,3.6493749618530273,3.7100000381469727,3.628124952316284,3.7043750286102295,125732800
2008-08-05,3.4574975967407227,3.8368749618530273,3.853749990463257,3.6943750381469727,3.703749895095825,111857600
2008-08-06,3.48396897315979,3.8662500381469727,3.8924999237060547,3.7950000762939453,3.8162500858306885,117139200
2008-08-07,3.3842811584472656,3.755625009536743,3.841249942779541,3.7274999618530273,3.8106250762939453,100760000
2008-08-08,3.5149450302124023,3.900624990463257,3.9262499809265137,3.71875,3.728749990463257,143148800
2008-08-11,3.5712647438049316,3.963124990463257,4.020625114440918,3.8843750953674316,3.9018750190734863,138784000
2008-08-12,3.5059335231781006,3.890625,3.950000047683716,3.851249933242798,3.9462499618530273,120240000
2008-08-13,3.464820623397827,3.8450000286102295,3.9075000286102295,3.7906250953674316,3.853749990463257,156076800
2008-08-14,3.5132548809051514,3.898750066757202,3.9437499046325684,3.7931249141693115,3.797499895095825,161744000
2008-08-15,3.5476107597351074,3.936875104904175,3.955625057220459,3.884999990463257,3.924375057220459,120291200
2008-08-18,3.4529919624328613,3.8318750858306885,3.9568750858306885,3.7856249809265137,3.953749895095825,148241600
2008-08-19,3.378650665283203,3.749375104904175,3.7874999046325684,3.71875,3.7699999809265137,144774400
2008-08-20,3.4068102836608887,3.780625104904175,3.799999952316284,3.7049999237060547,3.7643749713897705,156942400
2008-08-21,3.416384220123291,3.791249990463257,3.828125,3.7206249237060547,3.728749990463257,102699200
2008-08-22,3.501991033554077,3.8862500190734863,3.9000000953674316,3.836250066757202,3.843125104904175,104280000
2008-08-25,3.374708414077759,3.744999885559082,3.8550000190734863,3.726249933242798,3.8499999046325684,120659200
2008-08-26,3.3921680450439453,3.7643749713897705,3.7925000190734863,3.716249942779541,3.7431249618530273,121860800
2008-08-27,3.4473612308502197,3.825624942779541,3.8475000858306885,3.7568750381469727,3.7718749046325684,114049600
2008-08-28,3.5340940952301025,3.921875,3.934999942779541,3.8637499809265137,3.8687500953674316,105859200
2008-08-29,3.4591875076293945,3.838749885559082,3.9237499237060547,3.8268749713897705,3.896250009536743,97793600
2008-09-02,3.4203264713287354,3.7956249713897705,3.9593749046325684,3.768749952316284,3.924999952316284,203571200
2008-09-03,3.4135680198669434,3.7881250381469727,3.825000047683716,3.7325000762939453,3.7874999046325684,172761600
2008-09-04,3.2108161449432373,3.563124895095825,3.75,3.556874990463257,3.734375,289851200
2008-09-05,3.2299644947052,3.5843749046325684,3.6112499237060547,3.448124885559082,3.5193750858306885,275025600
2008-09-08,3.363443613052368,3.7325000762939453,3.7987499237060547,3.6181249618530273,3.786250114440918,287700800
2008-09-09,3.153932571411133,3.5,3.7487499713897705,3.483750104904175,3.733750104904175,241788800
2008-09-10,3.1820926666259766,3.53125,3.5975000858306885,3.468125104904175,3.5399999618530273,212321600
2008-09-11,3.2738938331604004,3.633125066757202,3.643749952316284,3.4106249809265137,3.440624952316284,235913600
2008-09-12,3.303744077682495,3.666249990463257,3.671875,3.536250114440918,3.5643749237060547,239796800
2008-09-15,2.993420362472534,3.3218750953674316,3.5625,3.315624952316284,3.418750047683716,404283200
2008-09-16,3.077336072921753,3.4149999618530273,3.440624952316284,3.1524999141693115,3.1524999141693115,508224000
2008-09-17,2.8160111904144287,3.125,3.336250066757202,3.09375,3.2906250953674316,674088000
2008-09-18,2.994546413421631,3.323124885559082,3.3868749141693115,2.96875,3.197499990463257,665785600
2008-09-19,3.2237696647644043,3.577500104904175,3.75,3.53125,3.676875114440918,317664000
2008-09-22,3.0683255195617676,3.4049999713897705,3.586250066757202,3.349375009536743,3.5743749141693115,282344000
2008-09-23,2.9297783374786377,3.2512500286102295,3.444999933242798,3.2381250858306885,3.382499933242798,493596800
2008-09-24,2.951404333114624,3.2668750286102295,3.297499895095825,3.1937499046325684,3.2825000286102295,462259200
2008-09-25,3.023679256439209,3.346874952316284,3.4181249141693115,3.265625,3.2906250953674316,442366400
2008-09-26,3.0456998348236084,3.3712499141693115,3.3918750286102295,3.2274999618530273,3.2518749237060547,419115200
2008-09-29,2.6256041526794434,2.90625,3.275624990463257,2.8037500381469727,3.266249895095825,753420800
2008-09-30,2.7803173065185547,3.077500104904175,3.096874952316284,2.9106249809265137,2.9574999809265137,348766400
2008-10-01,2.78088116645813,3.078125,3.101875066757202,2.956249952316284,3.0137500762939453,371763200
2008-10-02,2.5527641773223877,2.825624942779541,3.0118749141693115,2.804374933242798,2.999375104904175,502249600
2008-10-03,2.482748508453369,2.7481250762939453,3.0374999046325684,2.7149999141693115,2.898124933242798,786876800
2008-10-06,2.2800405025482178,2.523750066757202,2.6262500286102295,2.2856249809265137,2.6006250381469727,1149632000
2008-10-07,2.0349836349487305,2.252500057220459,2.617500066757202,2.246875047683716,2.5956249237060547,959094400
2008-10-08,1.9508514404296875,2.159374952316284,2.359375,2.1156249046325684,2.151249885559082,1396329600
2008-10-09,1.6769983768463135,1.8562500476837158,2.293750047683716,1.847499966621399,2.2431249618530273,1155249600
2008-10-10,1.637473225593567,1.8125,2.018749952316284,1.506250023841858,1.6931250095367432,2174492800
2008-10-13,2.0044925212860107,2.21875,2.234375,1.9474999904632568,1.9856250286102295,985563200
2008-10-14,1.9768251180648804,2.188124895095825,2.487499952316284,2.080625057220459,2.4156250953674316,1318080000
2008-10-15,1.638602375984192,1.8137500286102295,2.106250047683716,1.7975000143051147,2.094374895095825,1232217600
2008-10-16,1.7458850145339966,1.9325000047683716,1.9574999809265137,1.6375000476837158,1.8350000381469727,1946729600
2008-10-17,1.7447559833526611,1.931249976158142,2.124375104904175,1.840000033378601,1.8512500524520874,1441132800
2008-10-20,1.8983392715454102,2.101249933242798,2.111875057220459,1.9306249618530273,1.9893749952316284,931081600
2008-10-21,1.7899274826049805,1.9812500476837158,2.124375104904175,1.9812500476837158,2.046875,1049700800
2008-10-22,1.6109352111816406,1.7831250429153442,1.9131250381469727,1.659999966621399,1.896875023841858,1281808000
2008-10-23,1.61262845993042,1.784999966621399,1.8524999618530273,1.596250057220459,1.7731250524520874,1823566400
2008-10-24,1.4963115453720093,1.65625,1.7531249523162842,1.5068750381469727,1.5168750286102295,1611561600
2008-10-27,1.3963693380355835,1.5456249713897705,1.7324999570846558,1.5456249713897705,1.603124976158142,1320307200
2008-10-28,1.7052301168441772,1.8875000476837158,1.894374966621399,1.5449999570846558,1.652500033378601,1788302400
2008-10-29,1.6634466648101807,1.841249942779541,2.018749952316284,1.8156249523162842,1.875,1866328000
2008-10-30,1.7413681745529175,1.9275000095367432,1.9918750524520874,1.8493750095367432,1.9643750190734863,1365766400
2008-10-31,1.809125304222107,2.002500057220459,2.0762500762939453,1.909999966621399,1.9318749904632568,1114577600
2008-11-03,1.8339697122573853,2.0299999713897705,2.041874885559082,1.9693750143051147,2.0012500286102295,574604800
2008-11-04,1.9339123964309692,2.140625,2.168750047683716,2.061875104904175,2.096250057220459,949092800
2008-11-05,1.7537903785705566,1.941249966621399,2.1443750858306885,1.921875,2.093125104904175,1306166400
2008-11-06,1.5866552591323853,1.756250023841858,1.9368749856948853,1.722499966621399,1.8987499475479126,1744937600
2008-11-07,1.6713521480560303,1.850000023841858,1.850000023841858,1.752500057220459,1.78125,1281264000
2008-11-10,1.6013363599777222,1.7725000381469727,1.933750033378601,1.7506250143051147,1.9199999570846558,1024873600
2008-11-11,1.5522114038467407,1.7181249856948853,1.7956249713897705,1.6637500524520874,1.7443749904632568,1400283200
2008-11-12,1.4025804996490479,1.5525000095367432,1.6768749952316284,1.5362499952316284,1.6493749618530273,1663260800
2008-11-13,1.5866552591323853,1.756250023841858,1.761875033378601,1.4199999570846558,1.5681250095367432,2585113600
2008-11-14,1.4358943700790405,1.5893750190734863,1.78125,1.5893750190734863,1.6799999475479126,2162342400
2008-11-17,1.3805593252182007,1.5281250476837158,1.6449999809265137,1.5187499523162842,1.5668749809265137,1436080000
2008-11-18,1.3907225131988525,1.5393749475479126,1.5856250524520874,1.4406249523162842,1.5212500095367432,1956382400
2008-11-19,1.252385139465332,1.3862500190734863,1.5793750286102295,1.3668750524520874,1.5437500476837158,1941939200
2008-11-20,1.0733917951583862,1.1881250143051147,1.419374942779541,1.125,1.3381249904632568,2931585600
2008-11-21,1.1976135969161987,1.325624942779541,1.334375023841858,1.144374966621399,1.2418750524520874,2904603200
2008-11-24,1.3353875875473022,1.478124976158142,1.5518749952316284,1.359375,1.3831249475479126,2164436800
2008-11-25,1.3760420083999634,1.5231250524520874,1.5706249475479126,1.443750023841858,1.5631250143051147,1749956800
2008-11-26,1.4686440229415894,1.6256250143051147,1.6325000524520874,1.4587500095367432,1.4643750190734863,1466392000
2008-11-28,1.5019583702087402,1.662500023841858,1.6643749475479126,1.609375,1.6137499809265137,399675200
2008-12-01,1.2422211170196533,1.375,1.5706249475479126,1.3668750524520874,1.5700000524520874,1533457600
2008-12-02,1.3297407627105713,1.4718749523162842,1.4812500476837158,1.3737499713897705,1.4168750047683716,1823729600
2008-12-03,1.4020161628723145,1.5518749952316284,1.5612499713897705,1.4018750190734863,1.4118750095367432,2399865600
2008-12-04,1.3224008083343506,1.4637500047683716,1.5737500190734863,1.4187500476837158,1.5006250143051147,1804945600
2008-12-05,1.4161322116851807,1.5674999952316284,1.5800000429153442,1.3700000047683716,1.4187500476837158,2112918400
2008-12-08,1.5160739421844482,1.678125023841858,1.7237499952316284,1.6337499618530273,1.6531250476837158,1928152000
2008-12-09,1.4601740837097168,1.6162500381469727,1.716249942779541,1.5993750095367432,1.649999976158142,1501462400
2008-12-10,1.4884066581726074,1.6475000381469727,1.684999942779541,1.6006250381469727,1.6487499475479126,1509500800
2008-12-11,1.4116148948669434,1.5625,1.6731250286102295,1.540624976158142,1.621250033378601,1380990400
2008-12-12,1.4262953996658325,1.5787500143051147,1.596250057220459,1.4637500047683716,1.475000023841858,1679288000
2008-12-15,1.3935457468032837,1.5425000190734863,1.603124976158142,1.5006250143051147,1.6006250381469727,1069273600
2008-12-16,1.5318841934204102,1.6956249475479126,1.7018749713897705,1.5693750381469727,1.6956249475479126,1545867200
2008-12-17,1.5042167901992798,1.6649999618530273,1.721250057220459,1.634374976158142,1.6612499952316284,1304476800
2008-12-18,1.448317050933838,1.603124976158142,1.6924999952316284,1.5637500286102295,1.681249976158142,1407084800
2008-12-19,1.4381535053253174,1.5918749570846558,1.6668750047683716,1.584375023841858,1.6206250190734863,1172592000
2008-12-22,1.3918524980545044,1.540624976158142,1.6074999570846558,1.490625023841858,1.603124976158142,935915200
2008-12-23,1.3680237531661987,1.5106250047683716,1.571874976158142,1.5,1.5581250190734863,748062400
2008-12-24,1.3810418844223022,1.524999976158142,1.533750057220459,1.5049999952316284,1.5243749618530273,217889600
2008-12-26,1.3963240385055542,1.5418750047683716,1.5518749952316284,1.5237499475479126,1.549375057220459,220425600
2008-12-29,1.3917962312698364,1.5368750095367432,1.550624966621399,1.4900000095367432,1.5481250286102295,490958400
2008-12-30,1.4478302001953125,1.5987499952316284,1.606874942779541,1.5418750047683716,1.5549999475479126,592670400
2008-12-31,1.486883521080017,1.6418750286102295,1.6768749952316284,1.6024999618530273,1.6106250286102295,769459200
2009-01-02,1.5785765647888184,1.7431249618530273,1.7649999856948853,1.6399999856948853,1.659999966621399,812174400
2009-01-05,1.5768786668777466,1.7412500381469727,1.7799999713897705,1.7112499475479126,1.7374999523162842,990352000
2009-01-06,1.6023483276367188,1.769374966621399,1.8081250190734863,1.743749976158142,1.778749942779541,1125137600
2009-01-07,1.5106561183929443,1.668125033378601,1.7268749475479126,1.6487499475479126,1.716249942779541,928454400
2009-01-08,1.5208439826965332,1.6793750524520874,1.6793750524520874,1.6306250095367432,1.6456249952316284,848684800
2009-01-09,1.4529238939285278,1.6043750047683716,1.6906249523162842,1.5981249809265137,1.6862499713897705,1004788800
2009-01-12,1.3872679471969604,1.5318750143051147,1.6006250381469727,1.5125000476837158,1.5987499952316284,889272000
2009-01-13,1.3884001970291138,1.5331250429153442,1.5593750476837158,1.5043749809265137,1.521875023841858,1044182400
2009-01-14,1.3018019199371338,1.4375,1.4893749952316284,1.4162499904632568,1.4824999570846558,1511782400
2009-01-15,1.3046320676803589,1.4406249523162842,1.46875,1.3487499952316284,1.431249976158142,1776382400
2009-01-16,1.3216115236282349,1.459375023841858,1.4931249618530273,1.394374966621399,1.4912500381469727,1351417600
2009-01-20,1.1829410791397095,1.306249976158142,1.4406249523162842,1.303125023841858,1.433750033378601,1508334400
2009-01-21,1.2836902141571045,1.4175000190734863,1.424375057220459,1.3037500381469727,1.3518749475479126,1215240000
2009-01-22,1.2463337182998657,1.3762500286102295,1.4187500476837158,1.3224999904632568,1.3637499809265137,1447542400
2009-01-23,1.2570877075195312,1.388124942779541,1.4168750047683716,1.303125023841858,1.3143750429153442,1530889600
2009-01-26,1.269539713859558,1.4018750190734863,1.4631249904632568,1.377500057220459,1.403749942779541,1204963200
2009-01-27,1.297273874282837,1.4325000047683716,1.455625057220459,1.4031250476837158,1.421875,1106473600
2009-01-28,1.3850038051605225,1.5293749570846558,1.5499999523162842,1.4874999523162842,1.496250033378601,1386736000
2009-01-29,1.3001036643981934,1.4356249570846558,1.4956250190734863,1.4293750524520874,1.4874999523162842,1134942400
2009-01-30,1.241805911064148,1.371250033378601,1.4574999809265137,1.3543750047683716,1.4487500190734863,1285950400
2009-02-02,1.2389757633209229,1.3681249618530273,1.3856250047683716,1.324375033378601,1.331874966621399,1015536000
2009-02-03,1.2729359865188599,1.4056249856948853,1.424375057220459,1.3550000190734863,1.3837499618530273,1114851200
2009-02-04,1.2610503435134888,1.3925000429153442,1.4581249952316284,1.381250023841858,1.4231250286102295,1186219200
2009-02-05,1.2938780784606934,1.4287500381469727,1.4543750286102295,1.3506250381469727,1.368749976158142,1256214400
2009-02-06,1.3674582242965698,1.5099999904632568,1.5237499475479126,1.4356249570846558,1.4406249523162842,1186228800
2009-02-09,1.3731180429458618,1.5162500143051147,1.5393749475479126,1.490625023841858,1.5112500190734863,893452800
2009-02-10,1.2474658489227295,1.377500057220459,1.5149999856948853,1.355625033378601,1.4893749952316284,2256097600
2009-02-11,1.2661439180374146,1.3981250524520874,1.408750057220459,1.3550000190734863,1.3893749713897705,1171868800
2009-02-12,1.2684080600738525,1.4006249904632568,1.4006249904632568,1.309999942779541,1.346250057220459,1681812800
2009-02-13,1.236146092414856,1.3650000095367432,1.4137500524520874,1.3650000095367432,1.390625,1210091200
2009-02-17,1.1303033828735352,1.2481249570846558,1.2937500476837158,1.2468750476837158,1.2793749570846558,1594577600
2009-02-18,1.1235116720199585,1.240625023841858,1.2706249952316284,1.21875,1.2662500143051147,1344926400
2009-02-19,1.1014372110366821,1.216249942779541,1.2768750190734863,1.2087500095367432,1.2675000429153442,1328726400
2009-02-20,1.0770994424819946,1.1893750429153442,1.2200000286102295,1.140625,1.169374942779541,2021603200
2009-02-23,1.001821517944336,1.1062500476837158,1.216249942779541,1.1043750047683716,1.2156250476837158,1984820800
2009-02-24,1.0776654481887817,1.190000057220459,1.2024999856948853,1.1106250286102295,1.1237499713897705,1677872000
2009-02-25,1.0584216117858887,1.1687500476837158,1.2174999713897705,1.1325000524520874,1.1793750524520874,1937080000
2009-02-26,1.026159405708313,1.1331249475479126,1.2156250476837158,1.1293749809265137,1.199375033378601,1657377600
2009-02-27,0.9797473549842834,1.081874966621399,1.1299999952316284,1.0774999856948853,1.0831249952316284,1754377600
2009-03-02,0.8914510011672974,0.984375,1.0518749952316284,0.9768750071525574,1.0399999618530273,2104496000
2009-03-03,0.8733393549919128,0.9643750190734863,1.013124942779541,0.9549999833106995,1.0106250047683716,2056968000
2009-03-04,0.9163553714752197,1.011875033378601,1.0449999570846558,0.9775000214576721,1.0012500286102295,2175166400
2009-03-05,0.8427751660346985,0.9306250214576721,0.9887499809265137,0.9131249785423279,0.9681249856948853,2018292800
2009-03-06,0.8410770297050476,0.9287499785423279,0.9750000238418579,0.8849999904632568,0.9468749761581421,2255283200
2009-03-09,0.8229652643203735,0.9087499976158142,0.9631249904632568,0.8999999761581421,0.9075000286102295,2090297600
2009-03-10,0.9231472015380859,1.019374966621399,1.0237499475479126,0.9449999928474426,0.9487500190734863,1962892800
2009-03-11,0.9322031736373901,1.0293749570846558,1.0643750429153442,1.0106250047683716,1.043125033378601,1775206400
2009-03-12,1.0069154500961304,1.111875057220459,1.1206250190734863,1.013124942779541,1.0318750143051147,1801273600
2009-03-13,1.023329496383667,1.1299999952316284,1.1399999856948853,1.0906250476837158,1.128749966621399,1775052800
2009-03-16,1.0193673372268677,1.1256250143051147,1.1868749856948853,1.1218750476837158,1.15625,1438868800
2009-03-17,1.080495834350586,1.1931250095367432,1.1962499618530273,1.1124999523162842,1.1299999952316284,1270507200
2009-03-18,1.125775933265686,1.2431249618530273,1.277500033378601,1.1593749523162842,1.181249976158142,2106748800
2009-03-19,1.0991735458374023,1.2137500047683716,1.28125,1.2074999809265137,1.2806249856948853,1498734400
2009-03-20,1.0538935661315918,1.1637500524520874,1.230625033378601,1.1581250429153442,1.2274999618530273,1340468800
2009-03-23,1.2044495344161987,1.3300000429153442,1.3300000429153442,1.2156250476837158,1.2262500524520874,1631705600
2009-03-24,1.1582560539245605,1.2725000381469727,1.3300000429153442,1.2706249952316284,1.2949999570846558,1414400000
2009-03-25,1.177597999572754,1.2937500476837158,1.340000033378601,1.225000023841858,1.293125033378601,2077961600
2009-03-26,1.2299360036849976,1.3512500524520874,1.3574999570846558,1.2999999523162842,1.3250000476837158,1773630400
2009-03-27,1.1844245195388794,1.3012499809265137,1.331874966621399,1.2937500476837158,1.3156249523162842,1235843200
2009-03-30,1.1025052070617676,1.2112499475479126,1.2456250190734863,1.1868749856948853,1.2431249618530273,1580067200
2009-03-31,1.1224161386489868,1.2331249713897705,1.2831250429153442,1.2206250429153442,1.2356250286102295,1230745600
2009-04-01,1.1656514406204224,1.2806249856948853,1.293125033378601,1.1974999904632568,1.2037500143051147,1337145600
2009-04-02,1.2322115898132324,1.3537499904632568,1.3949999809265137,1.3362499475479126,1.3481249809265137,1828750400
2009-04-03,1.258380651473999,1.3825000524520874,1.3837499618530273,1.3331249952316284,1.359375,1195748800
2009-04-06,1.2401759624481201,1.3624999523162842,1.3693749904632568,1.3200000524520874,1.3537499904632568,1013211200
2009-04-07,1.181580662727356,1.2981250286102295,1.3312499523162842,1.2949999570846558,1.318750023841858,1081884800
2009-04-08,1.2077494859695435,1.3268749713897705,1.3393750190734863,1.2962499856948853,1.3118749856948853,1077179200
2009-04-09,1.30275297164917,1.431249976158142,1.431249976158142,1.3849999904632568,1.3962500095367432,1182724800
2009-04-13,1.3090109825134277,1.4381250143051147,1.4574999809265137,1.3925000429153442,1.4018750190734863,918995200
2009-04-14,1.261793851852417,1.3862500190734863,1.4306249618530273,1.375,1.4068750143051147,1009704000
2009-04-15,1.287393569946289,1.4143749475479126,1.4175000190734863,1.3587499856948853,1.3668750524520874,956043200
2009-04-16,1.3272151947021484,1.4581249952316284,1.475000023841858,1.3975000381469727,1.4343750476837158,985004800
2009-04-17,1.3403003215789795,1.472499966621399,1.4931249618530273,1.4418749809265137,1.4656250476837158,915382400
2009-04-20,1.2276606559753418,1.3487499952316284,1.4249999523162842,1.347499966621399,1.421875,925228800
2009-04-21,1.2765848636627197,1.402500033378601,1.4043749570846558,1.328125,1.3300000429153442,858062400
2009-04-22,1.261793851852417,1.3862500190734863,1.4443750381469727,1.3700000047683716,1.3768750429153442,1048620800
2009-04-23,1.2845494747161865,1.4112499952316284,1.4137500524520874,1.355625033378601,1.3918750286102295,895142400
2009-04-24,1.3243716955184937,1.4550000429153442,1.4768749475479126,1.4231250286102295,1.433750033378601,987907200
2009-04-27,1.2987715005874634,1.4268749952316284,1.4668749570846558,1.4175000190734863,1.4225000143051147,841184000
2009-04-28,1.290238618850708,1.4175000190734863,1.4524999856948853,1.3918750286102295,1.3993749618530273,835161600
2009-04-29,1.3454203605651855,1.478124976158142,1.5106250047683716,1.4418749809265137,1.4487500190734863,884516800
2009-04-30,1.3505403995513916,1.4837499856948853,1.533750057220459,1.4637500047683716,1.5187499523162842,986793600
2009-05-01,1.3636244535446167,1.4981249570846558,1.5056250095367432,1.4562499523162842,1.481874942779541,659128000
2009-05-04,1.4546465873718262,1.5981249809265137,1.5993750095367432,1.5125000476837158,1.518125057220459,828507200
2009-05-05,1.4421309232711792,1.584375023841858,1.5987499952316284,1.5606249570846558,1.5868749618530273,773888000
2009-05-06,1.4910551309585571,1.638124942779541,1.643125057220459,1.5881249904632568,1.625,1023332800
2009-05-07,1.455784559249878,1.5993750095367432,1.6775000095367432,1.574375033378601,1.6725000143051147,1082046400
2009-05-08,1.5206379890441895,1.6706249713897705,1.6775000095367432,1.615625023841858,1.636875033378601,929334400
2009-05-11,1.4637486934661865,1.6081249713897705,1.638124942779541,1.600000023841858,1.6231249570846558,667251200
2009-05-12,1.4500958919525146,1.5931249856948853,1.627500057220459,1.5575000047683716,1.6218750476837158,962782400
2009-05-13,1.384104609489441,1.5206249952316284,1.5637500286102295,1.5106250047683716,1.5537500381469727,927612800
2009-05-14,1.403446912765503,1.5418750047683716,1.565000057220459,1.5099999904632568,1.519374966621399,857288000
2009-05-15,1.3795536756515503,1.515625,1.5612499713897705,1.497499942779541,1.5399999618530273,911048000
2009-05-18,1.460904598236084,1.6050000190734863,1.6050000190734863,1.5393749475479126,1.5449999570846558,648340800
2009-05-19,1.455215334892273,1.5987499952316284,1.628749966621399,1.5887500047683716,1.6012500524520874,742608000
2009-05-20,1.4370113611221313,1.5787500143051147,1.6581250429153442,1.5737500190734863,1.6281249523162842,922542400
2009-05-21,1.39320707321167,1.5306249856948853,1.553125023841858,1.5,1.540624976158142,998593600
2009-05-22,1.3886560201644897,1.5256249904632568,1.5593750476837158,1.5143749713897705,1.540624976158142,633590400
2009-05-26,1.462042212486267,1.6062500476837158,1.6124999523162842,1.5,1.5031249523162842,794278400
2009-05-27,1.4079982042312622,1.546875,1.6193749904632568,1.5412499904632568,1.6087499856948853,786368000
2009-05-28,1.4466824531555176,1.5893750190734863,1.6037499904632568,1.5262500047683716,1.5737500190734863,1013523200
2009-05-29,1.5018638372421265,1.649999976158142,1.65625,1.5812499523162842,1.6062500476837158,766052800
2009-06-01,1.5701308250427246,1.725000023841858,1.7393749952316284,1.6775000095367432,1.6862499713897705,712065600
2009-06-02,1.5769578218460083,1.7324999570846558,1.747499942779541,1.703125,1.7112499475479126,696352000
2009-06-03,1.5331530570983887,1.6843750476837158,1.7018749713897705,1.652500033378601,1.6987500190734863,677555200
2009-06-04,1.5615979433059692,1.7156250476837158,1.7200000286102295,1.671875,1.6974999904632568,635092800
2009-06-05,1.56330406665802,1.7174999713897705,1.7575000524520874,1.6893750429153442,1.7518750429153442,955083200
2009-06-08,1.5507893562316895,1.7037500143051147,1.736875057220459,1.662500023841858,1.690000057220459,758585600
2009-06-09,1.5627351999282837,1.7168749570846558,1.7374999523162842,1.6981250047683716,1.7231249809265137,655924800
2009-06-10,1.5576152801513672,1.7112499475479126,1.75,1.668125033378601,1.7493749856948853,943580800
2009-06-11,1.5712690353393555,1.7262500524520874,1.7731250524520874,1.71875,1.71875,732168000
2009-06-12,1.5815092325210571,1.7374999523162842,1.7374999523162842,1.6962499618530273,1.7118749618530273,538772800
2009-06-15,1.5041402578353882,1.652500033378601,1.6962499618530273,1.6387499570846558,1.6950000524520874,805513600
2009-06-16,1.4671624898910522,1.611875057220459,1.6699999570846558,1.609375,1.668125033378601,681809600
2009-06-17,1.4597667455673218,1.6037499904632568,1.6337499618530273,1.581874966621399,1.6087499856948853,689417600
2009-06-18,1.4813848733901978,1.627500057220459,1.6462500095367432,1.5968749523162842,1.611875057220459,527164800
2009-06-19,1.492193579673767,1.6393749713897705,1.665624976158142,1.6237499713897705,1.6606249809265137,535128000
2009-06-22,1.4028782844543457,1.5412499904632568,1.611875057220459,1.5412499904632568,1.6100000143051147,711291200
2009-06-23,1.4079982042312622,1.546875,1.5643750429153442,1.5293749570846558,1.550624966621399,720811200
2009-06-24,1.428321123123169,1.5637500286102295,1.5993750095367432,1.5481250286102295,1.5693750381469727,617112000
2009-06-25,1.4922584295272827,1.6337499618530273,1.6375000476837158,1.5475000143051147,1.5518749952316284,894441600
2009-06-26,1.4854084253311157,1.6262500286102295,1.6399999856948853,1.606874942779541,1.625,499667200
2009-06-29,1.5133808851242065,1.6568750143051147,1.6606249809265137,1.6181249618530273,1.6362500190734863,511075200
2009-06-30,1.4922584295272827,1.6337499618530273,1.6687500476837158,1.606874942779541,1.65625,618436800
2009-07-01,1.499679446220398,1.6418750286102295,1.6749999523162842,1.6387499570846558,1.6437499523162842,413491200
2009-07-02,1.4191874265670776,1.5537500381469727,1.6012500524520874,1.5518749952316284,1.6006250381469727,586460800
2009-07-06,1.4197582006454468,1.5543750524520874,1.556249976158142,1.5143749713897705,1.5237499475479126,453585600
2009-07-07,1.36324143409729,1.4924999475479126,1.5537500381469727,1.490625023841858,1.5499999523162842,579201600
2009-07-08,1.3615291118621826,1.490625023841858,1.518125057220459,1.4574999809265137,1.5112500190734863,781129600
2009-07-09,1.3700922727584839,1.5,1.5206249952316284,1.4874999523162842,1.5112500190734863,612950400
2009-07-10,1.3592458963394165,1.488124966621399,1.506250023841858,1.46875,1.480625033378601,521753600
2009-07-13,1.4271790981292725,1.5625,1.5625,1.4768749475479126,1.5006250143051147,566046400
2009-07-14,1.4437342882156372,1.580625057220459,1.5812499523162842,1.5481250286102295,1.5693750381469727,505473600
2009-07-15,1.5247986316680908,1.669374942779541,1.6793750524520874,1.6168750524520874,1.6200000047683716,566521600
2009-07-16,1.5522003173828125,1.699375033378601,1.7156250476837158,1.6556249856948853,1.6618750095367432,557816000
2009-07-17,1.5544836521148682,1.7018749713897705,1.7087500095367432,1.681249976158142,1.7000000476837158,439872000
2009-07-20,1.5853102207183838,1.7356250286102295,1.743749976158142,1.7043750286102295,1.7218749523162842,501836800
2009-07-21,1.601294994354248,1.7531249523162842,1.7662500143051147,1.7118749618530273,1.7643749713897705,593624000
2009-07-22,1.600724458694458,1.752500057220459,1.774999976158142,1.7293750047683716,1.7324999570846558,542569600
2009-07-23,1.6703705787658691,1.8287500143051147,1.8468749523162842,1.753749966621399,1.7556250095367432,665883200
2009-07-24,1.68863844871521,1.8487499952316284,1.8487499952316284,1.794374942779541,1.8137500286102295,466672000
2009-07-27,1.6972016096115112,1.8581249713897705,1.859375,1.8193750381469727,1.840000033378601,485884800
2009-07-28,1.687496542930603,1.847499966621399,1.8574999570846558,1.8081250190734863,1.8312499523162842,590504000
2009-07-29,1.6709413528442383,1.8293750286102295,1.8406250476837158,1.8049999475479126,1.821874976158142,597564800
2009-07-30,1.705764889717102,1.8674999475479126,1.9118750095367432,1.865625023841858,1.8756250143051147,737996800
2009-07-31,1.7080482244491577,1.8700000047683716,1.8987499475479126,1.8574999570846558,1.8681249618530273,669360000
2009-08-03,1.7662770748138428,1.933750033378601,1.9381250143051147,1.893125057220459,1.9143749475479126,602091200
2009-08-04,1.7765531539916992,1.9450000524520874,1.9512499570846558,1.909999966621399,1.918125033378601,545542400
2009-08-05,1.7668482065200806,1.9343750476837158,1.9512499570846558,1.9018750190734863,1.9481250047683716,565097600
2009-08-06,1.7491507530212402,1.9149999618530273,1.9574999809265137,1.8962500095367432,1.9518749713897705,518768000
2009-08-07,1.792536973953247,1.962499976158142,1.996250033378601,1.933750033378601,1.9550000429153442,642681600
2009-08-10,1.783974051475525,1.953125,1.9643750190734863,1.928125023841858,1.9474999904632568,494056000
2009-08-11,1.738875389099121,1.903749942779541,1.9418749809265137,1.896875023841858,1.9387500286102295,561656000
2009-08-12,1.777124285697937,1.9456249475479126,1.9768749475479126,1.8993749618530273,1.9006249904632568,570401600
2009-08-13,1.8056672811508179,1.9768749475479126,1.9793750047683716,1.9268749952316284,1.9656250476837158,560739200
2009-08-14,1.7799776792526245,1.9487500190734863,1.9787499904632568,1.9043749570846558,1.9768749475479126,493531200
2009-08-17,1.687496542930603,1.847499966621399,1.8756250143051147,1.84375,1.872499942779541,537676800
2009-08-18,1.718894600868225,1.8818750381469727,1.893125057220459,1.853124976158142,1.8600000143051147,446080000
2009-08-19,1.7485800981521606,1.9143749475479126,1.925624966621399,1.847499966621399,1.8512500524520874,502048000
2009-08-20,1.7851155996322632,1.9543750286102295,1.9618749618530273,1.909999966621399,1.9187500476837158,444144000
2009-08-21,1.8496243953704834,2.0250000953674316,2.036250114440918,1.9768749475479126,1.9850000143051147,516120000
2009-08-24,1.8541913032531738,2.0299999713897705,2.068125009536743,2.0143749713897705,2.0456249713897705,575768000
2009-08-25,1.8593288660049438,2.0356249809265137,2.077500104904175,2.028125047683716,2.046250104904175,587142400
2009-08-26,1.8598994016647339,2.036250114440918,2.0562500953674316,2.010624885559082,2.0250000953674316,486801600
2009-08-27,1.8701754808425903,2.047499895095825,2.0587499141693115,1.9887499809265137,2.0325000286102295,464705600
2009-08-28,1.863325595855713,2.0399999618530273,2.083750009536743,2.0168750286102295,2.078749895095825,487398400
2009-08-31,1.834210991859436,2.008125066757202,2.012500047683716,1.9824999570846558,2.005000114440918,417595200
2009-09-01,1.7525761127471924,1.9187500476837158,2.039375066757202,1.9118750095367432,1.9900000095367432,792246400
2009-09-02,1.7394461631774902,1.9043749570846558,1.9293750524520874,1.8956249952316284,1.9043749570846558,489675200
2009-09-03,1.7674188613891602,1.934999942779541,1.9406249523162842,1.8962500095367432,1.9262499809265137,331798400
2009-09-04,1.8176559209823608,1.9900000095367432,1.9918750524520874,1.9325000047683716,1.9443750381469727,353544000
2009-09-08,1.8490530252456665,2.0243749618530273,2.0299999713897705,2.0037500858306885,2.0293750762939453,320121600
2009-09-09,1.878167986869812,2.0562500953674316,2.070625066757202,2.0199999809265137,2.031874895095825,372560000
2009-09-10,1.914133071899414,2.0956249237060547,2.101875066757202,2.036250114440918,2.0606250762939453,369859200
2009-09-11,1.9147034883499146,2.096250057220459,2.1187500953674316,2.078125,2.1050000190734863,388444800
2009-09-14,1.9369679689407349,2.1206250190734863,2.125,2.0625,2.063124895095825,299040000
2009-09-15,1.948385238647461,2.133125066757202,2.1518750190734863,2.0975000858306885,2.1268749237060547,385998400
2009-09-16,2.0077550411224365,2.198124885559082,2.200624942779541,2.1362500190734863,2.1524999141693115,396836800
2009-09-17,2.003758668899536,2.1937499046325684,2.231250047683716,2.169374942779541,2.1943750381469727,541129600
2009-09-18,2.006042242050171,2.1962499618530273,2.2143750190734863,2.181874990463257,2.213749885559082,357958400
2009-09-21,1.9980499744415283,2.1875,2.1968750953674316,2.153125047683716,2.1624999046325684,298067200
2009-09-22,2.0186026096343994,2.2100000381469727,2.223750114440918,2.1918749809265137,2.211250066757202,304681600
2009-09-23,1.9872044324874878,2.1756250858306885,2.25,2.166249990463257,2.221250057220459,434408000
2009-09-24,1.9414160251617432,2.119999885559082,2.188124895095825,2.1024999618530273,2.1781249046325684,486377600
2009-09-25,1.9231010675430298,2.0999999046325684,2.1343750953674316,2.083750009536743,2.111875057220459,414358400
2009-09-28,1.9877772331237793,2.1706249713897705,2.1812500953674316,2.1131250858306885,2.114375114440918,303800000
2009-09-29,1.9763293266296387,2.1581249237060547,2.2012500762939453,2.150624990463257,2.179374933242798,404912000
2009-09-30,1.964309573173523,2.1449999809265137,2.1781249046325684,2.103749990463257,2.174375057220459,571089600
2009-10-01,1.8664374351501465,2.0381250381469727,2.1337499618530273,2.036250114440918,2.1337499618530273,578564800
2009-10-02,1.849267601966858,2.0193750858306885,2.041874885559082,1.997499942779541,2.0,491320000
2009-10-05,1.9013515710830688,2.0762500762939453,2.0893750190734863,2.0218749046325684,2.033750057220459,382225600
2009-10-06,1.9562970399856567,2.1362500190734863,2.161875009536743,2.1056249141693115,2.1081249713897705,462142400
2009-10-07,1.9683160781860352,2.1493749618530273,2.153125047683716,2.119999885559082,2.1287500858306885,366286400
2009-10-08,1.999224066734314,2.1831250190734863,2.2049999237060547,2.163749933242798,2.1812500953674316,416350400
2009-10-09,2.020400047302246,2.206249952316284,2.2074999809265137,2.171875,2.1831250190734863,277209600
2009-10-12,2.039287805557251,2.226875066757202,2.2431249618530273,2.208750009536743,2.228749990463257,238060800
2009-10-13,2.031848430633545,2.21875,2.224375009536743,2.1875,2.2143750190734863,308518400
2009-10-14,2.099386215209961,2.2925000190734863,2.297499895095825,2.249375104904175,2.268125057220459,393000000
2009-10-15,2.1119773387908936,2.3062500953674316,2.3087499141693115,2.268749952316284,2.270625114440918,331956800
2009-10-16,2.082214832305908,2.273750066757202,2.2906250953674316,2.246875047683716,2.2718749046325684,422942400
2009-10-19,2.117128849029541,2.311875104904175,2.3262500762939453,2.268125057220459,2.281874895095825,341246400
2009-10-20,2.096524238586426,2.289375066757202,2.319999933242798,2.265000104904175,2.3187499046325684,366598400
2009-10-21,2.0570309162139893,2.2462499141693115,2.333750009536743,2.2431249618530273,2.2793750762939453,418147200
2009-10-22,2.095951557159424,2.288749933242798,2.3062500953674316,2.215625047683716,2.2437500953674316,433270400
2009-10-23,2.0530245304107666,2.241874933242798,2.309375047683716,2.221250057220459,2.306874990463257,568136000
2009-10-26,2.0060930252075195,2.190624952316284,2.2899999618530273,2.1787500381469727,2.244374990463257,588038400
2009-10-27,1.987204909324646,2.1700000762939453,2.210624933242798,2.1600000858306885,2.1962499618530273,614497600
2009-10-28,1.9139430522918701,2.0899999141693115,2.1731250286102295,2.086250066757202,2.158750057220459,735529600
2009-10-29,1.9929285049438477,2.1762499809265137,2.1856250762939453,2.109999895095825,2.1187500953674316,524916800
2009-10-30,1.880175232887268,2.0531249046325684,2.1756250858306885,2.046875,2.1649999618530273,970713600
2009-11-02,1.9065033197402954,2.0818750858306885,2.124375104904175,2.03125,2.073124885559082,837361600
2009-11-03,1.9162330627441406,2.0924999713897705,2.0999999046325684,2.049999952316284,2.056874990463257,601336000
2009-11-04,1.9248186349868774,2.101875066757202,2.161250114440918,2.094374895095825,2.1293749809265137,613766400
2009-11-05,1.9975067377090454,2.1812500953674316,2.182499885559082,2.1262500286102295,2.1362500190734863,362982400
2009-11-06,2.0089526176452637,2.1937499046325684,2.2043750286102295,2.1493749618530273,2.156874895095825,447657600
2009-11-09,2.101102352142334,2.294374942779541,2.2950000762939453,2.224375009536743,2.2281250953674316,310096000
2009-11-10,2.101102352142334,2.294374942779541,2.309375047683716,2.2693750858306885,2.2831249237060547,366795200
2009-11-11,2.122279644012451,2.317500114440918,2.346250057220459,2.296875,2.325624942779541,457742400
2009-11-12,2.0793535709381104,2.270625114440918,2.336250066757202,2.2593750953674316,2.3106250762939453,470067200
2009-11-13,2.102247476577759,2.2956249713897705,2.315000057220459,2.2593750953674316,2.2831249237060547,369344000
2009-11-16,2.1629157066345215,2.361875057220459,2.3818750381469727,2.325000047683716,2.3268749713897705,373990400
2009-11-17,2.1674938201904297,2.366874933242798,2.369374990463257,2.3318750858306885,2.3499999046325684,323401600
2009-11-18,2.166351556777954,2.3656249046325684,2.371875047683716,2.335624933242798,2.364375114440918,304929600
2009-11-19,2.1091148853302,2.3031249046325684,2.333750009536743,2.2743749618530273,2.3318750858306885,435446400
2009-11-20,2.095951557159424,2.288749933242798,2.3006250858306885,2.268749952316284,2.278125047683716,288409600
2009-11-23,2.150325059890747,2.3481249809265137,2.377500057220459,2.3350000381469727,2.340625047683716,361545600
2009-11-24,2.152613878250122,2.3506250381469727,2.3575000762939453,2.3112499713897705,2.3506250381469727,318281600
2009-11-25,2.1674938201904297,2.366874933242798,2.3731250762939453,2.344374895095825,2.3581249713897705,215144000
2009-11-27,2.0982396602630615,2.291249990463257,2.322499990463257,2.2356250286102295,2.2412500381469727,327657600
2009-11-30,2.1119773387908936,2.3062500953674316,2.3143749237060547,2.2668750286102295,2.2874999046325684,395168000
2009-12-01,2.1600546836853027,2.358750104904175,2.378124952316284,2.338749885559082,2.3475000858306885,304857600
2009-12-02,2.1634883880615234,2.362499952316284,2.393125057220459,2.346874952316284,2.3606250286102295,286870400
2009-12-03,2.129147529602051,2.325000047683716,2.4000000953674316,2.319999933242798,2.3737499713897705,381244800
2009-12-04,2.1520416736602783,2.3499999046325684,2.4081249237060547,2.309375047683716,2.3862500190734863,611072000
2009-12-07,2.144028902053833,2.341249942779541,2.371875047683716,2.328125,2.346874952316284,295017600
2009-12-08,2.099386215209961,2.2925000190734863,2.318125009536743,2.2768750190734863,2.3106250762939453,350894400
2009-12-09,2.1125495433807373,2.306874990463257,2.315000057220459,2.266249895095825,2.2899999618530273,367968000
2009-12-10,2.1365883350372314,2.333125114440918,2.354374885559082,2.3262500762939453,2.3368749618530273,280844800
2009-12-11,2.1566200256347656,2.3550000190734863,2.3637499809265137,2.3324999809265137,2.353749990463257,259000000
2009-12-14,2.1846654415130615,2.385624885559082,2.390625,2.364375114440918,2.385624885559082,199942400
2009-12-15,2.1640615463256836,2.3631250858306885,2.387500047683716,2.3481249809265137,2.3687500953674316,206608000
2009-12-16,2.171501398086548,2.3712499141693115,2.3968749046325684,2.359999895095825,2.383125066757202,241744000
2009-12-17,2.119417667388916,2.3143749237060547,2.3450000286102295,2.309375047683716,2.336250066757202,269662400
2009-12-18,2.142310857772827,2.3393750190734863,2.343125104904175,2.299999952316284,2.338749885559082,256832000
2009-12-21,2.182948589324951,2.3837499618530273,2.4018750190734863,2.362499952316284,2.362499952316284,195284800
2009-12-22,2.2006916999816895,2.403125047683716,2.4131250381469727,2.390625,2.3975000381469727,172755200
2009-12-23,2.210366725921631,2.4131250381469727,2.419374942779541,2.393125057220459,2.414375066757202,147361600
2009-12-24,2.234410524368286,2.4393749237060547,2.440624952316284,2.422499895095825,2.4237499237060547,52748800
2009-12-28,2.240708827972412,2.4462499618530273,2.4568750858306885,2.4281249046325684,2.4543750286102295,104827200
2009-12-29,2.2361292839050293,2.4412500858306885,2.4574999809265137,2.4375,2.455625057220459,112488000
2009-12-30,2.2304036617279053,2.434999942779541,2.440624952316284,2.4206249713897705,2.422499895095825,113265600
2009-12-31,2.1891846656799316,2.390000104904175,2.4468750953674316,2.388124942779541,2.4468750953674316,135121600
2010-01-04,2.259601354598999,2.4668750762939453,2.471874952316284,2.4287500381469727,2.4287500381469727,175697600
2010-01-05,2.2744853496551514,2.4831249713897705,2.484375,2.444999933242798,2.4668750762939453,155121600
2010-01-06,2.2762038707733154,2.484999895095825,2.497499942779541,2.4731249809265137,2.4774999618530273,169998400
2010-01-07,2.2950942516326904,2.505625009536743,2.5118749141693115,2.4625000953674316,2.476875066757202,182819200
2010-01-08,2.3111252784729004,2.523124933242798,2.5250000953674316,2.4825000762939453,2.492500066757202,164000000
2010-01-11,2.3185670375823975,2.53125,2.5481250286102295,2.5087499618530273,2.5456249713897705,211537600
2010-01-12,2.2750580310821533,2.483750104904175,2.507499933242798,2.463749885559082,2.4956250190734863,307198400
2010-01-13,2.311697244644165,2.523750066757202,2.538749933242798,2.4706249237060547,2.494999885559082,240659200
2010-01-14,2.324864625930786,2.5381250381469727,2.546875,2.515625,2.5174999237060547,165747200
2010-01-15,2.2739133834838867,2.4825000762939453,2.5356249809265137,2.4625000953674316,2.5293750762939453,313502400
2010-01-19,2.3300158977508545,2.543750047683716,2.546250104904175,2.4781250953674316,2.4781250953674316,194171200
2010-01-20,2.281355381011963,2.4906249046325684,2.5093750953674316,2.4518749713897705,2.508125066757202,375145600
2010-01-21,2.194337844848633,2.395625114440918,2.508125066757202,2.3893749713897705,2.4931249618530273,589192000
2010-01-22,2.098731517791748,2.291249990463257,2.3924999237060547,2.2850000858306885,2.375624895095825,680384000
2010-01-25,2.1164801120758057,2.3106250762939453,2.338749885559082,2.297499895095825,2.331249952316284,354564800
2010-01-26,2.0993051528930664,2.291874885559082,2.340625047683716,2.28125,2.2931249141693115,339297600
2010-01-27,2.1193413734436035,2.3137500286102295,2.3243749141693115,2.2512500286102295,2.2874999046325684,566857600
2010-01-28,2.0706803798675537,2.260624885559082,2.3318750858306885,2.233750104904175,2.3299999237060547,695964800
2010-01-29,2.024881601333618,2.210624933242798,2.311875104904175,2.2043750286102295,2.280625104904175,601084800
2010-02-01,2.086709976196289,2.278125047683716,2.280625104904175,2.240000009536743,2.244374990463257,376672000
2010-02-02,2.1382336616516113,2.3343749046325684,2.344374895095825,2.2725000381469727,2.2881250381469727,368198400
2010-02-03,2.1176252365112305,2.311875104904175,2.3368749618530273,2.2987499237060547,2.313124895095825,331036800
2010-02-04,1.9882432222366333,2.1706249713897705,2.278749942779541,2.168750047683716,2.275624990463257,755452800
2010-02-05,1.998548150062561,2.181874990463257,2.188124895095825,2.093125104904175,2.1762499809265137,904494400
2010-02-08,1.9664876461029053,2.1468749046325684,2.2049999237060547,2.1424999237060547,2.1787500381469727,457404800
2010-02-09,2.0145769119262695,2.1993749141693115,2.237499952316284,2.161875009536743,2.197499990463257,635508800
2010-02-10,2.0059900283813477,2.190000057220459,2.216249942779541,2.1543750762939453,2.1937499046325684,454240000
2010-02-11,2.047208786010742,2.234999895095825,2.241874933242798,2.1600000858306885,2.184999942779541,402220800
2010-02-12,2.044346332550049,2.231874942779541,2.234375,2.1706249713897705,2.1893749237060547,493745600
2010-02-16,2.1090359687805176,2.302500009536743,2.307499885559082,2.249375104904175,2.2668750286102295,261656000
2010-02-17,2.1290740966796875,2.3243749141693115,2.331249952316284,2.3037500381469727,2.3243749141693115,262382400
2010-02-18,2.1548359394073486,2.3524999618530273,2.361875057220459,2.315624952316284,2.317500114440918,238908800
2010-02-19,2.166285991668701,2.365000009536743,2.3812499046325684,2.3293750286102295,2.3393750190734863,305593600
2010-02-22,2.1639955043792725,2.362499952316284,2.3812499046325684,2.349375009536743,2.3793749809265137,217683200
2010-02-23,2.113044500350952,2.306874990463257,2.365000009536743,2.293750047683716,2.3506250381469727,340708800
2010-02-24,2.1491105556488037,2.346250057220459,2.3550000190734863,2.307499885559082,2.3193750381469727,255300800
2010-02-25,2.145676374435425,2.3424999713897705,2.34375,2.268125057220459,2.280625104904175,394054400
2010-02-26,2.1485390663146973,2.3456249237060547,2.359999895095825,2.317500114440918,2.3450000286102295,227164800
2010-03-01,2.191474199295044,2.3924999237060547,2.398124933242798,2.362499952316284,2.3637499809265137,180302400
2010-03-02,2.2023532390594482,2.4043750762939453,2.430000066757202,2.3975000381469727,2.414375066757202,199028800
2010-03-03,2.2075045108795166,2.4100000858306885,2.4387500286102295,2.398750066757202,2.419374942779541,220256000
2010-03-04,2.219526767730713,2.4231250286102295,2.4312500953674316,2.3993749618530273,2.4181249141693115,177030400
2010-03-05,2.284789800643921,2.494374990463257,2.4981250762939453,2.4443750381469727,2.4568750858306885,200440000
2010-03-08,2.285362482070923,2.494999885559082,2.5062499046325684,2.486875057220459,2.4956250190734863,126064000
2010-03-09,2.2922329902648926,2.502500057220459,2.526249885559082,2.4774999618530273,2.478749990463257,214513600
2010-03-10,2.312269687652588,2.5243749618530273,2.538749933242798,2.5012500286102295,2.5062499046325684,245814400
2010-03-11,2.3323068618774414,2.546250104904175,2.547499895095825,2.497499942779541,2.515000104904175,190611200
2010-03-12,2.3323068618774414,2.546250104904175,2.5693750381469727,2.5331249237060547,2.5687499046325684,216451200
2010-03-15,2.334023952484131,2.5481250286102295,2.552500009536743,2.5093750953674316,2.538749933242798,167905600
2010-03-16,2.3712356090545654,2.588749885559082,2.59375,2.5481250286102295,2.5625,233480000
2010-03-17,2.399287223815918,2.619374990463257,2.6362500190734863,2.6024999618530273,2.6056249141693115,172232000
2010-03-18,2.3969979286193848,2.616874933242798,2.627500057220459,2.596874952316284,2.6212499141693115,156464000
2010-03-19,2.372953414916992,2.590625047683716,2.634999990463257,2.570625066757202,2.590625047683716,200758400
2010-03-22,2.3969979286193848,2.616874933242798,2.6268749237060547,2.557499885559082,2.5606250762939453,163569600
2010-03-23,2.431919574737549,2.6549999713897705,2.659374952316284,2.6081249713897705,2.624375104904175,194536000
2010-03-24,2.4086434841156006,2.619374990463257,2.6418750286102295,2.6081249713897705,2.625624895095825,210091200
2010-03-25,2.398298978805542,2.6081249713897705,2.6756250858306885,2.604374885559082,2.655625104904175,237980800
2010-03-26,2.400596857070923,2.6106250286102295,2.645625114440918,2.586250066757202,2.6231250762939453,229345600
2010-03-29,2.4258854389190674,2.638124942779541,2.6493749618530273,2.624375104904175,2.6343750953674316,164675200
2010-03-30,2.430482864379883,2.643125057220459,2.6624999046325684,2.6206250190734863,2.646250009536743,170462400
2010-03-31,2.414390802383423,2.625624895095825,2.648750066757202,2.6075000762939453,2.621875047683716,198086400
2010-04-01,2.4465749263763428,2.6606249809265137,2.6812500953674316,2.630000114440918,2.658750057220459,223744000
2010-04-05,2.48622989654541,2.703749895095825,2.708125114440918,2.666874885559082,2.681874990463257,114694400
2010-04-06,2.4982995986938477,2.7168750762939453,2.726875066757202,2.6831250190734863,2.6893749237060547,130380800
2010-04-07,2.471287488937378,2.6875,2.719374895095825,2.661250114440918,2.705625057220459,234609600
2010-04-08,2.48622989654541,2.703749895095825,2.713749885559082,2.6518750190734863,2.6681249141693115,208628800
2010-04-09,2.5189900398254395,2.739375114440918,2.742500066757202,2.706249952316284,2.715625047683716,207384000
2010-04-12,2.528184413909912,2.749375104904175,2.762500047683716,2.7406249046325684,2.7462499141693115,173299200
2010-04-13,2.53220796585083,2.7537500858306885,2.7618749141693115,2.7143750190734863,2.7437500953674316,188694400
2010-04-14,2.5879557132720947,2.8143749237060547,2.815000057220459,2.7643749713897705,2.773124933242798,188384000
2010-04-15,2.593127727508545,2.819999933242798,2.831249952316284,2.804374933242798,2.8056249618530273,166507200
2010-04-16,2.5120933055877686,2.731874942779541,2.809375047683716,2.702500104904175,2.8006250858306885,582284800
2010-04-19,2.5299088954925537,2.7512500286102295,2.755000114440918,2.6893749237060547,2.713749885559082,339075200
2010-04-20,2.5730130672454834,2.7981250286102295,2.8037500381469727,2.7674999237060547,2.7856249809265137,188649600
2010-04-21,2.5632424354553223,2.7874999046325684,2.815000057220459,2.758125066757202,2.801875114440918,250211200
2010-04-22,2.5787603855133057,2.804374933242798,2.811875104904175,2.7174999713897705,2.75,335443200
2010-04-23,2.6109445095062256,2.8393750190734863,2.84375,2.7874999046325684,2.8012499809265137,243912000
2010-04-26,2.5925536155700684,2.8193750381469727,2.856250047683716,2.815000057220459,2.844374895095825,218092800
2010-04-27,2.471287488937378,2.6875,2.8168749809265137,2.676875114440918,2.7874999046325684,552940800
2010-04-28,2.505770683288574,2.7249999046325684,2.7412500381469727,2.6781249046325684,2.713749885559082,431100800
2010-04-29,2.5672647953033447,2.791874885559082,2.8062500953674316,2.7593750953674316,2.7618749141693115,222424000
2010-04-30,2.4822075366973877,2.6993749141693115,2.802500009536743,2.698124885559082,2.794374942779541,350091200
2010-05-03,2.5494489669799805,2.7725000381469727,2.784374952316284,2.718125104904175,2.726249933242798,227897600
2010-05-04,2.4276087284088135,2.640000104904175,2.708750009536743,2.612499952316284,2.708750009536743,569996800
2010-05-05,2.395998954772949,2.6056249141693115,2.6518750190734863,2.569999933242798,2.5956249237060547,499790400
2010-05-06,2.23565411567688,2.4312500953674316,2.6162500381469727,2.1031250953674316,2.5843749046325684,987075200
2010-05-07,2.171283483505249,2.3612499237060547,2.4700000286102295,2.2881250381469727,2.421250104904175,864512000
2010-05-10,2.362091064453125,2.5687499046325684,2.590625047683716,2.516249895095825,2.554374933242798,491921600
2010-05-11,2.347723960876465,2.5531249046325684,2.621875047683716,2.5137500762939453,2.521250009536743,410360000
2010-05-12,2.414390802383423,2.625624895095825,2.632499933242798,2.565624952316284,2.575624942779541,310897600
2010-05-13,2.3546195030212402,2.5606250762939453,2.6362500190734863,2.5556249618530273,2.612499952316284,346604800
2010-05-14,2.270137310028076,2.46875,2.53125,2.4237499237060547,2.5225000381469727,561172800
2010-05-17,2.271859884262085,2.4706249237060547,2.494999885559082,2.3762500286102295,2.481874942779541,482307200
2010-05-18,2.2103655338287354,2.403749942779541,2.525624990463257,2.3868749141693115,2.5112500190734863,557113600
2010-05-19,2.185652017593384,2.3768749237060547,2.418750047683716,2.3162500858306885,2.375624895095825,706148800
2010-05-20,2.018409490585327,2.194999933242798,2.2956249713897705,2.192500114440918,2.2743749618530273,991745600
2010-05-21,2.077605724334717,2.2593750953674316,2.270625114440918,2.117500066757202,2.130000114440918,799622400
2010-05-24,2.0241565704345703,2.2012500762939453,2.270625114440918,2.197499990463257,2.234999895095825,478460800
2010-05-25,2.028754949569702,2.206249952316284,2.2074999809265137,2.065000057220459,2.094374895095825,773075200
2010-05-26,2.0017433166503906,2.176875114440918,2.273124933242798,2.1656250953674316,2.231874942779541,580707200
2010-05-27,2.137950897216797,2.325000047683716,2.325624942779541,2.2437500953674316,2.262500047683716,406563200
2010-05-28,2.0827786922454834,2.265000104904175,2.320625066757202,2.244374990463257,2.3193750381469727,506364800
2010-06-01,2.012661933898926,2.1887500286102295,2.289375066757202,2.1831250190734863,2.223750114440918,472126400
2010-06-02,2.1161117553710938,2.3012499809265137,2.3031249046325684,2.192500114440918,2.2118749618530273,399776000
2010-06-03,2.135653018951416,2.322499990463257,2.333125114440918,2.273124933242798,2.317500114440918,375427200
2010-06-04,1.986800193786621,2.1606249809265137,2.2612500190734863,2.141249895095825,2.2306249141693115,652734400
2010-06-07,1.9322019815444946,2.101249933242798,2.1875,2.0981249809265137,2.171875,374614400
2010-06-08,1.9724324941635132,2.1449999809265137,2.155625104904175,2.068125009536743,2.1056249141693115,641145600
2010-06-09,1.9523179531097412,2.1231250762939453,2.213124990463257,2.1081249713897705,2.171875,452224000
2010-06-10,2.068410873413086,2.249375104904175,2.252500057220459,2.1893749237060547,2.198124885559082,427062400
2010-06-11,2.087376356124878,2.2699999809265137,2.273124933242798,2.2049999237060547,2.2068750858306885,346097600
2010-06-14,2.08335280418396,2.265625,2.3293750286102295,2.258125066757202,2.305000066757202,345632000
2010-06-15,2.176456928253174,2.366874933242798,2.3687500953674316,2.286875009536743,2.294374942779541,273830400
2010-06-16,2.1741578578948975,2.364375114440918,2.383125066757202,2.3318750858306885,2.341249942779541,289275200
2010-06-17,2.1804802417755127,2.3712499141693115,2.380000114440918,2.325000047683716,2.3787500858306885,324030400
2010-06-18,2.1845035552978516,2.375624895095825,2.393125057220459,2.3612499237060547,2.3812499046325684,174400000
2010-06-21,2.172434091567993,2.362499952316284,2.4393749237060547,2.3368749618530273,2.4356250762939453,361883200
2010-06-22,2.101074457168579,2.2799999713897705,2.378124952316284,2.273124933242798,2.358750104904175,370942400
2010-06-23,2.0866751670837402,2.2643749713897705,2.299999952316284,2.234375,2.2825000286102295,419774400
2010-06-24,2.0187134742736816,2.190624952316284,2.2487499713897705,2.1787500381469727,2.2437500953674316,449248000
2010-06-25,2.0365681648254395,2.2100000381469727,2.2300000190734863,2.163749933242798,2.203125,346300800
2010-06-28,2.02101731300354,2.193125009536743,2.226249933242798,2.1787500381469727,2.2143750190734863,254216000
2010-06-29,1.898338794708252,2.059999942779541,2.1343750953674316,2.031874895095825,2.133125066757202,558020800
2010-06-30,1.8551427125930786,2.013124942779541,2.0850000381469727,2.005625009536743,2.046250104904175,368860800
2010-07-01,1.8470791578292847,2.0043749809265137,2.028749942779541,1.9375,2.0168750286102295,589779200
2010-07-02,1.8234654664993286,1.9787499904632568,2.0268750190734863,1.956874966621399,2.015625,380377600
2010-07-06,1.8470791578292847,2.0043749809265137,2.0625,1.9668749570846558,2.0350000858306885,414516800
2010-07-07,1.96342134475708,2.130625009536743,2.135624885559082,2.0112500190734863,2.013124942779541,348273600
2010-07-08,2.001434326171875,2.171875,2.177500009536743,2.1237499713897705,2.1656250953674316,343155200
2010-07-09,2.0308077335357666,2.203749895095825,2.2049999237060547,2.1631250381469727,2.172499895095825,230024000
2010-07-12,2.0354151725769043,2.208750009536743,2.216249942779541,2.171875,2.190624952316284,226323200
2010-07-13,2.0976176261901855,2.276249885559082,2.291874885559082,2.244999885559082,2.2537500858306885,307208000
2010-07-14,2.095890760421753,2.2743749618530273,2.291874885559082,2.241874933242798,2.259999990463257,285574400
2010-07-15,2.0976176261901855,2.276249885559082,2.2906250953674316,2.2125000953674316,2.2725000381469727,350998400
2010-07-16,1.9801241159439087,2.148750066757202,2.2537500858306885,2.141249895095825,2.250624895095825,441576000
2010-07-19,2.0048904418945312,2.1756250858306885,2.188124895095825,2.132499933242798,2.166249990463257,233272000
2010-07-20,2.0475101470947266,2.221874952316284,2.226249933242798,2.115000009536743,2.116874933242798,283596800
2010-07-21,1.996250867843628,2.166249990463257,2.2481250762939453,2.148124933242798,2.2462499141693115,409868800
2010-07-22,2.084372043609619,2.2618749141693115,2.280625104904175,2.215625047683716,2.216249942779541,334872000
2010-07-23,2.119504690170288,2.299999952316284,2.3081250190734863,2.2406249046325684,2.253124952316284,323480000
2010-07-26,2.1678848266601562,2.3524999618530273,2.3550000190734863,2.296875,2.3106250762939453,238483200
2010-07-27,2.1632776260375977,2.3475000858306885,2.380625009536743,2.331249952316284,2.375624895095825,243528000
2010-07-28,2.13620662689209,2.318125009536743,2.353749990463257,2.302500009536743,2.3393750190734863,199432000
2010-07-29,2.1148972511291504,2.2950000762939453,2.359375,2.2593750953674316,2.3475000858306885,348688000
2010-07-30,2.116048812866211,2.296250104904175,2.3193750381469727,2.2412500381469727,2.249375104904175,319848000
2010-08-02,2.20877742767334,2.3968749046325684,2.405625104904175,2.3475000858306885,2.3662500381469727,216532800
2010-08-03,2.188619613647461,2.375,2.3993749618530273,2.359999895095825,2.3862500190734863,199336000
2010-08-04,2.2174160480499268,2.40625,2.4131250381469727,2.372499942779541,2.388124942779541,236025600
2010-08-05,2.213385820388794,2.4018750190734863,2.403749942779541,2.369374990463257,2.3768749237060547,182140800
2010-08-06,2.19437837600708,2.3812499046325684,2.390000104904175,2.319999933242798,2.3531250953674316,313729600
2010-08-09,2.2179925441741943,2.406874895095825,2.4156250953674316,2.3787500858306885,2.4049999713897705,132430400
2010-08-10,2.1949543952941895,2.3818750381469727,2.40625,2.338124990463257,2.367500066757202,277190400
2010-08-11,2.074005126953125,2.250624895095825,2.3081250190734863,2.2437500953674316,2.3081250190734863,434321600
2010-08-12,2.048086404800415,2.2225000858306885,2.2387499809265137,2.1806249618530273,2.182499885559082,316886400
2010-08-13,2.0348401069641113,2.208125114440918,2.2362499237060547,2.2043750286102295,2.2093749046325684,231582400
2010-08-16,2.0348401069641113,2.208125114440918,2.221250057220459,2.163749933242798,2.180000066757202,220694400
2010-08-17,2.0820682048797607,2.2593750953674316,2.293750047683716,2.2325000762939453,2.244999885559082,217736000
2010-08-18,2.0918591022491455,2.2699999809265137,2.2931249141693115,2.233750104904175,2.2593750953674316,239969600
2010-08-19,2.019865036010742,2.1918749809265137,2.2568750381469727,2.172499895095825,2.2437500953674316,363449600
2010-08-20,2.0054664611816406,2.1762499809265137,2.1837499141693115,2.1443750858306885,2.176875114440918,260920000
2010-08-23,1.9910672903060913,2.1606249809265137,2.2174999713897705,2.1575000286102295,2.1962499618530273,221734400
2010-08-24,1.9311686754226685,2.0956249237060547,2.130000114440918,2.0737500190734863,2.111875057220459,387553600
2010-08-25,1.9444152116775513,2.109999895095825,2.1262500286102295,2.0456249713897705,2.0712499618530273,372876800
2010-08-26,1.9179211854934692,2.081249952316284,2.1362500190734863,2.0687499046325684,2.130000114440918,349740800
2010-08-27,1.9783965349197388,2.1468749046325684,2.150624990463257,2.0456249713897705,2.1081249713897705,364707200
2010-08-30,1.921952486038208,2.085624933242798,2.148750066757202,2.0843749046325684,2.135624885559082,272748800
2010-08-31,1.9202250242233276,2.083750009536743,2.1112499237060547,2.052500009536743,2.0687499046325684,408860800
2010-09-01,2.0359911918640137,2.2093749046325684,2.2143750190734863,2.138124942779541,2.140625,298230400
2010-09-02,2.073428153991699,2.25,2.25,2.2100000381469727,2.2200000286102295,200331200
2010-09-03,2.128143787384033,2.309375047683716,2.313124895095825,2.2699999809265137,2.2950000762939453,306470400
2010-09-07,2.080916404724121,2.258125066757202,2.2925000190734863,2.253124952316284,2.286250114440918,229593600
2010-09-08,2.107985019683838,2.2874999046325684,2.3062500953674316,2.2637500762939453,2.265000104904175,228547200
2010-09-09,2.1287200450897217,2.309999942779541,2.341249942779541,2.297499895095825,2.3399999141693115,164689600
2010-09-10,2.151181936264038,2.3343749046325684,2.338124990463257,2.306874990463257,2.318125009536743,127939200
2010-09-13,2.1984097957611084,2.385624885559082,2.393749952316284,2.359999895095825,2.378124952316284,180273600
2010-09-14,2.19437837600708,2.3812499046325684,2.4081249237060547,2.3575000762939453,2.375,230504000
2010-09-15,2.21108078956604,2.3993749618530273,2.4043750762939453,2.3531250953674316,2.366874933242798,184436800
2010-09-16,2.209352970123291,2.3975000381469727,2.400624990463257,2.3681249618530273,2.3843750953674316,175339200
2010-09-17,2.213960647583008,2.4024999141693115,2.4281249046325684,2.387500047683716,2.422499895095825,222804800
2010-09-20,2.2790427207946777,2.4731249809265137,2.483750104904175,2.4049999713897705,2.4175000190734863,265888000
2010-09-21,2.270263671875,2.456249952316284,2.4931249618530273,2.436875104904175,2.4706249237060547,411166400
2010-09-22,2.250044822692871,2.434375047683716,2.476249933242798,2.419374942779541,2.4487500190734863,234540800
2010-09-23,2.2107629776000977,2.3918750286102295,2.442500114440918,2.3793749809265137,2.391249895095825,255406400
2010-09-24,2.3003032207489014,2.4887499809265137,2.4931249618530273,2.4412500858306885,2.444999933242798,220070400
2010-09-27,2.2806601524353027,2.4674999713897705,2.4981250762939453,2.4625000953674316,2.491874933242798,163307200
2010-09-28,2.2974138259887695,2.4856250286102295,2.499375104904175,2.4206249713897705,2.473750114440918,253873600
2010-09-29,2.286437511444092,2.473750114440918,2.494374990463257,2.455625057220459,2.471874952316284,227456000
2010-09-30,2.274305820465088,2.460624933242798,2.531874895095825,2.4375,2.500624895095825,396516800
2010-10-01,2.292792320251465,2.4806249141693115,2.502500057220459,2.4518749713897705,2.4962499141693115,265196800
2010-10-04,2.2575535774230957,2.442500114440918,2.4912500381469727,2.419374942779541,2.4706249237060547,242438400
2010-10-05,2.3494045734405518,2.541874885559082,2.5537500381469727,2.4825000762939453,2.4887499809265137,260046400
2010-10-06,2.3499832153320312,2.5425000190734863,2.554374933242798,2.521250009536743,2.5406250953674316,201291200
2010-10-07,2.3442046642303467,2.536250114440918,2.5637500286102295,2.505000114440918,2.563124895095825,193688000
2010-10-08,2.369046211242676,2.563124895095825,2.577500104904175,2.523124933242798,2.5431249141693115,189328000
2010-10-11,2.3742449283599854,2.5687499046325684,2.5818750858306885,2.5506250858306885,2.572499990463257,125924800
2010-10-12,2.388686180114746,2.5843749046325684,2.599375009536743,2.5243749618530273,2.552500009536743,195905600
2010-10-13,2.424502372741699,2.6231250762939453,2.6518750190734863,2.601249933242798,2.612499952316284,214041600
2010-10-14,2.409482002258301,2.606874942779541,2.627500057220459,2.5712499618530273,2.6187500953674316,264108800
2010-10-15,2.416415214538574,2.614375114440918,2.643125057220459,2.573124885559082,2.640625,316923200
2010-10-18,2.4418318271636963,2.6418750286102295,2.65625,2.6056249141693115,2.6156249046325684,147224000
2010-10-19,2.373667001724243,2.568125009536743,2.619999885559082,2.538749933242798,2.5899999141693115,367438400
2010-10-20,2.421614408493042,2.619999885559082,2.6449999809265137,2.5768749713897705,2.5793750286102295,273556800
2010-10-21,2.431434392929077,2.630625009536743,2.6731250286102295,2.590625047683716,2.643749952316284,312859200
2010-10-22,2.4424102306365967,2.6424999237060547,2.648750066757202,2.625624895095825,2.6387500762939453,148176000
2010-10-25,2.4539647102355957,2.6549999713897705,2.703749895095825,2.6524999141693115,2.6762499809265137,212046400
2010-10-26,2.4551193714141846,2.65625,2.6631250381469727,2.619374990463257,2.6293749809265137,232819200
2010-10-27,2.4418318271636963,2.6418750286102295,2.6475000381469727,2.5924999713897705,2.619374990463257,235308800
2010-10-28,2.445298433303833,2.645625114440918,2.674999952316284,2.6181249618530273,2.6731250286102295,254292800
2010-10-29,2.446453332901001,2.6468749046325684,2.656874895095825,2.628124952316284,2.637500047683716,174616000
2010-11-01,2.4481868743896484,2.648750066757202,2.702500104904175,2.6187500953674316,2.674375057220459,256537600
2010-11-02,2.4863128662109375,2.690000057220459,2.703125,2.6737499237060547,2.690000057220459,164056000
2010-11-03,2.508265495300293,2.713749885559082,2.7149999141693115,2.6443750858306885,2.6987500190734863,309132800
2010-11-04,2.603003740310669,2.8162500858306885,2.8187499046325684,2.765625,2.7718749046325684,232376000
2010-11-05,2.6237993240356445,2.838749885559082,2.846874952316284,2.813124895095825,2.819999933242798,204358400
2010-11-08,2.6151351928710938,2.8293750286102295,2.835624933242798,2.8012499809265137,2.8193750381469727,212134400
2010-11-09,2.5752766132354736,2.786250114440918,2.8475000858306885,2.763124942779541,2.8424999713897705,237235200
2010-11-10,2.596072196960449,2.8087499141693115,2.8112499713897705,2.7431249618530273,2.7850000858306885,305272000
2010-11-11,2.575852632522583,2.786875009536743,2.7956249713897705,2.7437500953674316,2.7593750953674316,207744000
2010-11-12,2.5146188735961914,2.7206249237060547,2.773750066757202,2.695625066757202,2.749375104904175,338369600
2010-11-15,2.507110834121704,2.7125000953674316,2.7587499618530273,2.710624933242798,2.7381250858306885,229667200
2010-11-16,2.428546190261841,2.627500057220459,2.688124895095825,2.6031250953674316,2.680000066757202,459060800
2010-11-17,2.429123640060425,2.628124952316284,2.6518750190734863,2.615000009536743,2.630625009536743,264761600
2010-11-18,2.5042216777801514,2.7093749046325684,2.726875066757202,2.6806249618530273,2.6812500953674316,220392000
2010-11-19,2.516352653503418,2.7225000858306885,2.7249999046325684,2.6756250858306885,2.703749895095825,192028800
2010-11-22,2.512885570526123,2.71875,2.7200000286102295,2.6543750762939453,2.695625066757202,293883200
2010-11-23,2.440099000930786,2.640000104904175,2.6649999618530273,2.6187500953674316,2.653125047683716,323099200
2010-11-24,2.511730194091797,2.7174999713897705,2.718125104904175,2.672499895095825,2.672499895095825,174737600
2010-11-26,2.457430124282837,2.658750057220459,2.700000047683716,2.65625,2.671250104904175,95217600
2010-11-29,2.4689836502075195,2.671250104904175,2.6837499141693115,2.606874942779541,2.640625,258712000
2010-11-30,2.436633586883545,2.6362500190734863,2.6706249713897705,2.609999895095825,2.6181249618530273,251211200
2010-12-01,2.5423471927642822,2.750624895095825,2.7612500190734863,2.7143750190734863,2.715625047683716,276492800
2010-12-02,2.6087806224823,2.822499990463257,2.8262500762939453,2.758125066757202,2.759999990463257,200433600
2010-12-03,2.6214897632598877,2.836250066757202,2.843125104904175,2.8012499809265137,2.8031249046325684,194249600
2010-12-06,2.6157126426696777,2.8299999237060547,2.844374895095825,2.8193750381469727,2.825624942779541,139435200
2010-12-07,2.6197564601898193,2.8343749046325684,2.8893749713897705,2.8318750858306885,2.885624885559082,307216000
2010-12-08,2.6405532360076904,2.856874942779541,2.8606250286102295,2.8162500858306885,2.840625047683716,178478400
2010-12-09,2.65903902053833,2.8768749237060547,2.8893749713897705,2.8499999046325684,2.888124942779541,161865600
2010-12-10,2.6919662952423096,2.9124999046325684,2.916874885559082,2.8762500286102295,2.8943750858306885,138492800
2010-12-13,2.6931214332580566,2.913749933242798,2.945625066757202,2.9131250381469727,2.936875104904175,172755200
2010-12-14,2.6983208656311035,2.919374942779541,2.9462499618530273,2.9024999141693115,2.9237499237060547,173684800
2010-12-15,2.675213098526001,2.8943750858306885,2.932499885559082,2.8837499618530273,2.908750057220459,170310400
2010-12-16,2.70294189453125,2.924375057220459,2.9306249618530273,2.8768749237060547,2.9000000953674316,168257600
2010-12-17,2.71045184135437,2.932499885559082,2.940000057220459,2.9106249809265137,2.921250104904175,132019200
2010-12-20,2.7214274406433105,2.9443750381469727,2.960624933242798,2.9181249141693115,2.948124885559082,130985600
2010-12-21,2.755509376525879,2.981250047683716,2.986875057220459,2.9593749046325684,2.965625047683716,99227200
2010-12-22,2.7734179496765137,3.000624895095825,3.0037500858306885,2.984375,2.9862499237060547,72683200
2010-12-23,2.767061948776245,2.9931249618530273,3.0012500286102295,2.9781250953674316,2.994999885559082,65156800
2010-12-27,2.77052903175354,2.996875047683716,3.000624895095825,2.966249942779541,2.9706249237060547,64345600
2010-12-28,2.7757296562194824,3.002500057220459,3.008125066757202,2.9862499237060547,3.0062499046325684,48704000
2010-12-29,2.7797744274139404,3.0068750381469727,3.020625114440918,3.0062499046325684,3.0112500190734863,49617600
2010-12-30,2.7728404998779297,2.999375104904175,3.0137500762939453,2.9887499809265137,3.0012500286102295,81976000
2010-12-31,2.7763073444366455,3.003124952316284,3.0043749809265137,2.979374885559082,2.986875057220459,63993600
2011-01-03,2.8294646739959717,3.0606250762939453,3.0868749618530273,3.0425000190734863,3.044374942779541,141404800
2011-01-04,2.8254199028015137,3.0562500953674316,3.0762500762939453,3.0193750858306885,3.075000047683716,190265600
2011-01-05,2.854886770248413,3.088124990463257,3.093125104904175,3.03125,3.0374999046325684,159584000
2011-01-06,2.8444864749908447,3.0768749713897705,3.096874952316284,3.0587499141693115,3.090625047683716,146968000
2011-01-07,2.8335094451904297,3.065000057220459,3.0950000286102295,3.0168750286102295,3.0850000381469727,191270400
2011-01-10,2.825997829437256,3.056874990463257,3.065000057220459,3.018749952316284,3.0374999046325684,181400000
2011-01-11,2.845064640045166,3.077500104904175,3.093125104904175,3.055000066757202,3.0793750286102295,148750400
2011-01-12,2.897643804550171,3.1343750953674316,3.140625,3.104374885559082,3.1162500381469727,152384000
2011-01-13,2.8912887573242188,3.127500057220459,3.1387500762939453,3.1081249713897705,3.134999990463257,151043200
2011-01-14,2.9282681941986084,3.1675000190734863,3.1700000762939453,3.111875057220459,3.1156249046325684,143531200
2011-01-18,2.9398226737976074,3.180000066757202,3.184999942779541,3.155625104904175,3.1624999046325684,117724800
2011-01-19,2.8814656734466553,3.116874933242798,3.1781249046325684,3.0999999046325684,3.174375057220459,231569600
2011-01-20,2.874532461166382,3.109375,3.122499942779541,3.061875104904175,3.1024999618530273,250337600
2011-01-21,2.88608717918396,3.121875047683716,3.1606249809265137,3.115000009536743,3.146250009536743,184902400
2011-01-24,2.9219110012054443,3.1606249809265137,3.1649999618530273,3.116874933242798,3.117500066757202,142377600
2011-01-25,2.9207563400268555,3.159374952316284,3.1943750381469727,3.108750104904175,3.140000104904175,215134400
2011-01-26,2.9432904720306396,3.1837499141693115,3.203125,3.163749933242798,3.1756250858306885,176643200
2011-01-27,2.96004581451416,3.2018749713897705,3.210624933242798,3.174999952316284,3.1862499713897705,126369600
2011-01-28,2.8560426235198975,3.0893750190734863,3.2174999713897705,3.078125,3.2068750858306885,339209600
2011-01-31,2.896488904953003,3.133125066757202,3.140000104904175,3.090625047683716,3.106250047683716,189600000
2011-02-01,2.9918243885040283,3.2362499237060547,3.2462499141693115,3.169374942779541,3.1731250286102295,205726400
2011-02-02,2.9785356521606445,3.221874952316284,3.240000009536743,3.2149999141693115,3.218125104904175,163278400
2011-02-03,2.9924020767211914,3.236875057220459,3.2462499141693115,3.176875114440918,3.211250066757202,213539200
2011-02-04,3.0103142261505127,3.2562499046325684,3.257499933242798,3.2100000381469727,3.240000009536743,160782400
2011-02-07,3.0478711128234863,3.296875,3.3168749809265137,3.268749952316284,3.270625114440918,146184000
2011-02-08,3.0756044387817383,3.3268749713897705,3.3293750286102295,3.283750057220459,3.302500009536743,145012800
2011-02-09,3.059427261352539,3.309375047683716,3.328749895095825,3.278125047683716,3.307499885559082,214776000
2011-02-10,3.0634713172912598,3.3137500286102295,3.320625066757202,3.262500047683716,3.2768750190734863,213355200
2011-02-11,3.0992937088012695,3.3524999618530273,3.3612499237060547,3.2850000858306885,3.2874999046325684,199236800
2011-02-14,3.1137399673461914,3.3681249618530273,3.3731250762939453,3.341249942779541,3.3481249809265137,106891200
2011-02-15,3.0969831943511963,3.3499999046325684,3.3575000762939453,3.3299999237060547,3.3475000858306885,130166400
2011-02-16,3.1316518783569336,3.387500047683716,3.3975000381469727,3.356250047683716,3.369999885559082,188022400
2011-02-17,3.152451992034912,3.4100000858306885,3.4175000190734863,3.3631250858306885,3.3687500953674316,159531200
2011-02-18,3.1651623249053955,3.4237499237060547,3.4306249618530273,3.398750066757202,3.413749933242798,169851200
2011-02-22,3.038626194000244,3.286875009536743,3.3887500762939453,3.2674999237060547,3.3499999046325684,288873600
2011-02-23,2.9987595081329346,3.2437500953674316,3.296875,3.203125,3.28125,303710400
2011-02-24,2.9970240592956543,3.241874933242798,3.265625,3.1787500381469727,3.237499952316284,319246400
2011-02-25,3.059427261352539,3.309375047683716,3.3137500286102295,3.2637500762939453,3.268125057220459,175993600
2011-02-28,3.0975611209869385,3.3506250381469727,3.358750104904175,3.3125,3.333750009536743,176374400
2011-03-01,2.9929800033569336,3.237499952316284,3.3768749237060547,3.237499952316284,3.3706250190734863,317715200
2011-03-02,3.00569224357605,3.2512500286102295,3.2825000286102295,3.221250057220459,3.229374885559082,272356800
2011-03-03,3.1085400581359863,3.362499952316284,3.3712499141693115,3.3106250762939453,3.3106250762939453,202657600
2011-03-04,3.064049243927002,3.3143749237060547,3.365000009536743,3.2699999809265137,3.359375,284171200
2011-03-07,3.01435923576355,3.260624885559082,3.3481249809265137,3.226249933242798,3.333750009536743,293347200
2011-03-08,3.0657827854156494,3.3162500858306885,3.338124990463257,3.242500066757202,3.2718749046325684,180321600
2011-03-09,3.0582709312438965,3.3081250190734863,3.328125,3.268125057220459,3.3031249046325684,223936000
2011-03-10,2.94502329826355,3.1856250762939453,3.239375114440918,3.1787500381469727,3.2387499809265137,353790400
2011-03-11,2.986046552658081,3.2300000190734863,3.2518749237060547,3.1649999618530273,3.1649999618530273,260008000
2011-03-14,2.950223684310913,3.1912500858306885,3.221250057220459,3.1418750286102295,3.188124895095825,280032000
2011-03-15,2.884354591369629,3.119999885559082,3.1543750762939453,3.016249895095825,3.0199999809265137,452635200
2011-03-16,2.7751526832580566,3.0018749237060547,3.117500066757202,2.958750009536743,3.096874952316284,658316800
2011-03-17,2.8444864749908447,3.0768749713897705,3.104374885559082,3.043750047683716,3.0868749618530273,306960000
2011-03-18,2.867598533630371,3.101875066757202,3.155625104904175,3.090625047683716,3.1543750762939453,270571200
2011-03-21,2.955423593521118,3.1968750953674316,3.218125104904175,3.171250104904175,3.180000066757202,191294400
2011-03-22,2.9346232414245605,3.174375057220459,3.2043750286102295,3.169374942779541,3.1962499618530273,163616000
2011-03-23,2.953448534011841,3.186875104904175,3.202500104904175,3.1206250190734863,3.1493749618530273,179620800
2011-03-24,3.0084738731384277,3.2462499141693115,3.2562499046325684,3.186875104904175,3.2249999046325684,189868800
2011-03-25,3.027588129043579,3.2668750286102295,3.2950000762939453,3.25,3.263124942779541,173561600
2011-03-28,3.0131075382232666,3.2512500286102295,3.2981250286102295,3.249375104904175,3.28125,137857600
2011-03-29,3.054811477661133,3.296250104904175,3.296250104904175,3.224375009536743,3.244999885559082,138512000
2011-03-30,3.0930399894714355,3.3375000953674316,3.3581249713897705,3.3193750381469727,3.3268749713897705,148966400
2011-03-31,3.0855109691619873,3.3293750286102295,3.348750114440918,3.3237500190734863,3.330625057220459,168427200
2011-04-01,3.1104166507720947,3.356250047683716,3.3893749713897705,3.343125104904175,3.372499942779541,195604800
2011-04-04,3.117947578430176,3.364375114440918,3.3843750953674316,3.3450000286102295,3.3731250762939453,142470400
2011-04-05,3.1162092685699463,3.362499952316284,3.3918750286102295,3.3475000858306885,3.3499999046325684,163019200
2011-04-06,3.134164571762085,3.3818750381469727,3.400624990463257,3.356874942779541,3.3949999809265137,174299200
2011-04-07,3.1220009326934814,3.3687500953674316,3.3975000381469727,3.333125114440918,3.3706250190734863,229652800
2011-04-08,3.097094774246216,3.3418750762939453,3.4000000953674316,3.315624952316284,3.3949999809265137,206979200
2011-04-11,3.0802977085113525,3.3237500190734863,3.371875047683716,3.3062500953674316,3.3506250381469727,165297600
2011-04-12,3.032801389694214,3.2725000381469727,3.297499895095825,3.2487499713897705,3.283750057220459,218268800
2011-04-13,3.0310635566711426,3.270625114440918,3.3081250190734863,3.246875047683716,3.302500009536743,208512000
2011-04-14,3.036276340484619,3.276249885559082,3.286250114440918,3.2125000953674316,3.234375,204168000
2011-04-15,3.0606040954589844,3.302500009536743,3.3162500858306885,3.2693750858306885,3.2881250381469727,156012800
2011-04-18,2.9887802600860596,3.2249999046325684,3.2387499809265137,3.1737499237060547,3.228749990463257,285249600
2011-04-19,3.0223755836486816,3.2612500190734863,3.265000104904175,3.2200000286102295,3.2356250286102295,147398400
2011-04-20,3.105203866958618,3.3506250381469727,3.3656249046325684,3.336250066757202,3.341249942779541,194500800
2011-04-21,3.1359031200408936,3.3837499618530273,3.3887500762939453,3.3499999046325684,3.3862500190734863,120590400
2011-04-25,3.1330068111419678,3.380625009536743,3.3887500762939453,3.356874942779541,3.380625009536743,87179200
2011-04-26,3.185715436935425,3.4375,3.4493749141693115,3.3918750286102295,3.3993749618530273,140793600
2011-04-27,3.226260185241699,3.481250047683716,3.4912500381469727,3.421875,3.450624942779541,160291200
2011-04-28,3.250009059906006,3.5068750381469727,3.5143749713897705,3.468125104904175,3.469374895095825,156585600
2011-04-29,3.262752056121826,3.520625114440918,3.5274999141693115,3.4981250762939453,3.505625009536743,135324800
2011-05-02,3.2540640830993652,3.5112500190734863,3.5587499141693115,3.494999885559082,3.554374933242798,242224000
2011-05-03,3.227419137954712,3.4825000762939453,3.507499933242798,3.448124885559082,3.4962499141693115,205774400
2011-05-04,3.184556722640991,3.4362499713897705,3.483750104904175,3.406874895095825,3.481874942779541,239316800
2011-05-05,3.1289522647857666,3.3762500286102295,3.443125009536743,3.344374895095825,3.3993749618530273,339705600
2011-05-06,3.154437780380249,3.403749942779541,3.476249933242798,3.378124952316284,3.440624952316284,275672000
2011-05-09,3.1799235343933105,3.4312500953674316,3.4512500762939453,3.393749952316284,3.405625104904175,110262400
2011-05-10,3.2349495887756348,3.4906249046325684,3.5018749237060547,3.4462499618530273,3.453749895095825,115387200
2011-05-11,3.168339252471924,3.418750047683716,3.479374885559082,3.3843750953674316,3.4781250953674316,212412800
2011-05-12,3.1961419582366943,3.4487500190734863,3.4625000953674316,3.3631250858306885,3.398750066757202,188123200
2011-05-13,3.146329402923584,3.3949999809265137,3.461250066757202,3.3712499141693115,3.452500104904175,182833600
2011-05-16,3.105782985687256,3.351249933242798,3.422499895095825,3.340625047683716,3.3712499141693115,174238400
2011-05-17,3.10636305809021,3.351875066757202,3.359375,3.297499895095825,3.3268749713897705,223676800
2011-05-18,3.1596498489379883,3.409374952316284,3.4175000190734863,3.3399999141693115,3.3550000190734863,164582400
2011-05-19,3.17529034614563,3.4262499809265137,3.4437499046325684,3.3893749713897705,3.4331250190734863,155744000
2011-05-20,3.1266348361968994,3.3737499713897705,3.4181249141693115,3.359375,3.409374952316284,213913600
2011-05-23,3.053074836730957,3.294374942779541,3.3137500286102295,3.270625114440918,3.2881250381469727,209204800
2011-05-24,3.0484395027160645,3.289375066757202,3.3262500762939453,3.2750000953674316,3.313124895095825,152008000
2011-05-25,3.066397190093994,3.3087499141693115,3.3368749618530273,3.2593750953674316,3.2618749141693115,170624000
2011-05-26,3.093618392944336,3.338124990463257,3.351249933242798,3.278125047683716,3.2906250953674316,181374400
2011-05-27,3.117367744445801,3.3637499809265137,3.382499933242798,3.348750114440918,3.3575000762939453,132185600
2011-05-31,3.185136318206787,3.436875104904175,3.436875104904175,3.3818750381469727,3.427500009536743,160278400
2011-06-01,3.039173126220703,3.2793750762939453,3.419374942779541,3.2750000953674316,3.4149999618530273,291016000
2011-06-02,3.033379316329956,3.273124933242798,3.2981250286102295,3.234375,3.2856249809265137,233888000
2011-06-03,2.9737203121185303,3.208750009536743,3.257499933242798,3.1918749809265137,3.1943750381469727,251859200
2011-06-06,2.911165237426758,3.141249895095825,3.2043750286102295,3.1318750381469727,3.192500114440918,202292800
2011-06-07,2.9053733348846436,3.134999990463257,3.1893749237060547,3.130625009536743,3.169374942779541,167752000
2011-06-08,2.8810460567474365,3.108750104904175,3.145625114440918,3.096874952316284,3.125624895095825,222860800
2011-06-09,2.9244868755340576,3.155625104904175,3.1806249618530273,3.1106250286102295,3.125624895095825,153216000
2011-06-10,2.8439745903015137,3.0687499046325684,3.132499933242798,3.051875114440918,3.1287500858306885,249924800
2011-06-13,2.846292495727539,3.0712499618530273,3.0981249809265137,3.041249990463257,3.081249952316284,197649600
2011-06-14,2.91927433013916,3.1500000953674316,3.172499895095825,3.1268749237060547,3.128124952316284,192006400
2011-06-15,2.816751718521118,3.039375066757202,3.117500066757202,3.0225000381469727,3.0981249809265137,309283200
2011-06-16,2.8271777629852295,3.0506250858306885,3.083750009536743,3.005000114440918,3.0431249141693115,290198400
2011-06-17,2.8457138538360596,3.070625066757202,3.112499952316284,3.0487499237060547,3.1112499237060547,215512000
2011-06-20,2.874095916748047,3.101249933242798,3.1137499809265137,3.047499895095825,3.049999952316284,159465600
2011-06-21,2.950552225112915,3.1837499141693115,3.198124885559082,3.124375104904175,3.133125066757202,213097600
2011-06-22,2.916465997695923,3.1443750858306885,3.2012500762939453,3.141249895095825,3.163749933242798,186880000
2011-06-23,2.9019739627838135,3.1287500858306885,3.130000114440918,3.023124933242798,3.0712499618530273,391241600
2011-06-24,2.834148406982422,3.0556249618530273,3.130000114440918,3.0456249713897705,3.125624895095825,303539200
2011-06-27,2.8799448013305664,3.1050000190734863,3.132499933242798,3.046875,3.0587499141693115,189996800
2011-06-28,2.9570441246032715,3.188124895095825,3.1887500286102295,3.124375104904175,3.1318750381469727,169884800
2011-06-29,3.0109565258026123,3.2462499141693115,3.253124952316284,3.193125009536743,3.215625047683716,248579200
2011-06-30,3.066028356552124,3.3056249618530273,3.315000057220459,3.2562499046325684,3.2637500762939453,188305600
2011-07-01,3.1564605236053467,3.403125047683716,3.4106249809265137,3.2950000762939453,3.3056249618530273,205164800
2011-07-05,3.1512441635131836,3.3975000381469727,3.4106249809265137,3.375624895095825,3.3943750858306885,156168000
2011-07-06,3.155880928039551,3.4024999141693115,3.4131250381469727,3.3612499237060547,3.380000114440918,166113600
2011-07-07,3.227184295654297,3.479374885559082,3.492500066757202,3.4512500762939453,3.4643750190734863,144566400
2011-07-08,3.1790695190429688,3.427500009536743,3.4281249046325684,3.374375104904175,3.3968749046325684,210073600
2011-07-11,3.06544828414917,3.305000066757202,3.3637499809265137,3.2874999046325684,3.3424999713897705,222544000
2011-07-12,3.0364632606506348,3.273750066757202,3.3424999713897705,3.271250009536743,3.288749933242798,231537600
2011-07-13,3.056173086166382,3.2950000762939453,3.3637499809265137,3.2793750762939453,3.3087499141693115,223297600
2011-07-14,3.016173839569092,3.2518749237060547,3.3418750762939453,3.237499952316284,3.3112499713897705,299588800
2011-07-15,3.0492167472839355,3.2874999046325684,3.296250104904175,3.242500066757202,3.286250114440918,234011200
2011-07-18,2.9976236820220947,3.231874942779541,3.265625,3.184999942779541,3.2562499046325684,261809600
2011-07-19,3.094433546066284,3.336250066757202,3.3450000286102295,3.2674999237060547,3.268749952316284,187211200
2011-07-20,3.0915353298187256,3.333125114440918,3.359375,3.322499990463257,3.353749990463257,147574400
2011-07-21,3.177330732345581,3.4256250858306885,3.442500114440918,3.3581249713897705,3.3706250190734863,195611200
2011-07-22,3.1813883781433105,3.430000066757202,3.438124895095825,3.3887500762939453,3.4287500381469727,139716800
2011-07-25,3.147765874862671,3.393749952316284,3.4262499809265137,3.3581249713897705,3.3656249046325684,142270400
2011-07-26,3.1239986419677734,3.3681249618530273,3.398750066757202,3.351875066757202,3.387500047683716,158081600
2011-07-27,2.9964640140533447,3.2306249141693115,3.3299999237060547,3.2206249237060547,3.3299999237060547,319408000
2011-07-28,2.9773335456848145,3.2100000381469727,3.286250114440918,3.200000047683716,3.229374885559082,221011200
2011-07-29,2.9367547035217285,3.166249990463257,3.226249933242798,3.117500066757202,3.145625114440918,315608000
2011-08-01,2.9089293479919434,3.1362500190734863,3.2456250190734863,3.078125,3.2406249046325684,394790400
2011-08-02,2.761106491088867,2.976875066757202,3.125,2.976875066757202,3.0918750762939453,403363200
2011-08-03,2.792409896850586,3.010624885559082,3.0168750286102295,2.8843750953674316,2.986875057220459,456107200
2011-08-04,2.529226303100586,2.726875066757202,2.9362499713897705,2.71875,2.927500009536743,680265600
2011-08-05,2.5176327228546143,2.7143750190734863,2.809375047683716,2.5743749141693115,2.7956249713897705,795868800
2011-08-08,2.1941604614257812,2.3656249046325684,2.640000104904175,2.3575000762939453,2.575624942779541,879371200
2011-08-09,2.398794651031494,2.586250066757202,2.588124990463257,2.278749942779541,2.4412500858306885,657702400
2011-08-10,2.1773502826690674,2.3475000858306885,2.5299999713897705,2.3393750190734863,2.484375,823742400
2011-08-11,2.3790853023529053,2.565000057220459,2.632499933242798,2.377500057220459,2.3943750858306885,613078400
2011-08-12,2.4127070903778076,2.601249933242798,2.648124933242798,2.563124895095825,2.6131250858306885,421241600
2011-08-15,2.5135748386383057,2.7100000381469727,2.7143750190734863,2.6387500762939453,2.646250009536743,264252800
2011-08-16,2.471256732940674,2.664375066757202,2.713124990463257,2.6056249141693115,2.6581249237060547,356408000
2011-08-17,2.4741549491882324,2.6675000190734863,2.734999895095825,2.625,2.692500114440918,306566400
2011-08-18,2.2590878009796143,2.4356250762939453,2.531874895095825,2.387500047683716,2.526249885559082,452953600
2011-08-19,2.187204122543335,2.3581249713897705,2.494374990463257,2.3499999046325684,2.3712499141693115,349593600
2011-08-22,2.1877832412719727,2.358750104904175,2.463749885559082,2.346874952316284,2.4625000953674316,467718400
2011-08-23,2.3344476222991943,2.5168750286102295,2.5193750858306885,2.353749990463257,2.3787500858306885,421713600
2011-08-24,2.3964760303497314,2.583750009536743,2.5924999713897705,2.4931249618530273,2.505000114440918,464188800
2011-08-25,2.3263325691223145,2.508125066757202,2.6443750858306885,2.4887499809265137,2.615000009536743,496174400
2011-08-26,2.392997980117798,2.5799999237060547,2.6024999618530273,2.4018750190734863,2.481250047683716,439764800
2011-08-29,2.53096604347229,2.728749990463257,2.731874942779541,2.645625114440918,2.648750066757202,258182400
2011-08-30,2.540241241455078,2.7387499809265137,2.7774999141693115,2.6649999618530273,2.7049999237060547,385892800
2011-08-31,2.560530662536621,2.760624885559082,2.825000047683716,2.7256250381469727,2.7774999141693115,450916800
2011-09-01,2.5141541957855225,2.710624933242798,2.8193750381469727,2.7018749713897705,2.770625114440918,351475200
2011-09-02,2.381983518600464,2.568125009536743,2.625,2.5512499809265137,2.596874952316284,347036800
2011-09-06,2.348361015319824,2.531874895095825,2.5399999618530273,2.419374942779541,2.419374942779541,357377600
2011-09-07,2.481112003326416,2.674999952316284,2.677500009536743,2.5918750762939453,2.608750104904175,232764800
2011-09-08,2.428358316421509,2.6181249618530273,2.703749895095825,2.606874942779541,2.6418750286102295,317635200
2011-09-09,2.300245523452759,2.4800000190734863,2.578125,2.453125,2.559375047683716,480844800
2011-09-12,2.3327088356018066,2.515000104904175,2.5174999237060547,2.401249885559082,2.419374942779541,425276800
2011-09-13,2.3744466304779053,2.559999942779541,2.5793750286102295,2.4937500953674316,2.5299999713897705,372268800
2011-09-14,2.4387941360473633,2.6293749809265137,2.6918749809265137,2.515000104904175,2.5850000381469727,406443200
2011-09-15,2.5234296321868896,2.7206249237060547,2.7231249809265137,2.640000104904175,2.6856250762939453,330536000
2011-09-16,2.5547337532043457,2.7543749809265137,2.7743749618530273,2.700000047683716,2.742500066757202,310480000
2011-09-19,2.503140449523926,2.6987500190734863,2.726875066757202,2.6268749237060547,2.6631250381469727,382321600
2011-09-20,2.497922658920288,2.693125009536743,2.7743749618530273,2.6856250762939453,2.7225000858306885,296329600
2011-09-21,2.3430187702178955,2.521250009536743,2.706249952316284,2.521250009536743,2.690624952316284,421232000
2011-09-22,2.1978156566619873,2.365000009536743,2.4237499237060547,2.299375057220459,2.3818750381469727,791020800
2011-09-23,2.218143939971924,2.3868749141693115,2.4206249713897705,2.330625057220459,2.3368749618530273,492321600
2011-09-26,2.3290798664093018,2.5062499046325684,2.5137500762939453,2.369999885559082,2.440000057220459,417180800
2011-09-27,2.3813529014587402,2.5625,2.6500000953674316,2.5331249237060547,2.606250047683716,359094400
2011-09-28,2.2820334434509277,2.455625057220459,2.604374885559082,2.4512500762939453,2.5737500190734863,386668800
2011-09-29,2.3203670978546143,2.496875047683716,2.5643749237060547,2.4075000286102295,2.5399999618530273,440768000
2011-09-30,2.2053658962249756,2.3731250762939453,2.4725000858306885,2.3687500953674316,2.4287500381469727,433468800
2011-10-03,2.0804896354675293,2.2387499809265137,2.4049999713897705,2.233750104904175,2.344374895095825,634704000
2011-10-04,2.1623849868774414,2.3268749713897705,2.344374895095825,2.135624885559082,2.172499895095825,745600000
2011-10-05,2.250669240951538,2.421875,2.4331250190734863,2.3031249046325684,2.3450000286102295,451316800
2011-10-06,2.3314030170440674,2.5087499618530273,2.515000104904175,2.382499933242798,2.418750047683716,421459200
2011-10-07,2.3023624420166016,2.4774999618530273,2.5406250953674316,2.4468750953674316,2.5381250381469727,436240000
2011-10-10,2.4539566040039062,2.640625,2.6418750286102295,2.5581250190734863,2.5581250190734863,206043200
2011-10-11,2.4562792778015137,2.643125057220459,2.6606249809265137,2.604374885559082,2.608750104904175,269246400
2011-10-12,2.500420331954956,2.690624952316284,2.753124952316284,2.6737499237060547,2.6875,281513600
2011-10-13,2.4911282062530518,2.6806249618530273,2.697499990463257,2.6187500953674316,2.6600000858306885,255019200
2011-10-14,2.5776705741882324,2.773750066757202,2.7750000953674316,2.713749885559082,2.744999885559082,251899200
2011-10-17,2.4789299964904785,2.6675000190734863,2.750624895095825,2.653749942779541,2.7462499141693115,280611200
2011-10-18,2.5770883560180664,2.773124933242798,2.811875104904175,2.621875047683716,2.663749933242798,399539200
2011-10-19,2.5131993293762207,2.7043750286102295,2.7931249141693115,2.6875,2.762500047683716,297131200
2011-10-20,2.5341081619262695,2.726875066757202,2.7487499713897705,2.6468749046325684,2.719374895095825,343380800
2011-10-21,2.6293623447418213,2.8293750286102295,2.8393750190734863,2.7768750190734863,2.793750047683716,246612800
2011-10-24,2.6961567401885986,2.901249885559082,2.916874885559082,2.8368749618530273,2.8399999141693115,272555200
2011-10-25,2.59393310546875,2.791249990463257,2.8768749237060547,2.7774999141693115,2.875624895095825,289137600
2011-10-26,2.645045042037964,2.846250057220459,2.867500066757202,2.7518749237060547,2.849375009536743,381025600
2011-10-27,2.8274216651916504,3.0425000190734863,3.0799999237060547,2.952500104904175,2.9987499713897705,343633600
2011-10-28,2.8274216651916504,3.0425000190734863,3.055000066757202,3.005000114440918,3.0168750286102295,194736000
2011-10-31,2.6862831115722656,2.890625,2.979374885559082,2.8893749713897705,2.974375009536743,279411200
2011-11-01,2.541658401489258,2.734999895095825,2.8037500381469727,2.713124990463257,2.736875057220459,576875200
2011-11-02,2.622392416000366,2.8218750953674316,2.8418750762939453,2.7693750858306885,2.817500114440918,306356800
2011-11-03,2.718808650970459,2.9256250858306885,2.936875104904175,2.805000066757202,2.8837499618530273,339708800
2011-11-04,2.683959484100342,2.888124942779541,2.9000000953674316,2.822499990463257,2.8793749809265137,266824000
2011-11-07,2.7182273864746094,2.924999952316284,2.9312500953674316,2.8318750858306885,2.8862500190734863,251299200
2011-11-08,2.7873446941375732,2.999375104904175,3.0068750381469727,2.900624990463257,2.955625057220459,289412800
2011-11-09,2.5799930095672607,2.776249885559082,2.888124942779541,2.766249895095825,2.861875057220459,419308800
2011-11-10,2.628781318664551,2.828749895095825,2.858750104904175,2.7725000381469727,2.8524999618530273,304590400
2011-11-11,2.7310051918029785,2.9387500286102295,2.952500104904175,2.898124933242798,2.9000000953674316,200288000
2011-11-14,2.6781513690948486,2.8818750381469727,2.9237499237060547,2.8575000762939453,2.916249990463257,220012800
2011-11-15,2.7066118717193604,2.9124999046325684,2.9412500858306885,2.8481249809265137,2.8706250190734863,221617600
2011-11-16,2.621812105178833,2.8212499618530273,2.922499895095825,2.809375047683716,2.8524999618530273,285424000
2011-11-17,2.5341081619262695,2.726875066757202,2.8218750953674316,2.6887500286102295,2.809375047683716,406937600
2011-11-18,2.530043125152588,2.7225000858306885,2.7562499046325684,2.6993749141693115,2.7456250190734863,227003200
2011-11-21,2.4330451488494873,2.6181249618530273,2.648124933242798,2.573124885559082,2.6418750286102295,295294400
2011-11-22,2.412717342376709,2.596250057220459,2.6368749141693115,2.567500114440918,2.606874942779541,247009600
2011-11-23,2.307589530944824,2.4831249713897705,2.5531249046325684,2.481874942779541,2.547499895095825,283552000
2011-11-25,2.2959728240966797,2.4706249237060547,2.5299999713897705,2.4700000286102295,2.474375009536743,115844800
2011-11-28,2.429561138153076,2.614375114440918,2.635624885559082,2.5768749713897705,2.606250047683716,195572800
2011-11-29,2.442919969558716,2.6287500858306885,2.6656250953674316,2.6106250286102295,2.6293749809265137,208268800
2011-11-30,2.6444647312164307,2.8456249237060547,2.8631250858306885,2.768749952316284,2.7799999713897705,245446400
2011-12-01,2.645625591278076,2.846874952316284,2.8768749237060547,2.8212499618530273,2.8399999141693115,185470400
2011-12-02,2.6421406269073486,2.843125104904175,2.916249990463257,2.8368749618530273,2.898750066757202,192331200
2011-12-05,2.6984806060791016,2.903749942779541,2.9462499618530273,2.8681249618530273,2.9306249618530273,215304000
2011-12-06,2.7002227306365967,2.905625104904175,2.9437499046325684,2.883125066757202,2.9024999141693115,178038400
2011-12-07,2.714742660522461,2.921250104904175,2.950000047683716,2.8456249237060547,2.884999990463257,218851200
2011-12-08,2.6014833450317383,2.799375057220459,2.900624990463257,2.783750057220459,2.8887500762939453,294044800
2011-12-09,2.6868631839752197,2.891249895095825,2.9075000286102295,2.818125009536743,2.8237500190734863,186281600
2011-12-12,2.6078732013702393,2.8062500953674316,2.8424999713897705,2.760624885559082,2.841249942779541,239713600
2011-12-13,2.56198787689209,2.7568750381469727,2.869374990463257,2.7281250953674316,2.8375000953674316,244044800
2011-12-14,2.5056488513946533,2.6962499618530273,2.753124952316284,2.6831250190734863,2.7331249713897705,256134400
2011-12-15,2.523073434829712,2.7149999141693115,2.760624885559082,2.7074999809265137,2.752500057220459,183406400
2011-12-16,2.529461622238159,2.721874952316284,2.7831249237060547,2.7100000381469727,2.750624895095825,244412800
2011-12-19,2.4771883487701416,2.6656250953674316,2.755000114440918,2.653125047683716,2.7437500953674316,218782400
2011-12-20,2.6247153282165527,2.8243749141693115,2.8343749046325684,2.746875047683716,2.746875047683716,206830400
2011-12-21,2.635751724243164,2.836250066757202,2.8450000286102295,2.7718749046325684,2.8243749141693115,228140800
2011-12-22,2.685701847076416,2.890000104904175,2.8918750286102295,2.844374895095825,2.8556249141693115,169132800
2011-12-23,2.7303764820098877,2.9375,2.9387500286102295,2.893125057220459,2.90625,115552000
2011-12-27,2.7338614463806152,2.9412500858306885,2.9574999809265137,2.921875,2.926875114440918,89406400
2011-12-28,2.6682167053222656,2.8706250190734863,2.9437499046325684,2.859375,2.943125009536743,143369600
2011-12-29,2.715852975845337,2.921875,2.929374933242798,2.880625009536743,2.8843750953674316,113073600
2011-12-30,2.6949398517608643,2.8993749618530273,2.932499885559082,2.898124933242798,2.9200000762939453,80804800
2012-01-03,2.778012275695801,2.9887499809265137,3.0274999141693115,2.9831249713897705,2.9981250762939453,227060800
2012-01-04,2.7849836349487305,2.9962499141693115,3.0018749237060547,2.950000047683716,2.9725000858306885,137081600
2012-01-05,2.8024110794067383,3.015000104904175,3.021250009536743,2.936875104904175,2.9649999141693115,190955200
2012-01-06,2.79079270362854,3.002500057220459,3.021250009536743,2.976875066757202,3.0199999809265137,214761600
2012-01-09,2.7977638244628906,3.009999990463257,3.018125057220459,2.9825000762939453,3.009999990463257,148697600
2012-01-10,2.846562385559082,3.0625,3.0868749618530273,3.054374933242798,3.075624942779541,158659200
2012-01-11,2.850628614425659,3.0668749809265137,3.0737500190734863,3.0331249237060547,3.0431249141693115,168995200
2012-01-12,2.862827777862549,3.0799999237060547,3.0893750190734863,3.034374952316284,3.0818750858306885,163593600
2012-01-13,2.844238758087158,3.059999942779541,3.059999942779541,2.994999885559082,3.0381250381469727,189438400
2012-01-17,2.8523714542388916,3.0687499046325684,3.117500066757202,3.0581250190734863,3.106250047683716,138022400
2012-01-18,2.916273832321167,3.137500047683716,3.1424999237060547,3.059375047683716,3.070625066757202,157204800
2012-01-19,2.9488062858581543,3.172499895095825,3.1781249046325684,3.141249895095825,3.1600000858306885,116251200
2012-01-20,2.9528729915618896,3.176875114440918,3.176875114440918,3.146250009536743,3.161875009536743,91806400
2012-01-23,2.9557766914367676,3.180000066757202,3.210624933242798,3.1493749618530273,3.1756250858306885,125908800
2012-01-24,2.949387311935425,3.1731250286102295,3.174375057220459,3.130625009536743,3.140625,120691200
2012-01-25,2.998185873031616,3.2256250381469727,3.2406249046325684,3.1387500762939453,3.1624999046325684,139676800
2012-01-26,2.966815233230591,3.1918749809265137,3.266249895095825,3.166874885559082,3.2537500858306885,160252800
2012-01-27,2.96274733543396,3.1875,3.200624942779541,3.1575000286102295,3.161875009536743,109976000
2012-01-30,2.944739580154419,3.1681249141693115,3.1706249713897705,3.1031250953674316,3.1268749237060547,103176000
2012-01-31,2.9366064071655273,3.159374952316284,3.206249952316284,3.1337499618530273,3.1987500190734863,142784000
2012-02-01,2.988889217376709,3.215625047683716,3.2512500286102295,3.203125,3.2118749618530273,184182400
2012-02-02,3.001089334487915,3.228749990463257,3.2462499141693115,3.2074999809265137,3.231874942779541,98179200
2012-02-03,3.087648868560791,3.3218750953674316,3.3237500190734863,3.2825000286102295,3.294374942779541,114032000
2012-02-06,3.083001136779785,3.3168749809265137,3.318125009536743,3.2856249809265137,3.293750047683716,92396800
2012-02-07,3.0963618755340576,3.331249952316284,3.34375,3.276249885559082,3.301875114440918,139091200
2012-02-08,3.1155331134796143,3.351875066757202,3.3531250953674316,3.3081250190734863,3.3368749618530273,124256000
2012-02-09,3.123084783554077,3.359999895095825,3.371875047683716,3.3212499618530273,3.3637499809265137,128412800
2012-02-10,3.080677032470703,3.3143749237060547,3.3162500858306885,3.2850000858306885,3.299999952316284,144548800
2012-02-13,3.120181083679199,3.356874942779541,3.367500066757202,3.3293750286102295,3.3575000762939453,104694400
2012-02-14,3.117856740951538,3.354374885559082,3.3556249141693115,3.305000066757202,3.341249942779541,167579200
2012-02-15,3.0870680809020996,3.3212499618530273,3.3837499618530273,3.306874990463257,3.374375104904175,148505600
2012-02-16,3.1503894329071045,3.3893749713897705,3.398750066757202,3.309375047683716,3.3212499618530273,131864000
2012-02-17,3.168977737426758,3.409374952316284,3.419374942779541,3.3887500762939453,3.418750047683716,85395200
2012-02-21,3.174788475036621,3.4156250953674316,3.443125009536743,3.393749952316284,3.4281249046325684,83238400
2012-02-22,3.15271258354187,3.3918750286102295,3.4181249141693115,3.380000114440918,3.403125047683716,121819200
2012-02-23,3.1800167560577393,3.421250104904175,3.4262499809265137,3.365000009536743,3.387500047683716,110761600
2012-02-24,3.193958282470703,3.4362499713897705,3.450000047683716,3.421875,3.4362499713897705,82985600
2012-02-27,3.2079017162323,3.4512500762939453,3.4668750762939453,3.380000114440918,3.391249895095825,116262400
2012-02-28,3.2241671085357666,3.46875,3.4731249809265137,3.436875104904175,3.450624942779541,110897600
2012-02-29,3.184664487838745,3.4262499809265137,3.499375104904175,3.4256250858306885,3.4774999618530273,151368000
2012-03-01,3.2340428829193115,3.479374885559082,3.490000009536743,3.4462499618530273,3.4543750286102295,211769600
2012-03-02,3.2142913341522217,3.458125114440918,3.481250047683716,3.440000057220459,3.474375009536743,125121600
2012-03-05,3.1887307167053223,3.4306249618530273,3.4493749141693115,3.403749942779541,3.445625066757202,121203200
2012-03-06,3.0911340713500977,3.325624942779541,3.3606250286102295,3.3062500953674316,3.356874942779541,182198400
2012-03-07,3.133543014526367,3.3712499141693115,3.383125066757202,3.3343749046325684,3.3424999713897705,106342400
2012-03-08,3.1957015991210938,3.438124895095825,3.453125,3.398750066757202,3.4131250381469727,90812800
2012-03-09,3.2195188999176025,3.463749885559082,3.483750104904175,3.4437499046325684,3.453125,87836800
2012-03-12,3.22184419631958,3.466249942779541,3.4749999046325684,3.4418749809265137,3.4643750190734863,68648000
2012-03-13,3.339772939682007,3.593125104904175,3.594374895095825,3.4912500381469727,3.5037500858306885,128480000
2012-03-14,3.331639051437378,3.5843749046325684,3.6112499237060547,3.561875104904175,3.59375,110035200
2012-03-15,3.3664958477020264,3.621875047683716,3.628124952316284,3.575624942779541,3.5950000286102295,113720000
2012-03-16,3.379856824874878,3.6362500190734863,3.643749952316284,3.6206250190734863,3.637500047683716,93548800
2012-03-19,3.4054174423217773,3.663749933242798,3.6862499713897705,3.625624895095825,3.6312499046325684,93116800
2012-03-20,3.3856661319732666,3.6424999237060547,3.651249885559082,3.6006250381469727,3.6231250762939453,113115200
2012-03-21,3.3726816177368164,3.619999885559082,3.6443750858306885,3.6075000762939453,3.635624885559082,88950400
2012-03-22,3.324932098388672,3.5687499046325684,3.5868749618530273,3.5456249713897705,3.5668749809265137,155659200
2012-03-23,3.346478223800659,3.5918750762939453,3.5999999046325684,3.5356249809265137,3.5762500762939453,102168000
2012-03-26,3.43906307220459,3.6912500858306885,3.6912500858306885,3.640000104904175,3.6418750286102295,90009600
2012-03-27,3.418682813644409,3.669374942779541,3.7043750286102295,3.6649999618530273,3.700000047683716,110110400
2012-03-28,3.3849105834960938,3.633125066757202,3.676875114440918,3.5893750190734863,3.666249990463257,133246400
2012-03-29,3.3720991611480713,3.619374990463257,3.630000114440918,3.5612499713897705,3.590625047683716,119238400
2012-03-30,3.3983025550842285,3.6475000381469727,3.6624999046325684,3.6112499237060547,3.656874895095825,101344000
2012-04-02,3.447798252105713,3.700624942779541,3.7225000858306885,3.6268749237060547,3.640625,92611200
2012-04-03,3.423923969268799,3.674999952316284,3.7049999237060547,3.6293749809265137,3.6918749809265137,140358400
2012-04-04,3.3493893146514893,3.5950000286102295,3.625,3.573124885559082,3.615000009536743,183547200
2012-04-05,3.3499715328216553,3.5956249237060547,3.617500066757202,3.5693750381469727,3.577500104904175,110593600
2012-04-09,3.277766227722168,3.518125057220459,3.543750047683716,3.4956250190734863,3.5043749809265137,108129600
2012-04-10,3.163053274154663,3.3949999809265137,3.521250009536743,3.390000104904175,3.5,231081600
2012-04-11,3.209636688232422,3.444999933242798,3.4781250953674316,3.4393749237060547,3.465625047683716,134977600
2012-04-12,3.301640748977661,3.543750047683716,3.546250104904175,3.453125,3.458125114440918,104822400
2012-04-13,3.218372106552124,3.4543750286102295,3.526249885559082,3.450624942779541,3.525624990463257,123891200
2012-04-16,3.212547540664673,3.448124885559082,3.5012500286102295,3.429374933242798,3.4906249046325684,124769600
2012-04-17,3.311539888381958,3.554374933242798,3.568125009536743,3.484375,3.4931249618530273,116206400
2012-04-18,3.28824782371521,3.5293750762939453,3.5537500381469727,3.518125057220459,3.5225000381469727,111784000
2012-04-19,3.249816656112671,3.4881250858306885,3.557499885559082,3.4518749713897705,3.5299999713897705,183484800
2012-04-20,3.2573859691619873,3.4962499141693115,3.5406250953674316,3.4931249618530273,3.515625,103532800
2012-04-23,3.200320243835449,3.434999942779541,3.443125009536743,3.3943750858306885,3.4231250286102295,101596800
2012-04-24,3.2265243530273438,3.463124990463257,3.4806249141693115,3.4375,3.4443750381469727,77417600
2012-04-25,3.3173630237579346,3.5606250762939453,3.5606250762939453,3.5250000953674316,3.53125,102196800
2012-04-26,3.361034870147705,3.6075000762939453,3.6156249046325684,3.538749933242798,3.5431249141693115,93428800
2012-04-27,3.3744282722473145,3.621875047683716,3.6393749713897705,3.5893750190734863,3.6287500858306885,83291200
2012-04-30,3.3435652256011963,3.588749885559082,3.609999895095825,3.572499990463257,3.604374885559082,95643200
2012-05-01,3.385491132736206,3.6337499618530273,3.6837499141693115,3.5799999237060547,3.5893750190734863,170158400
2012-05-02,3.3668582439422607,3.6137499809265137,3.6212499141693115,3.5693750381469727,3.5924999713897705,94281600
2012-05-03,3.3161988258361816,3.559375047683716,3.6212499141693115,3.5456249713897705,3.6162500381469727,123187200
2012-05-04,3.209054946899414,3.4443750381469727,3.528125047683716,3.440624952316284,3.520625114440918,123006400
2012-05-07,3.211383819580078,3.4468750953674316,3.471874952316284,3.4175000190734863,3.421250104904175,112366400
2012-05-08,3.187509536743164,3.421250104904175,3.431874990463257,3.3393750190734863,3.4081249237060547,156769600
2012-05-09,3.1473312377929688,3.378124952316284,3.4237499237060547,3.317500114440918,3.3499999046325684,176240000
2012-05-10,3.1589763164520264,3.390625,3.4356250762939453,3.3787500858306885,3.430000066757202,101454400
2012-05-11,3.1420910358428955,3.372499942779541,3.436875104904175,3.348750114440918,3.3506250381469727,91600000
2012-05-14,3.0727970600128174,3.2981250286102295,3.344374895095825,3.288749933242798,3.3081250190734863,93827200
2012-05-15,3.0396056175231934,3.262500047683716,3.3324999809265137,3.25,3.293750047683716,130110400
2012-05-16,3.015148878097534,3.2362499237060547,3.3193750381469727,3.234375,3.2899999618530273,132697600
2012-05-17,2.9237279891967773,3.138124942779541,3.244374990463257,3.135624885559082,3.237499952316284,179228800
2012-05-18,2.871903896331787,3.0824999809265137,3.174375057220459,3.075624942779541,3.163749933242798,145401600
2012-05-21,2.9714765548706055,3.1893749237060547,3.193125009536743,3.094374895095825,3.1050000190734863,107035200
2012-05-22,2.9819583892822266,3.200624942779541,3.2518749237060547,3.1606249809265137,3.208125114440918,107713600
2012-05-23,2.987781524658203,3.2068750858306885,3.2143750190734863,3.0950000286102295,3.156874895095825,143019200
2012-05-24,2.9994266033172607,3.219374895095825,3.2325000762939453,3.163749933242798,3.224375009536743,106779200
2012-05-25,2.977299213409424,3.195625066757202,3.2331249713897705,3.1812500953674316,3.2143750190734863,93156800
2012-05-29,3.0506696701049805,3.2743749618530273,3.284374952316284,3.2256250381469727,3.2512500286102295,143168000
2012-05-30,2.9609951972961426,3.1781249046325684,3.221250057220459,3.1649999618530273,3.219374895095825,114900800
2012-05-31,2.9633235931396484,3.1806249618530273,3.2125000953674316,3.109375,3.1756250858306885,187033600
2012-06-01,2.799116373062134,3.0043749809265137,3.086250066757202,3.0043749809265137,3.065000057220459,233464000
2012-06-04,2.799116373062134,3.0043749809265137,3.031874895095825,2.9568750858306885,3.015625,182803200
2012-06-05,2.835801362991333,3.043750047683716,3.0556249618530273,2.986875057220459,2.989375114440918,135368000
2012-06-06,2.9674007892608643,3.184999942779541,3.186875104904175,3.088124990463257,3.0899999141693115,137742400
2012-06-07,2.9674007892608643,3.184999942779541,3.2593750953674316,3.174375057220459,3.2568750381469727,173297600
2012-06-08,3.01747727394104,3.2387499809265137,3.239375114440918,3.150624990463257,3.171875,118910400
2012-06-11,2.942361354827881,3.1581249237060547,3.2950000762939453,3.1500000953674316,3.291249990463257,185150400
2012-06-12,3.0093252658843994,3.2300000190734863,3.231874942779541,3.143749952316284,3.174999952316284,145259200
2012-06-13,2.969148635864258,3.186875104904175,3.25,3.1649999618530273,3.208750009536743,115969600
2012-06-14,3.0308713912963867,3.253124952316284,3.2799999713897705,3.1831250190734863,3.1987500190734863,125595200
2012-06-15,3.0920135974884033,3.3187499046325684,3.3262500762939453,3.271250009536743,3.283750057220459,85281600
2012-06-18,3.104822874069214,3.3324999809265137,3.3506250381469727,3.2793750762939453,3.2931249141693115,105436800
2012-06-19,3.1677122116088867,3.4000000953674316,3.4256250858306885,3.3606250286102295,3.369999885559082,97652800
2012-06-20,3.157102346420288,3.384999990463257,3.414375066757202,3.333125114440918,3.3949999809265137,170457600
2012-06-21,3.0142858028411865,3.231874942779541,3.398124933242798,3.226249933242798,3.3918750286102295,172092800
2012-06-22,3.0556726455688477,3.276249885559082,3.293750047683716,3.2406249046325684,3.265625,80105600
2012-06-25,2.961240768432617,3.174999952316284,3.2143750190734863,3.153125047683716,3.2125000953674316,153940800
2012-06-26,2.9909701347351074,3.2068750858306885,3.2274999618530273,3.1575000286102295,3.1937499046325684,114496000
2012-06-27,3.04459810256958,3.2643749713897705,3.2774999141693115,3.223750114440918,3.2281250953674316,93808000
2012-06-28,3.0282769203186035,3.246875047683716,3.2562499046325684,3.1737499237060547,3.221874952316284,132507200
2012-06-29,3.1786699295043945,3.4081249237060547,3.4149999618530273,3.3481249809265137,3.3662500381469727,118001600
2012-07-02,3.1973235607147217,3.4281249046325684,3.4356250762939453,3.3787500858306885,3.426875114440918,214387200
2012-07-03,3.24104380607605,3.4749999046325684,3.479374885559082,3.4206249713897705,3.427500009536743,50809600
2012-07-05,3.2113142013549805,3.443125009536743,3.474375009536743,3.4175000190734863,3.450000047683716,96912000
2012-07-06,3.1483592987060547,3.375624895095825,3.391249895095825,3.3450000286102295,3.3768749237060547,132294400
2012-07-09,3.1390323638916016,3.3656249046325684,3.380000114440918,3.3375000953674316,3.372499942779541,98422400
2012-07-10,3.089482545852661,3.3125,3.413749933242798,3.286250114440918,3.403125047683716,101097600
2012-07-11,3.088900327682495,3.311875104904175,3.3318750858306885,3.2725000381469727,3.3137500286102295,144920000
2012-07-12,3.0603373050689697,3.28125,3.306874990463257,3.2331249713897705,3.270625114440918,119969600
2012-07-13,3.1541876792907715,3.3818750381469727,3.3943750858306885,3.294374942779541,3.296250104904175,90326400
2012-07-16,3.1448614597320557,3.371875047683716,3.3918750286102295,3.3456249237060547,3.3712499141693115,88160000
2012-07-17,3.1868302822113037,3.416874885559082,3.431874990463257,3.328125,3.400624990463257,133569600
2012-07-18,3.2328827381134033,3.466249942779541,3.481874942779541,3.398124933242798,3.4043750762939453,102188800
2012-07-19,3.249204397201538,3.483750104904175,3.5087499618530273,3.4600000381469727,3.483750104904175,100216000
2012-07-20,3.191495180130005,3.421875,3.4568750858306885,3.4149999618530273,3.4462499618530273,105691200
2012-07-23,3.129122495651245,3.3550000190734863,3.371875047683716,3.291249990463257,3.3218750953674316,133867200
2012-07-24,3.0795738697052,3.301875114440918,3.3606250286102295,3.2512500286102295,3.359375,201086400
2012-07-25,3.073162317276001,3.2950000762939453,3.3262500762939453,3.2618749141693115,3.309375047683716,169582400
2012-07-26,3.1705102920532227,3.3993749618530273,3.418750047683716,3.359375,3.390625,142718400
2012-07-27,3.294088840484619,3.531874895095825,3.549999952316284,3.429374933242798,3.440624952316284,175227200
2012-07-30,3.2911741733551025,3.528749942779541,3.5637500286102295,3.5093750953674316,3.523124933242798,102625600
2012-07-31,3.2591135501861572,3.494374990463257,3.5399999618530273,3.4825000762939453,3.5218749046325684,114024000
2012-08-01,3.2416253089904785,3.4756250381469727,3.5325000286102295,3.465625047683716,3.5299999713897705,113790400
2012-08-02,3.197906732559204,3.4287500381469727,3.473750114440918,3.3731250762939453,3.421875,120483200
2012-08-03,3.3214855194091797,3.5612499713897705,3.5768749713897705,3.5199999809265137,3.523750066757202,101176000
2012-08-06,3.333144426345825,3.5737500190734863,3.603749990463257,3.572499990463257,3.581249952316284,51160000
2012-08-07,3.3652052879333496,3.6081249713897705,3.6424999237060547,3.603749990463257,3.6056249141693115,56766400
2012-08-08,3.3756978511810303,3.619374990463257,3.628124952316284,3.5850000381469727,3.588749885559082,46409600
2012-08-09,3.3832764625549316,3.627500057220459,3.640625,3.6031250953674316,3.608750104904175,65163200
2012-08-10,3.393186092376709,3.638124942779541,3.641249895095825,3.586250066757202,3.599375009536743,63366400
2012-08-13,3.393186092376709,3.638124942779541,3.6387500762939453,3.596874952316284,3.6268749237060547,57532800
2012-08-14,3.390270709991455,3.634999990463257,3.666874885559082,3.614375114440918,3.661875009536743,65001600
2012-08-15,3.393768310546875,3.6387500762939453,3.65625,3.6237499713897705,3.628124952316284,64651200
2012-08-16,3.4468142986297607,3.695625066757202,3.706249952316284,3.635624885559082,3.651249885559082,66577600
2012-08-17,3.4578893184661865,3.7074999809265137,3.713124990463257,3.690624952316284,3.7100000381469727,76366400
2012-08-20,3.4578893184661865,3.7074999809265137,3.7093749046325684,3.6756250858306885,3.6968750953674316,56732800
2012-08-21,3.4351553916931152,3.6831250190734863,3.755000114440918,3.668750047683716,3.726249933242798,80260800
2012-08-22,3.436904191970825,3.684999942779541,3.700000047683716,3.6493749618530273,3.666874885559082,111806400
2012-08-23,3.382692575454712,3.6268749237060547,3.6706249713897705,3.6156249046325684,3.6706249713897705,103294400
2012-08-24,3.423497200012207,3.6706249713897705,3.686875104904175,3.604374885559082,3.609999895095825,81752000
2012-08-27,3.423497200012207,3.6706249713897705,3.700624942779541,3.661875009536743,3.690000057220459,63462400
2012-08-28,3.419416904449463,3.666249990463257,3.688124895095825,3.643125057220459,3.653125047683716,70192000
2012-08-29,3.421748161315918,3.668750047683716,3.690624952316284,3.650624990463257,3.671250104904175,51753600
2012-08-30,3.373948812484741,3.617500066757202,3.640625,3.601875066757202,3.637500047683716,80752000
2012-08-31,3.4095072746276855,3.655625104904175,3.6862499713897705,3.609999895095825,3.658750057220459,111766400
2012-09-04,3.3867733478546143,3.6312499046325684,3.666874885559082,3.5975000858306885,3.646250009536743,235824000
2012-09-05,3.3908538818359375,3.635624885559082,3.666874885559082,3.6231250762939453,3.648124933242798,89854400
2012-09-06,3.529006242752075,3.783750057220459,3.7850000858306885,3.6812500953674316,3.681874990463257,115846400
2012-09-07,3.5599000453948975,3.8168749809265137,3.818125009536743,3.791249990463257,3.7981250286102295,65300800
2012-09-10,3.5179312229156494,3.7718749046325684,3.8212499618530273,3.7693750858306885,3.807499885559082,68772800
2012-09-11,3.5365843772888184,3.791874885559082,3.8168749809265137,3.7743749618530273,3.7768750190734863,51209600
2012-09-12,3.5599000453948975,3.8168749809265137,3.8262500762939453,3.7925000190734863,3.818125009536743,76976000
2012-09-13,3.672405481338501,3.9375,3.958750009536743,3.8056249618530273,3.818125009536743,148091200
2012-09-14,3.6998021602630615,3.9668750762939453,4.01687479019165,3.9437499046325684,3.9493749141693115,155561600
2012-09-17,3.678234338760376,3.9437499046325684,3.9668750762939453,3.922499895095825,3.952500104904175,78129600
2012-09-18,3.674154281616211,3.9393749237060547,3.9462499618530273,3.916874885559082,3.9312500953674316,76614400
2012-09-19,3.674154281616211,3.9393749237060547,3.966249942779541,3.924999952316284,3.944999933242798,71972800
2012-09-20,3.6759023666381836,3.9412500858306885,3.944999933242798,3.883125066757202,3.9018750190734863,90310400
2012-09-21,3.6700737476348877,3.934999942779541,3.981874942779541,3.934999942779541,3.981874942779541,79272000
2012-09-24,3.657832145690918,3.921875,3.9437499046325684,3.8924999237060547,3.898750066757202,70531200
2012-09-25,3.5899689197540283,3.8418750762939453,3.9487500190734863,3.8324999809265137,3.9356250762939453,107176000
2012-09-26,3.5432469844818115,3.791874885559082,3.8350000381469727,3.773124933242798,3.833125114440918,101641600
2012-09-27,3.6109933853149414,3.864375114440918,3.8793749809265137,3.802500009536743,3.8237500190734863,65483200
2012-09-28,3.5753676891326904,3.8262500762939453,3.8575000762939453,3.799999952316284,3.8318750858306885,87411200
2012-10-01,3.5952260494232178,3.8475000858306885,3.9181249141693115,3.8293750286102295,3.856874942779541,277371200
2012-10-02,3.601065158843994,3.853749990463257,3.8893749713897705,3.8187499046325684,3.878124952316284,105164800
2012-10-03,3.6302664279937744,3.884999990463257,3.903749942779541,3.8343749046325684,3.874375104904175,77281600
2012-10-04,3.687500238418579,3.9462499618530273,3.9518749713897705,3.9043750762939453,3.914375066757202,69873600
2012-10-05,3.6828277111053467,3.9412500858306885,3.9962499141693115,3.918750047683716,3.984375,74339200
2012-10-08,3.657130718231201,3.913749933242798,3.927500009536743,3.8968749046325684,3.911875009536743,40371200
2012-10-09,3.587631940841675,3.8393750190734863,3.914375066757202,3.8343749046325684,3.906874895095825,94233600
2012-10-10,3.542079448699951,3.7906250953674316,3.8424999713897705,3.778125047683716,3.836250066757202,89028800
2012-10-11,3.5432469844818115,3.791874885559082,3.851249933242798,3.791874885559082,3.8399999141693115,69420800
2012-10-12,3.520470380783081,3.7674999237060547,3.8218750953674316,3.750624895095825,3.797499895095825,62980800
2012-10-15,3.5753676891326904,3.8262500762939453,3.836250066757202,3.759999990463257,3.786250114440918,77612800
2012-10-16,3.6483709812164307,3.9043750762939453,3.911875009536743,3.859999895095825,3.8631250858306885,77265600
2012-10-17,3.684579849243164,3.943125009536743,3.948124885559082,3.8993749618530273,3.911875009536743,76795200
2012-10-18,3.667059898376465,3.924375057220459,3.958750009536743,3.8949999809265137,3.921250104904175,121656000
2012-10-19,3.5409107208251953,3.789375066757202,3.90625,3.7725000381469727,3.905625104904175,169302400
2012-10-22,3.5426626205444336,3.791249990463257,3.805000066757202,3.731250047683716,3.778125047683716,133171200
2012-10-23,3.4439642429351807,3.6856250762939453,3.719374895095825,3.6543750762939453,3.7100000381469727,180308800
2012-10-24,3.426443099975586,3.666874885559082,3.721250057220459,3.653125047683716,3.711250066757202,95376000
2012-10-25,3.442211627960205,3.6837499141693115,3.7306249141693115,3.6424999237060547,3.716249942779541,113134400
2012-10-26,3.438124418258667,3.679374933242798,3.7068750858306885,3.6312499046325684,3.6787500381469727,96097600
2012-10-31,3.4270272254943848,3.6675000190734863,3.716249942779541,3.646250009536743,3.7074999809265137,96246400
2012-11-01,3.5117111206054688,3.758125066757202,3.7668750286102295,3.690624952316284,3.697499990463257,248420800
2012-11-02,3.447467803955078,3.6893749237060547,3.8056249618530273,3.682499885559082,3.8012499809265137,112102400
2012-11-05,3.462069034576416,3.7049999237060547,3.7206249237060547,3.6575000286102295,3.6781249046325684,75198400
2012-11-06,3.5134620666503906,3.759999990463257,3.791874885559082,3.7200000286102295,3.7274999618530273,81668800
2012-11-07,3.3586971759796143,3.594374895095825,3.695625066757202,3.557499885559082,3.695625066757202,172555200
2012-11-08,3.2734298706054688,3.503124952316284,3.627500057220459,3.5018749237060547,3.591249942779541,129198400
2012-11-09,3.2798542976379395,3.509999990463257,3.5762500762939453,3.481250047683716,3.484375,136768000
2012-11-12,3.2851107120513916,3.515625,3.5450000762939453,3.5012500286102295,3.534374952316284,52427200
2012-11-13,3.26466965675354,3.4937500953674316,3.567500114440918,3.4706249237060547,3.478749990463257,86363200
2012-11-14,3.1758992671966553,3.398750066757202,3.525624990463257,3.383125066757202,3.515000104904175,204236800
2012-11-15,3.163633346557617,3.385624885559082,3.4256250858306885,3.359999895095825,3.401249885559082,138320000
2012-11-16,3.1916677951812744,3.4156250953674316,3.4331250190734863,3.336250066757202,3.396250009536743,157548800
2012-11-19,3.321319580078125,3.554374933242798,3.5587499141693115,3.4937500953674316,3.4987499713897705,98468800
2012-11-20,3.329495429992676,3.563124895095825,3.572499990463257,3.505000114440918,3.5450000762939453,74204800
2012-11-21,3.3411762714385986,3.575624942779541,3.580625057220459,3.5531249046325684,3.5668749809265137,73337600
2012-11-23,3.4299471378326416,3.6706249713897705,3.6731250286102295,3.6050000190734863,3.609999895095825,52569600
2012-11-26,3.4200191497802734,3.6600000858306885,3.6606249809265137,3.6106250286102295,3.634999990463257,89134400
2012-11-27,3.3873143196105957,3.625,3.672499895095825,3.6131250858306885,3.648750066757202,111892800
2012-11-28,3.4322826862335205,3.6731250286102295,3.6806249618530273,3.549375057220459,3.5875000953674316,154185600
2012-11-29,3.4690771102905273,3.7125000953674316,3.731250047683716,3.671875,3.7043750286102295,165892800
2012-11-30,3.459148406982422,3.7018749713897705,3.7256250381469727,3.686875104904175,3.7118749618530273,108099200
2012-12-03,3.4322826862335205,3.6731250286102295,3.752500057220459,3.669374942779541,3.7481250762939453,121083200
2012-12-04,3.4223551750183105,3.6624999046325684,3.6962499618530273,3.643749952316284,3.674999952316284,144401600
2012-12-05,3.4369559288024902,3.6781249046325684,3.711250066757202,3.6181249618530273,3.671250104904175,168772800
2012-12-06,3.455644130706787,3.698124885559082,3.7049999237060547,3.659374952316284,3.6700000762939453,136616000
2012-12-07,3.4813408851623535,3.7256250381469727,3.740000009536743,3.6862499713897705,3.731874942779541,164104000
2012-12-10,3.483677625656128,3.7281250953674316,3.7456250190734863,3.711250066757202,3.7143750190734863,111788800
2012-12-11,3.5298144817352295,3.7774999141693115,3.8137500286102295,3.755000114440918,3.7593750953674316,138177600
2012-12-12,3.5333187580108643,3.78125,3.8368749618530273,3.7725000381469727,3.806874990463257,164675200
2012-12-13,3.4947736263275146,3.740000009536743,3.799375057220459,3.7168750762939453,3.778749942779541,152003200
2012-12-14,3.4655721187591553,3.708750009536743,3.733750104904175,3.6962499618530273,3.718125104904175,113483200
2012-12-17,3.54499888420105,3.793750047683716,3.7987499237060547,3.7256250381469727,3.7274999618530273,131281600
2012-12-18,3.626762628555298,3.8812499046325684,3.8887500762939453,3.796250104904175,3.806874990463257,136974400
2012-12-19,3.570112705230713,3.820625066757202,3.891249895095825,3.819999933242798,3.890625,122827200
2012-12-20,3.612746000289917,3.8662500381469727,3.867500066757202,3.806874990463257,3.8268749713897705,86771200
2012-12-21,3.5461671352386475,3.7950000762939453,3.8125,3.75,3.7612500190734863,202961600
2012-12-24,3.523974657058716,3.771250009536743,3.7831249237060547,3.7637500762939453,3.7799999713897705,32979200
2012-12-26,3.4913251399993896,3.729374885559082,3.784374952316284,3.711250066757202,3.7825000286102295,85017600
2012-12-27,3.48840069770813,3.726249933242798,3.750624895095825,3.635624885559082,3.7356250286102295,146697600
2012-12-28,3.4111666679382324,3.643749952316284,3.7143750190734863,3.634999990463257,3.6756250858306885,114827200
2012-12-31,3.531113386154175,3.7718749046325684,3.773124933242798,3.616874933242798,3.624375104904175,236536000
2013-01-02,3.7031333446502686,3.955625057220459,3.9593749046325684,3.887500047683716,3.9075000286102295,110841600
2013-01-03,3.684995651245117,3.9362499713897705,3.974375009536743,3.9175000190734863,3.952500104904175,99990400
2013-01-04,3.717177152633667,3.9706249237060547,3.9881250858306885,3.936875104904175,3.9512500762939453,85686400
2013-01-07,3.6996231079101562,3.9518749713897705,3.9600000381469727,3.9231250286102295,3.9468750953674316,76024000
2013-01-08,3.6773884296417236,3.9281249046325684,3.9487500190734863,3.8993749618530273,3.938124895095825,93524800
2013-01-09,3.6978678703308105,3.950000047683716,3.971250057220459,3.934999942779541,3.947499990463257,85115200
2013-01-10,3.7522828578948975,4.008124828338623,4.012499809265137,3.9518749713897705,3.9931249618530273,113041600
2013-01-11,3.7552080154418945,4.011250019073486,4.015625,3.986875057220459,4.010000228881836,67804800
2013-01-14,3.746432065963745,4.001874923706055,4.010624885559082,3.976249933242798,4.00124979019165,69961600
2013-01-15,3.75286865234375,4.008749961853027,4.018125057220459,3.963124990463257,3.9674999713897705,65699200
2013-01-16,3.7516984939575195,4.007500171661377,4.022500038146973,3.9856250286102295,3.9962499141693115,62625600
2013-01-17,3.79909086227417,4.058125019073486,4.083749771118164,4.03000020980835,4.043749809265137,120070400
2013-01-18,3.8178141117095947,4.078125,4.088125228881836,4.030624866485596,4.061874866485596,94251200
2013-01-22,3.8576014041900635,4.120625019073486,4.121874809265137,4.059999942779541,4.079999923706055,91849600
2013-01-23,3.8687198162078857,4.132500171661377,4.143125057220459,4.10812520980835,4.124374866485596,77153600
2013-01-24,3.871643304824829,4.135624885559082,4.178750038146973,4.115624904632568,4.12375020980835,116184000
2013-01-25,3.9172816276550293,4.184374809265137,4.184374809265137,4.141250133514404,4.165625095367432,90126400
2013-01-28,3.9096763134002686,4.176249980926514,4.189374923706055,4.143125057220459,4.188125133514404,73019200
2013-01-29,3.9377613067626953,4.206250190734863,4.218124866485596,4.152500152587891,4.156875133514404,75192000
2013-01-30,3.9079203605651855,4.174375057220459,4.223124980926514,4.166250228881836,4.205625057220459,113696000
2013-01-31,3.8938791751861572,4.159375190734863,4.190625190734863,4.147500038146973,4.163750171661377,80380800
2013-02-01,3.964089870452881,4.234375,4.248125076293945,4.191874980926514,4.204999923706055,105830400
2013-02-04,3.8786659240722656,4.143125057220459,4.20187520980835,4.138124942779541,4.1875,140896000
2013-02-05,3.9570698738098145,4.226874828338623,4.25,4.185625076293945,4.18874979019165,105844800
2013-02-06,3.961750030517578,4.231874942779541,4.238749980926514,4.191874980926514,4.196875095367432,95212800
2013-02-07,3.953558921813965,4.223124980926514,4.243124961853027,4.160624980926514,4.23562479019165,146587200
2013-02-08,3.993344306945801,4.265625,4.273125171661377,4.236249923706055,4.236875057220459,112428800
2013-02-11,3.9927608966827393,4.264999866485596,4.273125171661377,4.244999885559082,4.265625,70696000
2013-02-12,4.005634307861328,4.278749942779541,4.296249866485596,4.257500171661377,4.266250133514404,75948800
2013-02-13,4.013240814208984,4.286874771118164,4.31374979019165,4.263124942779541,4.296249866485596,103110400
2013-02-14,4.022014617919922,4.296249866485596,4.304999828338623,4.25124979019165,4.260000228881836,67123200
2013-02-15,4.012654781341553,4.286250114440918,4.311874866485596,4.253125190734863,4.303750038146973,122833600
2013-02-19,4.068825721740723,4.346250057220459,4.350625038146973,4.298749923706055,4.299375057220459,93025600
2013-02-20,3.9664313793182373,4.236875057220459,4.34499979019165,4.236875057220459,4.341875076293945,198236800
2013-02-21,3.9207918643951416,4.188125133514404,4.21999979019165,4.160624980926514,4.21999979019165,193800000
2013-02-22,3.995100975036621,4.267499923706055,4.268125057220459,4.207499980926514,4.228750228881836,116721600
2013-02-25,3.8482398986816406,4.11062479019165,4.323750019073486,4.108749866485596,4.309999942779541,238784000
2013-02-26,3.8968026638031006,4.162499904632568,4.17312479019165,4.09250020980835,4.147500038146973,235532800
2013-02-27,3.994516372680664,4.26687479019165,4.291250228881836,4.148749828338623,4.155624866485596,141606400
2013-02-28,3.9781339168548584,4.249374866485596,4.321875095367432,4.241250038146973,4.26687479019165,102774400
2013-03-01,4.003879070281982,4.276875019073486,4.291874885559082,4.183750152587891,4.221875190734863,406961600
2013-03-04,4.045421600341797,4.321249961853027,4.323124885559082,4.246250152587891,4.261250019073486,101953600
2013-03-05,4.119143962860107,4.400000095367432,4.426249980926514,4.365624904632568,4.365624904632568,139094400
2013-03-06,4.132601737976074,4.414374828338623,4.43874979019165,4.394374847412109,4.435625076293945,105424000
2013-03-07,4.150156497955322,4.433125019073486,4.441874980926514,4.416250228881836,4.427499771118164,71284800
2013-03-08,4.184676170349121,4.46999979019165,4.479374885559082,4.423749923706055,4.468124866485596,122736000
2013-03-11,4.213931083679199,4.50124979019165,4.501874923706055,4.449999809265137,4.461249828338623,65388800
2013-03-12,4.194622993469238,4.480625152587891,4.504374980926514,4.453750133514404,4.495625019073486,90108800
2013-03-13,4.20398473739624,4.490624904632568,4.505624771118164,4.455625057220459,4.486249923706055,84288000
2013-03-14,4.249038219451904,4.538750171661377,4.544374942779541,4.511875152587891,4.516250133514404,67876800
2013-03-15,4.237920761108398,4.526875019073486,4.541250228881836,4.498125076293945,4.531875133514404,82078400
2013-03-18,4.193451404571533,4.479374885559082,4.517499923706055,4.433750152587891,4.440625190734863,101104000
2013-03-19,4.172388553619385,4.456874847412109,4.508749961853027,4.398749828338623,4.499374866485596,172459200
2013-03-20,4.226358890533447,4.512499809265137,4.53125,4.493124961853027,4.506249904632568,74777600
2013-03-21,4.158458232879639,4.440000057220459,4.494999885559082,4.425624847412109,4.462500095367432,102006400
2013-03-22,4.221093654632568,4.506875038146973,4.508749961853027,4.461249828338623,4.46875,60702400
2013-03-25,4.192408561706543,4.476250171661377,4.549375057220459,4.439374923706055,4.536250114440918,134792000
2013-03-26,4.256214618682861,4.544374942779541,4.54562520980835,4.50124979019165,4.51437520980835,73828800
2013-03-27,4.2521162033081055,4.539999961853027,4.546875,4.474374771118164,4.489375114440918,95608000
2013-03-28,4.272019386291504,4.56125020980835,4.581250190734863,4.524374961853027,4.541874885559082,83164800
2013-04-01,4.245676517486572,4.533124923706055,4.585625171661377,4.513124942779541,4.565625190734863,85880000
2013-04-02,4.2889933586120605,4.57937479019165,4.603125095367432,4.554999828338623,4.568124771118164,99328000
2013-04-03,4.201189041137695,4.48562479019165,4.59250020980835,4.463125228881836,4.584374904632568,162443200
2013-04-04,4.2357258796691895,4.522500038146973,4.540625095367432,4.479374885559082,4.497499942779541,139449600
2013-04-05,4.197091579437256,4.481249809265137,4.493124961853027,4.401249885559082,4.411250114440918,137622400
2013-04-08,4.25504207611084,4.543125152587891,4.543125152587891,4.458749771118164,4.488749980926514,89398400
2013-04-09,4.281970500946045,4.571875095367432,4.606874942779541,4.528749942779541,4.558125019073486,85553600
2013-04-10,4.390262603759766,4.6875,4.696249961853027,4.596250057220459,4.598750114440918,98352000
2013-04-11,4.417775630950928,4.716875076293945,4.746250152587891,4.677499771118164,4.686874866485596,90396800
2013-04-12,4.394947052001953,4.692500114440918,4.707499980926514,4.639999866485596,4.686874866485596,100384000
2013-04-15,4.192995071411133,4.476874828338623,4.653124809265137,4.474999904632568,4.646249771118164,143379200
2013-04-16,4.312407970428467,4.604374885559082,4.611249923706055,4.519999980926514,4.542500019073486,102691200
2013-04-17,4.185967445373535,4.469375133514404,4.543125152587891,4.424375057220459,4.540625095367432,214248000
2013-04-18,4.132700443267822,4.412499904632568,4.489375114440918,4.381875038146973,4.487500190734863,149235200
2013-04-19,4.200603485107422,4.485000133514404,4.496250152587891,4.416250228881836,4.436874866485596,101788800
2013-04-22,4.245676517486572,4.533124923706055,4.554999828338623,4.450624942779541,4.509375095367432,95937600
2013-04-23,4.332311630249023,4.625625133514404,4.633749961853027,4.531875133514404,4.57687520980835,130393600
2013-04-24,4.343432903289795,4.637499809265137,4.65500020980835,4.611249923706055,4.630624771118164,74585600
2013-04-25,4.37387228012085,4.670000076293945,4.711874961853027,4.644999980926514,4.65500020980835,81379200
2013-04-26,4.357482433319092,4.652500152587891,4.672500133514404,4.622499942779541,4.656875133514404,86652800
2013-04-29,4.412506103515625,4.711249828338623,4.735000133514404,4.663125038146973,4.678124904632568,79931200
2013-04-30,4.43709135055542,4.737500190734863,4.739375114440918,4.67312479019165,4.713125228881836,71868800
2013-05-01,4.356897354125977,4.651875019073486,4.720624923706055,4.641250133514404,4.716249942779541,186643200
2013-05-02,4.435333728790283,4.73562479019165,4.746874809265137,4.667500019073486,4.675000190734863,78048000
2013-05-03,4.521970272064209,4.828125,4.864999771118164,4.815625190734863,4.821875095367432,69572800
2013-05-06,4.552994728088379,4.861249923706055,4.87375020980835,4.837500095367432,4.841875076293945,47446400
2013-05-07,4.596899032592773,4.908124923706055,4.911250114440918,4.853125095367432,4.878749847412109,60851200
2013-05-08,4.639044284820557,4.953125,4.955625057220459,4.89187479019165,4.899374961853027,43089600
2013-05-09,4.61621618270874,4.928750038146973,4.974999904632568,4.900000095367432,4.949999809265137,66862400
2013-05-10,4.644896507263184,4.959374904632568,4.961874961853027,4.903124809265137,4.932499885559082,58836800
2013-05-13,4.650752067565918,4.965624809265137,4.980000019073486,4.921249866485596,4.943124771118164,51361600
2013-05-14,4.748507976531982,5.070000171661377,5.074375152587891,4.970624923706055,4.970624923706055,55177600
2013-05-15,4.798264503479004,5.123125076293945,5.142499923706055,5.047500133514404,5.054375171661377,74158400
2013-05-16,4.753190517425537,5.074999809265137,5.136250019073486,5.058750152587891,5.101874828338623,70878400
2013-05-17,4.846266269683838,5.174375057220459,5.177499771118164,5.098124980926514,5.108749866485596,75795200
2013-05-20,4.843338966369629,5.171249866485596,5.211874961853027,5.151249885559082,5.163125038146973,58105600
2013-05-21,4.860313415527344,5.189374923706055,5.224374771118164,5.144374847412109,5.178750038146973,66414400
2013-05-22,4.77719259262085,5.100625038146973,5.303124904632568,5.06125020980835,5.196875095367432,179649600
2013-05-23,4.760214328765869,5.082499980926514,5.106874942779541,4.98562479019165,4.99875020980835,132459200
2013-05-24,4.747337818145752,5.068749904632568,5.069375038146973,4.987500190734863,5.014999866485596,95048000
2013-05-28,4.800020694732666,5.125,5.220624923706055,5.099999904632568,5.178124904632568,107700800
2013-05-29,4.743826389312744,5.065000057220459,5.097499847412109,5.008124828338623,5.073750019073486,90451200
2013-05-30,4.77660608291626,5.099999904632568,5.145625114440918,5.063125133514404,5.071875095367432,61025600
2013-05-31,4.639044284820557,4.953125,5.129374980926514,4.940625190734863,5.072500228881836,116550400
2013-06-03,4.688215732574463,5.005624771118164,5.013124942779541,4.903749942779541,4.976874828338623,189761600
2013-06-04,4.647823810577393,4.962500095367432,5.052499771118164,4.908124923706055,5.01437520980835,126908800
2013-06-05,4.513774394989014,4.819375038146973,4.950624942779541,4.811874866485596,4.930624961853027,161976000
2013-06-06,4.593386173248291,4.904375076293945,4.90625,4.759375095367432,4.816249847412109,193665600
2013-06-07,4.707533836364746,5.026249885559082,5.038125038146973,4.931250095367432,4.973124980926514,133553600
2013-06-10,4.707533836364746,5.026249885559082,5.067500114440918,5.004374980926514,5.0625,113854400
2013-06-11,4.615044116973877,4.927499771118164,5.014999866485596,4.90500020980835,4.938125133514404,121771200
2013-06-12,4.540701389312744,4.848124980926514,5.003749847412109,4.835625171661377,4.996250152587891,142680000
2013-06-13,4.675337791442871,4.991875171661377,5.008749961853027,4.818124771118164,4.840000152587891,87422400
2013-06-14,4.61621618270874,4.928750038146973,5.019374847412109,4.912499904632568,4.982500076293945,110142400
2013-06-17,4.687044143676758,5.004374980926514,5.051875114440918,4.951250076293945,4.996874809265137,88176000
2013-06-18,4.757289886474609,5.07937479019165,5.098750114440918,5.010624885559082,5.012499809265137,64353600
2013-06-19,4.6296772956848145,4.943124771118164,5.09250020980835,4.93874979019165,5.074375152587891,166684800
2013-06-20,4.400801181793213,4.698750019073486,4.86062479019165,4.67312479019165,4.846250057220459,250678400
2013-06-21,4.424798011779785,4.724374771118164,4.768125057220459,4.631875038146973,4.758749961853027,186238400
2013-06-24,4.315336227416992,4.607500076293945,4.688125133514404,4.528124809265137,4.62624979019165,257411200
2013-06-25,4.398458480834961,4.696249961853027,4.730000019073486,4.628749847412109,4.690625190734863,119651200
2013-06-26,4.481815338134766,4.781875133514404,4.804999828338623,4.731249809265137,4.768125057220459,85872000
2013-06-27,4.533950328826904,4.837500095367432,4.883749961853027,4.831250190734863,4.84250020980835,85755200
2013-06-28,4.494703769683838,4.79562520980835,4.859375,4.767499923706055,4.8125,118539200
2013-07-01,4.545081615447998,4.849374771118164,4.921249866485596,4.743750095367432,4.849999904632568,438195200
2013-07-02,4.533950328826904,4.837500095367432,4.909375190734863,4.801875114440918,4.838125228881836,105419200
2013-07-03,4.544494152069092,4.848750114440918,4.878749847412109,4.784999847412109,4.801875114440918,44641600
2013-07-05,4.644077777862549,4.954999923706055,4.958125114440918,4.849999904632568,4.92062520980835,81644800
2013-07-08,4.695039749145508,5.009375095367432,5.038125038146973,4.988124847412109,5.005624771118164,80596800
2013-07-09,4.764160633087158,5.083125114440918,5.096250057220459,5.03125,5.072500228881836,65441600
2013-07-10,4.766504764556885,5.085625171661377,5.121250152587891,5.053124904632568,5.074375152587891,75728000
2013-07-11,4.897135257720947,5.224999904632568,5.235000133514404,5.169374942779541,5.20437479019165,77443200
2013-07-12,4.8959641456604,5.223750114440918,5.250625133514404,5.206250190734863,5.222499847412109,67595200
2013-07-15,4.9422407150268555,5.273125171661377,5.283750057220459,5.239375114440918,5.258124828338623,47182400
2013-07-16,4.900649547576904,5.228750228881836,5.28125,5.20187520980835,5.275000095367432,98532800
2013-07-17,4.9270100593566895,5.256875038146973,5.288125038146973,5.243124961853027,5.270625114440918,62974400
2013-07-18,4.979728698730469,5.313125133514404,5.338125228881836,5.273125171661377,5.277500152587891,77099200
2013-07-19,5.00081729888916,5.335625171661377,5.335625171661377,5.278124809265137,5.290625095367432,62171200
2013-07-22,5.0183916091918945,5.354374885559082,5.368750095367432,5.323124885559082,5.349374771118164,54260800
2013-07-23,4.997302532196045,5.331874847412109,5.375,5.324999809265137,5.374374866485596,54980800
2013-07-24,4.959811687469482,5.291874885559082,5.375,5.269374847412109,5.372499942779541,102939200
2013-07-25,4.979145050048828,5.3125,5.324999809265137,5.253749847412109,5.267499923706055,102416000
2013-07-26,4.989687919616699,5.323750019073486,5.329999923706055,5.227499961853027,5.270625114440918,86350400
2013-07-29,4.960986137390137,5.293125152587891,5.324375152587891,5.26437520980835,5.300624847412109,73128000
2013-07-30,4.962156772613525,5.294374942779541,5.336874961853027,5.268750190734863,5.326250076293945,99505600
2013-07-31,4.962743759155273,5.295000076293945,5.371874809265137,5.286874771118164,5.315625190734863,103448000
2013-08-01,5.082241058349609,5.422500133514404,5.432499885559082,5.376874923706055,5.381249904632568,68681600
2013-08-02,5.100400447845459,5.441874980926514,5.441874980926514,5.384375095367432,5.400625228881836,59488000
2013-08-05,5.086341381072998,5.426875114440918,5.441874980926514,5.403749942779541,5.418125152587891,45811200
2013-08-06,5.031863689422607,5.368750095367432,5.413750171661377,5.340000152587891,5.402500152587891,81329600
2013-08-07,4.997302532196045,5.331874847412109,5.343124866485596,5.288125038146973,5.328750133514404,82521600
2013-08-08,5.024835586547852,5.361249923706055,5.389999866485596,5.311874866485596,5.378749847412109,65409600
2013-08-09,4.998475551605225,5.333125114440918,5.384375095367432,5.298749923706055,5.353125095367432,79814400
2013-08-12,4.987930774688721,5.321875095367432,5.335000038146973,5.276875019073486,5.281875133514404,60017600
2013-08-13,5.0195631980896,5.355625152587891,5.371250152587891,5.279375076293945,5.341249942779541,59449600
2013-08-14,4.970357894897461,5.303124904632568,5.364999771118164,5.296249866485596,5.346250057220459,93964800
2013-08-15,4.822740077972412,5.145625114440918,5.214375019073486,5.131249904632568,5.214375019073486,126372800
2013-08-16,4.796965599060059,5.118124961853027,5.165625095367432,5.09499979019165,5.130624771118164,94451200
2013-08-19,4.734871864318848,5.051875114440918,5.138750076293945,5.050624847412109,5.105000019073486,75531200
2013-08-20,4.778221607208252,5.098124980926514,5.136875152587891,5.056250095367432,5.066874980926514,72678400
2013-08-21,4.719642639160156,5.035624980926514,5.126874923706055,5.01437520980835,5.071875095367432,122480000
2013-08-22,4.803994178771973,5.125625133514404,5.141250133514404,5.057499885559082,5.058125019073486,63465600
2013-08-23,4.835627555847168,5.159375190734863,5.173749923706055,5.109375,5.156875133514404,57672000
2013-08-26,4.8028244972229,5.124374866485596,5.20437479019165,5.117499828338623,5.172500133514404,73814400
2013-08-27,4.645246982574463,4.956250190734863,5.060625076293945,4.950624942779541,5.021249771118164,189302400
2013-08-28,4.676880836486816,4.989999771118164,5.026875019073486,4.941249847412109,4.95437479019165,97363200
2013-08-29,4.692695617675781,5.006875038146973,5.060625076293945,4.961249828338623,4.969375133514404,90654400
2013-08-30,4.6610636711120605,4.973124980926514,5.028749942779541,4.946875095367432,5.028749942779541,98404800
2013-09-03,4.702654838562012,5.017499923706055,5.09250020980835,4.978750228881836,5.070624828338623,111404800
2013-09-04,4.782907009124756,5.103125095367432,5.119999885559082,5.005000114440918,5.023125171661377,71044800
2013-09-05,4.788764953613281,5.109375,5.142499923706055,5.101874828338623,5.107500076293945,60142400
2013-09-06,4.795794486999512,5.116875171661377,5.178124904632568,5.025000095367432,5.148125171661377,133894400
2013-09-09,4.893033504486084,5.220624923706055,5.224999904632568,5.145625114440918,5.145625114440918,78675200
2013-09-10,4.9633283615112305,5.29562520980835,5.29812479019165,5.258749961853027,5.28125,87723200
2013-09-11,4.992616653442383,5.32687520980835,5.32937479019165,5.263124942779541,5.281875133514404,96936000
2013-09-12,4.97152853012085,5.304375171661377,5.339375019073486,5.286250114440918,5.326250076293945,76246400
2013-09-13,4.987930774688721,5.321875095367432,5.332499980926514,5.288125038146973,5.31374979019165,60792000
2013-09-16,5.0494384765625,5.387499809265137,5.443749904632568,5.368750095367432,5.4375,81614400
2013-09-17,5.093371391296387,5.434374809265137,5.435625076293945,5.395625114440918,5.396249771118164,43523200
2013-09-18,5.210529327392578,5.559374809265137,5.590000152587891,5.403124809265137,5.429375171661377,108835200
2013-09-19,5.194710731506348,5.542500019073486,5.596250057220459,5.530624866485596,5.591875076293945,84105600
2013-09-20,5.116216659545898,5.458749771118164,5.566874980926514,5.455625057220459,5.566249847412109,90456000
2013-09-23,5.075213432312012,5.414999961853027,5.458125114440918,5.378749847412109,5.449999809265137,114185600
2013-09-24,5.048264503479004,5.386250019073486,5.450624942779541,5.366875171661377,5.409999847412109,93176000
2013-09-25,5.023990154266357,5.355000019073486,5.40625,5.341875076293945,5.388750076293945,122228800
2013-09-26,5.055654048919678,5.388750076293945,5.421875,5.351250171661377,5.368124961853027,64043200
2013-09-27,5.013436317443848,5.34375,5.355625152587891,5.314374923706055,5.337500095367432,110316800
2013-09-30,4.963009357452393,5.289999961853027,5.317500114440918,5.229374885559082,5.250625133514404,132993600
2013-10-01,5.036889553070068,5.368750095367432,5.376874923706055,5.284375190734863,5.291874885559082,90547200
2013-10-02,5.020473003387451,5.351250171661377,5.358749866485596,5.271874904632568,5.302499771118164,112582400
2013-10-03,4.9372076988220215,5.262499809265137,5.341249942779541,5.209374904632568,5.333749771118164,161136000
2013-10-04,5.005227088928223,5.335000038146973,5.348124980926514,5.251874923706055,5.265625,96539200
2013-10-07,4.922547817230225,5.246874809265137,5.309374809265137,5.233749866485596,5.243750095367432,91710400
2013-10-08,4.807621479034424,5.124374866485596,5.256249904632568,5.116250038146973,5.243750095367432,189288000
2013-10-09,4.808207988739014,5.125,5.166874885559082,5.063125133514404,5.14187479019165,169656000
2013-10-10,5.015782356262207,5.346250057220459,5.354374885559082,5.231249809265137,5.233749866485596,137838400
2013-10-11,5.083212852478027,5.418125152587891,5.42312479019165,5.325624942779541,5.332499980926514,98747200
2013-10-14,5.126019477844238,5.463749885559082,5.471250057220459,5.34375,5.353125095367432,138804800
2013-10-15,5.052137851715088,5.385000228881836,5.475625038146973,5.368750095367432,5.432499885559082,122198400
2013-10-16,5.190517902374268,5.53249979019165,5.538125038146973,5.441874980926514,5.446249961853027,83500800
2013-10-17,5.2602949142456055,5.606874942779541,5.612500190734863,5.48562479019165,5.488124847412109,76678400
2013-10-18,5.330074310302734,5.681250095367432,5.690000057220459,5.625625133514404,5.647500038146973,75899200
2013-10-21,5.330660343170166,5.681875228881836,5.705625057220459,5.656875133514404,5.68625020980835,64340800
2013-10-22,5.390470504760742,5.745625019073486,5.78249979019165,5.699999809265137,5.715624809265137,111318400
2013-10-23,5.3429741859436035,5.695000171661377,5.714375019073486,5.653124809265137,5.707499980926514,97467200
2013-10-24,5.380501747131348,5.735000133514404,5.744999885559082,5.68874979019165,5.714375019073486,78867200
2013-10-25,5.422719955444336,5.78000020980835,5.783750057220459,5.732500076293945,5.753125190734863,72648000
2013-10-28,5.44382905960083,5.802499771118164,5.816249847412109,5.765625,5.776875019073486,80011200
2013-10-29,5.503053188323975,5.865624904632568,5.866250038146973,5.810625076293945,5.824999809265137,77862400
2013-10-30,5.446173667907715,5.804999828338623,5.885000228881836,5.761250019073486,5.876874923706055,127148800
2013-10-31,5.413339614868164,5.769999980926514,5.84250020980835,5.753749847412109,5.79562520980835,111043200
2013-11-01,5.434447288513184,5.792500019073486,5.823124885559082,5.733749866485596,5.786250114440918,359265600
2013-11-04,5.476665496826172,5.837500095367432,5.843124866485596,5.793749809265137,5.830625057220459,52174400
2013-11-05,5.445589065551758,5.804375171661377,5.832499980926514,5.755000114440918,5.793125152587891,78956800
2013-11-06,5.497189044952393,5.859375,5.881249904632568,5.818124771118164,5.852499961853027,66904000
2013-11-07,5.357046127319336,5.710000038146973,5.890625,5.699999809265137,5.881875038146973,126510400
2013-11-08,5.4995341300964355,5.861875057220459,5.863124847412109,5.706250190734863,5.706874847412109,112308800
2013-11-11,5.503053188323975,5.865624904632568,5.879374980926514,5.839375019073486,5.855625152587891,51204800
2013-11-12,5.480184078216553,5.841249942779541,5.868124961853027,5.803124904632568,5.84250020980835,94361600
2013-11-13,5.569311618804932,5.93625020980835,5.9375,5.785624980926514,5.786250114440918,81976000
2013-11-14,5.62736177444458,5.998125076293945,6.005624771118164,5.926875114440918,5.947500228881836,93361600
2013-11-15,5.674271106719971,6.04812479019165,6.050624847412109,6.0,6.016250133514404,76409600
2013-11-18,5.636157989501953,6.007500171661377,6.077499866485596,5.978750228881836,6.069375038146973,84513600
2013-11-19,5.60801362991333,5.977499961853027,6.034375190734863,5.958125114440918,5.99875020980835,106124800
2013-11-20,5.576933860778809,5.944375038146973,6.037499904632568,5.90749979019165,6.00124979019165,117940800
2013-11-21,5.664889812469482,6.038125038146973,6.045000076293945,5.965624809265137,5.973750114440918,73680000
2013-11-22,5.717076301574707,6.09375,6.097499847412109,6.026875019073486,6.039999961853027,64520000
2013-11-25,5.715315818786621,6.091875076293945,6.119375228881836,6.066874980926514,6.116875171661377,77753600
2013-11-26,5.711799144744873,6.088125228881836,6.121874809265137,6.068124771118164,6.090000152587891,64691200
2013-11-27,5.734668254852295,6.112500190734863,6.12375020980835,6.082499980926514,6.099374771118164,79300800
2013-11-29,5.725872039794922,6.103125095367432,6.158124923706055,6.094375133514404,6.129374980926514,50659200
2013-12-02,5.704177379608154,6.079999923706055,6.135624885559082,6.057499885559082,6.114375114440918,80600000
2013-12-03,5.658440113067627,6.03125,6.067500114440918,5.983749866485596,6.036874771118164,101361600
2013-12-04,5.646712779998779,6.018750190734863,6.070000171661377,5.927499771118164,5.977499961853027,142264000
2013-12-05,5.6003899574279785,5.969375133514404,6.020625114440918,5.956874847412109,6.000625133514404,107665600
2013-12-06,5.7264580726623535,6.103750228881836,6.111875057220459,6.04812479019165,6.083125114440918,90582400
2013-12-09,5.751084804534912,6.130000114440918,6.148749828338623,6.115624904632568,6.135000228881836,60702400
2013-12-10,5.710039138793945,6.086249828338623,6.127500057220459,6.07937479019165,6.103125095367432,85419200
2013-12-11,5.581625461578369,5.949375152587891,6.093124866485596,5.93625020980835,6.091249942779541,121531200
2013-12-12,5.548203468322754,5.913750171661377,5.959374904632568,5.886250019073486,5.943124771118164,110864000
2013-12-13,5.543512344360352,5.908750057220459,5.945624828338623,5.886875152587891,5.93625020980835,109681600
2013-12-16,5.613290786743164,5.98312520980835,6.020625114440918,5.961874961853027,5.964375019073486,102832000
2013-12-17,5.571070671081543,5.938125133514404,5.994375228881836,5.918125152587891,5.991875171661377,95435200
2013-12-18,5.759881973266602,6.13937520980835,6.148125171661377,5.846875190734863,5.962500095367432,155595200
2013-12-19,5.758121967315674,6.137499809265137,6.146874904632568,6.080625057220459,6.113124847412109,109872000
2013-12-20,5.8161725997924805,6.199375152587891,6.231874942779541,6.143125057220459,6.144374847412109,93891200
2013-12-23,5.881258964538574,6.268750190734863,6.276249885559082,6.238124847412109,6.262499809265137,63603200
2013-12-24,5.908492088317871,6.291874885559082,6.29562520980835,6.263124942779541,6.263750076293945,34657600
2013-12-26,5.968357563018799,6.355625152587891,6.361249923706055,6.316874980926514,6.318124771118164,57494400
2013-12-27,5.967770099639893,6.355000019073486,6.37624979019165,6.339375019073486,6.371874809265137,67920000
2013-12-30,5.961901664733887,6.348750114440918,6.363749980926514,6.333749771118164,6.354374885559082,52430400
2013-12-31,6.019417762756348,6.409999847412109,6.409999847412109,6.35812520980835,6.368750095367432,53532800
2014-01-02,5.903796672821045,6.286874771118164,6.366875171661377,6.257500171661377,6.360000133514404,114081600
2014-01-03,5.896165370941162,6.278749942779541,6.333749771118164,6.267499923706055,6.307499885559082,89019200
2014-01-06,5.869168281555176,6.25,6.329999923706055,6.227499961853027,6.323750019073486,115792000
2014-01-07,5.936664581298828,6.321875095367432,6.343124866485596,6.287499904632568,6.297500133514404,77683200
2014-01-08,5.939011573791504,6.324375152587891,6.346250057220459,6.281875133514404,6.320624828338623,104400000
2014-01-09,5.94840145111084,6.334374904632568,6.367499828338623,6.275625228881836,6.364999771118164,94233600
2014-01-10,5.9742255210876465,6.361875057220459,6.372499942779541,6.289374828338623,6.356874942779541,71889600
2014-01-13,5.8204545974731445,6.198124885559082,6.369375228881836,6.173749923706055,6.334374904632568,134673600
2014-01-14,5.94370698928833,6.32937479019165,6.338749885559082,6.215000152587891,6.238124847412109,89772800
2014-01-15,6.01237678527832,6.402500152587891,6.419374942779541,6.355000019073486,6.36062479019165,85704000
2014-01-16,5.992420196533203,6.381249904632568,6.388124942779541,6.343124866485596,6.37375020980835,59227200
2014-01-17,5.941945552825928,6.327499866485596,6.385000228881836,6.306875228881836,6.362500190734863,67280000
2014-01-21,5.974813461303711,6.362500190734863,6.40625,6.287499904632568,6.400625228881836,79364800
2014-01-22,5.986551284790039,6.375,6.393750190734863,6.346250057220459,6.388750076293945,63108800
2014-01-23,5.889710426330566,6.271874904632568,6.311874866485596,6.203125,6.310625076293945,107662400
2014-01-24,5.636162281036377,6.001874923706055,6.191874980926514,6.00124979019165,6.188125133514404,210553600
2014-01-27,5.576298236846924,5.938125133514404,6.042500019073486,5.882500171661377,6.012499809265137,193964800
2014-01-28,5.643792152404785,6.010000228881836,6.027500152587891,5.948124885559082,5.951250076293945,106886400
2014-01-29,5.535799980163574,5.894999980926514,5.977499961853027,5.864999771118164,5.911874771118164,160955200
2014-01-30,5.65435791015625,6.021249771118164,6.058750152587891,5.956874847412109,5.994375228881836,112651200
2014-01-31,5.583925724029541,5.946249961853027,6.024374961853027,5.866250038146973,5.871874809265137,117388800
2014-02-03,5.328031539916992,5.673749923706055,5.961874961853027,5.655624866485596,5.933125019073486,725332800
2014-02-04,5.40609073638916,5.756875038146973,5.787499904632568,5.691249847412109,5.731874942779541,149636800
2014-02-05,5.393766403198242,5.743750095367432,5.768750190734863,5.647500038146973,5.718124866485596,154494400
2014-02-06,5.531104564666748,5.889999866485596,5.893750190734863,5.769374847412109,5.769999980926514,117587200
2014-02-07,5.674313068389893,6.042500019073486,6.052499771118164,5.912499904632568,5.949375152587891,119019200
2014-02-10,5.691332817077637,6.060625076293945,6.066874980926514,6.009375095367432,6.041250228881836,74171200
2014-02-11,5.81634521484375,6.193749904632568,6.226250171661377,6.066249847412109,6.076250076293945,152017600
2014-02-12,5.825150966644287,6.203125,6.253125190734863,6.176875114440918,6.213749885559082,95803200
2014-02-13,5.883253574371338,6.264999866485596,6.278124809265137,6.117499828338623,6.117499828338623,88897600
2014-02-14,5.94722843170166,6.333125114440918,6.357500076293945,6.241875171661377,6.255624771118164,68228800
2014-02-18,5.964247703552246,6.351250171661377,6.367499828338623,6.309374809265137,6.344375133514404,64737600
2014-02-19,5.885601043701172,6.267499923706055,6.399374961853027,6.255000114440918,6.316874980926514,113816000
2014-02-20,5.94781494140625,6.333749771118164,6.367499828338623,6.238124847412109,6.283124923706055,105548800
2014-02-21,5.93783712387085,6.323124885559082,6.392499923706055,6.317500114440918,6.364999771118164,90721600
2014-02-24,5.997115135192871,6.386250019073486,6.478750228881836,6.344375133514404,6.348124980926514,70350400
2014-02-25,5.998291015625,6.387499809265137,6.440000057220459,6.346875190734863,6.401249885559082,104078400
2014-02-26,5.9965291023254395,6.385624885559082,6.441249847412109,6.353750228881836,6.40749979019165,100873600
2014-02-27,6.061676025390625,6.454999923706055,6.456874847412109,6.356249809265137,6.370625019073486,84822400
2014-02-28,6.089849472045898,6.485000133514404,6.547500133514404,6.401875019073486,6.45187520980835,127668800
2014-03-03,6.005918025970459,6.395625114440918,6.429375171661377,6.310625076293945,6.375,141980800
2014-03-04,6.180233955383301,6.581250190734863,6.607500076293945,6.518750190734863,6.518750190734863,400547200
2014-03-05,6.179059028625488,6.579999923706055,6.61062479019165,6.568749904632568,6.587500095367432,64326400
2014-03-06,6.214862823486328,6.618124961853027,6.649374961853027,6.599374771118164,6.620625019073486,81899200
2014-03-07,6.216623306274414,6.619999885559082,6.67312479019165,6.565000057220459,6.669374942779541,91788800
2014-03-10,6.215450763702393,6.618750095367432,6.621250152587891,6.541250228881836,6.600625038146973,54252800
2014-03-11,6.151474475860596,6.550624847412109,6.65500020980835,6.520625114440918,6.636250019073486,81569600
2014-03-12,6.154409885406494,6.553750038146973,6.557499885559082,6.456874847412109,6.486875057220459,62078400
2014-03-13,6.015898704528809,6.40625,6.602499961853027,6.369375228881836,6.59375,114904000
2014-03-14,5.980682849884033,6.368750095367432,6.447500228881836,6.354374885559082,6.378125190734863,141224000
2014-03-17,6.085153579711914,6.480000019073486,6.51437520980835,6.428124904632568,6.433750152587891,87892800
2014-03-18,6.174951553344727,6.575624942779541,6.594375133514404,6.496874809265137,6.510624885559082,83798400
2014-03-19,6.115087032318115,6.511875152587891,6.596250057220459,6.423749923706055,6.578750133514404,110198400
2014-03-20,6.176711559295654,6.577499866485596,6.590624809265137,6.454999923706055,6.478125095367432,90094400
2014-03-21,6.130931854248047,6.528749942779541,6.668749809265137,6.519374847412109,6.636250019073486,99180800
2014-03-24,6.081632614135742,6.476250171661377,6.591249942779541,6.420000076293945,6.574999809265137,119512000
2014-03-25,6.139735698699951,6.538125038146973,6.581250190734863,6.465624809265137,6.541250228881836,74288000
2014-03-26,6.048737525939941,6.439374923706055,6.606874942779541,6.43874979019165,6.588749885559082,71985600
2014-03-27,6.028778553009033,6.418125152587891,6.466875076293945,6.366875171661377,6.426875114440918,75104000
2014-03-28,6.079266548156738,6.471875190734863,6.541874885559082,6.443124771118164,6.451250076293945,66352000
2014-03-31,6.182592391967773,6.581874847412109,6.601250171661377,6.54562520980835,6.554375171661377,47713600
2014-04-01,6.261851787567139,6.666250228881836,6.676875114440918,6.612500190734863,6.624374866485596,44204800
2014-04-02,6.3047075271606445,6.711874961853027,6.731249809265137,6.661250114440918,6.684999942779541,46499200
2014-04-03,6.290617942810059,6.696875095367432,6.736875057220459,6.65500020980835,6.73562479019165,49192000
2014-04-04,6.14208459854126,6.538750171661377,6.771874904632568,6.51687479019165,6.769374847412109,108936000
2014-04-07,6.005293846130371,6.393125057220459,6.526875019073486,6.367499828338623,6.503749847412109,107732800
2014-04-08,6.051673412322998,6.442500114440918,6.465000152587891,6.341875076293945,6.383749961853027,66664000
2014-04-09,6.183180809020996,6.582499980926514,6.586249828338623,6.443749904632568,6.477499961853027,38878400
2014-04-10,5.920753002166748,6.303124904632568,6.588125228881836,6.290625095367432,6.581874847412109,88881600
2014-04-11,5.815664768218994,6.191249847412109,6.322500228881836,6.177499771118164,6.237500190734863,88652800
2014-04-14,5.906075954437256,6.287499904632568,6.316874980926514,6.1875,6.287499904632568,76972800
2014-04-15,5.990616798400879,6.377500057220459,6.383124828338623,6.190000057220459,6.3125,99105600
2014-04-16,6.108622074127197,6.503125190734863,6.508749961853027,6.405624866485596,6.461874961853027,53382400
2014-04-17,6.1268205642700195,6.522500038146973,6.561874866485596,6.469375133514404,6.490624904632568,77920000
2014-04-21,6.173788547515869,6.572500228881836,6.574375152587891,6.513124942779541,6.53000020980835,58137600
2014-04-22,6.224276542663574,6.62624979019165,6.666250228881836,6.578125,6.584374904632568,57924800
2014-04-23,6.201967716217041,6.602499961853027,6.631249904632568,6.589375019073486,6.62375020980835,49174400
2014-04-24,6.221930027008057,6.62375020980835,6.666250228881836,6.5625,6.664999961853027,92292800
2014-04-25,6.123298645019531,6.518750190734863,6.590000152587891,6.487500190734863,6.581874847412109,76329600
2014-04-28,6.160284996032715,6.558125019073486,6.613749980926514,6.423749923706055,6.569375038146973,133672000
2014-04-29,6.213708400726318,6.614999771118164,6.637499809265137,6.570624828338623,6.599999904632568,58214400
2014-04-30,6.25891637802124,6.663125038146973,6.67062520980835,6.578125,6.596875190734863,61560000
2014-05-01,6.252457618713379,6.65625,6.693749904632568,6.616250038146973,6.652500152587891,77787200
2014-05-02,6.236019134521484,6.638750076293945,6.714375019073486,6.619999885559082,6.65625,82444800
2014-05-05,6.260674953460693,6.664999961853027,6.671875,6.537499904632568,6.573750019073486,52752000
2014-05-06,6.153238296508789,6.550624847412109,6.643125057220459,6.54562520980835,6.634375095367432,66174400
2014-05-07,6.22251558303833,6.624374866485596,6.629374980926514,6.493750095367432,6.593124866485596,94696000
2014-05-08,6.20783805847168,6.608749866485596,6.704999923706055,6.568749904632568,6.612500190734863,66867200
2014-05-09,6.230147361755371,6.632500171661377,6.635000228881836,6.550000190734863,6.61062479019165,63907200
2014-05-12,6.348151206970215,6.758124828338623,6.763750076293945,6.684374809265137,6.68625020980835,49374400
2014-05-13,6.357545375823975,6.768125057220459,6.803750038146973,6.756875038146973,6.773749828338623,51905600
2014-05-14,6.300011157989502,6.706874847412109,6.764999866485596,6.68625020980835,6.759375095367432,51526400
2014-05-15,6.187878131866455,6.587500095367432,6.680624961853027,6.522500038146973,6.676875114440918,103478400
2014-05-16,6.233670711517334,6.636250019073486,6.638124942779541,6.541874885559082,6.596250057220459,73768000
2014-05-19,6.277702331542969,6.683125019073486,6.691874980926514,6.595624923706055,6.60812520980835,42344000
2014-05-20,6.190812110900879,6.590624809265137,6.676249980926514,6.559999942779541,6.675624847412109,252667200
2014-05-21,6.2976603507995605,6.70437479019165,6.711874961853027,6.630624771118164,6.631875038146973,60000000
2014-05-22,6.330539226531982,6.739375114440918,6.767499923706055,6.686874866485596,6.709374904632568,48312000
2014-05-23,6.382201671600342,6.794374942779541,6.802499771118164,6.746250152587891,6.75,38803200
2014-05-27,6.460872173309326,6.878125190734863,6.881249904632568,6.836874961853027,6.84375,39326400
2014-05-28,6.449131011962891,6.865624904632568,6.898125171661377,6.844375133514404,6.87624979019165,53190400
2014-05-29,6.517231464385986,6.938125133514404,6.93874979019165,6.863124847412109,6.898749828338623,47678400
2014-05-30,6.534845352172852,6.956874847412109,6.968124866485596,6.913125038146973,6.925624847412109,51745600
2014-06-02,6.550698280334473,6.973750114440918,6.981874942779541,6.908750057220459,6.979374885559082,49388800
2014-06-03,6.546000003814697,6.96875,6.975625038146973,6.929375171661377,6.940625190734863,39942400
2014-06-04,6.5730061531066895,6.997499942779541,7.003749847412109,6.928750038146973,6.941874980926514,35568000
2014-06-05,6.6551971435546875,7.085000038146973,7.101874828338623,6.961874961853027,7.010624885559082,66700800
2014-06-06,6.719776153564453,7.153749942779541,7.158124923706055,7.111875057220459,7.117499828338623,43236800
2014-06-09,6.734453201293945,7.169374942779541,7.204999923706055,7.140625,7.150000095367432,46632000
2014-06-10,6.736802101135254,7.171875,7.17312479019165,7.121250152587891,7.151249885559082,30648000
2014-06-11,6.689835071563721,7.121874809265137,7.135624885559082,7.088125228881836,7.120625019073486,48814400
2014-06-12,6.5947265625,7.020625114440918,7.111875057220459,6.988124847412109,7.101250171661377,71508800
2014-06-13,6.633475303649902,7.061874866485596,7.074375152587891,7.000625133514404,7.046875,41929600
2014-06-16,6.642282485961914,7.071249961853027,7.102499961853027,7.026249885559082,7.044374942779541,37699200
2014-06-17,6.677506923675537,7.108749866485596,7.121250152587891,7.037499904632568,7.050624847412109,34094400
2014-06-18,6.7761383056640625,7.213749885559082,7.223750114440918,7.081250190734863,7.112500190734863,52147200
2014-06-19,6.794923782348633,7.233749866485596,7.240624904632568,7.181875228881836,7.226250171661377,48616000
2014-06-20,6.819581508636475,7.260000228881836,7.269999980926514,7.244375228881836,7.266250133514404,42492800
2014-06-23,6.817819118499756,7.258124828338623,7.268125057220459,7.230000019073486,7.261875152587891,28809600
2014-06-24,6.733278751373291,7.168125152587891,7.301249980926514,7.151875019073486,7.228750228881836,63763200
2014-06-25,6.792094707489014,7.224999904632568,7.240624904632568,7.130000114440918,7.130000114440918,47628800
2014-06-26,6.781517505645752,7.213749885559082,7.231249809265137,7.119999885559082,7.231249809265137,57760000
2014-06-27,6.808546543121338,7.242499828338623,7.248125076293945,7.175624847412109,7.183750152587891,36131200
2014-06-30,6.802670955657959,7.236249923706055,7.268750190734863,7.223124980926514,7.236249923706055,33299200
2014-07-01,6.892565727233887,7.331874847412109,7.37624979019165,7.267499923706055,7.271874904632568,147625600
2014-07-02,6.905491352081299,7.345624923706055,7.363124847412109,7.32687520980835,7.330625057220459,32699200
2014-07-03,6.9789347648620605,7.423749923706055,7.424375057220459,7.377500057220459,7.387499809265137,24043200
2014-07-07,6.926644325256348,7.368124961853027,7.401249885559082,7.345624923706055,7.389999866485596,43584000
2014-07-08,6.834985733032227,7.270625114440918,7.34375,7.235000133514404,7.339375019073486,61644800
2014-07-09,6.897854804992676,7.337500095367432,7.348124980926514,7.276875019073486,7.306250095367432,37774400
2014-07-10,6.843212127685547,7.279375076293945,7.316249847412109,7.181875228881836,7.193124771118164,49065600
2014-07-11,6.860251426696777,7.297500133514404,7.307499885559082,7.237500190734863,7.269374847412109,30817600
2014-07-14,6.929582595825195,7.371250152587891,7.389999866485596,7.358749866485596,7.369375228881836,31307200
2014-07-15,6.905491352081299,7.345624923706055,7.408750057220459,7.278749942779541,7.380000114440918,55196800
2014-07-16,6.956607818603516,7.400000095367432,7.419374942779541,7.355625152587891,7.40749979019165,129798400
2014-07-17,6.796794414520264,7.230000019073486,7.406875133514404,7.208125114440918,7.353750228881836,86273600
2014-07-18,6.9342827796936035,7.37624979019165,7.389999866485596,7.266250133514404,7.277500152587891,50091200
2014-07-21,6.905491352081299,7.345624923706055,7.359375,7.280624866485596,7.328125,47227200
2014-07-22,6.966009140014648,7.409999847412109,7.436874866485596,7.385624885559082,7.400000095367432,31793600
2014-07-23,6.998911380767822,7.445000171661377,7.458749771118164,7.404375076293945,7.431250095367432,27328000
2014-07-24,6.9971489906311035,7.443124771118164,7.473750114440918,7.430624961853027,7.460000038146973,31371200
2014-07-25,6.932518482208252,7.374374866485596,7.414374828338623,7.34499979019165,7.403124809265137,48569600
2014-07-28,6.936044216156006,7.378125190734863,7.400625228881836,7.292500019073486,7.378749847412109,43710400
2014-07-29,6.8767008781433105,7.315000057220459,7.426249980926514,7.314374923706055,7.408124923706055,48376000
2014-07-30,6.881402492523193,7.320000171661377,7.386250019073486,7.258124828338623,7.367499828338623,50652800
2014-07-31,6.6070146560668945,7.028124809265137,7.228750228881836,7.021874904632568,7.213749885559082,109910400
2014-08-01,6.56765079498291,6.986249923706055,7.075624942779541,6.916874885559082,6.989375114440918,213870400
2014-08-04,6.65930700302124,7.083749771118164,7.113124847412109,6.950624942779541,7.010624885559082,63078400
2014-08-05,6.530046463012695,6.946249961853027,7.061874866485596,6.896249771118164,7.026875019073486,89340800
2014-08-06,6.531809329986572,6.948124885559082,7.008124828338623,6.878125190734863,6.881249904632568,55907200
2014-08-07,6.4607157707214355,6.872499942779541,7.025625228881836,6.840624809265137,7.01437520980835,86427200
2014-08-08,6.61112642288208,7.03249979019165,7.041250228881836,6.869375228881836,6.90625,54190400
2014-08-11,6.647556304931641,7.071249961853027,7.135624885559082,7.067500114440918,7.083125114440918,43243200
2014-08-12,6.6299285888671875,7.052499771118164,7.099374771118164,7.010624885559082,7.057499885559082,64332800
2014-08-13,6.723351001739502,7.151875019073486,7.166250228881836,7.085625171661377,7.106874942779541,52184000
2014-08-14,6.783869743347168,7.216249942779541,7.216249942779541,7.159375190734863,7.171875,40118400
2014-08-15,6.782104015350342,7.214375019073486,7.28249979019165,7.11062479019165,7.268750190734863,96513600
2014-08-18,6.894914627075195,7.334374904632568,7.340624809265137,7.284375190734863,7.293749809265137,112153600
2014-08-19,6.964835166931152,7.408750057220459,7.42062520980835,7.355000019073486,7.366250038146973,35187200
2014-08-20,7.003612041473389,7.449999809265137,7.466249942779541,7.387499809265137,7.391250133514404,56585600
2014-08-21,7.041803359985352,7.490624904632568,7.511875152587891,7.451250076293945,7.463749885559082,44592000
2014-08-22,7.020063877105713,7.46750020980835,7.508124828338623,7.43625020980835,7.481249809265137,75612800
2014-08-25,7.092919826507568,7.545000076293945,7.569375038146973,7.520625114440918,7.539999961853027,52752000
2014-08-26,7.104084491729736,7.556875228881836,7.59250020980835,7.550000190734863,7.554375171661377,36553600
2014-08-27,7.098207473754883,7.550624847412109,7.571875095367432,7.526249885559082,7.56125020980835,33219200
2014-08-28,7.087042808532715,7.538750171661377,7.54812479019165,7.483749866485596,7.496250152587891,47193600
2014-08-29,7.126997947692871,7.581250190734863,7.583125114440918,7.515625,7.564374923706055,47801600
2014-09-02,7.119361400604248,7.573124885559082,7.603750228881836,7.518125057220459,7.603750228881836,124558400
2014-09-03,7.114658832550049,7.568124771118164,7.633749961853027,7.545000076293945,7.631249904632568,64411200
2014-09-04,7.0893940925598145,7.541250228881836,7.645625114440918,7.502500057220459,7.589375019073486,81740800
2014-09-05,7.155789852142334,7.611875057220459,7.616250038146973,7.48312520980835,7.538125038146973,62190400
2014-09-08,7.118184566497803,7.571875095367432,7.616875171661377,7.527500152587891,7.596875190734863,65336000
2014-09-09,7.03005313873291,7.478125095367432,7.567500114440918,7.444375038146973,7.555624961853027,77672000
2014-09-10,7.081169128417969,7.53249979019165,7.539374828338623,7.432499885559082,7.485000133514404,67494400
2014-09-11,7.092919826507568,7.545000076293945,7.548749923706055,7.458125114440918,7.46875,61969600
2014-09-12,7.012425899505615,7.459374904632568,7.533124923706055,7.416250228881836,7.533124923706055,82784000
2014-09-15,6.999500751495361,7.445624828338623,7.471250057220459,7.401249885559082,7.458125114440918,54129600
2014-09-16,7.107609748840332,7.560625076293945,7.585000038146973,7.409999847412109,7.420000076293945,111704000
2014-09-17,7.123473167419434,7.577499866485596,7.649374961853027,7.505624771118164,7.583749771118164,96726400
2014-09-18,7.1992669105529785,7.658124923706055,7.663750171661377,7.607500076293945,7.62624979019165,59952000
2014-09-19,7.18575382232666,7.643750190734863,7.724374771118164,7.616250038146973,7.709374904632568,67806400
2014-09-22,7.077055931091309,7.528124809265137,7.621874809265137,7.498125076293945,7.620625019073486,85569600
2014-09-23,6.9971489906311035,7.443124771118164,7.536874771118164,7.438125133514404,7.472499847412109,83228800
2014-09-24,7.106599807739258,7.556250095367432,7.56374979019165,7.402500152587891,7.443124771118164,66377600
2014-09-25,6.872063159942627,7.306875228881836,7.515625,7.306250095367432,7.515625,129140800
2014-09-26,6.985511779785156,7.427499771118164,7.461249828338623,7.317500114440918,7.336874961853027,48654400
2014-09-29,6.9578857421875,7.398125171661377,7.423749923706055,7.285624980926514,7.296249866485596,55110400
2014-09-30,6.917913913726807,7.355625152587891,7.45437479019165,7.329999923706055,7.411874771118164,61156800
2014-10-01,6.735692501068115,7.161874771118164,7.339375019073486,7.128125190734863,7.333749771118164,115227200
2014-10-02,6.735106468200684,7.161250114440918,7.210625171661377,7.012499809265137,7.144374847412109,97993600
2014-10-03,6.8826446533203125,7.318124771118164,7.349374771118164,7.213749885559082,7.256249904632568,61705600
2014-10-06,6.8650102615356445,7.299375057220459,7.400000095367432,7.25,7.379374980926514,96732800
2014-10-07,6.656926155090332,7.078125,7.256875038146973,7.072500228881836,7.224999904632568,126577600
2014-10-08,6.886170864105225,7.321875095367432,7.34250020980835,7.008749961853027,7.081250190734863,132198400
2014-10-09,6.610490798950195,7.028749942779541,7.318124771118164,7.019999980926514,7.297500133514404,166012800
2014-10-10,6.462951183319092,6.871874809265137,7.097499847412109,6.867499828338623,7.027500152587891,159539200
2014-10-13,6.247811317443848,6.643125057220459,6.912499904632568,6.635624885559082,6.865624904632568,144409600
2014-10-14,6.2754387855529785,6.672500133514404,6.811874866485596,6.616875171661377,6.715624809265137,174734400
2014-10-15,6.177276611328125,6.568124771118164,6.603750228881836,6.252500057220459,6.482500076293945,255444800
2014-10-16,6.167281627655029,6.557499885559082,6.653124809265137,6.324999809265137,6.336249828338623,218760000
2014-10-17,6.317760944366455,6.71750020980835,6.806250095367432,6.65500020980835,6.712500095367432,136827200
2014-10-20,6.440612316131592,6.848124980926514,6.856249809265137,6.6875,6.693124771118164,88984000
2014-10-21,6.695135593414307,7.118750095367432,7.127500057220459,6.931875228881836,6.946249961853027,110457600
2014-10-22,6.602261543273926,7.019999980926514,7.179999828338623,7.011250019073486,7.144374847412109,106432000
2014-10-23,6.751562118530273,7.178750038146973,7.268125057220459,7.130624771118164,7.158124923706055,80323200
2014-10-24,6.849728107452393,7.283124923706055,7.292500019073486,7.148125171661377,7.200624942779541,86742400
2014-10-27,6.789183139801025,7.21875,7.290625095367432,7.184999942779541,7.237500190734863,77094400
2014-10-28,6.990799903869629,7.433125019073486,7.435625076293945,7.31125020980835,7.319375038146973,59595200
2014-10-29,6.973753452301025,7.414999961853027,7.488124847412109,7.314374923706055,7.446249961853027,105049600
2014-10-30,7.062514305114746,7.509375095367432,7.549375057220459,7.358749866485596,7.368750095367432,77840000
2014-10-31,7.220634460449219,7.677499771118164,7.691249847412109,7.613124847412109,7.688125133514404,87841600
2014-11-03,7.228275775909424,7.685625076293945,7.736249923706055,7.652500152587891,7.698124885559082,58563200
2014-11-04,7.181840419769287,7.636250019073486,7.67312479019165,7.557499885559082,7.646249771118164,102016000
2014-11-05,7.272362232208252,7.732500076293945,7.748125076293945,7.661874771118164,7.744375228881836,70992000
2014-11-06,7.331143379211426,7.795000076293945,7.800000190734863,7.676249980926514,7.738124847412109,62824000
2014-11-07,7.342310905456543,7.806875228881836,7.824999809265137,7.75,7.793749809265137,59604800
2014-11-10,7.386397838592529,7.853750228881836,7.858749866485596,7.789374828338623,7.811874866485596,25374400
2014-11-11,7.400503635406494,7.868750095367432,7.879374980926514,7.828750133514404,7.861875057220459,29198400
2014-11-12,7.387572288513184,7.855000019073486,7.873125076293945,7.802499771118164,7.806875228881836,40046400
2014-11-13,7.398739814758301,7.866875171661377,7.918749809265137,7.794374942779541,7.868750095367432,51702400
2014-11-14,7.405206203460693,7.87375020980835,7.89187479019165,7.833125114440918,7.861875057220459,26555200
2014-11-17,7.414611339569092,7.883749961853027,7.898125171661377,7.827499866485596,7.841249942779541,40148800
2014-11-18,7.499256134033203,7.973750114440918,8.0024995803833,7.886875152587891,7.886875152587891,56382400
2014-11-19,7.472805500030518,7.945624828338623,7.973750114440918,7.876874923706055,7.95437479019165,48142400
2014-11-20,7.501608371734619,7.976250171661377,7.98562479019165,7.867499828338623,7.872499942779541,41385600
2014-11-21,7.576846599578857,8.056249618530273,8.142499923706055,8.006875038146973,8.133749961853027,48851200
2014-11-24,7.625634670257568,8.108124732971191,8.117500305175781,8.079999923706055,8.098750114440918,41107200
2014-11-25,7.61799430847168,8.100000381469727,8.148124694824219,8.070625305175781,8.125624656677246,42697600
2014-11-26,7.652085304260254,8.136249542236328,8.143750190734863,8.088749885559082,8.106249809265137,25088000
2014-11-28,7.6203436851501465,8.102499961853027,8.151874542236328,8.077500343322754,8.1225004196167,21585600
2014-12-01,7.513362884521484,7.988749980926514,8.047499656677246,7.958125114440918,8.034375190734863,68652800
2014-12-02,7.60447359085083,8.085624694824219,8.107500076293945,7.988749980926514,7.988749980926514,50764800
2014-12-03,7.667366981506348,8.15250015258789,8.171250343322754,8.088749885559082,8.103750228881836,41296000
2014-12-04,7.646210670471191,8.130000114440918,8.180624961853027,8.05875015258789,8.121874809265137,48572800
2014-12-05,7.676187515258789,8.161874771118164,8.195625305175781,8.123749732971191,8.148750305175781,41924800
2014-12-08,7.5721435546875,8.051250457763672,8.167499542236328,7.996874809265137,8.123749732971191,59281600
2014-12-09,7.558622360229492,8.036874771118164,8.048749923706055,7.838749885559082,7.875,93104000
2014-12-10,7.318798542022705,7.781875133514404,7.999374866485596,7.762499809265137,7.996250152587891,115340800
2014-12-11,7.385219573974609,7.852499961853027,8.010624885559082,7.820624828338623,7.833125114440918,74848000
2014-12-12,7.1530375480651855,7.605625152587891,7.828750133514404,7.601874828338623,7.740624904632568,110892800
2014-12-15,7.046643257141113,7.492499828338623,7.727499961853027,7.444375038146973,7.68625020980835,114411200
2014-12-16,6.935547828674316,7.374374866485596,7.714375019073486,7.371250152587891,7.428750038146973,139726400
2014-12-17,7.2159318923950195,7.672500133514404,7.707499980926514,7.40500020980835,7.417500019073486,123755200
2014-12-18,7.57037878036499,8.0493745803833,8.0493745803833,7.82937479019165,7.889999866485596,83571200
2014-12-19,7.632100582122803,8.114999771118164,8.179374694824219,8.045624732971191,8.103750228881836,61928000
2014-12-22,7.699471950531006,8.171250343322754,8.175000190734863,8.0962495803833,8.119999885559082,26008000
2014-12-23,7.724797248840332,8.198124885559082,8.236249923706055,8.180000305175781,8.2318754196167,28875200
2014-12-24,7.724206924438477,8.197500228881836,8.241874694824219,8.197500228881836,8.219374656677246,11120000
2014-12-26,7.776620864868164,8.253125190734863,8.282500267028809,8.2368745803833,8.241874694824219,11014400
2014-12-29,7.79075288772583,8.2681245803833,8.289999961853027,8.228124618530273,8.228750228881836,14828800
2014-12-30,7.711248397827148,8.18375015258789,8.241874694824219,8.173749923706055,8.226875305175781,19592000
2014-12-31,7.556365489959717,8.01937484741211,8.226249694824219,8.006250381469727,8.209375381469727,34265600
2015-01-02,7.546353816986084,8.008749961853027,8.121874809265137,7.910624980926514,8.079999923706055,42342400
2015-01-05,7.271331787109375,7.716875076293945,7.924375057220459,7.690625190734863,7.909999847412109,90105600
2015-01-06,7.140590667724609,7.578125,7.795000076293945,7.499374866485596,7.748125076293945,117161600
2015-01-07,7.3184428215026855,7.76687479019165,7.792500019073486,7.654375076293945,7.696875095367432,61499200
2015-01-08,7.57580041885376,8.039999961853027,8.055624961853027,7.890625,7.890625,58868800
2015-01-09,7.445059776306152,7.901249885559082,8.074999809265137,7.849999904632568,8.07437515258789,70956800
2015-01-12,7.330221176147461,7.779375076293945,7.933750152587891,7.728125095367432,7.917500019073486,49008000
2015-01-13,7.292531967163086,7.739375114440918,7.99875020980835,7.619375228881836,7.894374847412109,101068800
2015-01-14,7.20183801651001,7.643125057220459,7.663750171661377,7.46999979019165,7.550000190734863,95172800
2015-01-15,7.071098804473877,7.504374980926514,7.731249809265137,7.494999885559082,7.699999809265137,75382400
2015-01-16,7.251896858215332,7.696249961853027,7.714375019073486,7.468124866485596,7.488749980926514,66670400
2015-01-20,7.285466194152832,7.731874942779541,7.78249979019165,7.589375019073486,7.755624771118164,67980800
2015-01-21,7.357313632965088,7.808125019073486,7.853750228881836,7.647500038146973,7.6875,69441600
2015-01-22,7.576388359069824,8.040624618530273,8.054374694824219,7.753749847412109,7.881249904632568,72606400
2015-01-23,7.490994453430176,7.949999809265137,8.042499542236328,7.941874980926514,8.012499809265137,47694400
2015-01-26,7.527508735656738,7.988749980926514,7.999374866485596,7.868124961853027,7.935625076293945,37331200
2015-01-27,7.329634666442871,7.778749942779541,7.886250019073486,7.702499866485596,7.798749923706055,74860800
2015-01-28,7.1388258934021,7.576250076293945,7.896249771118164,7.5625,7.887499809265137,69633600
2015-01-29,7.275453090667725,7.721250057220459,7.741250038146973,7.466875076293945,7.596250057220459,56987200
2015-01-30,7.091712474822998,7.526249885559082,7.731249809265137,7.50124979019165,7.605625152587891,74571200
2015-02-02,7.260140895843506,7.704999923706055,7.716875076293945,7.403124809265137,7.569375038146973,69979200
2015-02-03,7.471561431884766,7.929375171661377,7.932499885559082,7.758124828338623,7.786874771118164,64270400
2015-02-04,7.415026664733887,7.869375228881836,7.973124980926514,7.829999923706055,7.856249809265137,53268800
2015-02-05,7.571677207946777,8.035625457763672,8.04312515258789,7.926875114440918,7.936874866485596,48936000
2015-02-06,7.523974418640137,7.985000133514404,8.116250038146973,7.936874866485596,8.064374923706055,48700800
2015-02-09,7.455660820007324,7.912499904632568,7.989375114440918,7.87375020980835,7.920000076293945,44804800
2015-02-10,7.611135482788086,8.077500343322754,8.103124618530273,7.927499771118164,8.008749961853027,37910400
2015-02-11,7.623502731323242,8.090624809265137,8.129375457763672,8.00374984741211,8.0625,39852800
2015-02-12,7.768375396728516,8.244375228881836,8.249375343322754,8.150625228881836,8.166874885559082,36441600
2015-02-13,7.831974983215332,8.311875343322754,8.31624984741211,8.233750343322754,8.255624771118164,36716800
2015-02-17,7.862011432647705,8.34375,8.354999542236328,8.259374618530273,8.286250114440918,32032000
2015-02-18,7.860244274139404,8.341875076293945,8.346875190734863,8.27750015258789,8.301875114440918,30555200
2015-02-19,7.851413249969482,8.332500457763672,8.362500190734863,8.26937484741211,8.284375190734863,29740800
2015-02-20,7.941513538360596,8.428125381469727,8.434374809265137,8.229374885559082,8.288125038146973,52547200
2015-02-23,7.939159870147705,8.42562484741211,8.42562484741211,8.366874694824219,8.404999732971191,28110400
2015-02-24,7.98568868637085,8.475000381469727,8.491250038146973,8.391249656677246,8.417499542236328,30403200
2015-02-25,7.966838836669922,8.454999923706055,8.506250381469727,8.423749923706055,8.461250305175781,33952000
2015-02-26,7.949761867523193,8.436875343322754,8.462499618530273,8.379375457763672,8.448124885559082,33574400
2015-02-27,7.900290012359619,8.384374618530273,8.454375267028809,8.37874984741211,8.428750038146973,28592000
2015-03-02,7.995696544647217,8.485625267028809,8.489999771118164,8.384374618530273,8.389374732971191,35614400
2015-03-03,7.927971839904785,8.413749694824219,8.453125,8.332500457763672,8.443124771118164,45961600
2015-03-04,7.864370822906494,8.3462495803833,8.364375114440918,8.25,8.35562515258789,68803200
2015-03-05,7.878502368927002,8.361249923706055,8.388750076293945,8.314374923706055,8.374375343322754,34152000
2015-03-06,7.658247947692871,8.1274995803833,8.320625305175781,8.094374656677246,8.275625228881836,80409600
2015-03-09,7.721261978149414,8.194375038146973,8.225000381469727,8.133749961853027,8.1431245803833,36833600
2015-03-10,7.468616962432861,7.926249980926514,8.068124771118164,7.924375057220459,8.057499885559082,74320000
2015-03-11,7.436225891113281,7.89187479019165,7.966249942779541,7.880624771118164,7.946875095367432,65040000
2015-03-12,7.622323513031006,8.089374542236328,8.095000267028809,7.942500114440918,7.948750019073486,54987200
2015-03-13,7.532808780670166,7.994375228881836,8.076250076293945,7.89187479019165,8.064374923706055,95446400
2015-03-16,7.7318620681762695,8.2056245803833,8.210624694824219,8.055000305175781,8.05875015258789,54422400
2015-03-17,7.6818037033081055,8.15250015258789,8.1875,8.076874732971191,8.130000114440918,67376000
2015-03-18,7.864955902099609,8.346875190734863,8.411874771118164,8.047499656677246,8.107500076293945,94996800
2015-03-19,7.791934013366699,8.26937484741211,8.335624694824219,8.2368745803833,8.3100004196167,64356800
2015-03-20,7.929738998413086,8.415624618530273,8.465624809265137,8.356249809265137,8.363750457763672,55256000
2015-03-23,7.90441370010376,8.388750076293945,8.47249984741211,8.38687515258789,8.41812515258789,45304000
2015-03-24,7.808419227600098,8.286874771118164,8.416250228881836,8.283124923706055,8.3725004196167,55776000
2015-03-25,7.585160732269287,8.03499984741211,8.315625190734863,8.029375076293945,8.293749809265137,84784000
2015-03-26,7.550352096557617,7.998125076293945,8.078125,7.90500020980835,7.970624923706055,89476800
2015-03-27,7.580441474914551,8.029999732971191,8.046875,7.966249942779541,7.984375,57217600
2015-03-30,7.76688289642334,8.227499961853027,8.2524995803833,8.125,8.1274995803833,48142400
2015-03-31,7.628823280334473,8.081250190734863,8.213125228881836,8.076250076293945,8.146249771118164,68755200
2015-04-01,7.578671455383301,8.028124809265137,8.076874732971191,7.930624961853027,8.076874732971191,82193600
2015-04-02,7.623512268066406,8.0756254196167,8.1225004196167,7.999374866485596,8.017499923706055,53435200
2015-04-06,7.729713439941406,8.188124656677246,8.236249923706055,7.98312520980835,7.996250152587891,58547200
2015-04-07,7.6931328773498535,8.149374961853027,8.260624885559082,8.141875267028809,8.189374923706055,44406400
2015-04-08,7.739743709564209,8.198749542236328,8.239375114440918,8.129375457763672,8.164999961853027,62830400
2015-04-09,7.8099541664123535,8.273124694824219,8.292499542236328,8.1381254196167,8.182499885559082,50176000
2015-04-10,7.890788555145264,8.358750343322754,8.364375114440918,8.276249885559082,8.2943754196167,34164800
2015-04-13,7.822934150695801,8.286874771118164,8.407500267028809,8.279999732971191,8.346875190734863,43908800
2015-04-14,7.850665092468262,8.31624984741211,8.333125114440918,8.207500457763672,8.265625,45225600
2015-04-15,7.9202880859375,8.390000343322754,8.438124656677246,8.351249694824219,8.3618745803833,47715200
2015-04-16,7.914976596832275,8.384374618530273,8.43375015258789,8.34000015258789,8.359999656677246,42201600
2015-04-17,7.733252048492432,8.191875457763672,8.295000076293945,8.118749618530273,8.270625114440918,89832000
2015-04-20,7.874856472015381,8.341875076293945,8.371874809265137,8.271875381469727,8.279999732971191,46315200
2015-04-21,7.855386734008789,8.321249961853027,8.420000076293945,8.293749809265137,8.407500267028809,39377600
2015-04-22,7.93149471282959,8.401874542236328,8.420000076293945,8.266875267028809,8.353750228881836,41913600
2015-04-23,7.971028804779053,8.443750381469727,8.506250381469727,8.353124618530273,8.364375114440918,54478400
2015-04-24,8.007019996643066,8.4818754196167,8.509374618530273,8.440625190734863,8.486249923706055,39729600
2015-04-27,7.939757823944092,8.410625457763672,8.548749923706055,8.39437484741211,8.538749694824219,50787200
2015-04-28,7.991086959838867,8.46500015258789,8.470624923706055,8.298125267028809,8.411250114440918,55100800
2015-04-29,7.923233985900879,8.3931245803833,8.454375267028809,8.319375038146973,8.376874923706055,79048000
2015-04-30,7.769242763519287,8.229999542236328,8.378125190734863,8.15999984741211,8.341875076293945,90468800
2015-05-01,7.932677745819092,8.403124809265137,8.407500267028809,8.292499542236328,8.302499771118164,57230400
2015-05-04,7.983415603637695,8.45687484741211,8.507499694824219,8.434374809265137,8.445625305175781,46368000
2015-05-05,7.7975640296936035,8.260000228881836,8.462499618530273,8.24625015258789,8.429374694824219,67000000
2015-05-06,7.730895042419434,8.189374923706055,8.339374542236328,8.09000015258789,8.309374809265137,93884800
2015-05-07,7.79166316986084,8.25374984741211,8.295000076293945,8.150625228881836,8.181249618530273,54843200
2015-05-08,7.999349117279053,8.473750114440918,8.491874694824219,8.406874656677246,8.412500381469727,60043200
2015-05-11,7.919107437133789,8.388750076293945,8.493749618530273,8.384374618530273,8.464374542236328,42384000
2015-05-12,7.87190580368042,8.338749885559082,8.392499923706055,8.233750343322754,8.3100004196167,55436800
2015-05-13,7.876626014709473,8.34375,8.439374923706055,8.321874618530273,8.379375457763672,45873600
2015-05-14,8.03887939453125,8.515625,8.524999618530273,8.413125038146973,8.441875457763672,45633600
2015-05-15,8.056580543518066,8.534375190734863,8.548749923706055,8.489375114440918,8.53499984741211,30716800
2015-05-18,8.104369163513184,8.585000038146973,8.61312484741211,8.5131254196167,8.5181245803833,31390400
2015-05-19,8.09787654876709,8.578125,8.625,8.554374694824219,8.599374771118164,26710400
2015-05-20,8.086669921875,8.56624984741211,8.641249656677246,8.538749694824219,8.588749885559082,22308000
2015-05-21,8.13622760772705,8.618749618530273,8.640000343322754,8.538749694824219,8.556249618530273,20428000
2015-05-22,8.098467826843262,8.578749656677246,8.623749732971191,8.571249961853027,8.579999923706055,14265600
2015-05-26,7.926187515258789,8.396249771118164,8.536250114440918,8.352499961853027,8.53125,34778400
2015-05-27,8.066608428955078,8.545000076293945,8.572500228881836,8.404999732971191,8.438750267028809,20912800
2015-05-28,8.052450180053711,8.529999732971191,8.542499542236328,8.46500015258789,8.520000457763672,28336800
2015-05-29,7.9486083984375,8.420000076293945,8.52750015258789,8.399999618530273,8.522500038146973,25803200
2015-06-01,7.9816484451293945,8.454999923706055,8.520000457763672,8.382499694824219,8.487500190734863,37086400
2015-06-02,7.969846725463867,8.442500114440918,8.507499694824219,8.353750228881836,8.414999961853027,26419200
2015-06-03,8.014688491821289,8.489999771118164,8.546250343322754,8.4399995803833,8.491250038146973,29102400
2015-06-04,7.8860697746276855,8.353750228881836,8.473750114440918,8.3125,8.418749809265137,42716800
2015-06-05,7.850665092468262,8.31624984741211,8.37874984741211,8.251250267028809,8.326250076293945,39340000
2015-06-08,7.749185562133789,8.208749771118164,8.31624984741211,8.203749656677246,8.305000305175781,29508800
2015-06-09,7.749185562133789,8.208749771118164,8.258749961853027,8.147500038146973,8.211250305175781,27781600
2015-06-10,7.929729461669922,8.399999618530273,8.4399995803833,8.274999618530273,8.28125,35219200
2015-06-11,7.979285717010498,8.452500343322754,8.493749618530273,8.423749923706055,8.449999809265137,31018400
2015-06-12,7.863645553588867,8.329999923706055,8.392499923706055,8.301250457763672,8.373749732971191,37148000
2015-06-15,7.789307117462158,8.251250267028809,8.28125,8.151249885559082,8.21875,52836800
2015-06-16,7.875447750091553,8.342499732971191,8.352499961853027,8.225000381469727,8.241250038146973,37437600
2015-06-17,7.901406288146973,8.369999885559082,8.428750038146973,8.270000457763672,8.3725004196167,44884000
2015-06-18,8.059529304504395,8.537500381469727,8.59000015258789,8.416250228881836,8.427499771118164,48420000
2015-06-19,7.9674859046936035,8.4399995803833,8.52750015258789,8.43375015258789,8.522500038146973,23019200
2015-06-22,8.07958984375,8.55875015258789,8.611249923706055,8.53499984741211,8.5600004196167,28890400
2015-06-23,8.086669921875,8.56624984741211,8.600000381469727,8.529999732971191,8.573749542236328,23512800
2015-06-24,7.968298435211182,8.431249618530273,8.568750381469727,8.431249618530273,8.5287504196167,27688000
2015-06-25,7.917496681213379,8.3774995803833,8.492500305175781,8.3774995803833,8.483750343322754,19932800
2015-06-26,7.9186787605285645,8.37874984741211,8.438750267028809,8.327500343322754,8.416250228881836,27628000
2015-06-29,7.596168518066406,8.037500381469727,8.297499656677246,8.020000457763672,8.237500190734863,59671200
2015-06-30,7.623337745666504,8.06624984741211,8.173749923706055,8.016249656677246,8.168749809265137,47496000
2015-07-01,7.736748695373535,8.186249732971191,8.229999542236328,8.114999771118164,8.212499618530273,35364800
2015-07-02,7.724936485290527,8.173749923706055,8.248749732971191,8.133749961853027,8.231249809265137,23533600
2015-07-06,7.678863525390625,8.125,8.197500228881836,8.03125,8.046250343322754,31766400
2015-07-07,7.767464637756348,8.21875,8.237500190734863,7.922500133514404,8.142499923706055,49491200
2015-07-08,7.514655113220215,7.951250076293945,8.1274995803833,7.928750038146973,8.098750114440918,45748800
2015-07-09,7.5371012687683105,7.974999904632568,8.168749809265137,7.971250057220459,8.145000457763672,36599200
2015-07-10,7.7296624183654785,8.178750038146973,8.220000267028809,8.103750228881836,8.166250228881836,29277600
2015-07-13,7.8997802734375,8.358750343322754,8.37125015258789,8.295000076293945,8.298749923706055,27017600
2015-07-14,7.971842288970947,8.4350004196167,8.461250305175781,8.353750228881836,8.353750228881836,21504000
2015-07-15,7.964753150939941,8.427499771118164,8.479999542236328,8.383749961853027,8.444999694824219,24407200
2015-07-16,8.085254669189453,8.555000305175781,8.561249732971191,8.505000114440918,8.524999618530273,24529600
2015-07-17,8.101794242858887,8.572500228881836,8.579999923706055,8.522500038146973,8.55875015258789,15824800
2015-07-20,8.111242294311523,8.582500457763672,8.62874984741211,8.552499771118164,8.598750114440918,15590400
2015-07-21,8.043903350830078,8.511249542236328,8.59375,8.484999656677246,8.569999694824219,21688000
2015-07-22,8.009648323059082,8.475000381469727,8.515000343322754,8.443750381469727,8.443750381469727,13934400
2015-07-23,7.928130626678467,8.388750076293945,8.5024995803833,8.353750228881836,8.498749732971191,17001600
2015-07-24,7.759192943572998,8.210000038146973,8.399999618530273,8.182499885559082,8.396249771118164,22997600
2015-07-27,7.669412136077881,8.114999771118164,8.177499771118164,8.077500343322754,8.126250267028809,36130400
2015-07-28,7.8537068367004395,8.3100004196167,8.331250190734863,8.118749618530273,8.193750381469727,35527200
2015-07-29,7.963574409484863,8.426250457763672,8.451250076293945,8.313750267028809,8.326250076293945,28096000
2015-07-30,7.968298435211182,8.431249618530273,8.449999809265137,8.322500228881836,8.37874984741211,26016800
2015-07-31,7.944672584533691,8.40625,8.482500076293945,8.381250381469727,8.482500076293945,21937600
2015-08-03,7.887964248657227,8.3462495803833,8.4087495803833,8.260000228881836,8.4037504196167,35012000
2015-08-04,7.85488748550415,8.311249732971191,8.386249542236328,8.271249771118164,8.34375,18974400
2015-08-05,7.9139556884765625,8.373749732971191,8.470000267028809,8.345000267028809,8.401249885559082,20272800
2015-08-06,7.793456077575684,8.24625015258789,8.398750305175781,8.178750038146973,8.387499809265137,27496800
2015-08-07,7.754469394683838,8.204999923706055,8.233750343322754,8.118749618530273,8.2212495803833,27556800
2015-08-10,7.9458513259887695,8.407500267028809,8.416250228881836,8.306249618530273,8.306249618530273,30011200
2015-08-11,7.798182964324951,8.251250267028809,8.318750381469727,8.18375015258789,8.279999732971191,33119200
2015-08-12,7.8159003257751465,8.270000457763672,8.292499542236328,7.994999885559082,8.131250381469727,55163200
2015-08-13,7.800541877746582,8.25374984741211,8.324999809265137,8.203749656677246,8.265000343322754,29604000
2015-08-14,7.85488748550415,8.311249732971191,8.319999694824219,8.22249984741211,8.241250038146973,19082400
2015-08-17,7.944672584533691,8.40625,8.40625,8.213749885559082,8.260000228881836,23092800
2015-08-18,7.896234035491943,8.354999542236328,8.412500381469727,8.335000038146973,8.382499694824219,17944800
2015-08-19,7.771008491516113,8.22249984741211,8.359999656677246,8.148750305175781,8.286250114440918,50494400
2015-08-20,7.448496341705322,7.881249904632568,8.132499694824219,7.875,8.082500457763672,68294400
2015-08-21,6.984221458435059,7.389999866485596,7.798749923706055,7.382500171661377,7.710000038146973,100240800
2015-08-24,6.406534194946289,6.778749942779541,7.253749847412109,6.25,6.616250038146973,86661600
2015-08-25,6.252958297729492,6.616250038146973,7.21750020980835,6.605000019073486,7.21750020980835,69799200
2015-08-26,6.737315654754639,7.128749847412109,7.146249771118164,6.696249961853027,6.953750133514404,57304000
2015-08-27,7.064553737640381,7.474999904632568,7.489999771118164,7.182499885559082,7.324999809265137,66073600
2015-08-28,7.06337308883667,7.473750114440918,7.519999980926514,7.377500057220459,7.416250228881836,41505600
2015-08-31,6.953505992889404,7.357500076293945,7.466249942779541,7.307499885559082,7.391250133514404,37468000
2015-09-01,6.531759738922119,6.911250114440918,7.138750076293945,6.840000152587891,7.011250019073486,81476000
2015-09-02,6.784571170806885,7.178750038146973,7.181250095367432,6.963749885559082,7.127500057220459,53676800
2015-09-03,6.795203685760498,7.190000057220459,7.37375020980835,7.146249771118164,7.238749980926514,46442400
2015-09-04,6.589645862579346,6.972499847412109,7.065000057220459,6.898749828338623,6.991250038146973,50857600
2015-09-08,6.926334381103516,7.328750133514404,7.333749771118164,7.158750057220459,7.216249942779541,36719200
2015-09-09,6.733772277832031,7.125,7.472499847412109,7.09250020980835,7.463749885559082,40766400
2015-09-10,6.805835723876953,7.201250076293945,7.303750038146973,7.086249828338623,7.108749866485596,42141600
2015-09-11,6.866085529327393,7.264999866485596,7.268750190734863,7.106249809265137,7.166250228881836,24742400
2015-09-14,6.81646728515625,7.212500095367432,7.284999847412109,7.172500133514404,7.284999847412109,26164000
2015-09-15,6.9865851402282715,7.392499923706055,7.432499885559082,7.21999979019165,7.256249904632568,26920800
2015-09-16,7.111808776855469,7.525000095367432,7.538750171661377,7.391250133514404,7.418749809265137,30150400
2015-09-17,7.076369762420654,7.487500190734863,7.721250057220459,7.456250190734863,7.507500171661377,60553600
2015-09-18,6.847182750701904,7.244999885559082,7.403749942779541,7.207499980926514,7.262499809265137,67630400
2015-09-21,6.9121575355529785,7.31374979019165,7.40749979019165,7.224999904632568,7.317500114440918,39931200
2015-09-22,6.738496780395508,7.130000114440918,7.168749809265137,7.027500152587891,7.128749847412109,49998400
2015-09-23,6.708964824676514,7.098750114440918,7.183750152587891,7.054999828338623,7.139999866485596,31843200
2015-09-24,6.671159267425537,7.058750152587891,7.09375,6.882500171661377,6.997499942779541,60435200
2015-09-25,6.661708831787109,7.048749923706055,7.206250190734863,6.972499847412109,7.178750038146973,80169600
2015-09-28,6.325020790100098,6.692500114440918,6.977499961853027,6.670000076293945,6.96999979019165,75724000
2015-09-29,6.33328914642334,6.701250076293945,6.817500114440918,6.618750095367432,6.712500095367432,66328800
2015-09-30,6.568381309509277,6.949999809265137,6.963749885559082,6.795000076293945,6.862500190734863,63759200
2015-10-01,6.606184482574463,6.989999771118164,7.012499809265137,6.821249961853027,6.986249923706055,53401600
2015-10-02,6.8022918701171875,7.197500228881836,7.197500228881836,6.771249771118164,6.815000057220459,74792000
2015-10-05,7.042107582092285,7.451250076293945,7.471250057220459,7.295000076293945,7.301249980926514,37464800
2015-10-06,6.99367094039917,7.400000095367432,7.488749980926514,7.341249942779541,7.445000171661377,35321600
2015-10-07,7.1082634925842285,7.521249771118164,7.552499771118164,7.377500057220459,7.481249809265137,39704800
2015-10-08,7.237032890319824,7.65749979019165,7.682499885559082,7.461249828338623,7.486249923706055,45593600
2015-10-09,7.2441205978393555,7.664999961853027,7.708749771118164,7.610000133514404,7.672500133514404,23751200
2015-10-12,7.257115364074707,7.678750038146973,7.698750019073486,7.635000228881836,7.676249980926514,13438400
2015-10-13,7.168513774871826,7.585000038146973,7.728750228881836,7.568749904632568,7.614999771118164,21977600
2015-10-14,7.092906475067139,7.505000114440918,7.631249904632568,7.483749866485596,7.583749771118164,28014400
2015-10-15,7.315003395080566,7.739999771118164,7.739999771118164,7.537499904632568,7.572500228881836,28884800
2015-10-16,7.3740715980529785,7.802499771118164,7.809999942779541,7.707499980926514,7.773749828338623,26463200
2015-10-19,7.382340908050537,7.81125020980835,7.817500114440918,7.723750114440918,7.753749847412109,19736800
2015-10-20,7.365800857543945,7.793749809265137,7.853750228881836,7.755000114440918,7.777500152587891,17704000
2015-10-21,7.2807440757751465,7.703750133514404,7.847499847412109,7.684999942779541,7.837500095367432,32178400
2015-10-22,7.5170159339904785,7.953750133514404,7.977499961853027,7.775000095367432,7.789999961853027,40262400
2015-10-23,7.690676689147949,8.137499809265137,8.170000076293945,8.042499542236328,8.113750457763672,38832000
2015-10-26,7.652873516082764,8.09749984741211,8.125,8.0625,8.118749618530273,19144000
2015-10-27,7.6186137199401855,8.061249732971191,8.0962495803833,8.001250267028809,8.038749694824219,20084000
2015-10-28,7.7922749519348145,8.244999885559082,8.2475004196167,8.032500267028809,8.095000267028809,32535200
2015-10-29,7.786368370056152,8.238750457763672,8.271249771118164,8.188750267028809,8.201250076293945,20513600
2015-10-30,7.714305400848389,8.162500381469727,8.2837495803833,8.148750305175781,8.257499694824219,22090400
2015-11-02,7.893871307373047,8.352499961853027,8.3774995803833,8.1850004196167,8.192500114440918,21087200
2015-11-03,7.941125869750977,8.40250015258789,8.460000038146973,8.306249618530273,8.328749656677246,17909600
2015-11-04,7.896234035491943,8.354999542236328,8.443750381469727,8.307499885559082,8.436249732971191,22628800
2015-11-05,7.878513336181641,8.336250305175781,8.40625,8.255000114440918,8.363750457763672,21389600
2015-11-06,7.8726067543029785,8.329999923706055,8.353750228881836,8.204999923706055,8.305000305175781,26251200
2015-11-09,7.7261176109313965,8.175000190734863,8.2837495803833,8.083749771118164,8.272500038146973,30615200
2015-11-10,7.752108097076416,8.202500343322754,8.213749885559082,8.103750228881836,8.131250381469727,18394400
2015-11-11,7.697765350341797,8.145000457763672,8.239999771118164,8.141249656677246,8.237500190734863,20208000
2015-11-12,7.483939170837402,7.918749809265137,8.092499732971191,7.917500019073486,8.050000190734863,34828000
2015-11-13,7.313822269439697,7.738749980926514,7.903749942779541,7.731249809265137,7.878749847412109,43609600
2015-11-16,7.534735679626465,7.972499847412109,7.977499961853027,7.711249828338623,7.722499847412109,33580800
2015-11-17,7.518198490142822,7.954999923706055,8.083749771118164,7.917500019073486,8.005000114440918,44875200
2015-11-18,7.763922214508057,8.21500015258789,8.227499961853027,8.0024995803833,8.006250381469727,32996000
2015-11-19,7.7497406005859375,8.199999809265137,8.239999771118164,8.175000190734863,8.201250076293945,16680800
2015-11-20,7.806448936462402,8.260000228881836,8.323749542236328,8.225000381469727,8.272500038146973,19141600
2015-11-23,7.78991174697876,8.242500305175781,8.313750267028809,8.197500228881836,8.262499809265137,17185600
2015-11-24,7.807631015777588,8.261249542236328,8.301250457763672,8.111249923706055,8.148750305175781,25356000
2015-11-25,7.808810710906982,8.262499809265137,8.293749809265137,8.237500190734863,8.27750015258789,12291200
2015-11-27,7.821806907653809,8.276249885559082,8.295000076293945,8.223750114440918,8.268750190734863,7873600
2015-11-30,7.760376453399658,8.211250305175781,8.305000305175781,8.199999809265137,8.291250228881836,27885600
2015-12-01,7.906869411468506,8.366250038146973,8.37874984741211,8.242500305175781,8.267499923706055,26833600
2015-12-02,7.743836879730225,8.193750381469727,8.390000343322754,8.171250343322754,8.361249923706055,25401600
2015-12-03,7.522922992706299,7.960000038146973,8.242500305175781,7.896249771118164,8.220000267028809,38038400
2015-12-04,7.817082405090332,8.271249771118164,8.302499771118164,7.988749980926514,8.0024995803833,38281600
2015-12-07,7.721393585205078,8.170000076293945,8.243749618530273,8.082500457763672,8.243749618530273,22770400
2015-12-08,7.619795799255371,8.0625,8.148750305175781,7.971250057220459,8.022500038146973,28233600
2015-12-09,7.499295234680176,7.934999942779541,8.197500228881836,7.846250057220459,8.00374984741211,46811200
2015-12-10,7.5382819175720215,7.976250171661377,8.09749984741211,7.920000076293945,7.946249961853027,28891200
2015-12-11,7.23821496963501,7.658750057220459,7.841249942779541,7.637499809265137,7.783750057220459,54960800
2015-12-14,7.319727897644043,7.744999885559082,7.75,7.519999980926514,7.683750152587891,58331200
2015-12-15,7.475668430328369,7.909999847412109,7.988749980926514,7.868750095367432,7.881249904632568,34160800
2015-12-16,7.688313007354736,8.135000228881836,8.166250228881836,7.888750076293945,8.007499694824219,43472000
2015-12-17,7.463853359222412,7.897500038146973,8.172499656677246,7.888750076293945,8.167499542236328,32440000
2015-12-18,7.181508541107178,7.598750114440918,7.831250190734863,7.598750114440918,7.822500228881836,45567200
2015-12-21,7.303189277648926,7.727499961853027,7.747499942779541,7.613749980926514,7.71750020980835,34292000
2015-12-22,7.436392784118652,7.84375,7.87375020980835,7.697500228881836,7.787499904632568,30472000
2015-12-23,7.617709159851074,8.03499984741211,8.043749809265137,7.929999828338623,7.940000057220459,26417600
2015-12-24,7.586897373199463,8.0024995803833,8.063750267028809,7.993750095367432,8.011249542236328,8244000
2015-12-28,7.563195705413818,7.977499961853027,7.978750228881836,7.878749847412109,7.945000171661377,17292000
2015-12-29,7.719626426696777,8.142499923706055,8.173749923706055,8.073749542236328,8.078749656677246,20361600
2015-12-30,7.6165242195129395,8.0337495803833,8.12874984741211,8.016249656677246,8.117500305175781,13340000
2015-12-31,7.4660186767578125,7.875,8.024999618530273,7.869999885559082,7.966249942779541,37656000
2016-01-04,7.251519203186035,7.648749828338623,7.648749828338623,7.461249828338623,7.601250171661377,58936000
2016-01-05,7.283517837524414,7.682499885559082,7.75,7.573750019073486,7.681250095367432,39704000
2016-01-06,7.087978839874268,7.476250171661377,7.573750019073486,7.388750076293945,7.445000171661377,47102400
2016-01-07,6.750230312347412,7.119999885559082,7.37375020980835,7.087500095367432,7.210000038146973,72752000
2016-01-08,6.605648994445801,6.96750020980835,7.25,6.93874979019165,7.21750020980835,63688800
2016-01-11,6.60920524597168,6.971250057220459,7.071249961853027,6.81125020980835,7.046249866485596,67857600
2016-01-12,6.712306022644043,7.079999923706055,7.153749942779541,6.90749979019165,7.108749866485596,58816000
2016-01-13,6.382854461669922,6.732500076293945,7.176249980926514,6.702499866485596,7.153749942779541,76050400
2016-01-14,6.591427326202393,6.952499866485596,7.052499771118164,6.652500152587891,6.792500019073486,65778400
2016-01-15,6.305822372436523,6.651249885559082,6.726250171661377,6.492499828338623,6.574999809265137,94068800
2016-01-19,6.321230411529541,6.667500019073486,6.818749904632568,6.542500019073486,6.800000190734863,75782400
2016-01-20,6.171909809112549,6.510000228881836,6.633749961853027,6.173749923706055,6.453750133514404,122976000
2016-01-21,6.235903263092041,6.577499866485596,6.726250171661377,6.433750152587891,6.538750171661377,82689600
2016-01-22,6.488325119018555,6.84375,6.860000133514404,6.727499961853027,6.792500019073486,53171200
2016-01-25,6.297528266906738,6.642499923706055,6.817500114440918,6.619999885559082,6.800000190734863,50050400
2016-01-26,6.459885597229004,6.81374979019165,6.840000152587891,6.663750171661377,6.683750152587891,39936800
2016-01-27,6.323601245880127,6.670000076293945,6.913750171661377,6.59250020980835,6.768750190734863,58720000
2016-01-28,6.391151428222656,6.741250038146973,6.8125,6.597499847412109,6.797500133514404,52557600
2016-01-29,6.692160606384277,7.058750152587891,7.068749904632568,6.793749809265137,6.800000190734863,50482400
2016-02-01,6.698086261749268,7.065000057220459,7.128749847412109,6.929999828338623,6.976250171661377,35754400
2016-02-02,6.4468488693237305,6.800000190734863,6.934999942779541,6.760000228881836,6.931250095367432,60852800
2016-02-03,6.5274338722229,6.885000228881836,6.921249866485596,6.586249828338623,6.892499923706055,73552800
2016-02-04,6.546395778656006,6.90500020980835,6.988749980926514,6.792500019073486,6.847499847412109,41268800
2016-02-05,6.303452491760254,6.648749828338623,6.866250038146973,6.591249942779541,6.866250038146973,64092800
2016-02-08,6.128060817718506,6.463749885559082,6.513750076293945,6.28000020980835,6.492499828338623,66372000
2016-02-09,6.122137069702148,6.457499980926514,6.567500114440918,6.309999942779541,6.317500114440918,60628000
2016-02-10,6.115024089813232,6.449999809265137,6.663750171661377,6.442500114440918,6.53000020980835,49424800
2016-02-11,5.965705394744873,6.292500019073486,6.369999885559082,6.163750171661377,6.24875020980835,78288800
2016-02-12,6.20272159576416,6.542500019073486,6.546249866485596,6.361249923706055,6.425000190734863,44756000
2016-02-16,6.407741546630859,6.758749961853027,6.764999866485596,6.616250038146973,6.704999923706055,44642400
2016-02-17,6.619871139526367,6.982500076293945,7.016250133514404,6.853750228881836,6.862500190734863,44727200
2016-02-18,6.566542625427246,6.926249980926514,7.013750076293945,6.900000095367432,7.005000114440918,25282400
2016-02-19,6.559431076049805,6.918749809265137,6.933750152587891,6.809999942779541,6.857500076293945,33218400
2016-02-22,6.74785852432251,7.117499828338623,7.133749961853027,7.050000190734863,7.052499771118164,28823200
2016-02-23,6.5878729820251465,6.948750019073486,7.086249828338623,6.932499885559082,7.057499885559082,26749600
2016-02-24,6.643572807312012,7.007500171661377,7.026249885559082,6.723750114440918,6.820000171661377,58596800
2016-02-25,6.80237340927124,7.175000190734863,7.175000190734863,6.977499961853027,7.045000076293945,43501600
2016-02-26,6.770376205444336,7.141250133514404,7.256249904632568,7.127500057220459,7.253749847412109,50137600
2016-02-29,6.650681495666504,7.014999866485596,7.222499847412109,7.014999866485596,7.142499923706055,36776800
2016-03-01,6.9789509773254395,7.361249923706055,7.363749980926514,7.09375,7.136250019073486,40967200
2016-03-02,7.041759967803955,7.427499771118164,7.428750038146973,7.296249866485596,7.333749771118164,43056800
2016-03-03,7.090349197387695,7.478750228881836,7.483749866485596,7.358749866485596,7.409999847412109,27195200
2016-03-04,7.1330108642578125,7.523749828338623,7.598750114440918,7.428750038146973,7.5,37190400
2016-03-07,7.154344081878662,7.546249866485596,7.578750133514404,7.445000171661377,7.446249961853027,25727200
2016-03-08,6.990801811218262,7.37375020980835,7.492499828338623,7.362500190734863,7.447500228881836,33855200
2016-03-09,7.061906337738037,7.448750019073486,7.481249809265137,7.380000114440918,7.447500228881836,29785600
2016-03-10,7.069016933441162,7.456250190734863,7.574999809265137,7.301249980926514,7.507500171661377,49216800
2016-03-11,7.30366325378418,7.703750133514404,7.706250190734863,7.582499980926514,7.587500095367432,28993600
2016-03-14,7.278775691986084,7.677499771118164,7.724999904632568,7.627500057220459,7.65625,18380000
2016-03-15,7.263370513916016,7.661250114440918,7.661250114440918,7.572500228881836,7.587500095367432,20338400
2016-03-16,7.34632682800293,7.74875020980835,7.78125,7.611249923706055,7.611249923706055,30448000
2016-03-17,7.435208320617676,7.84250020980835,7.888750076293945,7.704999923706055,7.741250038146973,26676000
2016-03-18,7.495645999908447,7.90625,7.93625020980835,7.862500190734863,7.886250019073486,25070400
2016-03-21,7.514606475830078,7.926249980926514,7.947500228881836,7.861249923706055,7.880000114440918,18249600
2016-03-22,7.505127906799316,7.916250228881836,7.971250057220459,7.84250020980835,7.855000019073486,21001600
2016-03-23,7.394914627075195,7.800000190734863,7.881249904632568,7.78000020980835,7.864999771118164,24322400
2016-03-24,7.385434150695801,7.789999961853027,7.792500019073486,7.683750152587891,7.701250076293945,20699200
2016-03-28,7.391359329223633,7.796249866485596,7.84499979019165,7.757500171661377,7.828750133514404,20502400
2016-03-29,7.537123680114746,7.949999809265137,7.949999809265137,7.733749866485596,7.762499809265137,27072000
2016-03-30,7.597564697265625,8.013750076293945,8.076250076293945,7.977499961853027,8.0337495803833,26584000
2016-03-31,7.563195705413818,7.977499961853027,8.039999961853027,7.957499980926514,8.0024995803833,19315200
2016-04-01,7.660371780395508,8.079999923706055,8.095000267028809,7.852499961853027,7.881249904632568,22890400
2016-04-04,7.611784934997559,8.0287504196167,8.0912504196167,7.99875020980835,8.074999809265137,24824000
2016-04-05,7.461279392242432,7.869999885559082,7.948750019073486,7.84250020980835,7.901249885559082,28215200
2016-04-06,7.617709159851074,8.03499984741211,8.042499542236328,7.849999904632568,7.87375020980835,29738400
2016-04-07,7.435208320617676,7.84250020980835,7.96875,7.778749942779541,7.9375,34036800
2016-04-08,7.481427192687988,7.891250133514404,7.989999771118164,7.838749885559082,7.952499866485596,30104000
2016-04-11,7.44113302230835,7.848750114440918,8.005000114440918,7.841249942779541,7.947500228881836,31383200
2016-04-12,7.584527492523193,8.0,8.020000457763672,7.824999809265137,7.863749980926514,32199200
2016-04-13,7.731475830078125,8.154999732971191,8.162500381469727,8.06624984741211,8.074999809265137,33372800
2016-04-14,7.732663154602051,8.15625,8.201250076293945,8.125,8.162500381469727,21731200
2016-04-15,7.711330413818359,8.133749961853027,8.166250228881836,8.109999656677246,8.151249885559082,22405600
2016-04-18,7.821545124053955,8.25,8.25374984741211,8.077500343322754,8.078749656677246,20152000
2016-04-19,7.867762088775635,8.298749923706055,8.327500343322754,8.228750228881836,8.291250228881836,27555200
2016-04-20,7.8855390548706055,8.317500114440918,8.383749961853027,8.263750076293945,8.311249732971191,24347200
2016-04-21,7.799030303955078,8.226249694824219,8.329999923706055,8.204999923706055,8.3149995803833,32085600
2016-04-22,7.80613899230957,8.233750343322754,8.25374984741211,8.146249771118164,8.198749542236328,21172800
2016-04-25,7.7705841064453125,8.196249961853027,8.198749542236328,8.116250038146973,8.171250343322754,19062400
2016-04-26,7.799030303955078,8.226249694824219,8.270000457763672,8.181249618530273,8.232500076293945,16622400
2016-04-27,7.832210063934326,8.261249542236328,8.295000076293945,8.15625,8.192500114440918,26438400
2016-04-28,7.69355583190918,8.114999771118164,8.289999961853027,8.069999694824219,8.1899995803833,34266400
2016-04-29,7.6082282066345215,8.024999618530273,8.082500457763672,7.918749809265137,8.052499771118164,46917600
2016-05-02,7.721996784210205,8.145000457763672,8.163749694824219,8.0287504196167,8.06624984741211,26954400
2016-05-03,7.588082790374756,8.00374984741211,8.053750038146973,7.9375,8.0287504196167,39915200
2016-05-04,7.499200820922852,7.909999847412109,7.981249809265137,7.868750095367432,7.913750171661377,38432000
2016-05-05,7.505127906799316,7.916250228881836,7.989999771118164,7.872499942779541,7.958749771118164,20032000
2016-05-06,7.553717613220215,7.96750020980835,7.973750114440918,7.827499866485596,7.84250020980835,19950400
2016-05-09,7.571491241455078,7.986249923706055,8.020000457763672,7.941249847412109,7.953750133514404,13354400
2016-05-10,7.7516255378723145,8.176250457763672,8.180000305175781,8.038749694824219,8.047499656677246,12608000
2016-05-11,7.610600471496582,8.02750015258789,8.170000076293945,8.02750015258789,8.135000228881836,17030400
2016-05-12,7.615340232849121,8.032500267028809,8.100000381469727,7.9375,8.087499618530273,21756000
2016-05-13,7.481427192687988,7.891250133514404,8.052499771118164,7.861249923706055,8.0,20914400
2016-05-16,7.626005172729492,8.043749809265137,8.088749885559082,7.900000095367432,7.90749979019165,14613600
2016-05-17,7.489722728729248,7.900000095367432,8.043749809265137,7.847499847412109,8.017499923706055,20065600
2016-05-18,7.492092132568359,7.902500152587891,8.005000114440918,7.800000190734863,7.861249923706055,30198400
2016-05-19,7.439948558807373,7.847499847412109,7.868750095367432,7.732500076293945,7.829999923706055,27193600
2016-05-20,7.52527379989624,7.9375,7.989999771118164,7.894999980926514,7.900000095367432,17992000
2016-05-23,7.506313323974609,7.917500019073486,7.96875,7.902500152587891,7.943749904632568,7615200
2016-05-24,7.69948148727417,8.12125015258789,8.1537504196167,7.993750095367432,7.997499942779541,12191200
2016-05-25,7.8002119064331055,8.227499961853027,8.272500038146973,8.1850004196167,8.186249732971191,24442400
2016-05-26,7.808507919311523,8.236249923706055,8.268750190734863,8.210000038146973,8.251250267028809,8723200
2016-05-27,7.872503757476807,8.303750038146973,8.307499885559082,8.251250267028809,8.255000114440918,15307200
2016-05-31,7.8499884605407715,8.279999732971191,8.3462495803833,8.225000381469727,8.333749771118164,18007200
2016-06-01,7.881982326507568,8.313750267028809,8.327500343322754,8.202500343322754,8.21875,10792800
2016-06-02,7.9282002449035645,8.362500190734863,8.362500190734863,8.229999542236328,8.274999618530273,16033600
2016-06-03,7.878429412841797,8.3100004196167,8.34375,8.197500228881836,8.3100004196167,24094400
2016-06-06,7.962569713592529,8.398750305175781,8.427499771118164,8.329999923706055,8.34749984741211,15306400
2016-06-07,7.982717037200928,8.420000076293945,8.473750114440918,8.40625,8.40999984741211,9928000
2016-06-08,8.033675193786621,8.473750114440918,8.487500190734863,8.425000190734863,8.4350004196167,10556000
2016-06-09,8.012344360351562,8.451250076293945,8.463749885559082,8.381250381469727,8.40625,16053600
2016-06-10,7.8642072677612305,8.295000076293945,8.353750228881836,8.239999771118164,8.324999809265137,29064800
2016-06-13,7.740958213806152,8.164999961853027,8.3149995803833,8.154999732971191,8.237500190734863,18420000
2016-06-14,7.711330413818359,8.133749961853027,8.18375015258789,8.039999961853027,8.1274995803833,33176800
2016-06-15,7.686446189880371,8.107500076293945,8.22249984741211,8.088749885559082,8.166250228881836,23292000
2016-06-16,7.735033988952637,8.1587495803833,8.170000076293945,7.93625020980835,8.024999618530273,32186400
2016-06-17,7.673408031463623,8.09375,8.148750305175781,8.03499984741211,8.147500038146973,25310400
2016-06-20,7.7705841064453125,8.196249961853027,8.335000038146973,8.1899995803833,8.274999618530273,36440800
2016-06-21,7.815618515014648,8.243749618530273,8.28125,8.193750381469727,8.233750343322754,30184800
2016-06-22,7.789158344268799,8.204999923706055,8.31624984741211,8.192500114440918,8.251250267028809,17014400
2016-06-23,7.988513946533203,8.414999961853027,8.420000076293945,8.297499656677246,8.335000038146973,19823200
2016-06-24,7.408243179321289,7.803750038146973,8.107500076293945,7.776249885559082,7.840000152587891,88425600
2016-06-27,7.147179126739502,7.528749942779541,7.691249847412109,7.462500095367432,7.691249847412109,75303200
2016-06-28,7.403496265411377,7.798749923706055,7.803750038146973,7.647500038146973,7.677499771118164,45063200
2016-06-29,7.662186145782471,8.071249961853027,8.088749885559082,7.922500133514404,7.927499771118164,40388000
2016-06-30,7.862729549407959,8.282500267028809,8.293749809265137,8.061249732971191,8.112500190734863,31797600
2016-07-01,7.8995137214660645,8.321249961853027,8.368749618530273,8.27750015258789,8.279999732971191,22857600
2016-07-05,7.787968635559082,8.203749656677246,8.255000114440918,8.148750305175781,8.25,30904000
2016-07-06,7.880526542663574,8.301250457763672,8.3125,8.09749984741211,8.15625,34842400
2016-07-07,7.867473602294922,8.287500381469727,8.37874984741211,8.22249984741211,8.319999694824219,38462400
2016-07-08,8.103619575500488,8.536250114440918,8.55875015258789,8.390000343322754,8.40999984741211,32104800
2016-07-11,8.164135932922363,8.600000381469727,8.649999618530273,8.5625,8.585000038146973,24408000
2016-07-12,8.280428886413574,8.72249984741211,8.75,8.666250228881836,8.6875,19234400
2016-07-13,8.275683403015137,8.717499732971191,8.762499809265137,8.672499656677246,8.761249542236328,18102400
2016-07-14,8.367055892944336,8.813750267028809,8.861249923706055,8.7787504196167,8.84000015258789,36532800
2016-07-15,8.34925365447998,8.795000076293945,8.87125015258789,8.75,8.869999885559082,22346400
2016-07-18,8.393159866333008,8.8412504196167,8.856249809265137,8.779999732971191,8.805000305175781,13854400
2016-07-19,8.37298583984375,8.819999694824219,8.823749542236328,8.77750015258789,8.800000190734863,13005600
2016-07-20,8.445369720458984,8.896249771118164,8.916250228881836,8.824999809265137,8.866250038146973,14978400
2016-07-21,8.376548767089844,8.823749542236328,8.9037504196167,8.78499984741211,8.883749961853027,14103200
2016-07-22,8.458423614501953,8.90999984741211,8.911250114440918,8.813750267028809,8.837499618530273,15501600
2016-07-25,8.413335800170898,8.862500190734863,8.891249656677246,8.802499771118164,8.885000228881836,12309600
2016-07-26,8.414520263671875,8.863750457763672,8.898750305175781,8.78499984741211,8.850000381469727,16763200
2016-07-27,8.396719932556152,8.845000267028809,8.907500267028809,8.772500038146973,8.9037504196167,21241600
2016-07-28,8.414520263671875,8.863750457763672,8.893750190734863,8.7837495803833,8.827500343322754,10680000
2016-07-29,8.44418716430664,8.895000457763672,8.927499771118164,8.8149995803833,8.8412504196167,14130400
2016-08-01,8.427570343017578,8.8774995803833,8.9350004196167,8.835000038146973,8.898750305175781,11783200
2016-08-02,8.323147773742676,8.767499923706055,8.868749618530273,8.68375015258789,8.853750228881836,18551200
2016-08-03,8.37298583984375,8.819999694824219,8.819999694824219,8.729999542236328,8.75374984741211,11428800
2016-08-04,8.383667945861816,8.831250190734863,8.862500190734863,8.787500381469727,8.823749542236328,7913600
2016-08-05,8.5177583694458,8.97249984741211,8.979999542236328,8.888750076293945,8.901249885559082,10889600
2016-08-08,8.514196395874023,8.96875,9.005000114440918,8.94124984741211,8.9975004196167,7153600
2016-08-09,8.518946647644043,8.973750114440918,9.023750305175781,8.944999694824219,8.973750114440918,9366400
2016-08-10,8.482159614562988,8.9350004196167,8.993749618530273,8.897500038146973,8.988750457763672,21488800
2016-08-11,8.555730819702148,9.012499809265137,9.037500381469727,8.957500457763672,8.981249809265137,9877600
2016-08-12,8.54149055480957,8.9975004196167,9.018750190734863,8.960000038146973,8.981249809265137,12643200
2016-08-15,8.590144157409668,9.048749923706055,9.082500457763672,9.03125,9.032500267028809,7833600
2016-08-16,8.504706382751465,8.958749771118164,9.015000343322754,8.956250190734863,9.006250381469727,15710400
2016-08-17,8.530813217163086,8.986249923706055,9.001250267028809,8.8774995803833,8.958749771118164,18324000
2016-08-18,8.571157455444336,9.0287504196167,9.03125,8.976249694824219,8.984999656677246,9495200
2016-08-19,8.548612594604492,9.005000114440918,9.020000457763672,8.9375,8.981249809265137,11139200
2016-08-22,8.545051574707031,9.001250267028809,9.022500038146973,8.942500114440918,8.977499961853027,13209600
2016-08-23,8.573532104492188,9.03125,9.088749885559082,9.03125,9.057499885559082,10506400
2016-08-24,8.495211601257324,8.948749542236328,9.029999732971191,8.9037504196167,9.021249771118164,19748000
2016-08-25,8.479784965515137,8.932499885559082,8.970000267028809,8.891249656677246,8.90625,13648000
2016-08-26,8.445369720458984,8.896249771118164,9.046250343322754,8.8125,8.948749542236328,37726400
2016-08-29,8.526063919067383,8.981249809265137,9.007499694824219,8.9037504196167,8.90999984741211,8838400
2016-08-30,8.4963960647583,8.949999809265137,9.0,8.899999618530273,8.975000381469727,8312800
2016-08-31,8.452491760253906,8.9037504196167,8.931249618530273,8.826250076293945,8.923749923706055,20139200
2016-09-01,8.450119972229004,8.901249885559082,8.930000305175781,8.792499542236328,8.90250015258789,41115200
2016-09-02,8.52487850189209,8.979999542236328,9.023750305175781,8.927499771118164,8.981249809265137,19932000
2016-09-06,8.578278541564941,9.036250114440918,9.039999961853027,8.9399995803833,9.011249542236328,11318400
2016-09-07,8.57946491241455,9.037500381469727,9.051250457763672,8.976249694824219,9.016249656677246,13220000
2016-09-08,8.539117813110352,8.994999885559082,9.026249885559082,8.962499618530273,9.001250267028809,15239200
2016-09-09,8.12379264831543,8.557499885559082,8.867500305175781,8.557499885559082,8.867500305175781,58343200
2016-09-12,8.35993480682373,8.806249618530273,8.842499732971191,8.479999542236328,8.488750457763672,42487200
2016-09-13,8.119047164916992,8.552499771118164,8.706250190734863,8.493749618530273,8.681249618530273,76755200
2016-09-14,8.105990409851074,8.538749694824219,8.667499542236328,8.491250038146973,8.557499885559082,35073600
2016-09-15,8.275683403015137,8.717499732971191,8.748749732971191,8.512499809265137,8.52750015258789,32788000
2016-09-16,8.208041191101074,8.646249771118164,8.672499656677246,8.581250190734863,8.648750305175781,24916000
2016-09-19,8.210417747497559,8.648750305175781,8.767499923706055,8.618749618530273,8.708749771118164,24170400
2016-09-20,8.212788581848145,8.651249885559082,8.742500305175781,8.646249771118164,8.727499961853027,22347200
2016-09-21,8.389875411987305,8.829999923706055,8.852499961853027,8.642499923706055,8.704999923706055,27960800
2016-09-22,8.50033187866211,8.946249961853027,8.973750114440918,8.9087495803833,8.930000305175781,23041600
2016-09-23,8.405314445495605,8.8462495803833,8.918749809265137,8.84000015258789,8.907500267028809,20584000
2016-09-26,8.27110767364502,8.704999923706055,8.786250114440918,8.686249732971191,8.771249771118164,18380000
2016-09-27,8.372062683105469,8.811249732971191,8.819999694824219,8.6537504196167,8.6899995803833,18377600
2016-09-28,8.4552001953125,8.898750305175781,8.912500381469727,8.741250038146973,8.833749771118164,15708000
2016-09-29,8.304359436035156,8.739999771118164,8.914999961853027,8.686249732971191,8.87874984741211,35818400
2016-09-30,8.429069519042969,8.87125015258789,8.93375015258789,8.793749809265137,8.811249732971191,20559200
2016-10-03,8.380373001098633,8.819999694824219,8.84375,8.765000343322754,8.826250076293945,16015200
2016-10-04,8.306736946105957,8.742500305175781,8.856249809265137,8.677499771118164,8.836250305175781,28216000
2016-10-05,8.373250007629395,8.8125,8.850000381469727,8.787500381469727,8.793749809265137,10866400
2016-10-06,8.387499809265137,8.827500343322754,8.842499732971191,8.737500190734863,8.7837495803833,17480000
2016-10-07,8.3257417678833,8.762499809265137,8.862500190734863,8.69124984741211,8.8462495803833,43132000
2016-10-10,8.408876419067383,8.850000381469727,8.895000457763672,8.837499618530273,8.850000381469727,10836800
2016-10-11,8.204595565795898,8.635000228881836,8.81624984741211,8.55875015258789,8.80875015258789,47496000
2016-10-12,8.222410202026367,8.6537504196167,8.698749542236328,8.59375,8.641249656677246,18868800
2016-10-13,8.165401458740234,8.59375,8.640000343322754,8.447500228881836,8.526249885559082,33629600
2016-10-14,8.173715591430664,8.602499961853027,8.728750228881836,8.5962495803833,8.6850004196167,27291200
2016-10-17,8.120267868041992,8.546250343322754,8.62125015258789,8.523750305175781,8.5962495803833,18282400
2016-10-18,8.21172046661377,8.642499923706055,8.693750381469727,8.611249923706055,8.68375015258789,17147200
2016-10-19,8.252100944519043,8.6850004196167,8.7212495803833,8.637499809265137,8.668749809265137,13704800
2016-10-20,8.228350639343262,8.65999984741211,8.712499618530273,8.59749984741211,8.657500267028809,22104000
2016-10-21,8.230725288391113,8.662500381469727,8.675000190734863,8.568750381469727,8.586250305175781,14867200
2016-10-24,8.298420906066895,8.733750343322754,8.773750305175781,8.706250190734863,8.74625015258789,10231200
2016-10-25,8.24853801727295,8.681249618530273,8.74625015258789,8.666250228881836,8.723750114440918,17746400
2016-10-26,8.212910652160645,8.643750190734863,8.701250076293945,8.581250190734863,8.602499961853027,16666400
2016-10-27,8.172530174255371,8.601249694824219,8.71500015258789,8.592499732971191,8.71500015258789,24264800
2016-10-28,8.12145709991455,8.547499656677246,8.65999984741211,8.482500076293945,8.59749984741211,41013600
2016-10-31,8.1190824508667,8.545000076293945,8.598750114440918,8.532500267028809,8.579999923706055,18393600
2016-11-01,8.007437705993652,8.427499771118164,8.581250190734863,8.311249732971191,8.578749656677246,43204800
2016-11-02,7.906483173370361,8.321249961853027,8.430000305175781,8.282500267028809,8.393750190734863,30325600
2016-11-03,7.834034442901611,8.244999885559082,8.359999656677246,8.220000267028809,8.338749885559082,20912000
2016-11-04,7.812655925750732,8.22249984741211,8.332500457763672,8.21500015258789,8.2524995803833,22587200
2016-11-07,8.152338981628418,8.579999923706055,8.5912504196167,8.442500114440918,8.452500343322754,34184800
2016-11-08,8.225974082946777,8.657500267028809,8.717499732971191,8.524999618530273,8.550000190734863,28989600
2016-11-09,8.410065650939941,8.851249694824219,8.904999732971191,8.501250267028809,8.657500267028809,66555200
2016-11-10,8.446884155273438,8.890000343322754,9.006250381469727,8.7524995803833,8.925000190734863,63530400
2016-11-11,8.408876419067383,8.850000381469727,8.8725004196167,8.761249542236328,8.822500228881836,39172800
2016-11-14,8.423130989074707,8.864999771118164,8.918749809265137,8.792499542236328,8.901249885559082,28949600
2016-11-15,8.55140209197998,9.0,9.0,8.882499694824219,8.901249885559082,19215200
2016-11-16,8.521710395812988,8.96875,8.988750457763672,8.931249618530273,8.942500114440918,12002400
2016-11-17,8.609599113464355,9.061249732971191,9.063750267028809,8.973750114440918,8.981249809265137,21517600
2016-11-18,8.5715913772583,9.021249771118164,9.081250190734863,9.0,9.067500114440918,12876000
2016-11-21,8.69273853302002,9.148750305175781,9.154999732971191,9.05875015258789,9.072500228881836,17889600
2016-11-22,8.730744361877441,9.188750267028809,9.206250190734863,9.117500305175781,9.1875,15255200
2016-11-23,8.740245819091797,9.198749542236328,9.203749656677246,9.118749618530273,9.138750076293945,20726400
2016-11-25,8.8043794631958,9.266249656677246,9.267499923706055,9.223750114440918,9.233750343322754,6759200
2016-11-28,8.728367805480957,9.186249732971191,9.263750076293945,9.168749809265137,9.234999656677246,26615200
2016-11-29,8.756874084472656,9.2162504196167,9.257499694824219,9.151249885559082,9.182499885559082,18360800
2016-11-30,8.705802917480469,9.162500381469727,9.289999961853027,9.162500381469727,9.274999618530273,25120800
2016-12-01,8.640474319458008,9.09375,9.196249961853027,9.06624984741211,9.196249961853027,39560800
2016-12-02,8.654732704162598,9.108750343322754,9.154999732971191,9.073749542236328,9.107500076293945,17010400
2016-12-05,8.756874084472656,9.2162504196167,9.251250267028809,9.171250343322754,9.1875,18279200
2016-12-06,8.813882827758789,9.276249885559082,9.2787504196167,9.1899995803833,9.237500190734863,21093600
2016-12-07,9.038354873657227,9.512499809265137,9.524999618530273,9.248749732971191,9.257499694824219,32771200
2016-12-08,9.090617179870605,9.567500114440918,9.612500190734863,9.489999771118164,9.516249656677246,30206400
2016-12-09,9.193947792053223,9.676250457763672,9.680000305175781,9.583749771118164,9.585000038146973,18606400
2016-12-12,9.173751831054688,9.654999732971191,9.717499732971191,9.616250038146973,9.668749809265137,19416000
2016-12-13,9.297274589538574,9.78499984741211,9.833749771118164,9.7162504196167,9.7162504196167,25861600
2016-12-14,9.146437644958496,9.626250267028809,9.824999809265137,9.579999923706055,9.75374984741211,63384800
2016-12-15,9.212947845458984,9.696249961853027,9.786250114440918,9.633749961853027,9.646249771118164,24421600
2016-12-16,9.185632705688477,9.667499542236328,9.7524995803833,9.632499694824219,9.7475004196167,19365600
2016-12-19,9.21532154083252,9.698749542236328,9.7475004196167,9.666250228881836,9.68375015258789,17498400
2016-12-20,9.285395622253418,9.772500038146973,9.795000076293945,9.736249923706055,9.763750076293945,18470400
2016-12-21,9.244253158569336,9.717499732971191,9.771249771118164,9.713749885559082,9.756250381469727,18748000
2016-12-22,9.210957527160645,9.682499885559082,9.708749771118164,9.640000343322754,9.697500228881836,22940000
2016-12-23,9.233551979064941,9.706250190734863,9.706250190734863,9.663749694824219,9.681249618530273,8256800
2016-12-27,9.277549743652344,9.7524995803833,9.791250228881836,9.727499961853027,9.731249809265137,23036000
2016-12-28,9.130099296569824,9.59749984741211,9.774999618530273,9.581250190734863,9.774999618530273,25183200
2016-12-29,9.120583534240723,9.587499618530273,9.631250381469727,9.542499542236328,9.598750114440918,12317600
2016-12-30,9.05399227142334,9.517499923706055,9.623749732971191,9.447500228881836,9.619999885559082,19888000
2017-01-03,9.187176704406738,9.657500267028809,9.707500457763672,9.543749809265137,9.641249656677246,24531200
2017-01-04,9.29538345336914,9.771249771118164,9.786250114440918,9.688750267028809,9.69124984741211,19205600
2017-01-05,9.278738975524902,9.75374984741211,9.772500038146973,9.678750038146973,9.74625015258789,19476800
2017-01-06,9.346515655517578,9.824999809265137,9.869999885559082,9.713749885559082,9.767499923706055,22015200
2017-01-09,9.284683227539062,9.760000228881836,9.813750267028809,9.756250381469727,9.797499656677246,20226400
2017-01-10,9.283493995666504,9.758749961853027,9.84375,9.720000267028809,9.761249542236328,17085600
2017-01-11,9.334626197814941,9.8125,9.8125,9.6850004196167,9.7475004196167,25768000
2017-01-12,9.291817665100098,9.767499923706055,9.78125,9.6274995803833,9.761249542236328,37748000
2017-01-13,9.331059455871582,9.80875015258789,9.837499618530273,9.776249885559082,9.779999732971191,17244800
2017-01-17,9.264470100402832,9.738750457763672,9.7837495803833,9.698749542236328,9.742500305175781,22771200
2017-01-18,9.30370807647705,9.779999732971191,9.7837495803833,9.707500457763672,9.763750076293945,28008800
2017-01-19,9.239497184753418,9.712499618530273,9.803750038146973,9.664999961853027,9.787500381469727,13522400
2017-01-20,9.294198989868164,9.770000457763672,9.827500343322754,9.71875,9.773750305175781,45551200
2017-01-23,9.253766059875488,9.727499961853027,9.779999732971191,9.65250015258789,9.739999771118164,23843200
2017-01-24,9.363164901733398,9.842499732971191,9.891249656677246,9.736249923706055,9.74625015258789,21312800
2017-01-25,9.522505760192871,10.010000228881836,10.020000457763672,9.928750038146973,9.944999694824219,16119200
2017-01-26,9.51180362701416,9.998749732971191,10.03125,9.97249984741211,10.005000114440918,18152000
2017-01-27,9.486834526062012,9.97249984741211,10.020000457763672,9.947500228881836,10.005000114440918,25557600
2017-01-30,9.37267780303955,9.852499961853027,9.901249885559082,9.744999885559082,9.897500038146973,49948800
2017-01-31,9.367923736572266,9.84749984741211,9.84749984741211,9.736249923706055,9.791250228881836,32398400
2017-02-01,9.370299339294434,9.850000381469727,9.931249618530273,9.789999961853027,9.899999618530273,36632800
2017-02-02,9.375057220458984,9.854999542236328,9.887499809265137,9.7787504196167,9.8100004196167,20557600
2017-02-03,9.507047653198242,9.993749618530273,10.012499809265137,9.918749809265137,9.944999694824219,20160000
2017-02-06,9.4737548828125,9.958749771118164,9.992500305175781,9.925000190734863,9.952500343322754,31026400
2017-02-07,9.47732162475586,9.962499618530273,10.020000457763672,9.9399995803833,9.99625015258789,18602400
2017-02-08,9.50229263305664,9.988750457763672,9.994999885559082,9.9037504196167,9.928750038146973,17306400
2017-02-09,9.603368759155273,10.095000267028809,10.131250381469727,10.008749961853027,10.008749961853027,18193600
2017-02-10,9.678284645080566,10.173749923706055,10.202500343322754,10.1274995803833,10.138750076293945,14407200
2017-02-13,9.78649616241455,10.287500381469727,10.317500114440918,10.228750228881836,10.229999542236328,14909600
2017-02-14,9.869729995727539,10.375,10.375,10.237500190734863,10.270000457763672,21208000
2017-02-15,9.967238426208496,10.477499961853027,10.498749732971191,10.3462495803833,10.351249694824219,15846400
2017-02-16,9.95534896850586,10.46500015258789,10.5,10.386249542236328,10.482500076293945,23444000
2017-02-17,9.975567817687988,10.486249923706055,10.491250038146973,10.390000343322754,10.393750190734863,22647200
2017-02-21,10.09566593170166,10.612500190734863,10.635000228881836,10.53125,10.53125,15912000
2017-02-22,10.082585334777832,10.598750114440918,10.62125015258789,10.55875015258789,10.572500228881836,12481600
2017-02-23,10.100424766540527,10.617500305175781,10.6537504196167,10.5337495803833,10.65250015258789,18579200
2017-02-24,10.118260383605957,10.636249542236328,10.641249656677246,10.518750190734863,10.520000457763672,24274400
2017-02-27,10.155120849609375,10.675000190734863,10.688750267028809,10.602499961853027,10.631250381469727,21016800
2017-02-28,10.101611137390137,10.618749618530273,10.65625,10.573749542236328,10.633749961853027,28338400
2017-03-01,10.369166374206543,10.899999618530273,10.954999923706055,10.618749618530273,10.618749618530273,20655200
2017-03-02,10.253822326660156,10.7787504196167,10.888750076293945,10.766249656677246,10.888750076293945,19643200
2017-03-03,10.259770393371582,10.78499984741211,10.801250457763672,10.72249984741211,10.762499809265137,12942400
2017-03-06,10.196739196777344,10.71875,10.75374984741211,10.654999732971191,10.698749542236328,22536000
2017-03-07,10.140851974487305,10.65999984741211,10.723750114440918,10.632499694824219,10.686249732971191,31226400
2017-03-08,10.09566593170166,10.612500190734863,10.710000038146973,10.598750114440918,10.6850004196167,17860800
2017-03-09,10.12182903289795,10.640000343322754,10.672499656677246,10.538749694824219,10.6225004196167,16643200
2017-03-10,10.18485164642334,10.706250190734863,10.743749618530273,10.614999771118164,10.738750457763672,17269600
2017-03-13,10.200310707092285,10.72249984741211,10.726249694824219,10.672499656677246,10.706250190734863,10044800
2017-03-14,10.12658405303955,10.645000457763672,10.670000076293945,10.574999809265137,10.662500381469727,22681600
2017-03-15,10.293061256408691,10.819999694824219,10.867500305175781,10.675000190734863,10.699999809265137,20925600
2017-03-16,10.258577346801758,10.7837495803833,10.8462495803833,10.74625015258789,10.84000015258789,24390400
2017-03-17,10.21933650970459,10.742500305175781,10.824999809265137,10.742500305175781,10.8100004196167,8480000
2017-03-20,10.194363594055176,10.7162504196167,10.768750190734863,10.677499771118164,10.738750457763672,11483200
2017-03-21,9.932757377624512,10.44124984741211,10.792499542236328,10.428750038146973,10.779999732971191,43176000
2017-03-22,9.980250358581543,10.479999542236328,10.506250381469727,10.368749618530273,10.43375015258789,20970400
2017-03-23,9.95644474029541,10.454999923706055,10.571249961853027,10.416250228881836,10.457500457763672,18217600
2017-03-24,9.944543838500977,10.442500114440918,10.545000076293945,10.361249923706055,10.491250038146973,23172800
2017-03-27,9.918353080749512,10.414999961853027,10.443750381469727,10.239999771118164,10.265000343322754,20249600
2017-03-28,10.06001091003418,10.563750267028809,10.611249923706055,10.376250267028809,10.395000457763672,16336800
2017-03-29,10.085007667541504,10.59000015258789,10.609999656677246,10.513750076293945,10.53499984741211,9493600
2017-03-30,10.139766693115234,10.647500038146973,10.675000190734863,10.5625,10.583749771118164,13066400
2017-03-31,10.09929370880127,10.604999542236328,10.672499656677246,10.59749984741211,10.613750457763672,11507200
2017-04-03,10.06238842010498,10.56624984741211,10.62874984741211,10.438750267028809,10.609999656677246,19964000
2017-04-04,10.079057693481445,10.583749771118164,10.586250305175781,10.49625015258789,10.5337495803833,17192800
2017-04-05,10.014775276184082,10.516249656677246,10.748749732971191,10.494999885559082,10.645000457763672,33134400
2017-04-06,10.061198234558105,10.5649995803833,10.626250267028809,10.482500076293945,10.532500267028809,22043200
2017-04-07,10.04334545135498,10.546250343322754,10.62125015258789,10.5,10.545000076293945,15628000
2017-04-10,10.055246353149414,10.55875015258789,10.642499923706055,10.508749961853027,10.563750267028809,17591200
2017-04-11,10.032631874084473,10.53499984741211,10.545000076293945,10.382499694824219,10.521249771118164,24760800
2017-04-12,9.949300765991211,10.447500228881836,10.523750305175781,10.418749809265137,10.506250381469727,23537600
2017-04-13,9.821930885314941,10.313750267028809,10.482500076293945,10.3100004196167,10.40625,18564000
2017-04-17,9.988587379455566,10.488750457763672,10.488750457763672,10.337499618530273,10.358750343322754,19884800
2017-04-18,9.923112869262695,10.420000076293945,10.478750228881836,10.354999542236328,10.40999984741211,17679200
2017-04-19,9.889784812927246,10.385000228881836,10.518750190734863,10.362500190734863,10.481249809265137,16156800
2017-04-20,10.04334545135498,10.546250343322754,10.59749984741211,10.414999961853027,10.446249961853027,18147200
2017-04-21,9.987397193908691,10.487500190734863,10.547499656677246,10.443750381469727,10.543749809265137,17968000
2017-04-24,10.199285507202148,10.710000038146973,10.734999656677246,10.664999961853027,10.7162504196167,22608000
2017-04-25,10.315943717956543,10.832500457763672,10.875,10.771249771118164,10.779999732971191,19124000
2017-04-26,10.309991836547852,10.826250076293945,10.926250457763672,10.819999694824219,10.836250305175781,18158400
2017-04-27,10.323086738586426,10.84000015258789,10.8725004196167,10.78499984741211,10.858750343322754,12623200
2017-04-28,10.286186218261719,10.801250457763672,10.8725004196167,10.779999732971191,10.868749618530273,8603200
2017-05-01,10.329038619995117,10.8462495803833,10.891249656677246,10.805000305175781,10.84749984741211,14709600
2017-05-02,10.336180686950684,10.853750228881836,10.873749732971191,10.813750267028809,10.863750457763672,15128800
2017-05-03,10.311184883117676,10.827500343322754,10.850000381469727,10.758749961853027,10.8125,16698400
2017-05-04,10.331418991088867,10.848750114440918,10.867500305175781,10.763750076293945,10.856249809265137,16139200
2017-05-05,10.420698165893555,10.942500114440918,10.942500114440918,10.8462495803833,10.887499809265137,15602400
2017-05-08,10.413555145263672,10.9350004196167,10.956250190734863,10.890000343322754,10.942500114440918,8240800
2017-05-09,10.392127990722656,10.912500381469727,10.978750228881836,10.876250267028809,10.956250190734863,8151200
2017-05-10,10.424269676208496,10.946249961853027,10.949999809265137,10.885000228881836,10.90625,8929600
2017-05-11,10.38498592376709,10.904999732971191,10.920000076293945,10.788749694824219,10.898750305175781,13099200
2017-05-12,10.356416702270508,10.875,10.888750076293945,10.84000015258789,10.8774995803833,12172000
2017-05-15,10.454028129577637,10.977499961853027,10.9975004196167,10.9087495803833,10.9087495803833,9889600
2017-05-16,10.44212532043457,10.96500015258789,11.020000457763672,10.925000190734863,11.016249656677246,9390400
2017-05-17,10.075482368469238,10.579999923706055,10.831250190734863,10.567500114440918,10.7837495803833,30048000
2017-05-18,10.146907806396484,10.654999732971191,10.74625015258789,10.539999961853027,10.5649995803833,20983200
2017-05-19,10.28142261505127,10.796250343322754,10.864999771118164,10.704999923706055,10.710000038146973,17479200
2017-05-22,10.382604598999023,10.90250015258789,10.921250343322754,10.84000015258789,10.84375,9185600
2017-05-23,10.427839279174805,10.949999809265137,10.96875,10.904999732971191,10.94124984741211,10344000
2017-05-24,10.474266052246094,10.998749732971191,11.012499809265137,10.94124984741211,10.976249694824219,10317600
2017-05-25,10.56830883026123,11.09749984741211,11.135000228881836,11.037500381469727,11.053750038146973,12141600
2017-05-26,10.57306957244873,11.102499961853027,11.118749618530273,11.078749656677246,11.088749885559082,4684000
2017-05-30,10.552833557128906,11.081250190734863,11.107500076293945,11.050000190734863,11.063750267028809,5975200
2017-05-31,10.548072814941406,11.076250076293945,11.116250038146973,11.0,11.113750457763672,14460800
2017-06-01,10.706395149230957,11.242500305175781,11.2475004196167,11.09375,11.12125015258789,12827200
2017-06-02,10.776626586914062,11.31624984741211,11.34000015258789,11.223750114440918,11.256250381469727,10377600
2017-06-05,10.768293380737305,11.307499885559082,11.335000038146973,11.286250114440918,11.30875015258789,8260000
2017-06-06,10.705199241638184,11.241250038146973,11.302499771118164,11.225000381469727,11.244999885559082,9068000
2017-06-07,10.734964370727539,11.272500038146973,11.296250343322754,11.197500228881836,11.271249771118164,12890400
2017-06-08,10.74806022644043,11.286250114440918,11.335000038146973,11.229999542236328,11.282500267028809,12226400
2017-06-09,10.713534355163574,11.25,11.396249771118164,11.113750457763672,11.3125,20101600
2017-06-12,10.706395149230957,11.242500305175781,11.25,11.151249885559082,11.220000267028809,13027200
2017-06-13,10.807578086853027,11.348750114440918,11.359999656677246,11.263750076293945,11.300000190734863,9403200
2017-06-14,10.788530349731445,11.328749656677246,11.385000228881836,11.236249923706055,11.381250381469727,17894400
2017-06-15,10.742104530334473,11.279999732971191,11.291250228881836,11.148750305175781,11.180000305175781,11216800
2017-06-16,10.743297576904297,11.28125,11.298749923706055,11.188750267028809,11.298749923706055,10661600
2017-06-19,10.917094230651855,11.463749885559082,11.475000381469727,11.359999656677246,11.369999885559082,12536800
2017-06-20,10.776626586914062,11.31624984741211,11.431249618530273,11.3125,11.427499771118164,15948000
2017-06-21,10.76613998413086,11.295000076293945,11.356249809265137,11.2475004196167,11.336250305175781,12691200
2017-06-22,10.755419731140137,11.2837495803833,11.348750114440918,11.268750190734863,11.298749923706055,6785600
2017-06-23,10.785202980041504,11.3149995803833,11.34749984741211,11.2524995803833,11.296250343322754,8492800
2017-06-26,10.789971351623535,11.319999694824219,11.427499771118164,11.303750038146973,11.380000114440918,14647200
2017-06-27,10.624353408813477,11.146249771118164,11.333749771118164,11.142499923706055,11.301250457763672,21716800
2017-06-28,10.801886558532715,11.332500457763672,11.361249923706055,11.223750114440918,11.243749618530273,10946400
2017-06-29,10.624353408813477,11.146249771118164,11.361249923706055,11.012499809265137,11.354999542236328,27496000
2017-06-30,10.657716751098633,11.181249618530273,11.265000343322754,11.162500381469727,11.21875,14837600
2017-07-03,10.695842742919922,11.2212495803833,11.324999809265137,11.2212495803833,11.27750015258789,13294400
2017-07-05,10.735162734985352,11.262499809265137,11.287500381469727,11.170000076293945,11.25374984741211,11185600
2017-07-06,10.546906471252441,11.0649995803833,11.197500228881836,11.042499542236328,11.1850004196167,20985600
2017-07-07,10.679163932800293,11.203749656677246,11.21875,11.103750228881836,11.117500305175781,13846400
2017-07-10,10.701800346374512,11.227499961853027,11.265000343322754,11.173749923706055,11.188750267028809,6484800
2017-07-11,10.679163932800293,11.203749656677246,11.241250038146973,11.083749771118164,11.204999923706055,18106400
2017-07-12,10.842395782470703,11.375,11.393750190734863,11.3149995803833,11.3149995803833,9680000
2017-07-13,10.874563217163086,11.4087495803833,11.425000190734863,11.353750228881836,11.37874984741211,9188000
2017-07-14,10.97226333618164,11.511249542236328,11.557499885559082,11.40250015258789,11.413749694824219,8672800
2017-07-17,10.975839614868164,11.515000343322754,11.551250457763672,11.4975004196167,11.512499809265137,7088800
2017-07-18,10.987754821777344,11.52750015258789,11.53125,11.432499885559082,11.475000381469727,8509600
2017-07-19,11.10213851928711,11.647500038146973,11.649999618530273,11.5600004196167,11.5625,7612800
2017-07-20,11.108094215393066,11.6537504196167,11.688750267028809,11.602499961853027,11.680000305175781,13090400
2017-07-21,11.094988822937012,11.640000343322754,11.641249656677246,11.573749542236328,11.5962495803833,10214400
2017-07-24,11.08426284790039,11.62874984741211,11.645000457763672,11.579999923706055,11.630000114440918,7684800
2017-07-25,11.13192367553711,11.678750038146973,11.72249984741211,11.663749694824219,11.7162504196167,11392000
2017-07-26,11.142644882202148,11.6899995803833,11.720000267028809,11.6587495803833,11.713749885559082,5920000
2017-07-27,11.120007514953613,11.666250228881836,11.738750457763672,11.523750305175781,11.736249923706055,15969600
2017-07-28,11.089028358459473,11.633749961853027,11.647500038146973,11.5625,11.609999656677246,9634400
2017-07-31,11.07830810546875,11.6225004196167,11.6875,11.598750114440918,11.677499771118164,8838400
2017-08-01,11.120007514953613,11.666250228881836,11.688750267028809,11.625,11.68375015258789,7972800
2017-08-02,11.130729675292969,11.677499771118164,11.697500228881836,11.581250190734863,11.686249732971191,12100800
2017-08-03,11.09617805480957,11.641249656677246,11.668749809265137,11.607500076293945,11.667499542236328,6900800
2017-08-04,11.130729675292969,11.677499771118164,11.712499618530273,11.637499809265137,11.688750267028809,7317600
2017-08-07,11.167669296264648,11.7162504196167,11.720000267028809,11.672499656677246,11.682499885559082,6020800
2017-08-08,11.120007514953613,11.666250228881836,11.817500114440918,11.619999885559082,11.682499885559082,10094400
2017-08-09,11.106900215148926,11.65250015258789,11.663749694824219,11.546250343322754,11.581250190734863,10037600
2017-08-10,10.80307674407959,11.333749771118164,11.578749656677246,11.323749542236328,11.568750381469727,20883200
2017-08-11,10.824522018432617,11.356249809265137,11.422499656677246,11.326250076293945,11.350000381469727,14302400
2017-08-14,11.042562484741211,11.585000038146973,11.607500076293945,11.494999885559082,11.4975004196167,13010400
2017-08-15,11.040178298950195,11.582500457763672,11.625,11.547499656677246,11.625,9591200
2017-08-16,11.074732780456543,11.618749618530273,11.678750038146973,11.576250076293945,11.633749961853027,12680000
2017-08-17,10.731590270996094,11.258749961853027,11.587499618530273,11.258749961853027,11.555000305175781,21722400
2017-08-18,10.694653511047363,11.220000267028809,11.351249694824219,11.172499656677246,11.237500190734863,17008800
2017-08-21,10.712523460388184,11.238750457763672,11.263750076293945,11.138750076293945,11.208749771118164,10120800
2017-08-22,10.925796508789062,11.462499618530273,11.488750457763672,11.296250343322754,11.297499656677246,11576800
2017-08-23,10.855501174926758,11.388750076293945,11.431249618530273,11.350000381469727,11.367500305175781,7924800
2017-08-24,10.806650161743164,11.337499618530273,11.443750381469727,11.311249732971191,11.428750038146973,9068800
2017-08-25,10.853117942810059,11.386249542236328,11.482500076293945,11.37125015258789,11.420000076293945,10180800
2017-08-28,10.857885360717773,11.391249656677246,11.443750381469727,11.3412504196167,11.438750267028809,7667200
2017-08-29,10.873374938964844,11.407500267028809,11.4375,11.232500076293945,11.24625015258789,10064000
2017-08-30,10.978221893310547,11.517499923706055,11.546250343322754,11.388750076293945,11.40999984741211,9444800
2017-08-31,11.112858772277832,11.6587495803833,11.681249618530273,11.573749542236328,11.582500457763672,11116800
2017-09-01,11.147411346435547,11.694999694824219,11.733750343322754,11.672499656677246,11.696249961853027,10704000
2017-09-05,10.982988357543945,11.522500038146973,11.654999732971191,11.412500381469727,11.6274995803833,24272000
2017-09-06,11.054476737976074,11.59749984741211,11.631250381469727,11.5337495803833,11.59375,8597600
2017-09-07,11.052093505859375,11.595000267028809,11.6274995803833,11.546250343322754,11.6274995803833,9540800
2017-09-08,11.021113395690918,11.5625,11.611249923706055,11.537500381469727,11.557499885559082,8852800
2017-09-11,11.248685836791992,11.801250457763672,11.817500114440918,11.696249961853027,11.696249961853027,8216000
2017-09-12,11.329704284667969,11.886249542236328,11.888750076293945,11.826250076293945,11.848750114440918,20649600
2017-09-13,11.342811584472656,11.899999618530273,11.901249885559082,11.84375,11.852499961853027,6689600
2017-09-14,11.334470748901367,11.891249656677246,11.90999984741211,11.84375,11.861249923706055,5440000
2017-09-15,11.367834091186523,11.926250457763672,11.927499771118164,11.859999656677246,11.8725004196167,7332000
2017-09-18,11.411919593811035,11.97249984741211,12.007499694824219,11.928750038146973,11.960000038146973,7762400
2017-09-19,11.428598403930664,11.989999771118164,12.0024995803833,11.958749771118164,11.993749618530273,3612000
2017-09-20,11.438132286071777,12.0,12.012499809265137,11.892499923706055,12.0,10591200
2017-09-21,11.374981880187988,11.93375015258789,11.988750457763672,11.916250228881836,11.981249809265137,5051200
2017-09-22,11.379746437072754,11.938750267028809,11.956250190734863,11.898750305175781,11.899999618530273,4880800
2017-09-25,11.3320894241333,11.888750076293945,11.948749542236328,11.806249618530273,11.9087495803833,8308000
2017-09-26,11.344002723693848,11.901249885559082,11.958749771118164,11.876250267028809,11.932499885559082,8243200
2017-09-27,11.432257652282715,11.982500076293945,12.023750305175781,11.87125015258789,11.96875,11399200
2017-09-28,11.458495140075684,12.010000228881836,12.016249656677246,11.942500114440918,11.949999809265137,5428800
2017-09-29,11.537205696105957,12.092499732971191,12.100000381469727,11.987500190734863,12.005000114440918,8116800
2017-10-02,11.630228996276855,12.1899995803833,12.193750381469727,12.108750343322754,12.116250038146973,10728800
2017-10-03,11.686281204223633,12.248749732971191,12.25,12.1875,12.210000038146973,5241600
2017-10-04,11.714902877807617,12.2787504196167,12.303750038146973,12.217499732971191,12.231249809265137,7459200
2017-10-05,11.846088409423828,12.416250228881836,12.421250343322754,12.300000190734863,12.3100004196167,7521600
2017-10-06,11.823430061340332,12.392499923706055,12.396249771118164,12.34000015258789,12.369999885559082,8575200
2017-10-09,11.784074783325195,12.351249694824219,12.421250343322754,12.319999694824219,12.413749694824219,4770400
2017-10-10,11.842512130737305,12.412500381469727,12.453749656677246,12.353750228881836,12.411250114440918,8184800
2017-10-11,11.875904083251953,12.447500228881836,12.451250076293945,12.383749961853027,12.401249885559082,5380800
2017-10-12,11.837739944458008,12.407500267028809,12.452500343322754,12.386249542236328,12.414999961853027,6861600
2017-10-13,11.868746757507324,12.4399995803833,12.473750114440918,12.423749923706055,12.461250305175781,4282400
2017-10-16,11.902141571044922,12.475000381469727,12.494999885559082,12.427499771118164,12.4662504196167,5058400
2017-10-17,11.91883659362793,12.492500305175781,12.493749618530273,12.443750381469727,12.46500015258789,4187200
2017-10-18,11.934340476989746,12.508749961853027,12.537500381469727,12.492500305175781,12.532500267028809,3808000
2017-10-19,11.940302848815918,12.515000343322754,12.520000457763672,12.3774995803833,12.418749809265137,7004800
2017-10-20,12.064332962036133,12.645000457763672,12.648750305175781,12.579999923706055,12.609999656677246,6864000
2017-10-23,11.97131061553955,12.547499656677246,12.682499885559082,12.538749694824219,12.680000305175781,6760000
2017-10-24,12.008283615112305,12.586250305175781,12.614999771118164,12.551250457763672,12.595000267028809,5832000
2017-10-25,11.891408920288086,12.463749885559082,12.563750267028809,12.337499618530273,12.552499771118164,12392000
2017-10-26,11.91883659362793,12.492500305175781,12.561249732971191,12.489999771118164,12.529999732971191,6454400
2017-10-27,12.10965347290039,12.692500114440918,12.713749885559082,12.547499656677246,12.577500343322754,10646400
2017-10-30,12.023787498474121,12.602499961853027,12.6850004196167,12.569999694824219,12.577500343322754,8707200
2017-10-31,12.059563636779785,12.640000343322754,12.670000076293945,12.607500076293945,12.645000457763672,6496000
2017-11-01,12.091764450073242,12.673749923706055,12.765000343322754,12.632499694824219,12.728750228881836,7982400
2017-11-02,12.098917961120605,12.681249618530273,12.697500228881836,12.548749923706055,12.663749694824219,8862400
2017-11-03,12.17524528503418,12.761249542236328,12.770000457763672,12.654999732971191,12.697500228881836,5732000
2017-11-06,12.207447052001953,12.795000076293945,12.81624984741211,12.742500305175781,12.744999885559082,5340800
2017-11-07,12.203868865966797,12.791250228881836,12.852499961853027,12.727499961853027,12.8125,8201600
2017-11-08,12.243224143981934,12.832500457763672,12.837499618530273,12.733750343322754,12.761249542236328,6416000
2017-11-09,12.150202751159668,12.734999656677246,12.75374984741211,12.552499771118164,12.6875,16762400
2017-11-10,12.139467239379883,12.723750114440918,12.732500076293945,12.651249885559082,12.6875,9957600
2017-11-13,12.159740447998047,12.744999885559082,12.771249771118164,12.641249656677246,12.646249771118164,6424000
2017-11-14,12.103691101074219,12.686249732971191,12.697500228881836,12.56624984741211,12.649999618530273,10588800
2017-11-15,11.980854034423828,12.557499885559082,12.633749961853027,12.479999542236328,12.579999923706055,11112000
2017-11-16,12.176440238952637,12.762499809265137,12.8100004196167,12.657500267028809,12.6587495803833,12188000
2017-11-17,12.10965347290039,12.692500114440918,12.75,12.68375015258789,12.726249694824219,7955200
2017-11-20,12.145430564880371,12.729999542236328,12.75374984741211,12.692500114440918,12.720000267028809,6656000
2017-11-21,12.30285358428955,12.895000457763672,12.918749809265137,12.8125,12.819999694824219,9820000
2017-11-22,12.284963607788086,12.876250267028809,12.911250114440918,12.856249809265137,12.897500038146973,5951200
2017-11-24,12.338634490966797,12.932499885559082,12.943750381469727,12.911250114440918,12.925000190734863,5050400
2017-11-27,12.329090118408203,12.922499656677246,12.970000267028809,12.895000457763672,12.9350004196167,6527200
2017-11-28,12.568805694580078,13.173749923706055,13.182499885559082,12.961250305175781,12.973750114440918,13350400
2017-11-29,12.560455322265625,13.164999961853027,13.256250381469727,13.112500190734863,13.196249961853027,11983200
2017-11-30,12.76797103881836,13.382499694824219,13.493749618530273,13.258749961853027,13.267499923706055,15046400
2017-12-01,12.717877388000488,13.329999923706055,13.421250343322754,12.961250305175781,13.369999885559082,22000000
2017-12-04,12.686869621276855,13.297499656677246,13.568750381469727,13.296250343322754,13.521249771118164,14411200
2017-12-05,12.599812507629395,13.206250190734863,13.399999618530273,13.188750267028809,13.329999923706055,15933600
2017-12-06,12.601005554199219,13.207500457763672,13.258749961853027,13.15625,13.168749809265137,8176800
2017-12-07,12.678521156311035,13.288749694824219,13.324999809265137,13.178750038146973,13.1899995803833,8138400
2017-12-08,12.813287734985352,13.430000305175781,13.4350004196167,13.354999542236328,13.383749961853027,6057600
2017-12-11,12.89438533782959,13.515000343322754,13.520000457763672,13.431249618530273,13.4375,8781600
2017-12-12,12.940896987915039,13.563750267028809,13.614999771118164,13.516249656677246,13.545000076293945,7275200
2017-12-13,12.931352615356445,13.553750038146973,13.640000343322754,13.550000190734863,13.587499618530273,11194400
2017-12-14,12.82640552520752,13.443750381469727,13.601249694824219,13.436249732971191,13.59375,10213600
2017-12-15,13.03987979888916,13.667499542236328,13.7162504196167,13.552499771118164,13.561249732971191,10019200
2017-12-18,13.19849681854248,13.833749771118164,13.876250267028809,13.8149995803833,13.823749542236328,9434400
2017-12-19,13.107858657836914,13.738750457763672,13.866250038146973,13.7212495803833,13.866250038146973,18046400
2017-12-20,13.08758544921875,13.717499732971191,13.848750114440918,13.682499885559082,13.8412504196167,18012000
2017-12-21,13.132905960083008,13.765000343322754,13.848750114440918,13.739999771118164,13.7787504196167,11016000
2017-12-22,13.126938819885254,13.758749961853027,13.770000457763672,13.697500228881836,13.766249656677246,10542400
2017-12-26,13.093618392944336,13.703749656677246,13.723750114440918,13.673749923706055,13.688750267028809,4550400
2017-12-27,13.109145164489746,13.720000267028809,13.758749961853027,13.686249732971191,13.717499732971191,4708800
2017-12-28,13.158114433288574,13.771249771118164,13.773750305175781,13.727499961853027,13.765000343322754,7778400
2017-12-29,13.069729804992676,13.678750038146973,13.832500457763672,13.641249656677246,13.831250190734863,11952000
2018-01-02,13.246492385864258,13.863750457763672,13.863750457763672,13.72249984741211,13.770000457763672,15379200
2018-01-03,13.405343055725098,14.029999732971191,14.050000190734863,13.87874984741211,13.883749961853027,8994400
2018-01-04,13.52477741241455,14.154999732971191,14.207500457763672,14.0962495803833,14.107500076293945,11100000
2018-01-05,13.694375038146973,14.332500457763672,14.350000381469727,14.18375015258789,14.244999885559082,10957600
2018-01-08,13.745729446411133,14.386249542236328,14.404999732971191,14.287500381469727,14.321249961853027,7715200
2018-01-09,13.80783748626709,14.451250076293945,14.524999618530273,14.404999732971191,14.436249732971191,10405600
2018-01-10,13.763646125793457,14.404999732971191,14.436249732971191,14.2787504196167,14.358750343322754,11608000
2018-01-11,13.955936431884766,14.606249809265137,14.608750343322754,14.449999809265137,14.46875,13354400
2018-01-12,14.141059875488281,14.800000190734863,14.821249961853027,14.62874984741211,14.645000457763672,12074400
2018-01-16,14.043122291564941,14.697500228881836,15.03125,14.613750457763672,14.951250076293945,19564000
2018-01-17,14.314237594604492,14.981249809265137,15.022500038146973,14.725000381469727,14.807499885559082,13421600
2018-01-18,14.264078140258789,14.928750038146973,15.012499809265137,14.866250038146973,14.958749771118164,11466400
2018-01-19,14.388289451599121,15.05875015258789,15.05875015258789,14.925000190734863,14.991250038146973,12498400
2018-01-22,14.618800163269043,15.300000190734863,15.302499771118164,15.023750305175781,15.023750305175781,12737600
2018-01-23,14.680904388427734,15.364999771118164,15.40250015258789,15.270000457763672,15.306249618530273,10464800
2018-01-24,14.6725435256958,15.356249809265137,15.517499923706055,15.208749771118164,15.446249961853027,14710400
2018-01-25,14.678516387939453,15.362500190734863,15.4662504196167,15.265000343322754,15.456250190734863,12304800
2018-01-26,15.01412582397461,15.713749885559082,15.71500015258789,15.432499885559082,15.463749885559082,10795200
2018-01-29,14.81347942352295,15.50374984741211,15.697500228881836,15.489999771118164,15.642499923706055,14835200
2018-01-30,14.500557899475098,15.176250457763672,15.353750228881836,15.1274995803833,15.271249771118164,19798400
2018-01-31,14.529224395751953,15.206250190734863,15.352499961853027,15.071249961853027,15.289999961853027,12788800
2018-02-01,14.491000175476074,15.166250228881836,15.324999809265137,15.068750381469727,15.100000381469727,11066400
2018-02-02,13.861581802368164,14.507499694824219,15.015000343322754,14.498749732971191,14.998749732971191,29116800
2018-02-05,12.735311508178711,13.328749656677246,14.539999961853027,13.21500015258789,14.276249885559082,59005600
2018-02-06,13.196333885192871,13.811249732971191,13.858750343322754,12.756250381469727,12.882499694824219,65334400
2018-02-07,13.043455123901367,13.651249885559082,14.140000343322754,13.651249885559082,13.732500076293945,34136000
2018-02-08,12.079621315002441,12.642499923706055,13.701250076293945,12.633749961853027,13.6875,54952800
2018-02-09,12.446281433105469,13.026249885559082,13.211250305175781,12.168749809265137,12.956250190734863,72404800
2018-02-12,12.784283638000488,13.380000114440918,13.552499771118164,13.047499656677246,13.236249923706055,32959200
2018-02-13,12.857139587402344,13.456250190734863,13.516249656677246,13.1850004196167,13.248749732971191,18068000
2018-02-14,13.205885887145996,13.821249961853027,13.858750343322754,13.289999961853027,13.300000190734863,24564800
2018-02-15,13.533135414123535,14.163749694824219,14.167499542236328,13.731249809265137,14.012499809265137,20341600
2018-02-16,13.541498184204102,14.172499656677246,14.404999732971191,14.09000015258789,14.09375,23835200
2018-02-20,13.37906551361084,14.0024995803833,14.232500076293945,13.901249885559082,14.057499885559082,18263200
2018-02-21,13.230965614318848,13.84749984741211,14.331250190734863,13.8462495803833,14.041250228881836,20400000
2018-02-22,13.260824203491211,13.87874984741211,14.1587495803833,13.8125,13.97249984741211,19359200
2018-02-23,13.688404083251953,14.326250076293945,14.328749656677246,13.981249809265137,14.03499984741211,15329600
2018-02-26,14.008485794067383,14.661250114440918,14.673749923706055,14.390000343322754,14.453749656677246,16670400
2018-02-27,13.654962539672852,14.291250228881836,14.770000457763672,14.288749694824219,14.68375015258789,22444800
2018-02-28,13.356375694274902,13.978750228881836,14.476249694824219,13.967499732971191,14.426250457763672,20877600
2018-03-01,12.994487762451172,13.600000381469727,14.15625,13.381250381469727,13.984999656677246,42380000
2018-03-02,13.127058982849121,13.738750457763672,13.796250343322754,13.297499656677246,13.393750190734863,44201600
2018-03-05,13.425649642944336,14.051250457763672,14.118749618530273,13.582500457763672,13.592499732971191,26714400
2018-03-06,13.49252986907959,14.12125015258789,14.171250343322754,13.942500114440918,14.15625,20048800
2018-03-07,13.47700023651123,14.104999542236328,14.147500038146973,13.842499732971191,13.864999771118164,21141600
2018-03-08,13.603605270385742,14.237500190734863,14.25374984741211,14.068750381469727,14.1850004196167,20075200
2018-03-09,14.07059097290039,14.726249694824219,14.732500076293945,14.368749618530273,14.40625,19589600
2018-03-12,14.044318199157715,14.698749542236328,14.845000267028809,14.654999732971191,14.773750305175781,14744800
2018-03-13,13.865166664123535,14.511249542236328,14.895000457763672,14.4375,14.8412504196167,34554400
2018-03-14,13.718262672424316,14.357500076293945,14.641249656677246,14.292499542236328,14.6225004196167,34484800
2018-03-15,13.689596176147461,14.327500343322754,14.489999771118164,14.265000343322754,14.417499542236328,22004800
2018-03-16,13.714677810668945,14.353750228881836,14.473750114440918,14.34749984741211,14.376250267028809,18197600
2018-03-19,13.346817970275879,13.96875,14.266249656677246,13.770000457763672,14.262499809265137,35084800
2018-03-20,13.388620376586914,14.012499809265137,14.082500457763672,13.932499885559082,14.008749961853027,19548000
2018-03-21,13.328819274902344,13.930000305175781,14.22249984741211,13.90625,13.986249923706055,25728000
2018-03-22,12.667404174804688,13.238750457763672,13.765000343322754,13.204999923706055,13.671250343322754,35500000
2018-03-23,12.122003555297852,12.668749809265137,13.321249961853027,12.649999618530273,13.287500381469727,42747200
2018-03-26,12.791790008544922,13.368749618530273,13.390000343322754,12.803750038146973,13.077500343322754,39804000
2018-03-27,12.338488578796387,12.895000457763672,13.524999618530273,12.725000381469727,13.46500015258789,45618400
2018-03-28,12.276289939880371,12.829999923706055,13.09375,12.698749542236328,12.911250114440918,44767200
2018-03-29,12.615970611572266,13.1850004196167,13.352499961853027,12.866250038146973,12.949999809265137,21190400
2018-04-02,12.046648025512695,12.59000015258789,13.146249771118164,12.302499771118164,13.088749885559082,27272800
2018-04-03,12.345664024353027,12.90250015258789,12.952500343322754,12.518750190734863,12.7162504196167,23377600
2018-04-04,12.623146057128906,13.192500114440918,13.255000114440918,12.486249923706055,12.5,32685600
2018-04-05,12.804945945739746,13.382499694824219,13.478750228881836,13.24625015258789,13.375,18411200
2018-04-06,12.239212989807129,12.791250228881836,13.326250076293945,12.609999656677246,13.162500381469727,30396800
2018-04-09,12.339683532714844,12.896249771118164,13.28499984741211,12.862500190734863,12.956250190734863,21163200
2018-04-10,12.737967491149902,13.3125,13.404999732971191,13.098750114440918,13.231249809265137,21487200
2018-04-11,12.611184120178223,13.180000305175781,13.363750457763672,13.142499923706055,13.143750190734863,18068000
2018-04-12,12.80614185333252,13.383749961853027,13.4975004196167,13.303750038146973,13.323749542236328,17275200
2018-04-13,12.737967491149902,13.3125,13.551250457763672,13.192500114440918,13.545000076293945,19539200
2018-04-16,12.94249439239502,13.526249885559082,13.613750457763672,13.399999618530273,13.487500190734863,14555200
2018-04-17,13.215194702148438,13.811249732971191,13.882499694824219,13.672499656677246,13.732500076293945,15932800
2018-04-18,13.236724853515625,13.833749771118164,13.925000190734863,13.7837495803833,13.87125015258789,12022400
2018-04-19,13.082429885864258,13.672499656677246,13.776249885559082,13.557499885559082,13.74625015258789,20021600
2018-04-20,12.867143630981445,13.447500228881836,13.692500114440918,13.3412504196167,13.671250343322754,13934400
2018-04-23,12.858770370483398,13.438750267028809,13.571249961853027,13.31624984741211,13.512499809265137,13796800
2018-04-24,12.51669692993164,13.081250190734863,13.576250076293945,12.9037504196167,13.555000305175781,31982400
2018-04-25,12.5717191696167,13.138750076293945,13.1875,12.861249923706055,13.061249732971191,23195200
2018-04-26,12.820494651794434,13.398750305175781,13.493749618530273,13.201250076293945,13.25374984741211,17175200
2018-04-27,12.849201202392578,13.428750038146973,13.505000114440918,13.319999694824219,13.467499732971191,14940800
2018-04-30,12.64108943939209,13.211250305175781,13.556249618530273,13.210000038146973,13.49625015258789,20148000
2018-05-01,12.6961088180542,13.268750190734863,13.274999618530273,12.982500076293945,13.162500381469727,18676000
2018-05-02,12.519088745117188,13.083749771118164,13.332500457763672,13.038749694824219,13.227499961853027,15929600
2018-05-03,12.461681365966797,13.023750305175781,13.095000267028809,12.668749809265137,12.986249923706055,30462400
2018-05-04,12.783417701721191,13.359999656677246,13.436249732971191,12.881250381469727,12.913749694824219,17428000
2018-05-07,12.858770370483398,13.438750267028809,13.557499885559082,13.368749618530273,13.444999694824219,16083200
2018-05-08,12.862360000610352,13.442500114440918,13.486249923706055,13.270000457763672,13.399999618530273,18550400
2018-05-09,13.115921974182129,13.707500457763672,13.741250038146973,13.46500015258789,13.522500038146973,15869600
2018-05-10,13.355133056640625,13.957500457763672,13.994999885559082,13.77750015258789,13.792499542236328,11142400
2018-05-11,13.410151481628418,14.015000343322754,14.074999809265137,13.918749809265137,13.973750114440918,8717600
2018-05-14,13.441247940063477,14.047499656677246,14.164999961853027,13.994999885559082,14.09375,9128000
2018-05-15,13.257055282592773,13.854999542236328,13.913749694824219,13.75374984741211,13.911250114440918,23487200
2018-05-16,13.373071670532227,13.976249694824219,14.0287504196167,13.858750343322754,13.858750343322754,12227200
2018-05-17,13.349151611328125,13.951250076293945,14.073749542236328,13.859999656677246,13.9375,9861600
2018-05-18,13.284565925598145,13.883749961853027,13.949999809265137,13.837499618530273,13.9087495803833,15313600
2018-05-21,13.474735260009766,14.082500457763672,14.148750305175781,14.008749961853027,14.046250343322754,12397600
2018-05-22,13.39819049835205,14.0024995803833,14.176250457763672,13.970000267028809,14.145000457763672,14471200
2018-05-23,13.475935935974121,14.083749771118164,14.085000038146973,13.84000015258789,13.857500076293945,14796800
2018-05-24,13.420916557312012,14.026249885559082,14.0625,13.813750267028809,14.029999732971191,12769600
2018-05-25,13.351543426513672,13.953749656677246,14.023750305175781,13.893750190734863,13.958749771118164,15753600
2018-05-29,13.054922103881836,13.643750190734863,13.8462495803833,13.498749732971191,13.755000114440918,35442400
2018-05-30,13.38503360748291,13.988750457763672,14.042499542236328,13.771249771118164,13.78499984741211,10105600
2018-05-31,13.19844913482666,13.793749809265137,13.97249984741211,13.74625015258789,13.94124984741211,27311200
2018-06-01,13.475935935974121,14.083749771118164,14.125,13.960000038146973,13.9662504196167,13561600
2018-06-04,13.606306076049805,14.220000267028809,14.2475004196167,14.151249885559082,14.180000305175781,13183200
2018-06-05,13.639792442321777,14.255000114440918,14.28125,14.142499923706055,14.228750228881836,12352800
2018-06-06,13.859867095947266,14.484999656677246,14.487500190734863,14.234999656677246,14.305000305175781,10137600
2018-06-07,13.843119621276855,14.467499732971191,14.563750267028809,14.363750457763672,14.52750015258789,14388000
2018-06-08,13.926848411560059,14.555000305175781,14.5600004196167,14.395000457763672,14.411250114440918,6480000
2018-06-11,13.960334777832031,14.59000015258789,14.677499771118164,14.563750267028809,14.571249961853027,7740800
2018-06-12,14.00458812713623,14.636249542236328,14.668749809265137,14.550000190734863,14.642499923706055,8945600
2018-06-13,13.894552230834961,14.521249771118164,14.68375015258789,14.508749961853027,14.6537504196167,13329600
2018-06-14,13.974686622619629,14.604999542236328,14.666250228881836,14.53125,14.62874984741211,12973600
2018-06-15,13.93641185760498,14.5649995803833,14.600000381469727,14.376250267028809,14.511249542236328,10596800
2018-06-18,13.877805709838867,14.50374984741211,14.517499923706055,14.329999923706055,14.387499809265137,13019200
2018-06-19,13.770161628723145,14.391249656677246,14.414999961853027,14.180000305175781,14.233750343322754,15316000
2018-06-20,13.816768646240234,14.416250228881836,14.489999771118164,14.373749732971191,14.448749542236328,9612800
2018-06-21,13.638261795043945,14.229999542236328,14.40625,14.168749809265137,14.404999732971191,18368000
2018-06-22,13.681386947631836,14.274999618530273,14.386249542236328,14.2524995803833,14.3774995803833,10988000
2018-06-25,13.310002326965332,13.887499809265137,14.157500267028809,13.69124984741211,14.138750076293945,42752000
2018-06-26,13.363913536071777,13.943750381469727,14.045000076293945,13.866250038146973,13.948749542236328,12317600
2018-06-27,13.138686180114746,13.708749771118164,14.180000305175781,13.701250076293945,14.012499809265137,21559200
2018-06-28,13.294428825378418,13.87125015258789,13.956250190734863,13.62125015258789,13.701250076293945,32663200
2018-06-29,13.332765579223633,13.911250114440918,14.149999618530273,13.897500038146973,13.993749618530273,15677600
2018-07-02,13.395061492919922,13.976249694824219,13.986249923706055,13.696249961853027,13.725000381469727,19010400
2018-07-03,13.281251907348633,13.857500076293945,14.076250076293945,13.81624984741211,14.067500114440918,11128800
2018-07-05,13.501684188842773,14.087499618530273,14.09375,13.867500305175781,13.988750457763672,18143200
2018-07-06,13.716132164001465,14.311249732971191,14.366250038146973,14.045000076293945,14.09000015258789,12553600
2018-07-09,13.970114707946777,14.576250076293945,14.582500457763672,14.4375,14.44124984741211,8697600
2018-07-10,14.061161041259766,14.671250343322754,14.694999694824219,14.59749984741211,14.635000228881836,9173600
2018-07-11,13.867082595825195,14.46875,14.588749885559082,14.432499885559082,14.5,18662400
2018-07-12,14.107884407043457,14.720000267028809,14.731249809265137,14.542499542236328,14.612500190734863,10757600
2018-07-13,14.129449844360352,14.742500305175781,14.78499984741211,14.651249885559082,14.710000038146973,6771200
2018-07-16,14.103093147277832,14.71500015258789,14.767499923706055,14.668749809265137,14.7524995803833,8293600
2018-07-17,14.227686882019043,14.845000267028809,14.888750076293945,14.6225004196167,14.62874984741211,8863200
2018-07-18,14.280399322509766,14.899999618530273,14.911250114440918,14.797499656677246,14.845000267028809,6092000
2018-07-19,14.173774719238281,14.788749694824219,14.857500076293945,14.726249694824219,14.819999694824219,7015200
2018-07-20,14.139032363891602,14.7524995803833,14.829999923706055,14.728750228881836,14.761249542236328,8986400
2018-07-23,14.189350128173828,14.805000305175781,14.824999809265137,14.681249618530273,14.71875,4024000
2018-07-24,14.321133613586426,14.942500114440918,15.048749923706055,14.8462495803833,14.962499618530273,11740800
2018-07-25,14.582301139831543,15.21500015258789,15.239999771118164,14.912500381469727,14.920000076293945,14030400
2018-07-26,14.493645668029785,15.1225004196167,15.210000038146973,15.101249694824219,15.107500076293945,5773600
2018-07-27,14.300765991210938,14.921250343322754,15.173749923706055,14.80875015258789,15.167499542236328,18111200
2018-07-30,14.140230178833008,14.75374984741211,14.944999694824219,14.697500228881836,14.928750038146973,19594400
2018-07-31,14.27800464630127,14.897500038146973,14.978750228881836,14.807499885559082,14.859999656677246,9374400
2018-08-01,14.243258476257324,14.861249923706055,14.988750457763672,14.7787504196167,14.920000076293945,9717600
2018-08-02,14.37743854522705,15.001250267028809,15.0337495803833,14.673749923706055,14.706250190734863,7692000
2018-08-03,14.516410827636719,15.146249771118164,15.146249771118164,15.010000228881836,15.0287504196167,7999200
2018-08-06,14.620637893676758,15.255000114440918,15.287500381469727,15.09749984741211,15.141249656677246,9107200
2018-08-07,14.705699920654297,15.34375,15.397500038146973,15.313750267028809,15.329999923706055,10809600
2018-08-08,14.692517280578613,15.329999923706055,15.382499694824219,15.279999732971191,15.327500343322754,8177600
2018-08-09,14.652984619140625,15.288749694824219,15.387499809265137,15.272500038146973,15.337499618530273,5538400
2018-08-10,14.449318885803223,15.076250076293945,15.176250457763672,14.99625015258789,15.104999542236328,15300800
2018-08-13,14.336706161499023,14.958749771118164,15.1875,14.932499885559082,15.113750457763672,11723200
2018-08-14,14.524794578552246,15.154999732971191,15.182499885559082,15.005000114440918,15.056249618530273,7207200
2018-08-15,14.305559158325195,14.926250457763672,15.005000114440918,14.75374984741211,14.991250038146973,16075200
2018-08-16,14.539172172546387,15.170000076293945,15.272500038146973,15.09749984741211,15.09749984741211,11795200
2018-08-17,14.627824783325195,15.262499809265137,15.324999809265137,15.092499732971191,15.132499694824219,10018400
2018-08-20,14.698508262634277,15.336250305175781,15.369999885559082,15.270000457763672,15.335000038146973,8046400
2018-08-21,14.757211685180664,15.397500038146973,15.510000228881836,15.383749961853027,15.399999618530273,6628000
2018-08-22,14.746427536010742,15.386249542236328,15.449999809265137,15.323749542236328,15.354999542236328,5658400
2018-08-23,14.700904846191406,15.338749885559082,15.4662504196167,15.303750038146973,15.361249923706055,6684000
2018-08-24,14.87701416015625,15.522500038146973,15.541250228881836,15.404999732971191,15.407500267028809,10738400
2018-08-27,15.105833053588867,15.761249542236328,15.779999732971191,15.648750305175781,15.662500381469727,12343200
2018-08-28,15.123805046081543,15.779999732971191,15.835000038146973,15.726249694824219,15.824999809265137,4047200
2018-08-29,15.28913402557373,15.952500343322754,15.978750228881836,15.7787504196167,15.80875015258789,6338400
2018-08-30,15.15495491027832,15.8125,15.932499885559082,15.743749618530273,15.883749961853027,9800000
2018-08-31,15.156152725219727,15.813750267028809,15.869999885559082,15.706250190734863,15.762499809265137,6286400
2018-09-04,15.111824989318848,15.767499923706055,15.801250457763672,15.635000228881836,15.765000343322754,8345600
2018-09-05,15.01598072052002,15.667499542236328,15.737500190734863,15.548749923706055,15.712499618530273,15202400
2018-09-06,14.930922508239746,15.578749656677246,15.717499732971191,15.447500228881836,15.682499885559082,12907200
2018-09-07,14.865033149719238,15.510000228881836,15.630000114440918,15.420000076293945,15.443750381469727,10264800
2018-09-10,14.915348052978516,15.5625,15.663749694824219,15.539999961853027,15.632499694824219,5683200
2018-09-11,15.023175239562988,15.675000190734863,15.71875,15.442500114440918,15.487500190734863,10818400
2018-09-12,15.027965545654297,15.680000305175781,15.741250038146973,15.574999809265137,15.668749809265137,10714400
2018-09-13,15.192090034484863,15.851249694824219,15.876250267028809,15.766249656677246,15.795000076293945,8346400
2018-09-14,15.200478553771973,15.859999656677246,15.898750305175781,15.761249542236328,15.87874984741211,9532800
2018-09-17,15.035151481628418,15.6875,15.854999542236328,15.65250015258789,15.854999542236328,6483200
2018-09-18,15.196885108947754,15.856249809265137,15.928750038146973,15.707500457763672,15.707500457763672,11951200
2018-09-19,15.228034019470215,15.888750076293945,15.9399995803833,15.8462495803833,15.856249809265137,7698400
2018-09-20,15.465240478515625,16.136249542236328,16.181249618530273,16.024999618530273,16.0362491607666,13409600
2018-09-21,15.44607162475586,16.116249084472656,16.247499465942383,16.092500686645508,16.237499237060547,6392800
2018-09-24,15.344240188598633,16.010000228881836,16.05500030517578,15.930000305175781,16.040000915527344,8314400
2018-09-25,15.307103157043457,15.9712495803833,16.068750381469727,15.943750381469727,16.05875015258789,6454400
2018-09-26,15.21117115020752,15.856249809265137,16.11750030517578,15.806249618530273,15.973750114440918,8153600
2018-09-27,15.296311378479004,15.944999694824219,16.075000762939453,15.880000114440918,15.916250228881836,4924000
2018-09-28,15.29151439666748,15.9399995803833,16.0049991607666,15.862500190734863,15.868749618530273,6521600
2018-10-01,15.398239135742188,16.051250457763672,16.186250686645508,15.973750114440918,16.09749984741211,11517600
2018-10-02,15.381449699401855,16.033750534057617,16.123750686645508,15.989999771118164,16.028749465942383,6467200
2018-10-03,15.4042329788208,16.0575008392334,16.217500686645508,16.010000228881836,16.158750534057617,11238400
2018-10-04,15.160807609558105,15.803750038146973,15.993749618530273,15.600000381469727,15.983750343322754,23792800
2018-10-05,14.992926597595215,15.62874984741211,15.883749961853027,15.436249732971191,15.817500114440918,23050400
2018-10-08,14.972541809082031,15.607500076293945,15.65625,15.362500190734863,15.52750015258789,15156000
2018-10-09,14.937764167785645,15.571249961853027,15.725000381469727,15.5,15.55875015258789,14552000
2018-10-10,13.978448867797852,14.571249961853027,15.506250381469727,14.536250114440918,15.5024995803833,26454400
2018-10-11,13.365684509277344,13.932499885559082,14.636249542236328,13.743749618530273,14.451250076293945,52879200
2018-10-12,13.742215156555176,14.324999809265137,14.43375015258789,13.951250076293945,14.423749923706055,31114400
2018-10-15,13.591123580932617,14.167499542236328,14.422499656677246,14.141249656677246,14.270000457763672,22721600
2018-10-16,14.172708511352539,14.773750305175781,14.819999694824219,14.329999923706055,14.3774995803833,15355200
2018-10-17,14.172708511352539,14.773750305175781,14.848750114440918,14.47249984741211,14.772500038146973,28916000
2018-10-18,13.769797325134277,14.353750228881836,14.733750343322754,14.193750381469727,14.663749694824219,25052800
2018-10-19,13.743416786193848,14.326250076293945,14.643750190734863,14.231249809265137,14.426250457763672,16844000
2018-10-22,13.619904518127441,14.197500228881836,14.442500114440918,14.135000228881836,14.4037504196167,22492800
2018-10-23,13.476008415222168,14.047499656677246,14.177499771118164,13.536250114440918,13.767499923706055,36132800
2018-10-24,12.6641845703125,13.201250076293945,14.06624984741211,13.135000228881836,14.02750015258789,27758400
2018-10-25,13.112665176391602,13.668749809265137,13.84000015258789,13.286250114440918,13.395000457763672,23336000
2018-10-26,12.647396087646484,13.18375015258789,13.53499984741211,12.881250381469727,13.242500305175781,44816800
2018-10-29,12.507097244262695,13.037500381469727,13.668749809265137,12.641249656677246,13.532500267028809,34712800
2018-10-30,12.87283706665039,13.418749809265137,13.454999923706055,12.970000267028809,13.018750190734863,19484000
2018-10-31,13.148638725280762,13.706250190734863,13.963749885559082,13.6587495803833,13.711250305175781,20225600
2018-11-01,13.412449836730957,13.981249809265137,14.015000343322754,13.678750038146973,13.805000305175781,12924000
2018-11-02,13.266154289245605,13.828749656677246,14.163749694824219,13.5912504196167,14.125,26580000
2018-11-05,13.406457901000977,13.975000381469727,14.037500381469727,13.772500038146973,13.8774995803833,10698400
2018-11-06,13.573137283325195,14.148750305175781,14.167499542236328,13.96500015258789,13.96875,9796800
2018-11-07,14.146330833435059,14.74625015258789,14.766249656677246,14.353750228881836,14.396249771118164,17100000
2018-11-08,14.094762802124023,14.692500114440918,14.772500038146973,14.56624984741211,14.664999961853027,14064000
2018-11-09,13.836947441101074,14.423749923706055,14.55875015258789,14.244999885559082,14.543749809265137,14184800
2018-11-12,13.294937133789062,13.858750343322754,14.375,13.811249732971191,14.345000267028809,19968800
2018-11-13,13.252964973449707,13.8149995803833,14.145000457763672,13.731249809265137,13.917499542236328,13830400
2018-11-14,13.059903144836426,13.613750457763672,14.067500114440918,13.446249961853027,14.023750305175781,23010400
2018-11-15,13.33450698852539,13.899999618530273,13.956250190734863,13.300000190734863,13.477499961853027,23942400
2018-11-16,13.404057502746582,13.97249984741211,14.074999809265137,13.723750114440918,13.7787504196167,16845600
2018-11-19,12.95077896118164,13.5,13.932499885559082,13.399999618530273,13.907500267028809,14618400
2018-11-20,12.472319602966309,13.001250267028809,13.28499984741211,12.893750190734863,13.1225004196167,32700000
2018-11-21,12.550265312194824,13.082500457763672,13.288749694824219,13.082500457763672,13.162500381469727,11981600
2018-11-23,12.39437484741211,12.920000076293945,13.057499885559082,12.887499809265137,12.897500038146973,6330400
2018-11-26,12.77570629119873,13.317500114440918,13.323749542236328,13.109999656677246,13.154999732971191,15980000
2018-11-27,12.859644889831543,13.404999732971191,13.404999732971191,13.145000457763672,13.206250190734863,13045600
2018-11-28,13.438834190368652,14.008749961853027,14.024999618530273,13.423749923706055,13.52750015258789,21144800
2018-11-29,13.394464492797852,13.962499618530273,14.125,13.80875015258789,13.936249732971191,24102400
2018-11-30,13.562347412109375,14.137499809265137,14.198749542236328,13.914999961853027,13.942500114440918,14088800
2018-12-03,13.907698631286621,14.4975004196167,14.619999885559082,14.321249961853027,14.613750457763672,22461600
2018-12-04,13.023929595947266,13.576250076293945,14.453749656677246,13.523750305175781,14.407500267028809,34371200
2018-12-06,12.984354019165039,13.53499984741211,13.53499984741211,12.770000457763672,13.12125015258789,45036800
2018-12-07,12.364396095275879,12.888750076293945,13.649999618530273,12.791250228881836,13.470000267028809,31880800
2018-12-10,12.396774291992188,12.922499656677246,13.032500267028809,12.398750305175781,12.861249923706055,31996000
2018-12-11,12.407567024230957,12.93375015258789,13.297499656677246,12.774999618530273,13.279999732971191,26009600
2018-12-12,12.534676551818848,13.06624984741211,13.40625,13.061249732971191,13.266249656677246,24937600
2018-12-13,12.525083541870117,13.056249618530273,13.258749961853027,12.93375015258789,13.162500381469727,24120000
2018-12-14,12.05262279510498,12.563750267028809,12.914999961853027,12.50374984741211,12.807499885559082,24893600
2018-12-17,11.566965103149414,12.057499885559082,12.579999923706055,11.897500038146973,12.460000038146973,30257600
2018-12-18,11.55257511138916,12.042499542236328,12.311249732971191,11.8774995803833,12.241250038146973,20262400
2018-12-19,11.201225280761719,11.676250457763672,12.4350004196167,11.493749618530273,12.051250457763672,37709600
2018-12-20,10.842679977416992,11.302499771118164,11.703749656677246,11.057499885559082,11.545000076293945,43688800
2018-12-21,10.383407592773438,10.823749542236328,11.651249885559082,10.763750076293945,11.3725004196167,43680000
2018-12-24,9.810214042663574,10.226249694824219,10.779999732971191,10.226249694824219,10.673749923706055,27532800
2018-12-26,10.80203628540039,11.228750228881836,11.242500305175781,10.173749923706055,10.367500305175781,31381600
2018-12-27,11.014878273010254,11.449999809265137,11.449999809265137,10.592499732971191,10.928750038146973,29025600
2018-12-28,10.960765838623047,11.393750190734863,11.725000381469727,11.274999618530273,11.5625,30678400
2018-12-31,11.161581993103027,11.602499961853027,11.607500076293945,11.3725004196167,11.553750038146973,24488800
2019-01-02,11.174810409545898,11.616250038146973,11.708749771118164,11.2212495803833,11.236249923706055,28129600
2019-01-03,10.622862815856934,11.042499542236328,11.453749656677246,11.00374984741211,11.432499885559082,37719200
2019-01-04,11.355184555053711,11.803750038146973,11.856249809265137,11.321249961853027,11.361249923706055,28156800
2019-01-07,11.519926071166992,11.975000381469727,12.126250267028809,11.726249694824219,11.821249961853027,20404800
2019-01-08,11.731566429138184,12.194999694824219,12.25374984741211,11.947500228881836,12.207500457763672,24505600
2019-01-09,11.839790344238281,12.307499885559082,12.40625,12.148750305175781,12.274999618530273,17686400
2019-01-10,11.931180953979492,12.40250015258789,12.422499656677246,12.077500343322754,12.15250015258789,21517600
2019-01-11,11.926369667053223,12.397500038146973,12.404999732971191,12.2212495803833,12.28499984741211,12399200
2019-01-14,11.792893409729004,12.258749961853027,12.336250305175781,12.161250114440918,12.201250076293945,10645600
2019-01-15,12.062251091003418,12.538749694824219,12.56624984741211,12.296250343322754,12.296250343322754,20006400
2019-01-16,12.109149932861328,12.587499618530273,12.6875,12.556249618530273,12.578749656677246,10234400
2019-01-17,12.287121772766113,12.772500038146973,12.8725004196167,12.491250038146973,12.49625015258789,11667200
2019-01-18,12.611793518066406,13.109999656677246,13.166250228881836,12.891249656677246,12.976249694824219,17273600
2019-01-22,12.284716606140137,12.770000457763672,12.975000381469727,12.587499618530273,12.952500343322754,22629600
2019-01-23,12.317183494567871,12.803750038146973,12.946249961853027,12.550000190734863,12.873749732971191,14889600
2019-01-24,12.337625503540039,12.824999809265137,12.885000228881836,12.680000305175781,12.792499542236328,11960800
2019-01-25,12.54084587097168,13.036250114440918,13.126250267028809,12.976249694824219,13.020000457763672,11018400
2019-01-28,12.3604736328125,12.848750114440918,12.848750114440918,12.647500038146973,12.806249618530273,10587200
2019-01-29,12.31597900390625,12.802499771118164,12.912500381469727,12.712499618530273,12.854999542236328,7749600
2019-01-30,12.704388618469238,13.206250190734863,13.297499656677246,12.886249542236328,12.96875,15488000
2019-01-31,12.917226791381836,13.427499771118164,13.482500076293945,13.177499771118164,13.201250076293945,15589600
2019-02-01,12.943687438964844,13.454999923706055,13.5649995803833,13.366250038146973,13.456250190734863,12276000
2019-02-04,13.125263214111328,13.643750190734863,13.643750190734863,13.37874984741211,13.451250076293945,7891200
2019-02-05,13.231081008911133,13.75374984741211,13.78125,13.626250267028809,13.6875,9606400
2019-02-06,13.186590194702148,13.707500457763672,13.765000343322754,13.62874984741211,13.71500015258789,6291200
2019-02-07,12.937670707702637,13.448749542236328,13.583749771118164,13.260000228881836,13.526249885559082,18327200
2019-02-08,12.964126586914062,13.476249694824219,13.484999656677246,13.2162504196167,13.302499771118164,13964000
2019-02-11,12.978554725646973,13.491250038146973,13.576250076293945,13.431249618530273,13.550000190734863,9456800
2019-02-12,13.316459655761719,13.842499732971191,13.87874984741211,13.657500267028809,13.667499542236328,9073600
2019-02-13,13.39341926574707,13.922499656677246,14.017499923706055,13.883749961853027,13.93375015258789,14171200
2019-02-14,13.32848072052002,13.854999542236328,13.983750343322754,13.703749656677246,13.795000076293945,15445600
2019-02-15,13.619487762451172,14.157500267028809,14.162500381469727,14.0337495803833,14.05875015258789,12152800
2019-02-19,13.669991493225098,14.210000038146973,14.28125,14.0625,14.0649995803833,8236800
2019-02-20,13.719295501708984,14.261249542236328,14.311249732971191,14.142499923706055,14.204999923706055,10860800
2019-02-21,13.619487762451172,14.157500267028809,14.223750114440918,14.046250343322754,14.188750267028809,11104000
2019-02-22,13.785432815551758,14.329999923706055,14.351249694824219,14.194999694824219,14.228750228881836,10725600
2019-02-25,13.833529472351074,14.380000114440918,14.551250457763672,14.358750343322754,14.491250038146973,15235200
2019-02-26,13.798660278320312,14.34375,14.444999694824219,14.306249618530273,14.321249961853027,8008800
2019-02-27,13.78903865814209,14.333749771118164,14.364999771118164,14.1537504196167,14.261249542236328,9504000
2019-02-28,13.719295501708984,14.261249542236328,14.351249694824219,14.237500190734863,14.297499656677246,6207200
2019-03-01,13.914098739624023,14.463749885559082,14.4975004196167,14.287500381469727,14.454999923706055,11697600
2019-03-04,13.7998628616333,14.345000267028809,14.59375,14.079999923706055,14.571249961853027,22920800
2019-03-05,13.760178565979004,14.303750038146973,14.376250267028809,14.237500190734863,14.354999542236328,6935200
2019-03-06,13.584616661071777,14.12125015258789,14.3100004196167,14.0912504196167,14.3100004196167,14912800
2019-03-07,13.360950469970703,13.888750076293945,14.082500457763672,13.792499542236328,14.071249961853027,21213600
2019-03-08,13.305634498596191,13.831250190734863,13.84375,13.619999885559082,13.675000190734863,16125600
2019-03-11,13.697651863098145,14.238750457763672,14.24625015258789,13.907500267028809,13.907500267028809,7689600
2019-03-12,13.78422737121582,14.328749656677246,14.391249656677246,14.272500038146973,14.288749694824219,8247200
2019-03-13,13.9730224609375,14.524999618530273,14.62874984741211,14.417499542236328,14.438750267028809,10539200
2019-03-14,13.953781127929688,14.505000114440918,14.569999694824219,14.449999809265137,14.522500038146973,8000800
2019-03-15,14.088461875915527,14.645000457763672,14.731249809265137,14.542499542236328,14.557499885559082,11382400
2019-03-18,14.194282531738281,14.755000114440918,14.78125,14.638750076293945,14.663749694824219,10544000
2019-03-19,14.197888374328613,14.758749961853027,14.956250190734863,14.649999618530273,14.868749618530273,10365600
2019-03-20,14.091870307922363,14.62125015258789,14.836250305175781,14.507499694824219,14.696249961853027,15984000
2019-03-21,14.41474437713623,14.956250190734863,15.0024995803833,14.5337495803833,14.537500381469727,10440000
2019-03-22,13.858150482177734,14.37874984741211,14.858750343322754,14.375,14.796250343322754,24634400
2019-03-25,13.842491149902344,14.362500190734863,14.475000381469727,14.220000267028809,14.34375,17669600
2019-03-26,14.037657737731934,14.5649995803833,14.678750038146973,14.411250114440918,14.557499885559082,17268800
2019-03-27,13.896703720092773,14.418749809265137,14.632499694824219,14.239999771118164,14.572500228881836,11254400
2019-03-28,14.00994873046875,14.536250114440918,14.573749542236328,14.354999542236328,14.488750457763672,10474400
2019-03-29,14.191865921020508,14.725000381469727,14.741250038146973,14.569999694824219,14.698749542236328,10920800
2019-04-01,14.509917259216309,15.055000305175781,15.082500457763672,14.9037504196167,14.9350004196167,10202400
2019-04-02,14.520759582519531,15.06624984741211,15.09000015258789,14.975000381469727,15.072500228881836,5352000
2019-04-03,14.573771476745605,15.12125015258789,15.251250267028809,15.039999961853027,15.204999923706055,11982400
2019-04-04,14.6412353515625,15.19124984741211,15.212499618530273,15.0625,15.146249771118164,6494400
2019-04-05,14.766528129577637,15.321249961853027,15.333749771118164,15.229999542236328,15.266249656677246,8048000
2019-04-08,14.800260543823242,15.356249809265137,15.364999771118164,15.201250076293945,15.27750015258789,9227200
2019-04-09,14.642436027526855,15.192500114440918,15.272500038146973,15.12874984741211,15.234999656677246,14523200
2019-04-10,14.737613677978516,15.291250228881836,15.305000305175781,15.193750381469727,15.241250038146973,5372000
2019-04-11,14.730384826660156,15.2837495803833,15.348750114440918,15.21875,15.348750114440918,6541600
2019-04-12,14.927960395812988,15.488750457763672,15.522500038146973,15.391249656677246,15.475000381469727,7901600
2019-04-15,14.908689498901367,15.46875,15.505000114440918,15.37125015258789,15.498749732971191,6855200
2019-04-16,14.923144340515137,15.483750343322754,15.574999809265137,15.413749694824219,15.567500114440918,8297600
2019-04-17,14.852063179016113,15.40999984741211,15.613750457763672,15.354999542236328,15.611249923706055,8873600
2019-04-18,14.902663230895996,15.462499618530273,15.491250038146973,15.31624984741211,15.47249984741211,9608800
2019-04-22,14.92435073852539,15.484999656677246,15.505000114440918,15.358750343322754,15.368749618530273,4647200
2019-04-23,15.196619033813477,15.767499923706055,15.789999961853027,15.5024995803833,15.5287504196167,8218400
2019-04-24,15.127950668334961,15.696249961853027,15.788749694824219,15.673749923706055,15.75,6232000
2019-04-25,15.101445198059082,15.668749809265137,15.744999885559082,15.523750305175781,15.678750038146973,8588800
2019-04-26,15.2448091506958,15.817500114440918,15.819999694824219,15.577500343322754,15.672499656677246,8664800
2019-04-29,15.283361434936523,15.857500076293945,15.920000076293945,15.811249732971191,15.823749542236328,4897600
2019-04-30,15.286975860595703,15.861249923706055,15.9037504196167,15.648750305175781,15.8125,9565600
2019-05-01,15.076146125793457,15.642499923706055,15.970000267028809,15.62874984741211,15.947500228881836,12355200
2019-05-02,15.003861427307129,15.567500114440918,15.723750114440918,15.388750076293945,15.609999656677246,14682400
2019-05-03,15.285771369934082,15.859999656677246,15.893750190734863,15.708749771118164,15.733750343322754,8413600
2019-05-06,15.159271240234375,15.728750228881836,15.78125,15.305000305175781,15.342499732971191,12381600
2019-05-07,14.654486656188965,15.204999923706055,15.513750076293945,14.976249694824219,15.443750381469727,18081600
2019-05-08,14.613524436950684,15.162500381469727,15.362500190734863,15.088749885559082,15.162500381469727,11017600
2019-05-09,14.517145156860352,15.0625,15.133749961853027,14.706250190734863,14.911250114440918,17158400
2019-05-10,14.647259712219238,15.197500228881836,15.296250343322754,14.601249694824219,14.953749656677246,20601600
2019-05-13,13.925616264343262,14.448749542236328,14.723750114440918,14.348750114440918,14.609999656677246,21946400
2019-05-14,14.175000190734863,14.707500457763672,14.87874984741211,14.550000190734863,14.5600004196167,9532800
2019-05-15,14.329206466674805,14.867500305175781,14.947500228881836,14.492500305175781,14.516249656677246,18363200
2019-05-16,14.596659660339355,15.145000457763672,15.305000305175781,14.944999694824219,14.949999809265137,12007200
2019-05-17,14.41353702545166,14.954999923706055,15.236249923706055,14.873749732971191,14.873749732971191,14469600
2019-05-20,14.22439193725586,14.758749961853027,14.901249885559082,14.663749694824219,14.763750076293945,10997600
2019-05-21,14.468958854675293,15.012499809265137,15.057499885559082,14.916250228881836,14.942500114440918,7444000
2019-05-22,14.385831832885742,14.926250457763672,15.024999618530273,14.867500305175781,14.897500038146973,9784000
2019-05-23,14.031635284423828,14.55875015258789,14.662500381469727,14.391249656677246,14.6587495803833,16682400
2019-05-24,14.081029891967773,14.609999656677246,14.760000228881836,14.541250228881836,14.717499732971191,7073600
2019-05-28,13.819601058959961,14.338749885559082,14.75374984741211,14.336250305175781,14.642499923706055,12160000
2019-05-29,13.6412992477417,14.1537504196167,14.255000114440918,13.983750343322754,14.208749771118164,18328000
2019-05-30,13.70033073425293,14.21500015258789,14.321249961853027,14.095000267028809,14.22249984741211,10667200
2019-05-31,13.334089279174805,13.835000038146973,14.023750305175781,13.829999923706055,13.928750038146973,17451200
2019-06-03,13.259392738342285,13.757499694824219,13.960000038146973,13.609999656677246,13.832500457763672,26744000
2019-06-04,13.832853317260742,14.352499961853027,14.373749732971191,13.9662504196167,14.016249656677246,15865600
2019-06-05,14.071393013000488,14.600000381469727,14.607500076293945,14.333749771118164,14.543749809265137,13927200
2019-06-06,14.25692081451416,14.792499542236328,14.87125015258789,14.5625,14.633749961853027,15095200
2019-06-07,14.53521728515625,15.081250190734863,15.212499618530273,14.890000343322754,14.911250114440918,15596800
2019-06-10,14.677375793457031,15.228750228881836,15.420000076293945,15.21500015258789,15.267499923706055,14725600
2019-06-11,14.666532516479492,15.217499732971191,15.481249809265137,15.143750190734863,15.438750267028809,11797600
2019-06-12,14.614729881286621,15.163749694824219,15.2524995803833,15.101249694824219,15.188750267028809,7770400
2019-06-13,14.74243450164795,15.296250343322754,15.323749542236328,15.182499885559082,15.266249656677246,8564000
2019-06-14,14.690629005432129,15.242500305175781,15.31624984741211,15.15999984741211,15.244999885559082,5502400
2019-06-17,14.713520050048828,15.266249656677246,15.3462495803833,15.236249923706055,15.272500038146973,6456000
2019-06-18,14.996635437011719,15.5600004196167,15.699999809265137,15.427499771118164,15.46500015258789,11450400
2019-06-19,15.083375930786133,15.649999618530273,15.703749656677246,15.473750114440918,15.59000015258789,8264000
2019-06-20,15.35805606842041,15.9350004196167,15.984999656677246,15.699999809265137,15.958749771118164,8596000
2019-06-21,15.319504737854004,15.895000457763672,16.05500030517578,15.864999771118164,15.90250015258789,9380800
2019-06-24,15.280952453613281,15.854999542236328,15.947500228881836,15.832500457763672,15.90999984741211,6564000
2019-06-25,14.975031852722168,15.505000114440918,15.822500228881836,15.493749618530273,15.822500228881836,9684800
2019-06-26,14.937601089477539,15.4662504196167,15.668749809265137,15.458749771118164,15.608750343322754,7421600
2019-06-27,15.05229377746582,15.585000038146973,15.636249542236328,15.516249656677246,15.55875015258789,6930400
2019-06-28,15.212862014770508,15.751250267028809,15.795000076293945,15.633749961853027,15.69124984741211,8176800
2019-07-01,15.465180397033691,16.012500762939453,16.1512508392334,15.876250267028809,16.126249313354492,14213600
2019-07-02,15.548483848571777,16.0987491607666,16.103750228881836,15.9087495803833,16.008750915527344,8196000
2019-07-03,15.78873348236084,16.34749984741211,16.35124969482422,16.157499313354492,16.18000030517578,7509600
2019-07-05,15.75009822845459,16.3075008392334,16.331249237060547,16.045000076293945,16.202499389648438,10513600
2019-07-08,15.575044631958008,16.126249313354492,16.190000534057617,16.06624984741211,16.1512508392334,9624800
2019-07-09,15.625748634338379,16.178749084472656,16.204999923706055,15.984999656677246,15.988750457763672,6425600
2019-07-10,15.758546829223633,16.31624984741211,16.4325008392334,16.233749389648438,16.299999237060547,9528000
2019-07-11,15.828574180603027,16.388750076293945,16.423749923706055,16.27375030517578,16.39875030517578,8438400
2019-07-12,15.97585678100586,16.541250228881836,16.547500610351562,16.416250228881836,16.451250076293945,6107200
2019-07-15,15.984308242797852,16.549999237060547,16.591249465942383,16.489999771118164,16.59000015258789,5984000
2019-07-16,15.875650405883789,16.4375,16.5575008392334,16.4012508392334,16.537500381469727,7233600
2019-07-17,15.657142639160156,16.21125030517578,16.448749542236328,16.21125030517578,16.4325008392334,7994400
2019-07-18,15.771832466125488,16.329999923706055,16.372499465942383,16.094999313354492,16.14875030517578,10921600
2019-07-19,15.591944694519043,16.143749237060547,16.47624969482422,16.122499465942383,16.459999084472656,11212000
2019-07-22,15.66679859161377,16.221250534057617,16.2862491607666,16.1299991607666,16.19124984741211,6487200
2019-07-23,15.887730598449707,16.450000762939453,16.452499389648438,16.25749969482422,16.353750228881836,6449600
2019-07-24,16.03260040283203,16.600000381469727,16.600000381469727,16.3487491607666,16.362499237060547,7730400
2019-07-25,15.879278182983398,16.44124984741211,16.551250457763672,16.34375,16.551250457763672,8701600
2019-07-26,16.090553283691406,16.65999984741211,16.6825008392334,16.512500762939453,16.5262508392334,8018400
2019-07-29,16.03742790222168,16.604999542236328,16.64875030517578,16.530000686645508,16.642499923706055,6095200
2019-07-30,15.95775032043457,16.522499084472656,16.563749313354492,16.383750915527344,16.424999237060547,7137600
2019-07-31,15.59556770324707,16.147499084472656,16.565000534057617,15.912500381469727,16.541250228881836,21890400
2019-08-01,15.317893981933594,15.859999656677246,16.518749237060547,15.770000457763672,16.16374969482422,24650400
2019-08-02,15.119902610778809,15.654999732971191,15.78125,15.438750267028809,15.757499694824219,19723200
2019-08-05,14.21203327178955,14.71500015258789,15.15250015258789,14.458749771118164,15.142499923706055,28081600
2019-08-06,14.58145809173584,15.09749984741211,15.118749618530273,14.728750228881836,14.898750305175781,19573600
2019-08-07,14.589908599853516,15.106249809265137,15.194999694824219,14.491250038146973,14.733750343322754,27776000
2019-08-08,15.14766788482666,15.68375015258789,15.6899995803833,15.217499732971191,15.28125,13480000
2019-08-09,14.952091217041016,15.481249809265137,15.65625,15.273750305175781,15.587499618530273,20086400
2019-08-12,14.592324256896973,15.108750343322754,15.367500305175781,14.989999771118164,15.297499656677246,10941600
2019-08-13,15.030564308166504,15.5625,15.741250038146973,15.0287504196167,15.063750267028809,22540800
2019-08-14,14.150461196899414,14.651249885559082,15.164999961853027,14.635000228881836,15.095000267028809,23925600
2019-08-15,14.226519584655762,14.729999542236328,14.824999809265137,14.491250038146973,14.7475004196167,22384000
2019-08-16,14.643026351928711,15.161250114440918,15.206250190734863,14.90625,14.911250114440918,15766400
2019-08-19,14.996761322021484,15.52750015258789,15.598750114440918,15.430000305175781,15.510000228881836,10437600
2019-08-20,14.758926391601562,15.28125,15.521249771118164,15.265000343322754,15.462499618530273,9954400
2019-08-21,14.991931915283203,15.522500038146973,15.571249961853027,15.448749542236328,15.532500267028809,7360800
2019-08-22,14.97865104675293,15.508749961853027,15.681249618530273,15.30875015258789,15.606249809265137,10997600
2019-08-23,14.205994606018066,14.708749771118164,15.553750038146973,14.569999694824219,15.362500190734863,25715200
2019-08-26,14.517473220825195,15.03125,15.032500267028809,14.789999961853027,14.96500015258789,13218400
2019-08-27,14.402782440185547,14.912500381469727,15.242500305175781,14.835000038146973,15.201250076293945,11397600
2019-08-28,14.60439682006836,15.12125015258789,15.146249771118164,14.75,14.836250305175781,12473600
2019-08-29,14.979857444763184,15.510000228881836,15.569999694824219,15.305000305175781,15.423749923706055,14029600
2019-08-30,14.965370178222656,15.494999885559082,15.6850004196167,15.386249542236328,15.682499885559082,11126400
2019-09-03,14.790318489074707,15.313750267028809,15.398750305175781,15.15250015258789,15.296250343322754,12726400
2019-09-04,15.117487907409668,15.65250015258789,15.65999984741211,15.47249984741211,15.568750381469727,8378400
2019-09-05,15.513472557067871,16.0625,16.16374969482422,15.9350004196167,15.949999809265137,9084000
2019-09-06,15.533998489379883,16.083749771118164,16.157499313354492,16.021249771118164,16.103750228881836,10239200
2019-09-09,15.5448637008667,16.094999313354492,16.208749771118164,15.986249923706055,16.202499389648438,5370400
2019-09-10,15.547277450561523,16.09749984741211,16.09749984741211,15.853750228881836,16.0,5675200
2019-09-11,15.759757995605469,16.3174991607666,16.322500228881836,16.053749084472656,16.123750686645508,10235200
2019-09-12,15.869616508483887,16.431249618530273,16.551250457763672,16.331249237060547,16.418750762939453,10445600
2019-09-13,15.841853141784668,16.40250015258789,16.516250610351562,16.356250762939453,16.477500915527344,4653600
2019-09-16,15.742852210998535,16.299999237060547,16.344999313354492,16.217500686645508,16.25749969482422,6168800
2019-09-17,15.817705154418945,16.377500534057617,16.387500762939453,16.25374984741211,16.263750076293945,4585600
2019-09-18,15.840644836425781,16.4012508392334,16.407499313354492,16.082500457763672,16.329999923706055,11322400
2019-09-19,15.830985069274902,16.391250610351562,16.563749313354492,16.35124969482422,16.4375,10442400
2019-09-20,15.668004989624023,16.22249984741211,16.49250030517578,16.141250610351562,16.4637508392334,11045600
2019-09-23,15.67162799835205,16.22624969482422,16.3075008392334,16.125,16.149999618530273,7199200
2019-09-24,15.421717643737793,15.967499732971191,16.39875030517578,15.853750228881836,16.356250762939453,17552000
2019-09-25,15.59556770324707,16.147499084472656,16.208749771118164,15.798749923706055,15.9712495803833,11957600
2019-09-26,15.53882884979248,16.0887508392334,16.178749084472656,15.916250228881836,16.158750534057617,15797600
2019-09-27,15.367392539978027,15.911250114440918,16.1875,15.725000381469727,16.176250457763672,14188000
2019-09-30,15.507436752319336,16.056249618530273,16.138750076293945,15.963749885559082,15.9662504196167,7940800
2019-10-01,15.139220237731934,15.675000190734863,16.235000610351562,15.645000457763672,16.158750534057617,13739200
2019-10-02,14.606809616088867,15.123749732971191,15.484999656677246,14.9662504196167,15.484999656677246,24392000
2019-10-03,14.830156326293945,15.354999542236328,15.356249809265137,14.77750015258789,15.086250305175781,25265600
2019-10-04,15.229763984680176,15.768750190734863,15.801250457763672,15.4375,15.4399995803833,17114400
2019-10-07,15.105416297912598,15.640000343322754,15.869999885559082,15.604999542236328,15.677499771118164,12913600
2019-10-08,14.633370399475098,15.151249885559082,15.50374984741211,15.149999618530273,15.414999961853027,20396000
2019-10-09,14.898971557617188,15.426250457763672,15.543749809265137,15.30875015258789,15.382499694824219,14031200
2019-10-10,15.101790428161621,15.636249542236328,15.743749618530273,15.40250015258789,15.417499542236328,14121600
2019-10-11,15.420512199401855,15.9662504196167,16.225000381469727,15.947500228881836,15.962499618530273,17359200
2019-10-14,15.392745018005371,15.9375,16.001249313354492,15.888750076293945,15.925000190734863,7004000
2019-10-15,15.689737319946289,16.2450008392334,16.329999923706055,16.03874969482422,16.046249389648438,10967200
2019-10-16,15.636617660522461,16.190000534057617,16.266250610351562,16.135000228881836,16.181249618530273,6991200
2019-10-17,15.717504501342773,16.27375030517578,16.385000228881836,16.198749542236328,16.325000762939453,8613600
2019-10-18,15.583494186401367,16.135000228881836,16.292499542236328,16.02750015258789,16.21875,9864800
2019-10-21,15.804426193237305,16.363750457763672,16.375,16.239999771118164,16.295000076293945,6664000
2019-10-22,15.687320709228516,16.24250030517578,16.446250915527344,16.229999542236328,16.421249389648438,8942400
2019-10-23,15.780281066894531,16.3387508392334,16.344999313354492,16.188749313354492,16.2137508392334,5436800
2019-10-24,15.83460807800293,16.395000457763672,16.459999084472656,16.291250228881836,16.448749542236328,6166400
2019-10-25,15.963786125183105,16.528749465942383,16.5887508392334,16.3174991607666,16.323749542236328,8921600
2019-10-28,16.143674850463867,16.71500015258789,16.766250610351562,16.662500381469727,16.662500381469727,7435200
2019-10-29,16.125560760498047,16.696250915527344,16.80500030517578,16.65625,16.671249389648438,9321600
2019-10-30,16.226972579956055,16.801250457763672,16.842500686645508,16.55500030517578,16.721250534057617,11763200
2019-10-31,16.12797737121582,16.698749542236328,16.7862491607666,16.524999618530273,16.7862491607666,11747200
2019-11-01,16.43824577331543,17.020000457763672,17.020000457763672,16.84749984741211,16.8700008392334,10062400
2019-11-04,16.554141998291016,17.139999389648438,17.21500015258789,17.10124969482422,17.198749542236328,12171200
2019-11-05,16.51913070678711,17.103750228881836,17.204999923706055,17.071250915527344,17.16374969482422,6136000
2019-11-06,16.530000686645508,17.114999771118164,17.141250610351562,16.9950008392334,17.106250762939453,8744800
2019-11-07,16.642274856567383,17.231250762939453,17.368749618530273,17.170000076293945,17.266250610351562,9263200
2019-11-08,16.72316551208496,17.315000534057617,17.315000534057617,17.09749984741211,17.186250686645508,6059200
2019-11-11,16.657968521118164,17.247499465942383,17.264999389648438,17.125,17.146249771118164,4145600
2019-11-12,16.71712303161621,17.30875015258789,17.427499771118164,17.21875,17.28499984741211,12240000
2019-11-13,16.730405807495117,17.322500228881836,17.37125015258789,17.1612491607666,17.1924991607666,9032000
2019-11-14,16.77507209777832,17.368749618530273,17.3799991607666,17.209999084472656,17.282499313354492,7597600
2019-11-15,17.020151138305664,17.622499465942383,17.623750686645508,17.457500457763672,17.528749465942383,7340800
2019-11-18,17.03826141357422,17.641250610351562,17.674999237060547,17.5362491607666,17.59000015258789,6375200
2019-11-19,17.02256965637207,17.625,17.721250534057617,17.553749084472656,17.721250534057617,5566400
2019-11-20,16.904253005981445,17.502500534057617,17.6200008392334,17.306249618530273,17.559999465942383,10697600
2019-11-21,16.84872055053711,17.44499969482422,17.521249771118164,17.34375,17.5049991607666,5360000
2019-11-22,16.91753578186035,17.516250610351562,17.546249389648438,17.392499923706055,17.532499313354492,6132800
2019-11-25,17.175888061523438,17.783750534057617,17.787500381469727,17.6299991607666,17.6299991607666,9232800
2019-11-26,17.255573272705078,17.866249084472656,17.887500762939453,17.75,17.795000076293945,4515200
2019-11-27,17.404067993164062,18.020000457763672,18.020000457763672,17.895000457763672,17.93000030517578,4798400
2019-11-29,17.267642974853516,17.87874984741211,17.981250762939453,17.857500076293945,17.948749542236328,4607200
2019-12-02,16.980310440063477,17.581249237060547,17.915000915527344,17.52750015258789,17.915000915527344,13140000
2019-12-03,16.74368667602539,17.33625030517578,17.35124969482422,17.0674991607666,17.237499237060547,17376800
2019-12-04,16.957378387451172,17.5575008392334,17.627500534057617,17.428749084472656,17.466249465942383,7591200
2019-12-05,17.01531982421875,17.61750030517578,17.637500762939453,17.453750610351562,17.636249542236328,12666400
2019-12-06,17.318347930908203,17.931249618530273,17.987499237060547,17.852500915527344,17.852500915527344,7368800
2019-12-09,17.215730667114258,17.825000762939453,17.967500686645508,17.813749313354492,17.883750915527344,6154400
2019-12-10,17.16864776611328,17.7762508392334,17.896249771118164,17.700000762939453,17.811250686645508,9097600
2019-12-11,17.266437530517578,17.877500534057617,17.90999984741211,17.7862491607666,17.833749771118164,10552800
2019-12-12,17.559803009033203,18.181249618530273,18.282499313354492,17.8487491607666,17.873750686645508,22165600
2019-12-13,17.581531524658203,18.203750610351562,18.360000610351562,18.051250457763672,18.155000686645508,16690400
2019-12-16,17.821779251098633,18.452499389648438,18.528749465942383,18.417499542236328,18.421249389648438,6932000
2019-12-17,17.82781982421875,18.458749771118164,18.53874969482422,18.452499389648438,18.508750915527344,5035200
2019-12-18,17.83143424987793,18.462499618530273,18.53874969482422,18.458749771118164,18.50749969482422,5082400
2019-12-19,17.97269058227539,18.608749389648438,18.6200008392334,18.47624969482422,18.477500915527344,6998400
2019-12-20,18.15498924255371,18.797500610351562,18.853750228881836,18.733749389648438,18.739999771118164,10580800
2019-12-23,18.183963775634766,18.827499389648438,18.873750686645508,18.80875015258789,18.87125015258789,6698400
2019-12-24,18.186262130737305,18.796249389648438,18.826250076293945,18.7549991607666,18.81999969482422,4448000
2019-12-26,18.365259170532227,18.981250762939453,18.985000610351562,18.83625030517578,18.83625030517578,5531200
2019-12-27,18.358003616333008,18.9737491607666,19.084999084472656,18.9112491607666,19.083749771118164,8368800
2019-12-30,18.162071228027344,18.771249771118164,18.993749618530273,18.703750610351562,18.981250762939453,14896800
2019-12-31,18.243104934692383,18.854999542236328,18.88249969482422,18.6512508392334,18.693750381469727,13115200
2020-01-02,18.570859909057617,19.193750381469727,19.198749542236328,18.928749084472656,19.049999237060547,10762400
2020-01-03,18.295108795166016,18.908750534057617,19.05500030517578,18.752500534057617,18.75749969482422,13150400
2020-01-06,18.43299102783203,19.051250457763672,19.061250686645508,18.671249389648438,18.681249618530273,12921600
2020-01-07,18.325347900390625,18.940000534057617,19.040000915527344,18.883750915527344,18.978750228881836,7532000
2020-01-08,18.5116024017334,19.13249969482422,19.298749923706055,18.9325008392334,18.97249984741211,15204800
2020-01-09,18.76558494567871,19.395000457763672,19.408750534057617,19.268749237060547,19.344999313354492,6920000
2020-01-10,18.655519485473633,19.28125,19.4950008392334,19.22624969482422,19.485000610351562,8572000
2020-01-13,18.909500122070312,19.543750762939453,19.548749923706055,19.309999465942383,19.368749618530273,7689600
2020-01-14,18.855079650878906,19.487499237060547,19.625,19.421249389648438,19.49250030517578,13446400
2020-01-15,18.93248176574707,19.5674991607666,19.674999237060547,19.4637508392334,19.477500915527344,11309600
2020-01-16,19.244516372680664,19.889999389648438,19.892499923706055,19.72249984741211,19.748750686645508,8612800
2020-01-17,19.377553939819336,20.02750015258789,20.042499542236328,19.9112491607666,19.988750457763672,9099200
2020-01-21,19.288049697875977,19.934999465942383,20.040000915527344,19.881250381469727,19.883750915527344,9461600
2020-01-22,19.300153732299805,19.947500228881836,20.133750915527344,19.922500610351562,20.049999237060547,8363200
2020-01-23,19.334014892578125,19.982500076293945,20.006250381469727,19.702499389648438,19.85124969482422,13135200
2020-01-24,18.97964859008789,19.616249084472656,20.076250076293945,19.458749771118164,20.075000762939453,26492800
2020-01-27,18.376148223876953,18.99250030517578,19.18375015258789,18.891250610351562,18.9375,20271200
2020-01-28,18.759536743164062,19.388750076293945,19.501249313354492,19.11750030517578,19.170000076293945,14028000
2020-01-29,18.730504989624023,19.358749389648438,19.59375,19.331249237060547,19.565000534057617,15958400
2020-01-30,18.836938858032227,19.46875,19.5049991607666,18.988750457763672,19.078750610351562,25759200
2020-01-31,18.163280487060547,18.772499084472656,19.40999984741211,18.65250015258789,19.395000457763672,36671200
2020-02-03,18.434192657470703,19.052499771118164,19.2862491607666,18.950000762939453,18.957500457763672,18044800
2020-02-04,18.99053192138672,19.627500534057617,19.737499237060547,19.46875,19.511249542236328,10380800
2020-02-05,19.427143096923828,20.078750610351562,20.103750228881836,19.818750381469727,20.008750915527344,14085600
2020-02-06,19.558969497680664,20.21500015258789,20.237499237060547,20.0674991607666,20.200000762939453,6754400
2020-02-07,19.344898223876953,19.993749618530273,20.165000915527344,19.923749923706055,20.072500228881836,9452000
2020-02-10,19.63637351989746,20.295000076293945,20.295000076293945,19.8700008392334,19.8700008392334,7579200
2020-02-11,19.69684600830078,20.357500076293945,20.571250915527344,20.295000076293945,20.471250534057617,14159200
2020-02-12,19.948410034179688,20.61750030517578,20.64875030517578,20.501249313354492,20.549999237060547,9036000
2020-02-13,19.904869079589844,20.572500228881836,20.701250076293945,20.389999389648438,20.421249389648438,13749600
2020-02-14,19.962919235229492,20.63249969482422,20.64875030517578,20.469999313354492,20.6200008392334,15224800
2020-02-18,19.85890769958496,20.524999618530273,20.576250076293945,20.341249465942383,20.5,15158400
2020-02-19,20.042741775512695,20.71500015258789,20.8125,20.618749618530273,20.653749465942383,5505600
2020-02-20,19.881885528564453,20.548749923706055,20.751249313354492,20.1512508392334,20.641250610351562,20771200
2020-02-21,19.46100616455078,20.113750457763672,20.403749465942383,20.011249542236328,20.362499237060547,15805600
2020-02-24,18.141511917114258,18.75,19.190000534057617,18.604999542236328,18.857500076293945,31227200
2020-02-25,17.073583602905273,17.646249771118164,19.033750534057617,17.52750015258789,18.959999084472656,43575200
2020-02-26,16.944177627563477,17.512500762939453,18.25374984741211,17.416250228881836,17.798749923706055,45477600
2020-02-27,15.416657447814941,15.93375015258789,17.295000076293945,15.928750038146973,16.811250686645508,56812800
2020-02-28,15.354976654052734,15.869999885559082,15.869999885559082,14.642499923706055,14.97249984741211,55681600
2020-03-02,16.597057342529297,17.153749465942383,17.16374969482422,15.600000381469727,15.953749656677246,39533600
2020-03-03,15.663381576538086,16.188749313354492,17.68375015258789,15.876250267028809,17.21125030517578,50661600
2020-03-04,16.961103439331055,17.530000686645508,17.553749084472656,16.512500762939453,16.802499771118164,27922400
2020-03-05,15.827864646911621,16.358749389648438,17.03125,16.061250686645508,16.647499084472656,32146400
2020-03-06,15.312647819519043,15.826250076293945,15.956250190734863,15.032500267028809,15.34749984741211,47868800
2020-03-09,12.928851127624512,13.362500190734863,14.398750305175781,13.260000228881836,13.522500038146973,34568000
2020-03-10,14.25439167022705,14.732500076293945,14.736249923706055,13.272500038146973,14.363750457763672,45027200
2020-03-11,12.83935260772705,13.270000457763672,14.111249923706055,12.9375,13.931249618530273,32555200
2020-03-12,10.387828826904297,10.736249923706055,12.542499542236328,10.71875,11.489999771118164,60542400
2020-03-13,12.30236530303955,12.71500015258789,12.726249694824219,10.867500305175781,12.081250190734863,54628800
2020-03-16,9.42874813079834,9.744999885559082,11.397500038146973,9.541250228881836,9.952500343322754,47088000
2020-03-17,10.600690841674805,10.956250190734863,11.103750228881836,9.5625,10.207500457763672,45632800
2020-03-18,9.513409614562988,9.832500457763672,10.255000114440918,8.713749885559082,9.477499961853027,53110400
2020-03-19,9.507360458374023,9.826250076293945,10.326250076293945,9.09749984741211,9.637499809265137,46201600
2020-03-20,8.645036697387695,8.9350004196167,10.210000038146973,8.90250015258789,10.046250343322754,42610400
2020-03-23,8.14916706085205,8.422499656677246,8.9712495803833,8.103750228881836,8.881250381469727,44834400
2020-03-24,9.688776969909668,10.013750076293945,10.0625,9.289999961853027,9.367500305175781,40387200
2020-03-25,9.961332321166992,10.270000457763672,11.045000076293945,9.688750267028809,10.111249923706055,47287200
2020-03-26,11.134963035583496,11.479999542236328,11.59375,10.461250305175781,10.47249984741211,36812000
2020-03-27,10.446305274963379,10.770000457763672,11.423749923706055,10.563750267028809,10.762499809265137,40746400
2020-03-30,11.126476287841797,11.4712495803833,11.532500267028809,10.787500381469727,10.975000381469727,28704800
2020-03-31,10.77972412109375,11.113750457763672,11.619999885559082,10.992500305175781,11.375,26149600
2020-04-01,9.80977725982666,10.113750457763672,10.583749771118164,9.93375015258789,10.2837495803833,29367200
2020-04-02,10.270500183105469,10.588749885559082,10.664999961853027,10.0,10.047499656677246,30104000
2020-04-03,9.977093696594238,10.286250114440918,10.713749885559082,10.043749809265137,10.505000114440918,33636800
2020-04-06,11.325316429138184,11.676250457763672,11.84000015258789,10.99625015258789,11.09000015258789,28328800
2020-04-07,11.336227416992188,11.6875,12.56624984741211,11.663749694824219,12.489999771118164,51339200
2020-04-08,12.098846435546875,12.473750114440918,12.588749885559082,11.72249984741211,11.93375015258789,35538400
2020-04-09,12.458940505981445,12.845000267028809,13.12125015258789,12.602499961853027,12.787500381469727,38817600
2020-04-13,12.22857666015625,12.607500076293945,12.768750190734863,12.21875,12.7475004196167,35795200
2020-04-14,12.959672927856445,13.361249923706055,13.432499885559082,12.9975004196167,13.101249694824219,30342400
2020-04-15,12.403167724609375,12.787500381469727,12.956250190734863,12.569999694824219,12.768750190734863,25416000
2020-04-16,12.530471801757812,12.918749809265137,12.991250038146973,12.602499961853027,12.913749694824219,34400800
2020-04-17,13.200946807861328,13.609999656677246,13.667499542236328,13.213749885559082,13.487500190734863,34440000
2020-04-20,12.734160423278809,13.12874984741211,13.571249961853027,13.104999542236328,13.22249984741211,34745600
2020-04-21,11.947293281555176,12.317500114440918,12.795000076293945,12.234999656677246,12.671250343322754,43440000
2020-04-22,12.489252090454102,12.876250267028809,13.045000076293945,12.676250457763672,12.800000190734863,27426400
2020-04-23,12.481975555419922,12.868749618530273,13.31624984741211,12.84375,13.0024995803833,42484000
2020-04-24,12.839645385742188,13.237500190734863,13.293749809265137,12.817500114440918,13.022500038146973,34975200
2020-04-27,13.208221435546875,13.617500305175781,13.72249984741211,13.385000228881836,13.426250457763672,20616000
2020-04-28,13.079703330993652,13.484999656677246,14.022500038146973,13.453749656677246,13.991250038146973,44737600
2020-04-29,13.762301445007324,14.188750267028809,14.34749984741211,13.928750038146973,14.037500381469727,32170400
2020-04-30,13.494357109069824,13.912500381469727,14.09375,13.739999771118164,14.042499542236328,50856800
2020-05-01,12.780232429504395,13.176250457763672,13.494999885559082,13.0649995803833,13.420000076293945,40196000
2020-05-04,12.862677574157715,13.261249542236328,13.28499984741211,12.84375,12.988750457763672,25247200
2020-05-05,13.095468521118164,13.501250267028809,13.7837495803833,13.457500457763672,13.542499542236328,31132000
2020-05-06,12.916025161743164,13.31624984741211,13.712499618530273,13.3125,13.676250457763672,37440000
2020-05-07,13.225196838378906,13.635000228881836,13.832500457763672,13.587499618530273,13.638750076293945,26938400
2020-05-08,13.662882804870605,14.086250305175781,14.126250267028809,13.84375,13.961250305175781,15480800
2020-05-11,13.673795700073242,14.09749984741211,14.237500190734863,13.84000015258789,13.885000228881836,16305600
2020-05-12,13.111227989196777,13.517499923706055,14.257499694824219,13.513750076293945,14.212499618530273,20503200
2020-05-13,12.655352592468262,13.047499656677246,13.572500228881836,12.800000190734863,13.4712495803833,58800000
2020-05-14,12.9621000289917,13.363750457763672,13.368749618530273,12.5625,12.797499656677246,40606400
2020-05-15,13.078492164611816,13.483750343322754,13.484999656677246,13.018750190734863,13.12125015258789,25212800
2020-05-18,13.877484321594238,14.307499885559082,14.463749885559082,14.088749885559082,14.12125015258789,24758400
2020-05-19,13.593774795532227,14.015000343322754,14.418749809265137,14.008749961853027,14.243749618530273,24476000
2020-05-20,14.049646377563477,14.484999656677246,14.576250076293945,14.358750343322754,14.380000114440918,22688000
2020-05-21,13.841111183166504,14.270000457763672,14.555000305175781,14.166250228881836,14.4712495803833,26906400
2020-05-22,13.899308204650879,14.329999923706055,14.354999542236328,14.1225004196167,14.255000114440918,24694400
2020-05-26,14.256974220275879,14.698749542236328,14.987500190734863,14.6537504196167,14.970000267028809,23455200
2020-05-27,14.66677474975586,15.12125015258789,15.12874984741211,14.475000381469727,14.991250038146973,32077600
2020-05-28,14.618277549743652,15.071249961853027,15.454999923706055,14.998749732971191,15.243749618530273,30883200
2020-05-29,14.72982406616211,15.186249732971191,15.266249656677246,14.731249809265137,15.022500038146973,44300000
2020-06-01,14.865615844726562,15.326250076293945,15.390000343322754,15.076250076293945,15.130000114440918,20056000
2020-06-02,15.111739158630371,15.579999923706055,15.581250190734863,15.28125,15.426250457763672,17674400
2020-06-03,15.516690254211426,15.9975004196167,16.100000381469727,15.768750190734863,15.798749923706055,18524000
2020-06-04,15.420909881591797,15.898750305175781,16.078750610351562,15.676250457763672,15.876250267028809,18604800
2020-06-05,16.218685150146484,16.721250534057617,16.924999237060547,16.50749969482422,16.521249771118164,23484000
2020-06-08,16.623641967773438,17.138750076293945,17.147499084472656,16.756250381469727,16.831249237060547,16521600
2020-06-09,16.370241165161133,16.877500534057617,17.040000915527344,16.7237491607666,16.81624984741211,19054400
2020-06-10,16.179885864257812,16.681249618530273,17.041250228881836,16.607500076293945,16.94124984741211,43129600
2020-06-11,14.307897567749023,14.751250267028809,15.957500457763672,14.693750381469727,15.883749961853027,40648800
2020-06-12,14.66192626953125,15.116250038146973,15.585000038146973,14.555000305175781,15.5,57118400
2020-06-15,14.922597885131836,15.385000228881836,15.505000114440918,14.358750343322754,14.483750343322754,36074400
2020-06-16,15.498504638671875,15.978750228881836,16.25,15.453749656677246,16.237499237060547,30352000
2020-06-17,15.368773460388184,15.845000267028809,16.127500534057617,15.774999618530273,16.09375,17270400
2020-06-18,15.3772611618042,15.853750228881836,15.912500381469727,15.632499694824219,15.677499771118164,12575200
2020-06-19,15.196606636047363,15.667499542236328,16.260000228881836,15.53125,16.2450008392334,22573600
2020-06-22,15.409995079040527,15.887499809265137,15.920000076293945,15.488750457763672,15.611249923706055,14757600
2020-06-23,15.537300109863281,16.018749237060547,16.274999618530273,15.981249809265137,16.171249389648438,13054400
2020-06-24,14.752859115600586,15.210000038146973,15.864999771118164,15.0024995803833,15.796250343322754,28120000
2020-06-25,15.05354118347168,15.520000457763672,15.55875015258789,14.926250457763672,15.142499923706055,18270400
2020-06-26,14.351544380187988,14.796250343322754,15.430000305175781,14.734999656677246,15.411250114440918,23632000
2020-06-29,14.767409324645996,15.225000381469727,15.228750228881836,14.680000305175781,14.927499771118164,12917600
2020-06-30,15.165085792541504,15.635000228881836,15.797499656677246,15.173749923706055,15.173749923706055,15432000
2020-07-01,15.357860565185547,15.833749771118164,15.9662504196167,15.6850004196167,15.736249923706055,17850400
2020-07-02,15.519115447998047,16.0,16.361249923706055,15.932499885559082,16.2137508392334,14616000
2020-07-06,15.999241828918457,16.4950008392334,16.537500381469727,16.34749984741211,16.434999465942383,17749600
2020-07-07,15.664606094360352,16.149999618530273,16.543750762939453,16.11750030517578,16.325000762939453,13033600
2020-07-08,15.907090187072754,16.399999618530273,16.420000076293945,16.045000076293945,16.24250030517578,12993600
2020-07-09,15.727652549743652,16.21500015258789,16.49625015258789,15.832500457763672,16.47249984741211,18845600
2020-07-10,16.050159454345703,16.547500610351562,16.573749542236328,16.052499771118164,16.204999923706055,14467200
2020-07-13,15.778573989868164,16.267499923706055,17.078750610351562,16.181249618530273,16.811250686645508,22992800
2020-07-14,16.1750431060791,16.676250457763672,16.717500686645508,15.96500015258789,16.100000381469727,18840000
2020-07-15,16.484209060668945,16.9950008392334,17.110000610351562,16.71500015258789,17.049999237060547,19252800
2020-07-16,16.3714542388916,16.87874984741211,16.922500610351562,16.69499969482422,16.771249771118164,11724800
2020-07-17,16.45389747619629,16.9637508392334,17.059999465942383,16.768749237060547,16.988750457763672,8366400
2020-07-20,16.731548309326172,17.25,17.318750381469727,16.860000610351562,16.938749313354492,9564800
2020-07-21,16.78852653503418,17.30875015258789,17.518749237060547,17.207500457763672,17.46875,13047200
2020-07-22,16.978885650634766,17.5049991607666,17.540000915527344,17.262500762939453,17.2762508392334,8512800
2020-07-23,16.583627700805664,17.09749984741211,17.549999237060547,16.936250686645508,17.471250534057617,16815200
2020-07-24,16.36660385131836,16.873750686645508,16.988750457763672,16.701250076293945,16.88249969482422,11617600
2020-07-27,16.596961975097656,17.111249923706055,17.137500762939453,16.866249084472656,16.954999923706055,7725600
2020-07-28,16.394489288330078,16.90250015258789,17.157499313354492,16.8700008392334,17.03499984741211,6981600
2020-07-29,16.78852653503418,17.30875015258789,17.3799991607666,16.997499465942383,17.002500534057617,6130400
2020-07-30,16.672138214111328,17.188749313354492,17.236249923706055,16.729999542236328,16.971250534057617,13034400
2020-07-31,16.93765640258789,17.462499618530273,17.47249984741211,16.915000915527344,17.399999618530273,15390400
2020-08-03,17.171653747558594,17.703750610351562,17.792499542236328,17.594999313354492,17.657499313354492,13606400
2020-08-04,17.298965454101562,17.834999084472656,17.837499618530273,17.606250762939453,17.606250762939453,6630400
2020-08-05,17.517200469970703,18.059999465942383,18.09375,17.966249465942383,17.9950008392334,7491200
2020-08-06,17.75119972229004,18.301250457763672,18.318750381469727,17.953750610351562,17.99625015258789,7912800
2020-08-07,17.771806716918945,18.322500228881836,18.34375,18.079999923706055,18.1875,9497600
2020-08-10,17.877294540405273,18.431249618530273,18.457500457763672,18.153749465942383,18.37874984741211,7003200
2020-08-11,17.586305618286133,18.131250381469727,18.6512508392334,18.047500610351562,18.582500457763672,11744800
2020-08-12,18.070068359375,18.6299991607666,18.727500915527344,18.415000915527344,18.415000915527344,10907200
2020-08-13,18.010656356811523,18.568750381469727,18.72624969482422,18.457500457763672,18.537500381469727,6229600
2020-08-14,18.00945281982422,18.5674991607666,18.636249542236328,18.450000762939453,18.518749237060547,6955200
2020-08-17,18.1234130859375,18.684999465942383,18.737499237060547,18.639999389648438,18.686250686645508,6004800
2020-08-18,18.193737030029297,18.75749969482422,18.8174991607666,18.549999237060547,18.729999542236328,5552000
2020-08-19,18.05552101135254,18.614999771118164,18.872499465942383,18.542499542236328,18.8125,6708000
2020-08-20,18.162214279174805,18.725000381469727,18.774999618530273,18.389999389648438,18.405000686645508,4591200
2020-08-21,18.28345489501953,18.850000381469727,18.8799991607666,18.645000457763672,18.6875,5632800
2020-08-24,18.6617374420166,19.239999771118164,19.247499465942383,19.032499313354492,19.15250015258789,6171200
2020-08-25,18.792680740356445,19.375,19.38249969482422,19.167499542236328,19.3125,9372800
2020-08-26,19.166105270385742,19.760000228881836,19.790000915527344,19.3799991607666,19.447500228881836,4713600
2020-08-27,19.250974655151367,19.84749984741211,20.022499084472656,19.645000457763672,19.864999771118164,6936400
2020-08-28,19.49103355407715,20.094999313354492,20.1200008392334,19.827499389648438,19.97249984741211,4264400
2020-08-31,19.357669830322266,19.957500457763672,20.184999465942383,19.9325008392334,20.072500228881836,5570400
2020-09-01,19.716552734375,20.327499389648438,20.342500686645508,19.952499389648438,20.05500030517578,7978000
2020-09-02,20.286396026611328,20.915000915527344,21.040000915527344,20.43000030517578,20.575000762939453,9121600
2020-09-03,18.894515991210938,19.479999542236328,20.762500762939453,19.149999618530273,20.700000762939453,23483200
2020-09-04,18.57686996459961,19.15250015258789,19.747499465942383,18.28499984741211,19.5575008392334,22482000
2020-09-08,17.563274383544922,18.107500076293945,18.637500762939453,18.0674991607666,18.4950008392334,27679600
2020-09-09,18.256784439086914,18.822500228881836,19.112499237060547,18.477500915527344,18.582500457763672,14875600
2020-09-10,17.614194869995117,18.15999984741211,19.122499465942383,18.049999237060547,19.040000915527344,14140800
2020-09-11,17.631174087524414,18.177499771118164,18.4950008392334,17.844999313354492,18.3700008392334,10326000
2020-09-14,18.089462280273438,18.649999618530273,18.860000610351562,18.497499465942383,18.5575008392334,6671600
2020-09-15,18.28103256225586,18.84749984741211,19.052499771118164,18.725000381469727,18.947500228881836,7864400
2020-09-16,18.13311195373535,18.69499969482422,19.170000076293945,18.667499542236328,19.00749969482422,7595200
2020-09-17,17.82516098022461,18.377500534057617,18.572500228881836,18.052499771118164,18.110000610351562,11381200
2020-09-18,17.405658721923828,17.94499969482422,18.475000381469727,17.65250015258789,18.467500686645508,11346800
2020-09-21,17.01767921447754,17.545000076293945,17.55500030517578,16.975000381469727,17.412500381469727,15273200
2020-09-22,17.362009048461914,17.899999618530273,17.96500015258789,17.424999237060547,17.717500686645508,8152000
2020-09-23,16.554527282714844,17.0674991607666,17.9950008392334,17.010000228881836,17.96500015258789,10515600
2020-09-24,16.641828536987305,17.157499313354492,17.50749969482422,16.767499923706055,16.917499542236328,9802800
2020-09-25,17.177715301513672,17.709999084472656,17.797500610351562,16.959999084472656,17.0625,6419600
2020-09-28,17.754840850830078,18.30500030517578,18.38249969482422,18.082500457763672,18.197500228881836,8079200
2020-09-29,17.563274383544922,18.107500076293945,18.362499237060547,18.017499923706055,18.27750015258789,7067600
2020-09-30,17.815460205078125,18.36750030517578,18.7450008392334,18.162500381469727,18.184999465942383,22132800
2020-10-01,18.053091049194336,18.612499237060547,18.782499313354492,18.389999389648438,18.674999237060547,8808800
2020-10-02,17.70149040222168,18.25,18.479999542236328,17.959999084472656,18.022499084472656,10392400
2020-10-05,18.329526901245117,18.897499084472656,18.917499542236328,18.4950008392334,18.4950008392334,6625600
2020-10-06,17.805761337280273,18.357500076293945,19.165000915527344,18.302499771118164,18.920000076293945,15110000
2020-10-07,18.426525115966797,18.997499465942383,19.092500686645508,18.707500457763672,18.707500457763672,7213200
2020-10-08,18.749034881591797,19.329999923706055,19.34000015258789,19.122499465942383,19.227500915527344,6133600
2020-10-09,19.0909366607666,19.6825008392334,19.735000610351562,19.462499618530273,19.53499984741211,8966400
2020-10-12,19.702001571655273,20.3125,20.49250030517578,19.934999465942383,19.9950008392334,7579600
2020-10-13,19.440114974975586,20.042499542236328,20.299999237060547,19.927499771118164,20.290000915527344,7532400
2020-10-14,19.20732879638672,19.802499771118164,20.25,19.702499389648438,20.11750030517578,7504400
2020-10-15,19.146705627441406,19.739999771118164,19.799999237060547,19.25,19.3125,9441200
2020-10-16,19.12731170654297,19.719999313354492,20.112499237060547,19.702499389648438,19.90999984741211,8711200
2020-10-19,18.540491104125977,19.114999771118164,19.9424991607666,19.012500762939453,19.872499465942383,11616400
2020-10-20,18.683557510375977,19.262500762939453,19.662500381469727,19.190000534057617,19.27750015258789,11279200
2020-10-21,18.61566162109375,19.1924991607666,19.524999618530273,19.157499313354492,19.264999389648438,9851200
2020-10-22,18.82419776916504,19.407499313354492,19.479999542236328,18.96500015258789,19.225000381469727,9615200
2020-10-23,18.943023681640625,19.530000686645508,19.5625,19.24250030517578,19.5625,6026800
2020-10-26,18.251934051513672,18.8174991607666,19.219999313354492,18.392499923706055,19.127500534057617,17708800
2020-10-27,18.120994567871094,18.6825008392334,18.892499923706055,18.657499313354492,18.854999542236328,8005200
2020-10-28,16.889162063598633,17.412500381469727,18.084999084472656,17.350000381469727,18.0049991607666,24238400
2020-10-29,17.226215362548828,17.760000228881836,18.112499237060547,17.239999771118164,17.434999465942383,16132000
2020-10-30,16.857641220092773,17.3799991607666,17.719999313354492,16.962499618530273,17.5674991607666,18484000
2020-11-02,17.238340377807617,17.772499084472656,18.0,17.457500457763672,17.774999618530273,10147200
2020-11-03,17.842134475708008,18.395000457763672,18.635000228881836,18.094999313354492,18.147499084472656,10893600
2020-11-04,18.63991355895996,19.217500686645508,19.704999923706055,18.792499542236328,18.924999237060547,20320800
2020-11-05,19.369796752929688,19.969999313354492,20.190000534057617,19.8174991607666,19.862499237060547,15354400
2020-11-06,19.367372512817383,19.967500686645508,20.112499237060547,19.674999237060547,19.934999465942383,10264000
2020-11-09,19.852344512939453,20.467500686645508,21.577499389648438,20.40250015258789,21.542499542236328,28417600
2020-11-10,19.786869049072266,20.399999618530273,20.52750015258789,20.002500534057617,20.329999923706055,10491200
2020-11-11,20.077857971191406,20.700000762939453,20.80500030517578,20.520000457763672,20.674999237060547,5188000
2020-11-12,19.69472312927246,20.30500030517578,20.670000076293945,20.072500228881836,20.577499389648438,8625600
2020-11-13,20.237895965576172,20.864999771118164,20.952499389648438,20.469999313354492,20.53499984741211,6149200
2020-11-16,20.73256492614746,21.375,21.38249969482422,21.03499984741211,21.200000762939453,7123200
2020-11-17,20.521604537963867,21.157499313354492,21.3075008392334,20.889999389648438,21.077499389648438,6808800
2020-11-18,20.014806747436523,20.635000228881836,21.252500534057617,20.635000228881836,21.18000030517578,6958000
2020-11-19,20.177274703979492,20.802499771118164,20.860000610351562,20.392499923706055,20.5575008392334,6738800
2020-11-20,19.905689239501953,20.522499084472656,20.799999237060547,20.514999389648438,20.77750015258789,3707200
2020-11-23,20.150602340698242,20.774999618530273,20.917499542236328,20.469999313354492,20.752500534057617,5054400
2020-11-24,20.79076385498047,21.434999465942383,21.502500534057617,20.987499237060547,21.084999084472656,6769200
2020-11-25,20.73014259338379,21.372499465942383,21.427499771118164,21.229999542236328,21.427499771118164,4118000
2020-11-27,20.844114303588867,21.489999771118164,21.542499542236328,21.362499237060547,21.510000228881836,2332000
2020-11-30,20.652545928955078,21.292499542236328,21.420000076293945,20.959999084472656,21.389999389648438,7734800
2020-12-01,21.105998992919922,21.760000228881836,21.952499389648438,21.635000228881836,21.707500457763672,7810800
2020-12-02,21.19087028503418,21.84749984741211,21.86750030517578,21.542499542236328,21.6200008392334,7015600
2020-12-03,21.181167602539062,21.837499618530273,22.017499923706055,21.700000762939453,21.834999084472656,4099200
2020-12-04,21.542469024658203,22.209999084472656,22.212499618530273,21.90999984741211,21.90999984741211,3390800
2020-12-07,21.462453842163086,22.127500534057617,22.18000030517578,21.962499618530273,22.11750030517578,4973600
2020-12-08,21.576419830322266,22.2450008392334,22.325000762939453,21.947500228881836,21.952499389648438,3333600
2020-12-09,21.193294525146484,21.850000381469727,22.354999542236328,21.737499237060547,22.337499618530273,10551200
2020-12-10,21.181167602539062,21.837499618530273,21.959999084472656,21.5625,21.665000915527344,7682000
2020-12-11,21.118120193481445,21.772499084472656,21.809999465942383,21.420000076293945,21.612499237060547,6881600
2020-12-14,20.933834075927734,21.582500457763672,22.19499969482422,21.5575008392334,22.0625,9446400
2020-12-15,21.496395111083984,22.162500381469727,22.170000076293945,21.735000610351562,21.915000915527344,6826000
2020-12-16,21.56672477722168,22.235000610351562,22.354999542236328,22.084999084472656,22.202499389648438,6468800
2020-12-17,21.814054489135742,22.489999771118164,22.510000228881836,22.344999313354492,22.447500228881836,4880400
2020-12-18,21.661287307739258,22.332500457763672,22.542499542236328,22.045000076293945,22.52750015258789,15771600
2020-12-21,21.484277725219727,22.149999618530273,22.260000228881836,21.4424991607666,21.790000915527344,13902000
2020-12-22,21.40667724609375,22.06999969482422,22.200000762939453,21.927499771118164,22.18000030517578,7285600
2020-12-23,21.43678092956543,22.079999923706055,22.329999923706055,22.0625,22.165000915527344,6956000
2020-12-24,21.601821899414062,22.25,22.2549991607666,22.072500228881836,22.139999389648438,1938800
2020-12-28,21.978036880493164,22.637500762939453,22.6875,22.497499465942383,22.59000015258789,4328000
2020-12-29,21.900365829467773,22.5575008392334,22.854999542236328,22.47249984741211,22.827499389648438,11392800
2020-12-30,21.95133399963379,22.610000610351562,22.737499237060547,22.565000534057617,22.649999618530273,3710800
2020-12-31,22.172208786010742,22.837499618530273,22.927499771118164,22.517499923706055,22.592500686645508,7084000
2021-01-04,21.567842483520508,22.21500015258789,23.024999618530273,21.727500915527344,23.00749969482422,17792000
2021-01-05,21.859100341796875,22.514999389648438,22.655000686645508,22.1200008392334,22.1200008392334,8517600
2021-01-06,22.123668670654297,22.787500381469727,23.202499389648438,22.2450008392334,22.315000534057617,14572800
2021-01-07,22.774147033691406,23.457500457763672,23.55500030517578,23.075000762939453,23.100000381469727,8939200
2021-01-08,23.0411376953125,23.732500076293945,23.75,23.209999084472656,23.642499923706055,7393600
2021-01-11,22.725603103637695,23.407499313354492,23.637500762939453,23.28499984741211,23.30500030517578,8733600
2021-01-12,22.7280330657959,23.40999984741211,23.547500610351562,23.1200008392334,23.434999465942383,6423600
2021-01-13,22.856672286987305,23.542499542236328,23.670000076293945,23.299999237060547,23.40999984741211,4741200
2021-01-14,22.686769485473633,23.36750030517578,23.702499389648438,23.329999923706055,23.639999389648438,4511600
2021-01-15,22.356674194335938,23.02750015258789,23.252500534057617,22.790000915527344,23.155000686645508,6078800
2021-01-19,22.71103858947754,23.392499923706055,23.459999084472656,23.15999984741211,23.350000381469727,5157600
2021-01-20,23.332395553588867,24.032499313354492,24.145000457763672,23.645000457763672,23.690000534057617,5597200
2021-01-21,23.37851333618164,24.079999923706055,24.167499542236328,23.957500457763672,24.112499237060547,5290400
2021-01-22,23.208616256713867,23.905000686645508,24.05500030517578,23.787500381469727,23.81999969482422,5680800
2021-01-25,23.388225555419922,24.09000015258789,24.137500762939453,23.357500076293945,24.0049991607666,7730400
2021-01-26,23.317834854125977,24.017499923706055,24.267499923706055,23.989999771118164,24.21500015258789,4032800
2021-01-27,22.172208786010742,22.837499618530273,23.575000762939453,22.540000915527344,23.565000534057617,14197200
2021-01-28,22.53870964050293,23.21500015258789,23.75,23.030000686645508,23.077499389648438,8597200
2021-01-29,21.66250228881836,22.3125,23.107500076293945,22.077499389648438,22.985000610351562,13051200
2021-02-01,22.363954544067383,23.03499984741211,23.172500610351562,22.457500457763672,22.735000610351562,8448800
2021-02-02,22.999876022338867,23.690000534057617,23.897499084472656,23.450000762939453,23.457500457763672,6744400
2021-02-03,23.04356575012207,23.735000610351562,23.954999923706055,23.5575008392334,23.809999465942383,5496400
2021-02-04,23.562978744506836,24.270000457763672,24.270000457763672,23.84749984741211,23.872499465942383,4207600
2021-02-05,23.74258804321289,24.454999923706055,24.547500610351562,24.3075008392334,24.524999618530273,5580000
2021-02-08,24.084819793701172,24.8075008392334,24.8174991607666,24.540000915527344,24.657499313354492,4796800
2021-02-09,24.045978546142578,24.767499923706055,24.857500076293945,24.637500762939453,24.690000534057617,3990800
2021-02-10,24.038707733154297,24.760000228881836,25.032499313354492,24.4325008392334,25.0049991607666,6457200
2021-02-11,24.113943099975586,24.837499618530273,24.954999923706055,24.5,24.905000686645508,4356400
2021-02-12,24.354238510131836,25.084999084472656,25.107500076293945,24.712499618530273,24.712499618530273,4266000
2021-02-16,24.310548782348633,25.040000915527344,25.267499923706055,24.934999465942383,25.24250030517578,5452400
2021-02-17,24.32510757446289,25.05500030517578,25.072500228881836,24.649999618530273,24.782499313354492,5529600
2021-02-18,24.11151885986328,24.834999084472656,24.924999237060547,24.447500228881836,24.674999237060547,5792000
2021-02-19,24.00472068786621,24.725000381469727,25.030000686645508,24.674999237060547,24.989999771118164,6422400
2021-02-22,23.65763282775879,24.36750030517578,24.6825008392334,24.3174991607666,24.362499237060547,6933200
2021-02-23,23.70861053466797,24.420000076293945,24.594999313354492,23.49250030517578,24.042499542236328,15386800
2021-02-24,24.22559356689453,24.952499389648438,25.00749969482422,24.137500762939453,24.25749969482422,10410000
2021-02-25,23.06298065185547,23.7549991607666,24.957500457763672,23.542499542236328,24.774999618530273,15158800
2021-02-26,22.808128356933594,23.49250030517578,24.145000457763672,23.232500076293945,23.997499465942383,15949600
2021-03-01,23.91734504699707,24.635000228881836,24.802499771118164,24.142499923706055,24.142499923706055,8591200
2021-03-02,23.545989990234375,24.252500534057617,24.69499969482422,24.225000381469727,24.674999237060547,11107600
2021-03-03,22.924633026123047,23.612499237060547,24.287500381469727,23.59749984741211,24.157499313354492,11657200
2021-03-04,22.354248046875,23.024999618530273,23.922500610351562,22.422500610351562,23.575000762939453,19076800
2021-03-05,23.172204971313477,23.86750030517578,24.0049991607666,22.524999618530273,23.479999542236328,13710800
2021-03-08,22.94405174255371,23.63249969482422,24.3700008392334,23.59000015258789,23.9950008392334,13467600
2021-03-09,23.59210777282715,24.299999237060547,24.639999389648438,24.075000762939453,24.135000228881836,10841200
2021-03-10,23.88579559326172,24.602500915527344,24.829999923706055,24.427499771118164,24.6200008392334,9801200
2021-03-11,24.376083374023438,25.107500076293945,25.3700008392334,24.877500534057617,24.940000534057617,9720000
2021-03-12,24.446468353271484,25.18000030517578,25.1875,24.799999237060547,24.93000030517578,6969600
2021-03-15,24.740158081054688,25.482500076293945,25.502500534057617,24.912500381469727,25.200000762939453,5912800
2021-03-16,24.67947769165039,25.420000076293945,25.639999389648438,25.297500610351562,25.5575008392334,6792800
2021-03-17,24.820253372192383,25.565000534057617,25.684999465942383,25.065000534057617,25.217500686645508,7748000
2021-03-18,24.099384307861328,24.822500228881836,25.502500534057617,24.737499237060547,25.217500686645508,8959200
2021-03-19,24.00472068786621,24.725000381469727,24.9950008392334,24.4375,24.787500381469727,7883600
2021-03-22,24.395498275756836,25.127500534057617,25.3125,24.797500610351562,24.80500030517578,6100000
2021-03-23,24.014171600341797,24.717500686645508,25.217500686645508,24.604999542236328,25.022499084472656,7867600
2021-03-24,23.773710250854492,24.469999313354492,25.125,24.459999084472656,24.90250015258789,7664400
2021-03-25,24.03116798400879,24.735000610351562,24.84000015258789,24.002500534057617,24.2549991607666,11113600
2021-03-26,24.801118850708008,25.52750015258789,25.582500457763672,24.809999465942383,24.892499923706055,10181200
2021-03-29,24.776830673217773,25.502500534057617,25.627500534057617,25.125,25.322500228881836,10312000
2021-03-30,24.645668029785156,25.36750030517578,25.454999923706055,25.147499084472656,25.31999969482422,7113600
2021-03-31,24.84969711303711,25.577499389648438,25.78499984741211,25.434999465942383,25.434999465942383,7120000
2021-04-01,25.369468688964844,26.112499237060547,26.13249969482422,25.802499771118164,25.829999923706055,9206000
2021-04-05,26.09813117980957,26.862499237060547,26.94499969482422,26.482500076293945,26.497499465942383,8551600
2021-04-06,26.068986892700195,26.832500457763672,26.979999542236328,26.7450008392334,26.78499984741211,5787600
2021-04-07,26.13213539123535,26.897499084472656,26.94499969482422,26.75,26.8125,4468400
2021-04-08,26.375022888183594,27.147499084472656,27.157499313354492,26.9424991607666,27.06999969482422,4738000
2021-04-09,26.758777618408203,27.542499542236328,27.565000534057617,27.1200008392334,27.137500762939453,6024000
2021-04-12,26.783063888549805,27.5674991607666,27.602500915527344,27.3700008392334,27.454999923706055,5993200
2021-04-13,26.931228637695312,27.719999313354492,27.8125,27.489999771118164,27.540000915527344,4851600
2021-04-14,26.761207580566406,27.545000076293945,27.86750030517578,27.452499389648438,27.71500015258789,7879600
2021-04-15,27.324705123901367,28.125,28.15999984741211,27.834999084472656,27.834999084472656,5727200
2021-04-16,27.516590118408203,28.322500228881836,28.397499084472656,28.107500076293945,28.3125,5789600
2021-04-19,27.249408721923828,28.047500610351562,28.237499237060547,27.84000015258789,28.172500610351562,7867200
2021-04-20,26.841360092163086,27.627500534057617,27.952499389648438,27.412500381469727,27.844999313354492,8563600
2021-04-21,27.341707229614258,28.142499923706055,28.172500610351562,27.512500762939453,27.52750015258789,11540400
2021-04-22,26.848651885986328,27.635000228881836,28.229999542236328,27.469999313354492,28.112499237060547,9570000
2021-04-23,27.42428970336914,28.227500915527344,28.422500610351562,27.69499969482422,27.707500457763672,7693200
2021-04-26,27.54087257385254,28.34749984741211,28.420000076293945,28.25,28.3174991607666,4037600
2021-04-27,27.52387237548828,28.329999923706055,28.407499313354492,28.162500381469727,28.375,4674000
2021-04-28,27.4898681640625,28.295000076293945,28.517499923706055,28.239999771118164,28.364999771118164,5860800
2021-04-29,27.846914291381836,28.662500381469727,28.75,28.174999237060547,28.700000762939453,13111200
2021-04-30,27.48501205444336,28.290000915527344,28.457500457763672,28.15999984741211,28.325000762939453,7189600
2021-05-03,27.596742630004883,28.405000686645508,28.6299991607666,28.334999084472656,28.572500228881836,6923200
2021-05-04,27.256698608398438,28.05500030517578,28.1825008392334,27.520000457763672,28.112499237060547,14849200
2021-05-05,27.268842697143555,28.0674991607666,28.325000762939453,27.959999084472656,28.292499542236328,8499600
2021-05-06,27.71332359313965,28.524999618530273,28.540000915527344,27.790000915527344,28.075000762939453,12385200
2021-05-07,28.099510192871094,28.922500610351562,29.02750015258789,28.53499984741211,28.6299991607666,6983600
2021-05-10,27.56273651123047,28.3700008392334,29.012500762939453,28.342500686645508,28.977500915527344,9599600
2021-05-11,27.074535369873047,27.86750030517578,27.99250030517578,27.287500381469727,27.702499389648438,13697200
2021-05-12,25.91353988647461,26.672500610351562,27.63249969482422,26.582500457763672,27.44499969482422,16284800
2021-05-13,26.528039932250977,27.30500030517578,27.572500228881836,26.872499465942383,26.8799991607666,16456000
2021-05-14,27.336849212646484,28.137500762939453,28.260000228881836,27.684999465942383,27.684999465942383,13634400
2021-05-17,27.208118438720703,28.0049991607666,28.104999542236328,27.709999084472656,27.977500915527344,8976800
2021-05-18,26.732065200805664,27.514999389648438,28.0625,27.49250030517578,28.017499923706055,7960800
2021-05-19,26.598474502563477,27.377500534057617,27.387500762939453,26.627500534057617,26.834999084472656,12560000
2021-05-20,27.159542083740234,27.954999923706055,28.13249969482422,27.475000381469727,27.487499237060547,10020800
2021-05-21,27.125537872314453,27.920000076293945,28.34749984741211,27.842500686645508,28.172500610351562,8975200
2021-05-24,27.66474723815918,28.475000381469727,28.6299991607666,28.19499969482422,28.229999542236328,6609600
2021-05-25,27.550588607788086,28.357500076293945,28.6825008392334,28.267499923706055,28.63249969482422,8968800
2021-05-26,27.65260124206543,28.462499618530273,28.52750015258789,28.282499313354492,28.4325008392334,6134800
2021-05-27,27.669607162475586,28.479999542236328,28.68000030517578,28.46500015258789,28.600000381469727,3992000
2021-05-28,27.783761978149414,28.59749984741211,28.752500534057617,28.559999465942383,28.71500015258789,4609600
2021-06-01,27.727893829345703,28.540000915527344,28.947500228881836,28.47249984741211,28.93000030517578,5901200
2021-06-02,27.825050354003906,28.639999389648438,28.7450008392334,28.489999771118164,28.622499465942383,4670400
2021-06-03,27.616167068481445,28.424999237060547,28.575000762939453,28.072500228881836,28.274999618530273,7688000
2021-06-04,28.10922622680664,28.9325008392334,28.97249984741211,28.667499542236328,28.68000030517578,4660800
2021-06-07,28.06551170349121,28.887500762939453,28.952499389648438,28.735000610351562,28.924999237060547,3902800
2021-06-08,28.06793785095215,28.889999389648438,29.00749969482422,28.61750030517578,28.99250030517578,4282400
2021-06-09,27.97563934326172,28.795000076293945,29.012500762939453,28.764999389648438,29.0049991607666,3898800
2021-06-10,28.233095169067383,29.059999465942383,29.197500228881836,28.782499313354492,28.969999313354492,4528800
2021-06-11,28.33025360107422,29.15999984741211,29.172500610351562,28.957500457763672,29.145000457763672,2855200
2021-06-14,28.468700408935547,29.302499771118164,29.302499771118164,28.989999771118164,29.162500381469727,2412800
2021-06-15,28.35697364807129,29.1875,29.309999465942383,29.045000076293945,29.30500030517578,11724800
2021-06-16,28.033933639526367,28.854999542236328,29.22249984741211,28.540000915527344,29.204999923706055,9213200
2021-06-17,28.007213592529297,28.827499389648438,28.96500015258789,28.46500015258789,28.774999618530273,7510400
2021-06-18,27.259124755859375,28.0575008392334,28.44499969482422,28.020000457763672,28.34000015258789,9383600
2021-06-21,28.029081344604492,28.850000381469727,28.8799991607666,28.184999465942383,28.302499771118164,9243600
2021-06-22,28.324054718017578,29.142499923706055,29.267499923706055,28.735000610351562,28.84000015258789,4722400
2021-06-23,28.258451461791992,29.075000762939453,29.272499084472656,29.065000534057617,29.155000686645508,4903200
2021-06-24,28.588897705078125,29.415000915527344,29.479999542236328,29.352500915527344,29.389999389648438,3556000
2021-06-25,28.788145065307617,29.6200008392334,29.690000534057617,29.485000610351562,29.530000686645508,3942400
2021-06-28,28.907201766967773,29.74250030517578,29.764999389648438,29.522499084472656,29.697500228881836,3628000
2021-06-29,28.93878936767578,29.774999618530273,29.889999389648438,29.697500228881836,29.797500610351562,3490400
2021-06-30,28.99710464477539,29.834999084472656,29.917499542236328,29.702499389648438,29.702499389648438,4571200
2021-07-01,29.305686950683594,30.15250015258789,30.174999237060547,29.922500610351562,29.9375,4119600
2021-07-02,29.757633209228516,30.61750030517578,30.65999984741211,30.274999618530273,30.315000534057617,7111200
2021-07-06,29.6409969329834,30.497499465942383,30.645000457763672,30.084999084472656,30.607500076293945,6861200
2021-07-07,29.849956512451172,30.712499618530273,30.75,30.297500610351562,30.602500915527344,5688000
2021-07-08,29.36643409729004,30.21500015258789,30.31999969482422,29.725000381469727,29.897499084472656,11792800
2021-07-09,29.971452713012695,30.837499618530273,30.895000457763672,30.40250015258789,30.4375,6864800
2021-07-12,30.207138061523438,31.079999923706055,31.107500076293945,30.774999618530273,30.834999084472656,4605600
2021-07-13,29.9981746673584,30.864999771118164,31.174999237060547,30.81999969482422,30.954999923706055,6186000
2021-07-14,30.073497772216797,30.9424991607666,31.1825008392334,30.760000228881836,31.110000610351562,6391200
2021-07-15,29.871829986572266,30.735000610351562,30.844999313354492,30.447500228881836,30.7450008392334,9320400
2021-07-16,29.40045166015625,30.25,30.915000915527344,30.1924991607666,30.907499313354492,9612000
2021-07-19,28.52329444885254,29.34749984741211,29.600000381469727,28.934999465942383,29.520000457763672,22274400
2021-07-20,29.344562530517578,30.1924991607666,30.375,29.334999084472656,29.447500228881836,12377200
2021-07-21,29.823232650756836,30.684999465942383,30.700000762939453,30.34749984741211,30.375,9033200
2021-07-22,29.956872940063477,30.822500228881836,30.842500686645508,30.55500030517578,30.712499618530273,5915200
2021-07-23,30.547311782836914,31.43000030517578,31.487499237060547,31.0,31.100000381469727,6118400
2021-07-26,30.70281982421875,31.59000015258789,31.59000015258789,31.344999313354492,31.350000381469727,5708400
2021-07-27,30.420957565307617,31.299999237060547,31.440000534057617,30.872499465942383,31.4375,11188800
2021-07-28,30.394229888916016,31.272499084472656,31.482500076293945,31.0625,31.395000457763672,9858400
2021-07-29,30.644500732421875,31.530000686645508,31.6924991607666,31.422500610351562,31.422500610351562,4914800
2021-07-30,30.350494384765625,31.227500915527344,31.447500228881836,31.122499465942383,31.145000457763672,6282800
2021-08-02,30.22414779663086,31.09749984741211,31.56999969482422,31.052499771118164,31.475000381469727,7851200
2021-08-03,30.712535858154297,31.600000381469727,31.612499237060547,30.88249969482422,31.200000762939453,7096400
2021-08-04,30.408811569213867,31.287500381469727,31.489999771118164,31.252500534057617,31.405000686645508,4598400
2021-08-05,30.795146942138672,31.684999465942383,31.690000534057617,31.417499542236328,31.462499618530273,3396800
2021-08-06,30.892335891723633,31.78499984741211,31.84749984741211,31.6875,31.735000610351562,3820400
2021-08-09,30.846168518066406,31.737499237060547,31.822500228881836,31.612499237060547,31.782499313354492,3700000
2021-08-10,30.90691375732422,31.799999237060547,31.917499542236328,31.697500228881836,31.795000076293945,3946800
2021-08-11,31.064855575561523,31.962499618530273,31.982500076293945,31.799999237060547,31.975000381469727,5993600
2021-08-12,31.23980140686035,32.14250183105469,32.17250061035156,31.80500030517578,31.934999465942383,3240000
2021-08-13,31.36128807067871,32.26750183105469,32.275001525878906,32.150001525878906,32.227500915527344,6648400
2021-08-16,31.51193618774414,32.42250061035156,32.4375,31.827499389648438,32.0625,9453200
2021-08-17,31.106163024902344,32.005001068115234,32.122501373291016,31.530000686645508,32.025001525878906,9338000
2021-08-18,30.413673400878906,31.292499542236328,32.07500076293945,31.2549991607666,31.837499618530273,9959600
2021-08-19,30.488994598388672,31.3700008392334,31.565000534057617,30.852500915527344,30.877500534057617,13184800
2021-08-20,30.987102508544922,31.88249969482422,31.934999465942383,31.36750030517578,31.447500228881836,6744800
2021-08-23,31.53380012512207,32.44499969482422,32.58250045776367,32.13999938964844,32.13999938964844,5265200
2021-08-24,31.62613296508789,32.540000915527344,32.625,32.467498779296875,32.540000915527344,4304000
2021-08-25,31.767066955566406,32.685001373291016,32.7599983215332,32.52000045776367,32.58000183105469,2995600
2021-08-26,31.39044952392578,32.29750061035156,32.66999816894531,32.282501220703125,32.654998779296875,7281200
2021-08-27,31.942007064819336,32.8650016784668,32.92499923706055,32.40999984741211,32.42250061035156,7420800
2021-08-30,32.22385787963867,33.154998779296875,33.279998779296875,32.9375,32.970001220703125,5035600
2021-08-31,32.148536682128906,33.07749938964844,33.19499969482422,32.967498779296875,33.13750076293945,7054400
2021-09-01,32.165550231933594,33.095001220703125,33.28499984741211,33.057498931884766,33.20249938964844,5611600
2021-09-02,32.35749816894531,33.29249954223633,33.41749954223633,33.10749816894531,33.310001373291016,3719200
2021-09-03,32.3453483581543,33.279998779296875,33.35499954223633,33.0525016784668,33.125,5042000
2021-09-07,32.11209487915039,33.040000915527344,33.22999954223633,32.93000030517578,33.212501525878906,4952000
2021-09-08,32.03676986694336,32.962501525878906,33.064998626708984,32.654998779296875,32.95249938964844,6045600
2021-09-09,31.750057220458984,32.66749954223633,33.192501068115234,32.630001068115234,32.915000915527344,6470400
2021-09-10,31.261669158935547,32.165000915527344,33.029998779296875,32.13249969482422,32.97249984741211,9318000
2021-09-13,31.395309448242188,32.3025016784668,32.64250183105469,31.957500457763672,32.6150016784668,15240800
2021-09-14,31.067283630371094,31.96500015258789,32.5625,31.825000762939453,32.529998779296875,11233600
2021-09-15,31.572681427001953,32.48500061035156,32.56999969482422,31.854999542236328,32.01499938964844,9926800
2021-09-16,31.46576690673828,32.375,32.557498931884766,31.9325008392334,32.40999984741211,9875200
2021-09-17,30.8680419921875,31.760000228881836,32.33250045776367,31.697500228881836,32.255001068115234,15334400
2021-09-20,29.83295440673828,30.69499969482422,31.049999237060547,29.950000762939453,30.8125,24785200
2021-09-21,29.789213180541992,30.649999618530273,31.235000610351562,30.5575008392334,31.037500381469727,13826000
2021-09-22,30.347753524780273,31.21500015258789,31.530000686645508,30.829999923706055,30.962499618530273,14553600
2021-09-23,31.093931198120117,31.982500076293945,32.220001220703125,31.469999313354492,31.50749969482422,9560000
2021-09-24,31.193580627441406,32.084999084472656,32.189998626708984,31.6924991607666,31.729999542236328,7785200
2021-09-27,31.02100944519043,31.907499313354492,32.09749984741211,31.790000915527344,31.920000076293945,10027600
2021-09-28,29.75713348388672,30.607500076293945,31.520000457763672,30.5,31.462499618530273,23703200
2021-09-29,29.85435676574707,30.707500457763672,31.075000762939453,30.627500534057617,30.8174991607666,13817600
2021-09-30,29.122758865356445,29.954999923706055,31.03499984741211,29.93000030517578,30.9325008392334,22155600
2021-10-01,29.81060218811035,30.662500381469727,30.917499542236328,29.697500228881836,30.209999084472656,20682400
2021-10-04,29.054704666137695,29.885000228881836,30.627500534057617,29.55500030517578,30.4950008392334,23286000
2021-10-05,29.647762298583984,30.4950008392334,30.829999923706055,29.982500076293945,30.09749984741211,13209600
2021-10-06,29.895675659179688,30.75,30.780000686645508,29.712499618530273,29.957500457763672,18548000
2021-10-07,30.406089782714844,31.274999618530273,31.702499389648438,31.212499618530273,31.2450008392334,10979600
2021-10-08,30.289419174194336,31.155000686645508,31.450000762939453,31.065000534057617,31.392499923706055,9932400
2021-10-11,29.85921287536621,30.712499618530273,31.5,30.702499389648438,31.065000534057617,8168400
2021-10-12,29.708518981933594,30.5575008392334,30.905000686645508,30.440000534057617,30.850000381469727,10218400
2021-10-13,29.917545318603516,30.772499084472656,30.897499084472656,30.262500762939453,30.700000762939453,9806000
2021-10-14,30.9164981842041,31.799999237060547,31.832500457763672,31.2549991607666,31.327499389648438,8906800
2021-10-15,31.392887115478516,32.290000915527344,32.34749984741211,32.037498474121094,32.14250183105469,8079600
2021-10-18,31.592193603515625,32.494998931884766,32.532501220703125,31.915000915527344,32.01499938964844,7330000
2021-10-19,32.061283111572266,32.977500915527344,32.9900016784668,32.63750076293945,32.73249816894531,6001200
2021-10-20,32.309200286865234,33.23249816894531,33.28499984741211,33.03499984741211,33.04249954223633,9308400
2021-10-21,32.48906326293945,33.41749954223633,33.442501068115234,33.07749938964844,33.14500045776367,5668800
2021-10-22,32.41614532470703,33.342498779296875,33.564998626708984,33.040000915527344,33.334999084472656,7822800
2021-10-25,32.7467041015625,33.682498931884766,33.744998931884766,33.22999954223633,33.502498626708984,4198000
2021-10-26,32.822044372558594,33.7599983215332,34.125,33.6974983215332,33.92499923706055,5773600
2021-10-27,32.51580047607422,33.44499969482422,33.93000030517578,33.442501068115234,33.82500076293945,5713200
2021-10-28,33.14773178100586,34.095001220703125,34.10499954223633,33.67250061035156,33.67250061035156,5890000
2021-10-29,33.28140640258789,34.23249816894531,34.275001525878906,33.6875,33.73249816894531,7220400
2021-11-01,33.400516510009766,34.35499954223633,34.4474983215332,34.0724983215332,34.39250183105469,6745200
2021-11-02,33.665443420410156,34.627498626708984,34.67250061035156,34.35499954223633,34.377498626708984,6419600
2021-11-03,34.085933685302734,35.060001373291016,35.11000061035156,34.46500015258789,34.537498474121094,7802800
2021-11-04,34.38731384277344,35.369998931884766,35.38750076293945,35.09000015258789,35.14250183105469,10000000
2021-11-05,34.62794494628906,35.61750030517578,35.939998626708984,35.377498626708984,35.7400016784668,9061600
2021-11-08,34.69356155395508,35.685001373291016,35.869998931884766,35.56999969482422,35.79249954223633,5759200
2021-11-09,34.467525482177734,35.45249938964844,35.772499084472656,35.209999084472656,35.73249816894531,10216000
2021-11-10,33.90364074707031,34.872501373291016,35.4375,34.625,35.157501220703125,10791200
2021-11-11,33.92794418334961,34.897499084472656,35.1150016784668,34.88750076293945,35.099998474121094,4883200
2021-11-12,34.4334831237793,35.41749954223633,35.5,34.9375,35.09000015258789,6622000
2021-11-15,34.443214416503906,35.4275016784668,35.63999938964844,35.255001068115234,35.6150016784668,7012800
2021-11-16,34.70814895629883,35.70000076293945,35.89500045776367,35.380001068115234,35.39250183105469,5653600
2021-11-17,34.5452995300293,35.532501220703125,35.6974983215332,35.439998626708984,35.66999816894531,6251200
2021-11-18,34.77619552612305,35.77000045776367,35.8224983215332,35.26499938964844,35.70500183105469,7078400
2021-11-19,34.65224838256836,35.64250183105469,35.95750045776367,35.59000015258789,35.77000045776367,5173600
2021-11-22,34.45536422729492,35.439998626708984,36.349998474121094,35.412498474121094,35.92499923706055,11969200
2021-11-23,34.567176818847656,35.55500030517578,35.66999816894531,34.97249984741211,35.3849983215332,13133200
2021-11-24,34.7105827331543,35.70249938964844,35.7400016784668,35.07749938964844,35.220001220703125,11372400
2021-11-26,33.20849609375,34.157501220703125,34.872501373291016,33.94499969482422,34.65250015258789,16210800
2021-11-29,33.99600601196289,34.967498779296875,35.25,34.53499984741211,34.880001068115234,12191600
2021-11-30,32.710243225097656,33.64500045776367,34.869998931884766,33.560001373291016,34.567501068115234,24633200
2021-12-01,31.939760208129883,32.852500915527344,34.939998626708984,32.8125,34.49250030517578,21236800
2021-12-02,32.892539978027344,33.83250045776367,34.087501525878906,32.814998626708984,32.86249923706055,26122400
2021-12-03,32.348087310791016,33.272499084472656,34.27750015258789,32.592498779296875,34.11000061035156,34248400
2021-12-06,33.10155487060547,34.04750061035156,34.337501525878906,33.275001525878906,33.657501220703125,16867600
2021-12-07,34.467525482177734,35.45249938964844,35.54249954223633,34.869998931884766,34.877498626708984,13842800
2021-12-08,34.64494705200195,35.6349983215332,35.70750045776367,35.2400016784668,35.529998779296875,9857600
2021-12-09,34.17585372924805,35.15250015258789,35.58250045776367,35.13249969482422,35.4275016784668,7860800
2021-12-10,34.815086364746094,35.810001373291016,35.84000015258789,35.18000030517578,35.59749984741211,7332400
2021-12-13,34.21474075317383,35.192501068115234,35.779998779296875,35.13999938964844,35.73500061035156,10077600
2021-12-14,33.72620391845703,34.689998626708984,35.0525016784668,34.212501525878906,34.64500045776367,14526000
2021-12-15,34.785919189453125,35.779998779296875,35.814998626708984,34.307498931884766,34.70249938964844,14868400
2021-12-16,34.16857147216797,35.14500045776367,36.11750030517578,34.88999938964844,36.0724983215332,21803200
2021-12-17,33.43940734863281,34.39500045776367,35.125,34.119998931884766,34.63249969482422,23133600
2021-12-20,32.717533111572266,33.65250015258789,33.72249984741211,33.084999084472656,33.58000183105469,21446000
2021-12-21,33.88905715942383,34.85749816894531,34.875,33.85499954223633,34.192501068115234,12248000
2021-12-22,34.55988311767578,35.54750061035156,35.5625,34.779998779296875,34.810001373291016,9386400
2021-12-23,34.98894500732422,35.962501525878906,36.20000076293945,35.665000915527344,35.689998626708984,8054800
2021-12-27,35.97889709472656,36.97999954223633,36.98249816894531,36.18000030517578,36.189998626708984,7790800
2021-12-28,35.92295837402344,36.92250061035156,37.209999084472656,36.787498474121094,37.057498931884766,7495600
2021-12-29,36.01051712036133,37.01250076293945,37.17250061035156,36.76250076293945,36.939998626708984,5320000
2021-12-30,35.811073303222656,36.807498931884766,37.23500061035156,36.724998474121094,37.0625,6634400
2021-12-31,35.60188674926758,36.592498779296875,36.904998779296875,36.56999969482422,36.70750045776367,7302400
2022-01-03,36.02268600463867,37.025001525878906,37.04750061035156,36.4375,36.8224983215332,12192400
2022-01-04,36.00322723388672,37.005001068115234,37.380001068115234,36.70000076293945,37.26750183105469,12522800
2022-01-05,34.633827209472656,35.59749984741211,37.0724983215332,35.56999969482422,36.9474983215332,19431600
2022-01-06,34.551124572753906,35.51250076293945,35.94499969482422,35.130001068115234,35.5,18511200
2022-01-07,34.290870666503906,35.244998931884766,35.70000076293945,35.0099983215332,35.5,14526000
2022-01-10,34.196006774902344,35.147499084472656,35.17499923706055,33.79249954223633,34.709999084472656,19777200
2022-01-11,34.79922866821289,35.76750183105469,35.79249954223633,34.6150016784668,35.09749984741211,14002400
2022-01-12,34.99867248535156,35.97249984741211,36.29999923706055,35.657501220703125,36.060001373291016,11756000
2022-01-13,34.02817916870117,34.974998474121094,36.244998931884766,34.814998626708984,36.14500045776367,7847800
2022-01-14,34.047637939453125,34.994998931884766,35.04999923706055,34.275001525878906,34.45000076293945,8342400
2022-01-18,32.86066818237305,33.775001525878906,34.275001525878906,33.584999084472656,34.22999954223633,8974600
2022-01-19,32.160160064697266,33.05500030517578,34.209999084472656,33.0099983215332,33.9900016784668,8198800
2022-01-20,31.454784393310547,32.33000183105469,34.07500076293945,32.25,33.34000015258789,12442400
2022-01-21,30.199708938598633,31.040000915527344,32.505001068115234,31.040000915527344,32.154998779296875,18819000
2022-01-24,30.457530975341797,31.30500030517578,31.389999389648438,28.604999542236328,30.190000534057617,32643400
2022-01-25,29.7083740234375,30.53499984741211,31.28499984741211,29.510000228881836,30.350000381469727,30677000
2022-01-26,29.58675765991211,30.40999984741211,31.885000228881836,29.7549991607666,31.424999237060547,23318800
2022-01-27,29.270559310913086,30.084999084472656,31.53499984741211,29.834999084472656,31.075000762939453,15421000
2022-01-28,30.7202205657959,31.575000762939453,31.579999923706055,29.610000610351562,30.280000686645508,13776000
2022-01-31,31.82935905456543,32.71500015258789,32.76499938964844,31.270000457763672,31.469999313354492,11480000
2022-02-01,32.267181396484375,33.165000915527344,33.255001068115234,32.279998779296875,32.834999084472656,8326400
2022-02-02,32.88985061645508,33.80500030517578,33.915000915527344,33.16999816894531,33.529998779296875,7257400
2022-02-03,31.3428955078125,32.21500015258789,33.14500045776367,32.08000183105469,32.85499954223633,11295200
2022-02-04,31.649368286132812,32.529998779296875,33.095001220703125,31.815000534057617,32.189998626708984,10662200
2022-02-07,31.43045997619629,32.30500030517578,32.834999084472656,32.095001220703125,32.625,8258800
2022-02-08,31.94124984741211,32.83000183105469,32.96500015258789,32.0,32.220001220703125,6697400
2022-02-09,32.855804443359375,33.77000045776367,33.81999969482422,33.41999816894531,33.459999084472656,6309400
2022-02-10,31.698020935058594,32.58000183105469,33.810001373291016,32.255001068115234,32.85499954223633,15692800
2022-02-11,30.4283447265625,31.274999618530273,32.900001525878906,31.065000534057617,32.584999084472656,14044600
2022-02-14,30.243484497070312,31.084999084472656,31.440000534057617,30.559999465942383,31.200000762939453,11685200
2022-02-15,31.206684112548828,32.07500076293945,32.099998474121094,31.665000915527344,31.7450008392334,6359800
2022-02-16,31.284517288208008,32.154998779296875,32.35499954223633,31.469999313354492,31.760000228881836,5888600
2022-02-17,29.951608657836914,30.78499984741211,31.735000610351562,30.68000030517578,31.649999618530273,6695000
2022-02-18,29.547840118408203,30.3700008392334,30.9950008392334,30.03499984741211,30.809999465942383,8798400
2022-02-22,28.9251651763916,29.729999542236328,30.540000915527344,29.190000534057617,30.03499984741211,11808200
2022-02-23,27.884136199951172,28.65999984741211,30.219999313354492,28.56999969482422,30.1299991607666,12881200
2022-02-24,28.711122512817383,29.510000228881836,29.575000762939453,27.114999771118164,27.155000686645508,23458200
2022-02-25,29.980796813964844,30.815000534057617,30.829999923706055,29.459999084472656,29.684999465942383,14790200
2022-02-28,29.82999038696289,30.65999984741211,30.875,29.825000762939453,30.020000457763672,17989600
2022-03-01,28.9251651763916,29.729999542236328,30.735000610351562,29.34000015258789,30.459999084472656,17063400
2022-03-02,29.966203689575195,30.799999237060547,31.045000076293945,29.94499969482422,30.065000534057617,17382000
2022-03-03,29.684053421020508,30.510000228881836,31.264999389648438,30.2450008392334,31.190000534057617,14459000
2022-03-04,29.197587966918945,30.010000228881836,30.18000030517578,29.405000686645508,29.950000762939453,14339000
2022-03-07,27.480369567871094,28.2450008392334,29.954999923706055,28.229999542236328,29.920000076293945,16817200
2022-03-08,27.057144165039062,27.809999465942383,29.274999618530273,27.645000457763672,28.2549991607666,23793800
2022-03-09,28.497081756591797,29.290000915527344,29.56999969482422,28.684999465942383,28.9950008392334,14237000
2022-03-10,28.24898338317871,29.03499984741211,29.155000686645508,28.334999084472656,28.6200008392334,10917200
2022-03-11,27.52901840209961,28.295000076293945,29.475000381469727,28.21500015258789,29.389999389648438,12249800
2022-03-14,27.120384216308594,27.875,28.885000228881836,27.709999084472656,28.389999389648438,12240200
2022-03-15,28.29762840270996,29.084999084472656,29.18000030517578,28.05500030517578,28.25,9657600
2022-03-16,29.56730079650879,30.389999389648438,30.395000457763672,28.90999984741211,29.604999542236328,15275000
2022-03-17,30.301860809326172,31.145000457763672,31.149999618530273,30.049999237060547,30.100000381469727,10391400
2022-03-18,30.948856353759766,31.809999465942383,31.875,30.80500030517578,30.90999984741211,9804000
2022-03-21,30.963455200195312,31.825000762939453,32.10499954223633,31.280000686645508,31.825000762939453,11370600
2022-03-22,31.663955688476562,32.54499816894531,32.685001373291016,32.02000045776367,32.02000045776367,7972200
2022-03-23,30.85106658935547,31.690000534057617,32.3650016784668,31.690000534057617,32.150001525878906,8081600
2022-03-24,31.775920867919922,32.63999938964844,32.64500045776367,31.829999923706055,32.0,7094400
2022-03-25,32.082584381103516,32.95500183105469,33.005001068115234,32.345001220703125,32.75,8127800
2022-03-28,32.530399322509766,33.415000915527344,33.42499923706055,32.57500076293945,32.86000061035156,6381200
2022-03-29,33.36277389526367,34.27000045776367,34.33000183105469,33.6150016784668,34.01499938964844,9472400
2022-03-30,32.95388412475586,33.849998474121094,34.20000076293945,33.494998931884766,34.07500076293945,6084400
2022-03-31,31.93655014038086,32.80500030517578,33.834999084472656,32.77000045776367,33.709999084472656,11865400
2022-04-01,32.08744430541992,32.959999084472656,33.04499816894531,32.41999816894531,33.029998779296875,7886800
2022-04-04,32.63749313354492,33.525001525878906,33.540000915527344,32.875,32.994998931884766,6279600
2022-04-05,31.8294620513916,32.69499969482422,33.68000030517578,32.5099983215332,33.29499816894531,8899200
2022-04-06,31.17719841003418,32.025001525878906,32.375,31.584999084472656,32.09000015258789,12619400
2022-04-07,31.488727569580078,32.345001220703125,32.625,31.594999313354492,31.895000457763672,10742200
2022-04-08,31.328094482421875,32.18000030517578,32.6150016784668,31.94499969482422,32.2400016784668,8004400
2022-04-11,30.252347946166992,31.075000762939453,31.799999237060547,31.0,31.670000076293945,10137400
2022-04-12,30.018699645996094,30.834999084472656,31.899999618530273,30.610000610351562,31.510000228881836,10638000
2022-04-13,30.714771270751953,31.549999237060547,31.649999618530273,30.764999389648438,30.790000915527344,7713400
2022-04-14,29.955421447753906,30.770000457763672,31.739999771118164,30.735000610351562,31.575000762939453,8162600
2022-04-18,29.965158462524414,30.780000686645508,31.024999618530273,30.450000762939453,30.614999771118164,7941000
2022-04-19,30.91434669494629,31.7549991607666,31.875,30.735000610351562,30.7549991607666,7065800
2022-04-20,30.87053680419922,31.709999084472656,32.125,31.545000076293945,32.029998779296875,8205400
2022-04-21,29.9505558013916,30.764999389648438,32.470001220703125,30.635000228881836,32.27000045776367,10303600
2022-04-22,28.305294036865234,29.075000762939453,30.645000457763672,28.9950008392334,30.600000381469727,15042000
2022-04-25,28.62169075012207,29.399999618530273,29.43000030517578,28.084999084472656,28.7450008392334,23352000
2022-04-26,26.971561431884766,27.704999923706055,29.06999969482422,27.700000762939453,29.040000915527344,24766000
2022-04-27,27.122459411621094,27.860000610351562,28.610000610351562,27.565000534057617,27.854999542236328,19542000
2022-04-28,28.495132446289062,29.270000457763672,29.5049991607666,27.905000686645508,28.530000686645508,14701800
2022-04-29,26.38257598876953,27.100000381469727,28.9950008392334,26.9950008392334,28.690000534057617,16386000
2022-05-02,26.698974609375,27.424999237060547,27.610000610351562,26.184999465942383,27.100000381469727,22453600
2022-05-03,26.952091217041016,27.684999465942383,28.010000228881836,27.28499984741211,27.489999771118164,13651600
2022-05-04,28.582746505737305,29.360000610351562,29.440000534057617,27.31999969482422,27.770000457763672,20668800
2022-05-05,26.567548751831055,27.290000915527344,28.75,26.674999237060547,28.7450008392334,24262800
2022-05-06,26.231679916381836,26.94499969482422,27.395000457763672,26.204999923706055,26.90999984741211,18009200
2022-05-09,24.562082290649414,25.229999542236328,26.28499984741211,25.0,26.114999771118164,17386400
2022-05-10,24.65943717956543,25.329999923706055,26.204999923706055,24.795000076293945,26.010000228881836,18834200
2022-05-11,23.870882034301758,24.520000457763672,25.950000762939453,24.424999237060547,25.184999465942383,21524200
2022-05-12,23.827072143554688,24.475000381469727,24.895000457763672,23.56999969482422,24.094999313354492,22651800
2022-05-13,24.95635986328125,25.635000228881836,25.815000534057617,24.875,25.010000228881836,14613000
2022-05-16,24.771387100219727,25.44499969482422,25.920000076293945,25.110000610351562,25.40999984741211,15493200
2022-05-17,25.759521484375,26.459999084472656,26.5,25.7450008392334,26.239999771118164,14415000
2022-05-18,23.695642471313477,24.34000015258789,25.8799991607666,24.15999984741211,25.844999313354492,18674800
2022-05-19,23.384113311767578,24.020000457763672,24.604999542236328,23.739999771118164,23.90999984741211,24339800
2022-05-20,23.403587341308594,24.040000915527344,24.565000534057617,22.924999237060547,24.4950008392334,23473800
2022-05-23,24.28949737548828,24.950000762939453,25.045000076293945,24.145000457763672,24.459999084472656,14423800
2022-05-24,23.924423217773438,24.575000762939453,24.725000381469727,23.69499969482422,24.395000457763672,16472800
2022-05-25,24.357643127441406,25.020000457763672,25.260000228881836,24.31999969482422,24.364999771118164,13877400
2022-05-26,25.30682945251465,25.9950008392334,26.209999084472656,25.135000228881836,25.15999984741211,10796800
2022-05-27,26.552942276000977,27.274999618530273,27.28499984741211,26.299999237060547,26.329999923706055,10631200
2022-05-31,26.24628257751465,26.959999084472656,27.420000076293945,26.575000762939453,27.049999237060547,13650800
2022-06-01,25.827667236328125,26.530000686645508,27.389999389648438,26.170000076293945,27.2450008392334,16242200
2022-06-02,26.791461944580078,27.520000457763672,27.53499984741211,26.190000534057617,26.5,9011200
2022-06-03,25.925025939941406,26.6299991607666,27.084999084472656,26.485000610351562,26.864999771118164,7796400
2022-06-06,26.071048736572266,26.780000686645508,27.405000686645508,26.6200008392334,27.18000030517578,7151200
2022-06-07,26.562681198120117,27.28499984741211,27.354999542236328,26.239999771118164,26.295000076293945,7434400
2022-06-08,25.993165969848633,26.700000762939453,27.299999237060547,26.59000015258789,27.059999465942383,6744800
2022-06-09,24.751922607421875,25.424999237060547,26.7549991607666,25.420000076293945,26.450000762939453,10098000
2022-06-10,23.30623435974121,23.940000534057617,24.690000534057617,23.93000030517578,24.584999084472656,14187000
2022-06-13,21.529544830322266,22.114999771118164,22.94499969482422,21.905000686645508,22.690000534057617,19121000
2022-06-14,21.393253326416016,21.975000381469727,22.44499969482422,21.59000015258789,22.334999084472656,11468600
2022-06-15,21.996837615966797,22.594999313354492,23.155000686645508,21.770000457763672,22.385000228881836,18717000
2022-06-16,20.580358505249023,21.139999389648438,21.604999542236328,20.790000915527344,21.559999465942383,19460800
2022-06-17,20.61442756652832,21.174999237060547,21.584999084472656,20.760000228881836,21.149999618530273,14405400
2022-06-21,21.66097068786621,22.25,22.420000076293945,21.875,21.875,8824200
2022-06-22,21.57822608947754,22.165000915527344,22.684999465942383,21.670000076293945,21.719999313354492,10338800
2022-06-23,22.011442184448242,22.610000610351562,22.690000534057617,21.989999771118164,22.43000030517578,10428000
2022-06-24,23.398719787597656,24.03499984741211,24.03499984741211,22.9950008392334,23.0,11837600
2022-06-27,23.233219146728516,23.864999771118164,24.18000030517578,23.709999084472656,24.15999984741211,7569200
2022-06-28,22.279159545898438,22.885000228881836,24.405000686645508,22.860000610351562,24.03499984741211,10103600
2022-06-29,22.225616455078125,22.829999923706055,23.059999465942383,22.600000381469727,22.93000030517578,8442000
2022-06-30,21.855680465698242,22.450000762939453,22.860000610351562,21.885000228881836,22.34000015258789,11711000
2022-07-01,22.313234329223633,22.920000076293945,22.979999542236328,22.045000076293945,22.3700008392334,10271000
2022-07-05,22.400854110717773,23.010000228881836,23.014999389648438,21.920000076293945,22.28499984741211,9357400
2022-07-06,22.561481475830078,23.174999237060547,23.479999542236328,22.725000381469727,23.03499984741211,9256000
2022-07-07,23.213747024536133,23.844999313354492,23.950000762939453,23.385000228881836,23.385000228881836,7275800
2022-07-08,23.17967414855957,23.809999465942383,24.049999237060547,23.44499969482422,23.635000228881836,7265600
2022-07-11,22.658838272094727,23.274999618530273,23.584999084472656,23.174999237060547,23.469999313354492,6317600
2022-07-12,22.249956130981445,22.854999542236328,23.489999771118164,22.6299991607666,23.184999465942383,8111000
2022-07-13,22.011442184448242,22.610000610351562,22.975000381469727,22.104999542236328,22.15999984741211,10986000
2022-07-14,21.889751434326172,22.485000610351562,22.565000534057617,21.670000076293945,21.989999771118164,8930000
2022-07-15,22.726985931396484,23.344999313354492,23.354999542236328,22.80500030517578,23.049999237060547,8004400
2022-07-18,22.352174758911133,22.959999084472656,23.815000534057617,22.80500030517578,23.729999542236328,7124400
2022-07-19,23.559350967407227,24.200000762939453,24.264999389648438,23.364999771118164,23.454999923706055,8896000
2022-07-20,23.866012573242188,24.514999389648438,24.690000534057617,24.045000076293945,24.219999313354492,9300200
2022-07-21,24.34303855895996,25.0049991607666,25.0049991607666,24.114999771118164,24.43000030517578,7985200
2022-07-22,23.89521598815918,24.545000076293945,25.170000076293945,24.239999771118164,25.0049991607666,8588800
2022-07-25,23.939023971557617,24.59000015258789,24.700000762939453,24.299999237060547,24.600000381469727,8169800
2022-07-26,23.36464500427246,24.0,24.399999618530273,23.885000228881836,24.3700008392334,5755200
2022-07-27,24.5864200592041,25.2549991607666,25.475000381469727,24.395000457763672,24.434999465942383,10685800
2022-07-28,25.194875717163086,25.8799991607666,25.969999313354492,24.885000228881836,25.350000381469727,12716800
2022-07-29,25.939624786376953,26.645000457763672,26.7549991607666,25.969999313354492,26.079999923706055,7272600
2022-08-01,25.774124145507812,26.475000381469727,26.809999465942383,26.170000076293945,26.260000228881836,7032400
2022-08-02,25.438257217407227,26.1299991607666,26.75,25.959999084472656,26.2549991607666,7327400
2022-08-03,26.221942901611328,26.934999465942383,27.09000015258789,26.3700008392334,26.405000686645508,6228600
2022-08-04,26.18300437927246,26.895000457763672,27.0049991607666,26.665000915527344,26.920000076293945,3744000
2022-08-05,26.071048736572266,26.780000686645508,26.8799991607666,26.295000076293945,26.299999237060547,8205400
2022-08-08,26.032106399536133,26.739999771118164,27.329999923706055,26.579999923706055,27.024999618530273,6873600
2022-08-09,25.813064575195312,26.514999389648438,26.69499969482422,26.3700008392334,26.635000228881836,3822600
2022-08-10,26.8936824798584,27.625,27.649999618530273,27.204999923706055,27.46500015258789,7769600
2022-08-11,26.898548126220703,27.6299991607666,28.270000457763672,27.524999618530273,28.014999389648438,6290400
2022-08-12,27.789323806762695,28.545000076293945,28.559999465942383,27.7549991607666,27.885000228881836,5257400
2022-08-15,28.02783966064453,28.790000915527344,28.854999542236328,28.229999542236328,28.229999542236328,5217000
2022-08-16,28.13005828857422,28.895000457763672,29.165000915527344,28.514999389648438,28.6299991607666,4700600
2022-08-17,27.735782623291016,28.489999771118164,28.860000610351562,28.19499969482422,28.3799991607666,7937600
2022-08-18,27.876943588256836,28.635000228881836,28.729999542236328,28.31999969482422,28.489999771118164,4973800
2022-08-19,27.127328872680664,27.864999771118164,28.280000686645508,27.739999771118164,28.260000228881836,7305400
2022-08-22,25.99803352355957,26.704999923706055,27.204999923706055,26.56999969482422,27.190000534057617,8060200
2022-08-23,25.85687255859375,26.559999465942383,26.959999084472656,26.485000610351562,26.625,7190400
2022-08-24,26.02237319946289,26.729999542236328,26.915000915527344,26.440000534057617,26.53499984741211,6200800
2022-08-25,26.752517700195312,27.479999542236328,27.485000610351562,26.78499984741211,26.915000915527344,7487400
2022-08-26,24.936887741088867,25.614999771118164,27.530000686645508,25.604999542236328,27.46500015258789,13691600
2022-08-29,24.59615707397461,25.264999389648438,25.670000076293945,25.09000015258789,25.209999084472656,9761000
2022-08-30,24.050983428955078,24.704999923706055,25.454999923706055,24.43000030517578,25.43000030517578,11550200
2022-08-31,23.685909271240234,24.329999923706055,25.084999084472656,24.315000534057617,24.915000915527344,8479800
2022-09-01,23.82219886779785,24.469999313354492,24.514999389648438,23.690000534057617,24.040000915527344,14305600
2022-09-02,23.320837020874023,23.954999923706055,25.110000610351562,23.719999313354492,24.950000762939453,13628800
2022-09-06,23.145599365234375,23.774999618530273,24.18000030517578,23.485000610351562,24.065000534057617,9524200
2022-09-07,23.977964401245117,24.6299991607666,24.719999313354492,23.71500015258789,23.735000610351562,9179600
2022-09-08,24.27976417541504,24.940000534057617,25.0,24.15999984741211,24.30500030517578,10035400
2022-09-09,25.034242630004883,25.71500015258789,25.825000762939453,25.200000762939453,25.219999313354492,8994000
2022-09-12,25.564817428588867,26.260000228881836,26.360000610351562,25.94499969482422,25.9950008392334,8305800
2022-09-13,23.35004425048828,23.985000610351562,25.25,23.815000534057617,25.09000015258789,14947000
2022-09-14,23.50580596923828,24.145000457763672,24.344999313354492,23.719999313354492,24.125,8350800
2022-09-15,22.97523307800293,23.600000381469727,24.30500030517578,23.434999465942383,23.934999465942383,10183600
2022-09-16,22.6296329498291,23.2450008392334,23.309999465942383,22.809999465942383,23.049999237060547,20368000
2022-09-19,22.965499877929688,23.59000015258789,23.59000015258789,22.815000534057617,22.815000534057617,12038400
2022-09-20,22.43979263305664,23.049999237060547,23.280000686645508,22.69499969482422,23.165000915527344,13921200
2022-09-21,21.651235580444336,22.239999771118164,23.665000915527344,22.235000610351562,23.290000915527344,20981600
2022-09-22,21.271562576293945,21.850000381469727,22.2549991607666,21.760000228881836,22.139999389648438,13905400
2022-09-23,20.556018829345703,21.114999771118164,21.43000030517578,20.575000762939453,21.424999237060547,16896600
2022-09-26,20.1617431640625,20.709999084472656,21.375,20.549999237060547,20.94499969482422,13150200
2022-09-27,20.044918060302734,20.59000015258789,21.389999389648438,20.30500030517578,21.125,17760200
2022-09-28,20.828609466552734,21.395000457763672,21.600000381469727,20.5,20.700000762939453,19222000
2022-09-29,19.967039108276367,20.510000228881836,20.9950008392334,20.139999389648438,20.96500015258789,17129200
2022-09-30,19.334243774414062,19.860000610351562,20.844999313354492,19.850000381469727,20.399999618530273,18307600
2022-10-03,20.36131477355957,20.915000915527344,21.125,20.084999084472656,20.30500030517578,14154800
2022-10-04,21.602561950683594,22.190000534057617,22.200000762939453,21.559999465942383,21.559999465942383,16947800
2022-10-05,21.51494598388672,22.100000381469727,22.375,21.3700008392334,21.65999984741211,12285600
2022-10-06,21.052518844604492,21.625,22.270000457763672,21.559999465942383,21.895000457763672,12796400
2022-10-07,19.87942123413086,20.420000076293945,21.170000076293945,20.19499969482422,21.135000228881836,19452800
2022-10-10,19.567893981933594,20.100000381469727,20.56999969482422,19.84000015258789,20.540000915527344,11022400
2022-10-11,19.309904098510742,19.834999084472656,20.434999465942383,19.6200008392334,19.905000686645508,11795000
2022-10-12,19.188215255737305,19.709999084472656,20.06999969482422,19.684999465942383,19.889999389648438,11263000
2022-10-13,20.195819854736328,20.7450008392334,20.90999984741211,18.764999389648438,18.895000457763672,24841800
2022-10-14,19.275829315185547,19.799999237060547,21.225000381469727,19.719999313354492,21.020000457763672,18909000
2022-10-17,20.25422477722168,20.80500030517578,20.934999465942383,20.4950008392334,20.5,8556600
2022-10-18,20.721519470214844,21.28499984741211,21.780000686645508,20.885000228881836,21.75,13360800
2022-10-19,20.44406509399414,21.0,21.364999771118164,20.649999618530273,21.049999237060547,8030200
2022-10-20,20.0838565826416,20.6299991607666,21.450000762939453,20.530000686645508,20.93000030517578,10439000
2022-10-21,21.057382583618164,21.6299991607666,21.684999465942383,20.40999984741211,20.584999084472656,16862600
2022-10-24,21.56848907470703,22.155000686645508,22.290000915527344,21.489999771118164,21.809999465942383,15791200
2022-10-25,22.249956130981445,22.854999542236328,22.899999618530273,22.135000228881836,22.135000228881836,11834200
2022-10-26,21.918956756591797,22.514999389648438,23.170000076293945,22.43000030517578,22.475000381469727,12346400
2022-10-27,21.665842056274414,22.2549991607666,22.854999542236328,22.184999465942383,22.6299991607666,11360200
2022-10-28,22.69778060913086,23.315000534057617,23.3799991607666,22.225000381469727,22.239999771118164,13055800
2022-10-31,22.376514434814453,22.985000610351562,23.239999771118164,22.864999771118164,23.0,16312400
2022-11-01,22.172073364257812,22.774999618530273,23.469999313354492,22.625,23.440000534057617,11170000
2022-11-02,21.04765510559082,21.6200008392334,23.260000228881836,21.614999771118164,22.700000762939453,23370400
2022-11-03,20.604700088500977,21.165000915527344,21.53499984741211,20.915000915527344,21.21500015258789,13899200
2022-11-04,21.198545455932617,21.774999618530273,22.065000534057617,21.05500030517578,21.850000381469727,17922800
2022-11-07,21.6074275970459,22.19499969482422,22.260000228881836,21.674999237060547,21.934999465942383,7564800
2022-11-08,21.83620834350586,22.43000030517578,22.790000915527344,21.924999237060547,22.329999923706055,9554800
2022-11-09,20.92595672607422,21.4950008392334,22.309999465942383,21.43000030517578,22.155000686645508,11361000
2022-11-10,23.21861457824707,23.850000381469727,23.895000457763672,22.809999465942383,23.084999084472656,14572200
2022-11-11,23.68104362487793,24.325000762939453,24.415000915527344,23.719999313354492,23.96500015258789,13169000
2022-11-14,23.27703094482422,23.90999984741211,24.514999389648438,23.864999771118164,24.09000015258789,17694200
2022-11-15,23.67617416381836,24.31999969482422,24.764999389648438,23.81999969482422,24.625,15723000
2022-11-16,23.30623435974121,23.940000534057617,24.204999923706055,23.850000381469727,24.104999542236328,6717000
2022-11-17,23.145599365234375,23.774999618530273,23.850000381469727,23.270000457763672,23.315000534057617,14591400
2022-11-18,23.345172882080078,23.979999542236328,24.190000534057617,23.6200008392334,24.184999465942383,8805800
2022-11-21,23.160205841064453,23.790000915527344,23.94499969482422,23.565000534057617,23.795000076293945,5447600
2022-11-22,23.778392791748047,24.424999237060547,24.454999923706055,23.864999771118164,24.024999618530273,8235400
2022-11-23,24.080188751220703,24.735000610351562,24.799999237060547,24.360000610351562,24.3799991607666,8466400
2022-11-25,24.06071662902832,24.71500015258789,24.790000915527344,24.6299991607666,24.665000915527344,2282800
2022-11-28,23.291629791259766,23.924999237060547,24.524999618530273,23.829999923706055,24.31999969482422,5759800
2022-11-29,23.213747024536133,23.844999313354492,24.084999084472656,23.610000610351562,23.93000030517578,8200200
2022-11-30,24.639965057373047,25.309999465942383,25.31999969482422,23.625,23.860000610351562,18836600
2022-12-01,24.630231857299805,25.299999237060547,25.6299991607666,24.969999313354492,25.479999542236328,9849000
2022-12-02,24.55721664428711,25.225000381469727,25.344999313354492,24.635000228881836,24.645000457763672,7580600
2022-12-05,23.671306610107422,24.315000534057617,24.979999542236328,24.149999618530273,24.854999542236328,9877000
2022-12-06,22.989835739135742,23.614999771118164,24.360000610351562,23.344999313354492,24.290000915527344,11626400
2022-12-07,22.897350311279297,23.520000457763672,23.81999969482422,23.385000228881836,23.5,11474200
2022-12-08,23.24295425415039,23.875,24.020000457763672,23.549999237060547,23.7450008392334,7632000
2022-12-09,22.902219772338867,23.524999618530273,24.049999237060547,23.510000228881836,23.71500015258789,7451200
2022-12-12,23.54961395263672,24.190000534057617,24.19499969482422,23.540000915527344,23.614999771118164,5601400
2022-12-13,23.9195556640625,24.56999969482422,25.59000015258789,24.21500015258789,25.579999923706055,17887400
2022-12-14,23.612892150878906,24.2549991607666,25.010000228881836,23.864999771118164,24.510000228881836,16961200
2022-12-15,22.43979263305664,23.049999237060547,23.729999542236328,22.834999084472656,23.604999542236328,15139400
2022-12-16,21.904356002807617,22.5,22.889999389648438,22.235000610351562,22.725000381469727,24762200
2022-12-19,21.51494598388672,22.100000381469727,22.559999465942383,21.90999984741211,22.514999389648438,10270400
2022-12-20,21.57822608947754,22.165000915527344,22.364999771118164,21.864999771118164,22.010000228881836,8246400
2022-12-21,22.230484008789062,22.834999084472656,22.969999313354492,22.420000076293945,22.479999542236328,8236200
2022-12-22,21.581003189086914,22.079999923706055,22.3799991607666,21.375,22.350000381469727,17033600
2022-12-23,21.820466995239258,22.325000762939453,22.34000015258789,21.764999389648438,21.954999923706055,10139200
2022-12-27,21.639646530151367,22.139999389648438,22.350000381469727,21.94499969482422,22.309999465942383,5032600
2022-12-28,21.10207748413086,21.59000015258789,22.364999771118164,21.565000534057617,22.135000228881836,9571800
2022-12-29,21.840017318725586,22.344999313354492,22.454999923706055,21.8700008392334,21.90999984741211,7533800
2022-12-30,21.72272491455078,22.225000381469727,22.239999771118164,21.770000457763672,22.024999618530273,13442000
2023-01-03,21.527246475219727,22.024999618530273,22.690000534057617,21.69499969482422,22.450000762939453,13152600
2023-01-04,21.869335174560547,22.375,22.6200008392334,21.94499969482422,22.315000534057617,10603400
2023-01-05,21.356203079223633,21.850000381469727,22.135000228881836,21.78499984741211,22.125,9562400
2023-01-06,22.32871437072754,22.844999313354492,22.985000610351562,21.860000610351562,22.219999313354492,12110600
2023-01-09,22.309167861938477,22.825000762939453,23.5049991607666,22.795000076293945,23.114999771118164,8303600
2023-01-10,22.621936798095703,23.145000457763672,23.145000457763672,22.6299991607666,22.7450008392334,8364000
2023-01-11,23.174165725708008,23.709999084472656,23.725000381469727,23.229999542236328,23.325000762939453,6890400
2023-01-12,23.335437774658203,23.875,24.05500030517578,23.325000762939453,23.834999084472656,12891400
2023-01-13,23.52114486694336,24.065000534057617,24.1299991607666,23.440000534057617,23.475000381469727,8587200
2023-01-17,23.42828941345215,23.969999313354492,24.260000228881836,23.8799991607666,24.06999969482422,5987000
2023-01-18,22.695240020751953,23.219999313354492,24.239999771118164,23.18000030517578,24.114999771118164,9986600
2023-01-19,22.3433780670166,22.860000610351562,23.139999389648438,22.690000534057617,22.934999465942383,12513600
2023-01-20,23.169281005859375,23.704999923706055,23.719999313354492,22.825000762939453,23.024999618530273,7264000
2023-01-23,23.70684814453125,24.2549991607666,24.510000228881836,23.684999465942383,23.799999237060547,9677600
2023-01-24,23.653093338012695,24.200000762939453,24.329999923706055,23.905000686645508,24.059999465942383,9505200
2023-01-25,23.687301635742188,24.235000610351562,24.264999389648438,23.40999984741211,23.690000534057617,13811200
2023-01-26,24.190662384033203,24.75,24.764999389648438,24.174999237060547,24.549999237060547,8924400
2023-01-27,24.298181533813477,24.860000610351562,25.155000686645508,24.584999084472656,24.614999771118164,10705800
2023-01-30,23.682416915893555,24.229999542236328,24.78499984741211,24.190000534057617,24.489999771118164,6964000
2023-01-31,24.376373291015625,24.940000534057617,24.940000534057617,24.25,24.280000686645508,10704800
2023-02-01,24.894392013549805,25.469999313354492,25.815000534057617,24.424999237060547,24.774999618530273,12228600
2023-02-02,25.603008270263672,26.19499969482422,26.375,25.709999084472656,25.950000762939453,13680000
2023-02-03,25.060546875,25.639999389648438,26.21500015258789,25.475000381469727,25.540000915527344,11331800
2023-02-06,24.74289894104004,25.315000534057617,25.489999771118164,25.100000381469727,25.315000534057617,7576200
2023-02-07,25.397754669189453,25.985000610351562,26.135000228881836,25.030000686645508,25.190000534057617,12453800
2023-02-08,24.83574676513672,25.40999984741211,25.885000228881836,25.309999465942383,25.709999084472656,6820000
2023-02-09,24.386144638061523,24.950000762939453,25.8700008392334,24.78499984741211,25.850000381469727,7370200
2023-02-10,24.48876953125,25.05500030517578,25.104999542236328,24.690000534057617,24.780000686645508,7170800
2023-02-13,25.06543731689453,25.645000457763672,25.655000686645508,25.084999084472656,25.145000457763672,4514000
2023-02-14,25.041004180908203,25.6200008392334,25.90999984741211,25.100000381469727,25.44499969482422,10009800
2023-02-15,25.202272415161133,25.78499984741211,25.78499984741211,25.219999313354492,25.329999923706055,5261800
2023-02-16,24.48876953125,25.05500030517578,25.6200008392334,25.03499984741211,25.100000381469727,9653800
2023-02-17,24.356821060180664,24.920000076293945,24.94499969482422,24.520000457763672,24.764999389648438,7974600
2023-02-21,23.37453842163086,23.915000915527344,24.530000686645508,23.875,24.395000457763672,8590400
2023-02-22,23.320775985717773,23.860000610351562,24.155000686645508,23.65999984741211,23.950000762939453,10366400
2023-02-23,23.545578002929688,24.09000015258789,24.260000228881836,23.55500030517578,24.184999465942383,11942600
2023-02-24,23.02755355834961,23.559999465942383,23.665000915527344,23.239999771118164,23.440000534057617,12376400
2023-02-27,23.174165725708008,23.709999084472656,24.145000457763672,23.600000381469727,23.969999313354492,9896200
2023-02-28,23.003122329711914,23.53499984741211,23.895000457763672,23.524999618530273,23.655000686645508,11001200
2023-03-01,22.836963653564453,23.364999771118164,23.584999084472656,23.190000534057617,23.434999465942383,12166800
2023-03-02,23.174165725708008,23.709999084472656,23.809999465942383,23.05500030517578,23.094999313354492,12225000
2023-03-03,23.9121036529541,24.46500015258789,24.5,23.850000381469727,23.93000030517578,9783000
2023-03-06,23.936540603637695,24.489999771118164,24.854999542236328,24.44499969482422,24.565000534057617,9199200
2023-03-07,23.2034854888916,23.739999771118164,24.510000228881836,23.65999984741211,24.479999542236328,11009200
2023-03-08,23.27190589904785,23.809999465942383,23.905000686645508,23.53499984741211,23.75,8080800
2023-03-09,22.402019500732422,22.920000076293945,24.104999542236328,22.795000076293945,23.895000457763672,12540000
2023-03-10,21.747159957885742,22.25,23.100000381469727,22.06999969482422,22.829999923706055,35520600
2023-03-13,21.664085388183594,22.165000915527344,22.764999389648438,21.645000457763672,21.760000228881836,22782200
2023-03-14,22.397132873535156,22.915000915527344,23.110000610351562,22.3700008392334,22.774999618530273,18630800
2023-03-15,22.123464584350586,22.635000228881836,22.645000457763672,21.975000381469727,22.21500015258789,25959800
2023-03-16,22.861398696899414,23.389999389648438,23.440000534057617,22.264999389648438,22.329999923706055,17199400
2023-03-17,22.353151321411133,22.8700008392334,23.375,22.684999465942383,23.235000610351562,17275200
2023-03-20,22.758771896362305,23.28499984741211,23.34000015258789,22.864999771118164,22.934999465942383,12134400
2023-03-21,23.3549861907959,23.895000457763672,23.985000610351562,23.5049991607666,23.704999923706055,29115400
2023-03-22,22.563289642333984,23.084999084472656,24.31999969482422,23.075000762939453,23.875,17102000
2023-03-23,22.665916442871094,23.190000534057617,23.90999984741211,22.864999771118164,23.420000076293945,12219200
2023-03-24,22.959138870239258,23.489999771118164,23.5,22.75,23.030000686645508,9641800
2023-03-27,23.051990509033203,23.584999084472656,23.860000610351562,23.469999313354492,23.780000686645508,7629000
2023-03-28,22.94936180114746,23.479999542236328,23.56999969482422,23.239999771118164,23.475000381469727,6542000
2023-03-29,23.604219436645508,24.149999618530273,24.18000030517578,23.834999084472656,23.969999313354492,6846600
2023-03-30,23.86323356628418,24.415000915527344,24.4950008392334,24.184999465942383,24.46500015258789,6346800
2023-03-31,24.53275489807129,25.100000381469727,25.135000228881836,24.520000457763672,24.53499984741211,8750200
2023-04-03,24.713571548461914,25.28499984741211,25.334999084472656,24.979999542236328,25.030000686645508,7276600
2023-04-04,24.449674606323242,25.014999389648438,25.399999618530273,24.829999923706055,25.364999771118164,9019200
2023-04-05,24.298181533813477,24.860000610351562,24.989999771118164,24.645000457763672,24.899999618530273,8551200
2023-04-06,24.474109649658203,25.040000915527344,25.079999923706055,24.6200008392334,24.75,6690800
2023-04-10,24.527868270874023,25.094999313354492,25.100000381469727,24.645000457763672,24.709999084472656,5272600
2023-04-11,24.537639617919922,25.104999542236328,25.274999618530273,25.0049991607666,25.15999984741211,3812200
2023-04-12,24.342161178588867,24.905000686645508,25.389999389648438,24.81999969482422,25.354999542236328,8509600
2023-04-13,24.962812423706055,25.540000915527344,25.584999084472656,24.959999084472656,25.030000686645508,6488600
2023-04-14,24.845521926879883,25.420000076293945,25.735000610351562,25.110000610351562,25.46500015258789,7891800
2023-04-17,25.02145004272461,25.600000381469727,25.604999542236328,25.239999771118164,25.399999618530273,7290200
2023-04-18,25.045886993408203,25.625,25.80500030517578,25.440000534057617,25.799999237060547,6449200
2023-04-19,25.03611183166504,25.614999771118164,25.719999313354492,25.364999771118164,25.3700008392334,4693400
2023-04-20,24.747783660888672,25.31999969482422,25.53499984741211,25.114999771118164,25.229999542236328,12528200
2023-04-21,24.767330169677734,25.34000015258789,25.405000686645508,25.094999313354492,25.350000381469727,6475400
2023-04-24,24.82108497619629,25.395000457763672,25.44499969482422,25.145000457763672,25.309999465942383,8035800
2023-04-25,24.02450180053711,24.579999923706055,25.204999923706055,24.579999923706055,25.135000228881836,21168600
2023-04-26,23.82413673400879,24.375,24.790000915527344,24.299999237060547,24.65999984741211,7839000
2023-04-27,24.757556915283203,25.329999923706055,25.354999542236328,24.649999618530273,24.68000030517578,17527600
2023-04-28,25.163177490234375,25.7450008392334,25.7549991607666,25.204999923706055,25.21500015258789,7038200
2023-05-01,25.11919593811035,25.700000762939453,25.959999084472656,25.665000915527344,25.684999465942383,14043400
2023-05-02,24.547414779663086,25.114999771118164,25.604999542236328,24.739999771118164,25.600000381469727,10801600
2023-05-03,24.205324172973633,24.764999389648438,25.485000610351562,24.739999771118164,25.184999465942383,9211000
2023-05-04,23.85346221923828,24.405000686645508,24.655000686645508,24.235000610351562,24.610000610351562,10475800
2023-05-05,24.728235244750977,25.299999237060547,25.434999465942383,24.825000762939453,24.854999542236328,8319800
2023-05-08,24.74289894104004,25.315000534057617,25.3700008392334,25.1299991607666,25.334999084472656,4537000
2023-05-09,24.527868270874023,25.094999313354492,25.225000381469727,25.05500030517578,25.100000381469727,3214600
2023-05-10,24.747783660888672,25.31999969482422,25.520000457763672,24.825000762939453,25.450000762939453,8303800
2023-05-11,24.650041580200195,25.219999313354492,25.2450008392334,24.950000762939453,25.190000534057617,6571800
2023-05-12,24.571849822998047,25.139999389648438,25.389999389648438,24.834999084472656,25.375,6566200
2023-05-15,24.733123779296875,25.30500030517578,25.360000610351562,24.969999313354492,25.219999313354492,4953600
2023-05-16,24.41057777404785,24.975000381469727,25.280000686645508,24.96500015258789,25.165000915527344,5053200
2023-05-17,24.99213218688965,25.56999969482422,25.649999618530273,25.014999389648438,25.21500015258789,9786200
2023-05-18,25.466171264648438,26.05500030517578,26.104999542236328,25.489999771118164,25.520000457763672,11668600
2023-05-19,25.38309097290039,25.969999313354492,26.229999542236328,25.815000534057617,26.170000076293945,8804600
2023-05-22,25.387981414794922,25.975000381469727,26.190000534057617,25.809999465942383,25.979999542236328,7552400
2023-05-23,24.830860137939453,25.405000686645508,25.895000457763672,25.344999313354492,25.760000228881836,9012400
2023-05-24,24.45456314086914,25.020000457763672,25.235000610351562,24.875,25.184999465942383,14357800
2023-05-25,24.869953155517578,25.44499969482422,25.625,25.170000076293945,25.44499969482422,6616200
2023-05-26,25.505268096923828,26.094999313354492,26.190000534057617,25.5049991607666,25.5049991607666,10186800
2023-05-30,25.510154724121094,26.100000381469727,26.40999984741211,25.934999465942383,26.34000015258789,8434800
2023-05-31,25.236478805541992,25.81999969482422,25.979999542236328,25.614999771118164,25.854999542236328,7974400
2023-06-01,25.69586181640625,26.290000915527344,26.43000030517578,25.674999237060547,25.829999923706055,6691800
2023-06-02,26.453344345092773,27.065000534057617,27.149999618530273,26.55500030517578,26.625,9907400
2023-06-05,26.32628059387207,26.934999465942383,27.2549991607666,26.844999313354492,27.09000015258789,5571200
2023-06-06,26.448457717895508,27.059999465942383,27.125,26.799999237060547,26.875,6481800
2023-06-07,26.267641067504883,26.875,27.2549991607666,26.809999465942383,27.104999542236328,7815800
2023-06-08,26.57063102722168,27.184999465942383,27.235000610351562,26.7549991607666,26.860000610351562,9072800
2023-06-09,26.648822784423828,27.264999389648438,27.530000686645508,27.135000228881836,27.270000457763672,5341400
2023-06-12,27.137523651123047,27.764999389648438,27.764999389648438,27.299999237060547,27.399999618530273,4389800
2023-06-13,27.4796142578125,28.114999771118164,28.204999923706055,27.864999771118164,27.94499969482422,6269200
2023-06-14,27.548032760620117,28.184999465942383,28.420000076293945,27.725000381469727,28.165000915527344,6619000
2023-06-15,28.207780838012695,28.860000610351562,29.030000686645508,28.045000076293945,28.059999465942383,11772600
2023-06-16,28.00252342224121,28.649999618530273,29.145000457763672,28.600000381469727,29.1299991607666,7186200
2023-06-20,27.72885513305664,28.3700008392334,28.510000228881836,28.079999923706055,28.395000457763672,4726600
2023-06-21,27.42097282409668,28.05500030517578,28.325000762939453,27.989999771118164,28.21500015258789,5634000
2023-06-22,27.616451263427734,28.2549991607666,28.260000228881836,27.875,27.920000076293945,4571800
2023-06-23,27.18151092529297,27.809999465942383,28.05500030517578,27.719999313354492,27.780000686645508,4735200
2023-06-26,26.961591720581055,27.584999084472656,27.989999771118164,27.549999237060547,27.739999771118164,7110200
2023-06-27,27.552919387817383,28.190000534057617,28.264999389648438,27.635000228881836,27.700000762939453,6321000
2023-06-28,27.582242965698242,28.219999313354492,28.34000015258789,27.950000762939453,28.040000915527344,6097000
2023-06-29,27.772836685180664,28.415000915527344,28.434999465942383,28.09000015258789,28.139999389648438,6580400
2023-06-30,28.41792106628418,29.075000762939453,29.204999923706055,28.80500030517578,28.834999084472656,17573000
2023-07-03,28.49122428894043,29.149999618530273,29.174999237060547,28.985000610351562,29.020000457763672,3150000
2023-07-05,28.383710861206055,29.040000915527344,29.145000457763672,28.875,28.885000228881836,4527000
2023-07-06,27.929218292236328,28.575000762939453,28.6299991607666,28.229999542236328,28.53499984741211,8904600
2023-07-07,27.78749656677246,28.43000030517578,28.959999084472656,28.395000457763672,28.43000030517578,8394000
2023-07-10,27.919445037841797,28.565000534057617,28.59000015258789,28.295000076293945,28.3700008392334,5461800
2023-07-11,28.27619743347168,28.93000030517578,28.989999771118164,28.530000686645508,28.65999984741211,4547000
2023-07-12,28.72580337524414,29.389999389648438,29.56999969482422,29.239999771118164,29.44499969482422,10043800
2023-07-13,29.146081924438477,29.81999969482422,29.940000534057617,29.559999465942383,29.600000381469727,4676600
2023-07-14,29.111873626708984,29.78499984741211,30.06999969482422,29.684999465942383,29.954999923706055,5877800
2023-07-17,29.30735206604004,29.985000610351562,30.135000228881836,29.75,29.75,4825600
2023-07-18,29.73252296447754,30.420000076293945,30.514999389648438,29.885000228881836,29.940000534057617,5497800
2023-07-19,29.854700088500977,30.545000076293945,30.725000381469727,30.454999923706055,30.540000915527344,4493200
2023-07-20,29.45396614074707,30.135000228881836,30.530000686645508,30.045000076293945,30.399999618530273,11144200
2023-07-21,29.458852767944336,30.139999389648438,30.395000457763672,30.135000228881836,30.364999771118164,3942400
2023-07-24,29.70808982849121,30.395000457763672,30.5049991607666,30.209999084472656,30.280000686645508,4163000
2023-07-25,29.87424659729004,30.565000534057617,30.729999542236328,30.350000381469727,30.350000381469727,3685200
2023-07-26,29.87424659729004,30.565000534057617,30.7549991607666,30.280000686645508,30.434999465942383,5538800
2023-07-27,29.463741302490234,30.145000457763672,31.06999969482422,30.020000457763672,31.030000686645508,6142600
2023-07-28,30.020858764648438,30.71500015258789,30.834999084472656,30.479999542236328,30.594999313354492,4511400
2023-07-31,30.147918701171875,30.844999313354492,30.885000228881836,30.610000610351562,30.78499984741211,4756200
2023-08-01,29.95244026184082,30.645000457763672,30.7549991607666,30.524999618530273,30.6200008392334,3402000
2023-08-02,29.136308670043945,29.809999465942383,30.25,29.690000534057617,30.204999923706055,5658200
2023-08-03,28.935941696166992,29.604999542236328,29.864999771118164,29.415000915527344,29.5,5778200
2023-08-04,28.68181610107422,29.344999313354492,30.139999389648438,29.264999389648438,29.844999313354492,7570000
2023-08-07,29.165632247924805,29.84000015258789,29.860000610351562,29.485000610351562,29.575000762939453,4616400
2023-08-08,28.9115047454834,29.579999923706055,29.635000228881836,29.114999771118164,29.479999542236328,6364600
2023-08-09,28.515657424926758,29.174999237060547,29.625,29.06999969482422,29.610000610351562,3918000
2023-08-10,28.525432586669922,29.184999465942383,29.940000534057617,29.020000457763672,29.469999313354492,8348800
2023-08-11,28.481449127197266,29.139999389648438,29.274999618530273,28.84000015258789,28.924999237060547,7892000
2023-08-14,28.79421615600586,29.459999084472656,29.459999084472656,28.96500015258789,29.0049991607666,4356800
2023-08-15,28.124698638916016,28.774999618530273,29.2549991607666,28.690000534057617,29.19499969482422,10453000
2023-08-16,27.679983139038086,28.31999969482422,28.924999237060547,28.31999969482422,28.69499969482422,6144400
2023-08-17,27.245040893554688,27.875,28.545000076293945,27.815000534057617,28.5049991607666,10323400
2023-08-18,27.26458740234375,27.895000457763672,28.045000076293945,27.459999084472656,27.5049991607666,6841200
2023-08-21,27.631113052368164,28.270000457763672,28.360000610351562,27.75,28.040000915527344,4459200
2023-08-22,27.46984100341797,28.104999542236328,28.5,28.03499984741211,28.5,5518400
2023-08-23,28.070945739746094,28.719999313354492,28.80500030517578,28.225000381469727,28.235000610351562,7544600
2023-08-24,27.29391098022461,27.924999237060547,28.9950008392334,27.90999984741211,28.924999237060547,9399000
2023-08-25,27.66043472290039,28.299999237060547,28.469999313354492,27.670000076293945,28.1299991607666,13202400
2023-08-28,28.01230239868164,28.65999984741211,28.739999771118164,28.40999984741211,28.59000015258789,5464200
2023-08-29,28.81865882873535,29.485000610351562,29.514999389648438,28.614999771118164,28.635000228881836,5808000
2023-08-30,29.04345703125,29.71500015258789,29.80500030517578,29.424999237060547,29.514999389648438,4901400
2023-08-31,28.935941696166992,29.604999542236328,29.934999465942383,29.59000015258789,29.790000915527344,6823000
2023-09-01,29.048343658447266,29.719999313354492,30.045000076293945,29.524999618530273,29.969999313354492,3207200
2023-09-05,28.78933334350586,29.454999923706055,29.690000534057617,29.44499969482422,29.65999984741211,2532000
2023-09-06,28.388599395751953,29.045000076293945,29.350000381469727,28.735000610351562,29.34000015258789,9121400
2023-09-07,28.207780838012695,28.860000610351562,28.94499969482422,28.584999084472656,28.635000228881836,4535000
2023-09-08,28.290857315063477,28.94499969482422,29.139999389648438,28.809999465942383,28.860000610351562,4373000
2023-09-11,28.652502059936523,29.315000534057617,29.354999542236328,29.065000534057617,29.280000686645508,3627000
2023-09-12,28.329954147338867,28.985000610351562,29.315000534057617,28.90999984741211,29.104999542236328,3241600
2023-09-13,28.39837074279785,29.05500030517578,29.200000762939453,28.864999771118164,29.0049991607666,3122800
2023-09-14,28.867525100708008,29.53499984741211,29.6299991607666,29.19499969482422,29.375,4267200
2023-09-15,28.16379737854004,28.815000534057617,29.354999542236328,28.760000228881836,29.315000534057617,6693400
2023-09-18,28.198007583618164,28.850000381469727,29.020000457763672,28.709999084472656,28.770000457763672,3887400
2023-09-19,28.080711364746094,28.729999542236328,28.795000076293945,28.364999771118164,28.719999313354492,4477400
2023-09-20,27.53337287902832,28.170000076293945,28.934999465942383,28.15999984741211,28.885000228881836,5232600
2023-09-21,26.63905143737793,27.2549991607666,27.825000762939453,27.219999313354492,27.795000076293945,7340600
2023-09-22,26.49732780456543,27.110000610351562,27.565000534057617,27.05500030517578,27.354999542236328,5436600
2023-09-25,26.71235466003418,27.329999923706055,27.34000015258789,26.895000457763672,26.940000534057617,10953400
2023-09-26,25.925548553466797,26.524999618530273,27.024999618530273,26.415000915527344,26.93000030517578,7357600
2023-09-27,25.94509506225586,26.545000076293945,26.7450008392334,26.075000762939453,26.665000915527344,10283200
2023-09-28,26.233434677124023,26.84000015258789,27.045000076293945,26.3799991607666,26.459999084472656,8849600
2023-09-29,26.08681869506836,26.690000534057617,27.2450008392334,26.5049991607666,27.225000381469727,9313800
2023-10-02,26.07215690612793,26.674999237060547,26.829999923706055,26.31999969482422,26.575000762939453,7896800
2023-10-03,25.378202438354492,25.96500015258789,26.579999923706055,25.774999618530273,26.3799991607666,8336600
2023-10-04,25.73495864868164,26.329999923706055,26.415000915527344,25.81999969482422,26.0,41179200
2023-10-05,25.69586181640625,26.290000915527344,26.389999389648438,25.875,26.270000457763672,6131000
2023-10-06,26.292076110839844,26.899999618530273,27.100000381469727,25.799999237060547,25.969999313354492,10589800
2023-10-09,26.624393463134766,27.239999771118164,27.325000762939453,26.59000015258789,26.65999984741211,14943000
2023-10-10,26.888288497924805,27.510000228881836,27.860000610351562,27.274999618530273,27.329999923706055,14622000
2023-10-11,27.117979049682617,27.7450008392334,27.780000686645508,27.344999313354492,27.670000076293945,5409200
2023-10-12,26.785661697387695,27.405000686645508,27.860000610351562,27.084999084472656,27.815000534057617,7390000
2023-10-13,26.51198959350586,27.125,27.739999771118164,26.90999984741211,27.59000015258789,6122600
2023-10-16,27.05933380126953,27.684999465942383,27.815000534057617,27.3700008392334,27.389999389648438,6716200
2023-10-17,27.049558639526367,27.674999237060547,27.940000534057617,27.219999313354492,27.260000228881836,6864000
2023-10-18,26.33116912841797,26.940000534057617,27.559999465942383,26.790000915527344,27.43000030517578,8168400
2023-10-19,25.83269691467285,26.43000030517578,27.235000610351562,26.350000381469727,27.0,14957400
2023-10-20,25.202272415161133,25.78499984741211,26.44499969482422,25.770000457763672,26.360000610351562,11397800
2023-10-23,25.109418869018555,25.690000534057617,26.18000030517578,25.364999771118164,25.575000762939453,17433800
2023-10-24,25.4808292388916,26.06999969482422,26.21500015258789,25.71500015258789,25.950000762939453,7195800
2023-10-25,24.752666473388672,25.325000762939453,25.854999542236328,25.2549991607666,25.854999542236328,8221200
2023-10-26,24.146682739257812,24.704999923706055,25.270000457763672,24.575000762939453,25.18000030517578,10979400
2023-10-27,23.9121036529541,24.46500015258789,24.93000030517578,24.295000076293945,24.875,11951800
2023-10-30,24.48876953125,25.05500030517578,25.18000030517578,24.645000457763672,24.795000076293945,8019600
2023-10-31,24.7819881439209,25.354999542236328,25.395000457763672,24.8799991607666,25.110000610351562,5413200
2023-11-01,25.30001449584961,25.885000228881836,25.989999771118164,25.405000686645508,25.459999084472656,11358400
2023-11-02,26.27252769470215,26.8799991607666,26.889999389648438,26.364999771118164,26.3700008392334,13213600
2023-11-03,26.73678970336914,27.354999542236328,27.55500030517578,27.149999618530273,27.165000915527344,7868000
2023-11-06,26.854076385498047,27.475000381469727,27.53499984741211,27.225000381469727,27.450000762939453,5512600
2023-11-07,26.995805740356445,27.6200008392334,27.71500015258789,27.334999084472656,27.469999313354492,5258200
2023-11-08,27.034902572631836,27.65999984741211,27.774999618530273,27.364999771118164,27.700000762939453,3794400
2023-11-09,26.599956512451172,27.21500015258789,27.80500030517578,27.165000915527344,27.80500030517578,5715200
2023-11-10,27.435636520385742,28.06999969482422,28.100000381469727,27.290000915527344,27.475000381469727,9242600
2023-11-13,27.37698745727539,28.010000228881836,28.149999618530273,27.78499984741211,27.885000228881836,5122800
2023-11-14,28.422809600830078,29.079999923706055,29.2549991607666,28.7549991607666,28.790000915527344,6990800
2023-11-15,28.549869537353516,29.209999084472656,29.424999237060547,29.094999313354492,29.260000228881836,5426800
2023-11-16,28.598739624023438,29.260000228881836,29.295000076293945,28.985000610351562,29.139999389648438,4323000
2023-11-17,28.667156219482422,29.329999923706055,29.40999984741211,29.139999389648438,29.260000228881836,2609600
2023-11-20,29.10209846496582,29.774999618530273,29.885000228881836,29.290000915527344,29.295000076293945,3355200
2023-11-21,28.960376739501953,29.6299991607666,29.674999237060547,29.46500015258789,29.6200008392334,2867800
2023-11-22,29.170516967773438,29.844999313354492,30.024999618530273,29.69499969482422,29.84000015258789,3396600
2023-11-24,29.19495391845703,29.8700008392334,29.899999618530273,29.799999237060547,29.84000015258789,1709400
2023-11-27,29.09232521057129,29.764999389648438,29.889999389648438,29.709999084472656,29.78499984741211,3638400
2023-11-28,29.136308670043945,29.809999465942383,29.989999771118164,29.625,29.700000762939453,3186800
2023-11-29,29.10698699951172,29.780000686645508,30.25,29.719999313354492,30.100000381469727,21396400
2023-11-30,29.30735206604004,29.985000610351562,30.030000686645508,29.584999084472656,29.875,5214600
2023-12-01,29.64455795288086,30.329999923706055,30.405000686645508,29.81999969482422,29.899999618530273,11189800
2023-12-04,29.326900482177734,30.0049991607666,30.040000915527344,29.700000762939453,29.864999771118164,5375400
2023-12-05,29.317129135131836,29.9950008392334,30.114999771118164,29.764999389648438,29.809999465942383,4670000
2023-12-06,29.072778701782227,29.7450008392334,30.280000686645508,29.684999465942383,30.270000457763672,5286800
2023-12-07,29.49795150756836,30.18000030517578,30.264999389648438,29.934999465942383,30.0,3926600
2023-12-08,29.742300033569336,30.43000030517578,30.5049991607666,30.045000076293945,30.084999084472656,6300600
2023-12-11,29.97687530517578,30.670000076293945,30.69499969482422,30.31999969482422,30.364999771118164,5828400
2023-12-12,30.250545501708984,30.950000762939453,30.954999923706055,30.479999542236328,30.614999771118164,3551800
2023-12-13,31.06178855895996,31.780000686645508,31.825000762939453,30.934999465942383,30.9950008392334,5526400
2023-12-14,31.267040252685547,31.989999771118164,32.209999084472656,31.610000610351562,32.05500030517578,6905000
2023-12-15,31.144868850708008,31.864999771118164,32.040000915527344,31.75,31.885000228881836,5266400
2023-12-18,31.501623153686523,32.22999954223633,32.349998474121094,32.060001373291016,32.08000183105469,3927800
2023-12-19,31.873031616210938,32.61000061035156,32.6150016784668,32.290000915527344,32.290000915527344,3969000
2023-12-20,30.927148818969727,31.584999084472656,32.68000030517578,31.575000762939453,32.42499923706055,9008400
2023-12-21,31.534236907958984,32.20500183105469,32.25,31.69499969482422,32.025001525878906,6200600
2023-12-22,31.661529541015625,32.334999084472656,32.57500076293945,32.07500076293945,32.369998931884766,6087200
2023-12-26,31.90632438659668,32.584999084472656,32.724998474121094,32.380001068115234,32.39500045776367,3475600
2023-12-27,32.02382278442383,32.70500183105469,32.73500061035156,32.5,32.56999969482422,4238000
2023-12-28,32.02872085571289,32.709999084472656,32.83000183105469,32.665000915527344,32.7400016784668,3133600
2023-12-29,31.85736083984375,32.53499984741211,32.755001068115234,32.244998931884766,32.685001373291016,4730400
2024-01-02,31.480382919311523,32.150001525878906,32.28499984741211,31.854999542236328,32.084999084472656,6798800
2024-01-03,30.956523895263672,31.614999771118164,31.94499969482422,31.53499984741211,31.844999313354492,8747200
2024-01-04,30.74110984802246,31.395000457763672,31.885000228881836,31.364999771118164,31.53499984741211,5561600
2024-01-05,30.819440841674805,31.475000381469727,31.809999465942383,31.270000457763672,31.40999984741211,17652600
2024-01-08,31.695802688598633,32.369998931884766,32.38999938964844,31.524999618530273,31.530000686645508,6585200
2024-01-09,31.583202362060547,32.255001068115234,32.404998779296875,31.920000076293945,31.9950008392334,13003400
2024-01-10,31.940593719482422,32.619998931884766,32.7400016784668,32.2599983215332,32.29999923706055,4516000
2024-01-11,31.896528244018555,32.57500076293945,32.810001373291016,32.01499938964844,32.744998931884766,6901800
2024-01-12,31.921003341674805,32.599998474121094,32.875,32.415000915527344,32.7599983215332,7079400
2024-01-16,31.68111801147461,32.35499954223633,32.59000015258789,32.10499954223633,32.404998779296875,15274400
2024-01-17,31.328615188598633,31.9950008392334,32.060001373291016,31.665000915527344,31.934999465942383,7157400
2024-01-18,31.86714744567871,32.54499816894531,32.619998931884766,32.0,32.20500183105469,6173000
2024-01-19,32.650489807128906,33.345001220703125,33.38999938964844,32.60499954223633,32.70500183105469,13635400
2024-01-22,32.78757858276367,33.48500061035156,33.72999954223633,33.39500045776367,33.55500030517578,6771600
2024-01-23,32.98830795288086,33.689998626708984,33.709999084472656,33.400001525878906,33.564998626708984,3602200
2024-01-24,33.03236770629883,33.73500061035156,34.209999084472656,33.69499969482422,34.06999969482422,12191600
2024-01-25,33.389766693115234,34.099998474121094,34.130001068115234,33.73500061035156,34.025001525878906,4718400
2024-01-26,33.301639556884766,34.0099983215332,34.23500061035156,33.880001068115234,34.03499984741211,4670400
2024-01-29,33.810813903808594,34.529998779296875,34.54499816894531,33.959999084472656,34.040000915527344,5524600
2024-01-30,33.74226760864258,34.459999084472656,34.56999969482422,34.36000061035156,34.42499923706055,9505200
2024-01-31,32.650489807128906,33.345001220703125,34.20500183105469,33.34000015258789,34.150001525878906,10327000
2024-02-01,33.482791900634766,34.19499969482422,34.19499969482422,33.44499969482422,33.55500030517578,7959800
2024-02-02,34.17311096191406,34.900001525878906,35.13999938964844,34.20500183105469,34.25,8411200
2024-02-05,33.92341995239258,34.64500045776367,34.8650016784668,34.31999969482422,34.80500030517578,16593600
2024-02-06,34.10456085205078,34.83000183105469,34.880001068115234,34.564998626708984,34.775001525878906,4287000
2024-02-07,34.66269302368164,35.400001525878906,35.470001220703125,35.029998779296875,35.15999984741211,5001400
2024-02-08,34.69206619262695,35.43000030517578,35.47999954223633,35.28499984741211,35.38999938964844,3607800
2024-02-09,35.088626861572266,35.834999084472656,35.88999938964844,35.44499969482422,35.505001068115234,4590000
2024-02-12,35.03477478027344,35.779998779296875,36.14500045776367,35.689998626708984,35.82500076293945,4206800
2024-02-13,34.07518005371094,34.79999923706055,35.04999923706055,34.314998626708984,34.8650016784668,13042800
2024-02-14,34.682273864746094,35.41999816894531,35.4900016784668,34.834999084472656,35.16999816894531,6200000
2024-02-15,35.13758850097656,35.8849983215332,35.904998779296875,35.43000030517578,35.5,5811400
2024-02-16,34.78019714355469,35.52000045776367,35.994998931884766,35.41999816894531,35.845001220703125,10679200
2024-02-20,34.3983154296875,35.130001068115234,35.35499954223633,34.79499816894531,35.26499938964844,6075400
2024-02-21,34.44237518310547,35.17499923706055,35.20000076293945,34.65999984741211,34.92499923706055,4900000
2024-02-22,35.85728454589844,36.619998931884766,36.75,35.98500061035156,36.119998931884766,6803400
2024-02-23,35.90134811401367,36.665000915527344,36.9900016784668,36.55500030517578,36.86000061035156,4832400
2024-02-26,35.63207244873047,36.38999938964844,36.779998779296875,36.3650016784668,36.71500015258789,11585600
2024-02-27,35.74467849731445,36.505001068115234,36.540000915527344,36.20000076293945,36.474998474121094,3226000
2024-02-28,35.636962890625,36.39500045776367,36.494998931884766,36.220001220703125,36.275001525878906,2801200
2024-02-29,35.88175964355469,36.64500045776367,36.8849983215332,36.2599983215332,36.65999984741211,5872800
2024-03-01,36.55249786376953,37.33000183105469,37.38999938964844,36.71500015258789,36.76499938964844,4968400
2024-03-04,36.4545783996582,37.22999954223633,37.51499938964844,37.20500183105469,37.209999084472656,7078000
2024-03-05,35.72998809814453,36.4900016784668,37.0,36.15999984741211,36.935001373291016,5765600
2024-03-06,36.08738708496094,36.85499954223633,37.185001373291016,36.665000915527344,36.970001220703125,5005000
2024-03-07,36.79728698730469,37.58000183105469,37.724998474121094,37.189998626708984,37.31999969482422,4511000
2024-03-08,36.35176467895508,37.125,38.060001373291016,37.025001525878906,37.65999984741211,9179600
2024-03-11,36.268531799316406,37.040000915527344,37.119998931884766,36.6349983215332,36.915000915527344,5286400
2024-03-12,37.04207992553711,37.83000183105469,37.90999984741211,36.970001220703125,37.334999084472656,5351600
2024-03-13,36.929473876953125,37.71500015258789,37.88999938964844,37.494998931884766,37.86000061035156,3832400
2024-03-14,36.743431091308594,37.525001525878906,37.849998474121094,37.07500076293945,37.81999969482422,6653800
2024-03-15,36.23426055908203,37.005001068115234,37.279998779296875,36.79499816894531,37.060001373291016,6918000
2024-03-18,36.67489242553711,37.45500183105469,37.81999969482422,37.3849983215332,37.599998474121094,4954200
2024-03-19,37.08124542236328,37.869998931884766,37.88999938964844,37.189998626708984,37.32500076293945,4193800
2024-03-20,37.73295211791992,38.44499969482422,38.470001220703125,37.65999984741211,37.77000045776367,5864000
2024-03-21,37.95378494262695,38.66999816894531,38.970001220703125,38.64500045776367,38.869998931884766,4521600
2024-03-22,37.84090805053711,38.55500030517578,38.7400016784668,38.494998931884766,38.665000915527344,8444400
2024-03-25,37.61517333984375,38.32500076293945,38.48500061035156,38.290000915527344,38.314998626708984,2787200
2024-03-26,37.443416595458984,38.150001525878906,38.56999969482422,38.11000061035156,38.52000045776367,3704200
2024-03-27,38.07155990600586,38.790000915527344,38.790000915527344,38.23500061035156,38.564998626708984,5337600
2024-03-28,38.0421028137207,38.7599983215332,38.97999954223633,38.720001220703125,38.78499984741211,3953200
2024-04-01,37.90961456298828,38.625,38.94499969482422,38.439998626708984,38.8650016784668,5077000
2024-04-02,37.404151916503906,38.11000061035156,38.1349983215332,37.76499938964844,38.02000045776367,12428800
2024-04-03,37.487579345703125,38.19499969482422,38.415000915527344,37.935001373291016,37.939998626708984,4633000
2024-04-04,36.53554153442383,37.224998474121094,38.82500076293945,37.19499969482422,38.775001525878906,10313400
2024-04-05,37.30600357055664,38.0099983215332,38.29999923706055,37.369998931884766,37.435001373291016,7935000
2024-04-08,37.330543518066406,38.03499984741211,38.255001068115234,37.92499923706055,38.099998474121094,4520200
2024-04-09,37.4090576171875,38.1150016784668,38.334999084472656,37.400001525878906,38.310001373291016,7440600
2024-04-10,36.66313552856445,37.35499954223633,37.650001525878906,37.060001373291016,37.2599983215332,11411600
2024-04-11,37.19804763793945,37.900001525878906,38.11000061035156,37.03499984741211,37.55500030517578,13145400
2024-04-12,36.147865295410156,36.83000183105469,37.56999969482422,36.59000015258789,37.35499954223633,9455800
2024-04-15,35.23999786376953,35.904998779296875,37.474998474121094,35.790000915527344,37.459999084472656,12670000
2024-04-16,35.112403869628906,35.775001525878906,36.19499969482422,35.584999084472656,35.959999084472656,20225800
2024-04-17,34.6756477355957,35.33000183105469,36.14500045776367,35.13999938964844,36.125,10216800
2024-04-18,34.513702392578125,35.165000915527344,35.82500076293945,35.040000915527344,35.51499938964844,8174200
2024-04-19,33.91499710083008,34.55500030517578,35.30500030517578,34.375,35.15999984741211,9296800
2024-04-22,34.513702392578125,35.165000915527344,35.564998626708984,34.59000015258789,34.91999816894531,7083600
2024-04-23,35.35285949707031,36.02000045776367,36.07500076293945,35.400001525878906,35.474998474121094,14201400
2024-04-24,35.30869674682617,35.974998474121094,36.25,35.654998779296875,36.1349983215332,6206000
2024-04-25,34.99953079223633,35.65999984741211,35.790000915527344,34.83000183105469,35.060001373291016,9008600
2024-04-26,35.68165969848633,36.35499954223633,36.58000183105469,35.994998931884766,36.08000183105469,12429400
2024-04-29,35.91721725463867,36.595001220703125,36.70000076293945,36.20500183105469,36.595001220703125,4769400
2024-04-30,34.77870178222656,35.435001373291016,36.525001525878906,35.435001373291016,36.380001068115234,6417200
2024-05-01,34.54313659667969,35.19499969482422,36.30500030517578,35.1349983215332,35.34000015258789,8753400
2024-05-02,35.1663818359375,35.83000183105469,35.95500183105469,35.064998626708984,35.720001220703125,8904800
2024-05-03,36.049713134765625,36.72999954223633,36.89500045776367,36.34000015258789,36.689998626708984,6367200
2024-05-06,36.78091812133789,37.474998474121094,37.474998474121094,37.0099983215332,37.08000183105469,4082200
2024-05-07,36.854530334472656,37.54999923706055,37.755001068115234,37.45500183105469,37.61000061035156,5665400
2024-05-08,36.85943603515625,37.55500030517578,37.625,37.255001068115234,37.27000045776367,3651800
2024-05-09,37.25202941894531,37.95500183105469,37.970001220703125,37.459999084472656,37.564998626708984,3503800
2024-05-10,37.359981536865234,38.064998626708984,38.314998626708984,37.875,38.20500183105469,4993200
2024-05-13,37.359981536865234,38.064998626708984,38.310001373291016,37.89500045776367,38.30500030517578,3402000
2024-05-14,37.6789665222168,38.38999938964844,38.470001220703125,38.0,38.07500076293945,3321400
2024-05-15,38.60647201538086,39.334999084472656,39.3849983215332,38.66999816894531,38.77000045776367,4573400
2024-05-16,38.42489242553711,39.150001525878906,39.58000183105469,39.13999938964844,39.34000015258789,4376400
2024-05-17,38.547576904296875,39.275001525878906,39.275001525878906,38.959999084472656,39.16999816894531,10337800
2024-05-20,38.621185302734375,39.349998474121094,39.56999969482422,39.224998474121094,39.275001525878906,3549200
2024-05-21,38.7978515625,39.529998779296875,39.560001373291016,39.20000076293945,39.22999954223633,3001400
2024-05-22,38.55739212036133,39.28499984741211,39.525001525878906,38.970001220703125,39.42499923706055,4341800
2024-05-23,37.98323059082031,38.70000076293945,39.75,38.51499938964844,39.7400016784668,7803200
2024-05-24,38.48868179321289,39.21500015258789,39.32500076293945,38.83000183105469,38.974998474121094,4472000
2024-05-28,38.52303695678711,39.25,39.349998474121094,38.849998474121094,39.31999969482422,17183000
2024-05-29,37.973411560058594,38.689998626708984,38.875,38.584999084472656,38.625,6088800
2024-05-30,37.458133697509766,38.165000915527344,38.54999923706055,37.98500061035156,38.45500183105469,4909800
2024-05-31,38.115718841552734,38.834999084472656,38.880001068115234,37.53499984741211,38.29999923706055,7123800
2024-06-03,38.17461395263672,38.89500045776367,39.10499954223633,38.13999938964844,39.084999084472656,7263200
2024-06-04,38.248226165771484,38.970001220703125,39.095001220703125,38.474998474121094,38.70500183105469,4278600
2024-06-05,39.17081832885742,39.90999984741211,39.90999984741211,39.03499984741211,39.314998626708984,5337200
2024-06-06,39.15119171142578,39.88999938964844,40.0099983215332,39.595001220703125,39.95000076293945,2979800
2024-06-07,39.028499603271484,39.76499938964844,40.20500183105469,39.55500030517578,39.72999954223633,4381600
2024-06-10,39.26405715942383,40.005001068115234,40.064998626708984,39.55500030517578,39.63999938964844,2863000
2024-06-11,39.44072341918945,40.185001373291016,40.209999084472656,39.46500015258789,39.775001525878906,2989200
2024-06-12,40.09830856323242,40.85499954223633,41.2599983215332,40.70000076293945,40.900001525878906,6151000
2024-06-13,40.235721588134766,40.994998931884766,41.1349983215332,40.584999084472656,41.1150016784668,4458400
2024-06-14,40.265159606933594,41.025001525878906,41.040000915527344,40.599998474121094,40.755001068115234,3521400
2024-06-17,40.898216247558594,41.66999816894531,41.8849983215332,40.85499954223633,40.92499923706055,3729400
2024-06-18,41.099422454833984,41.875,41.900001525878906,41.619998931884766,41.67499923706055,3234200
2024-06-20,40.85896301269531,41.630001068115234,42.119998931884766,41.369998931884766,42.02000045776367,5518800
2024-06-21,40.68229675292969,41.45000076293945,41.689998626708984,41.290000915527344,41.5,3923200
2024-06-24,40.446739196777344,41.209999084472656,41.875,41.209999084472656,41.474998474121094,4758000
2024-06-25,40.78043746948242,41.54999923706055,41.599998474121094,41.19499969482422,41.415000915527344,3938000
2024-06-26,40.874393463134766,41.54999923706055,41.654998779296875,41.165000915527344,41.26499938964844,3074000
2024-06-27,40.982601165771484,41.65999984741211,41.755001068115234,41.404998779296875,41.51499938964844,3221200
2024-06-28,40.62845230102539,41.29999923706055,42.2400016784668,41.130001068115234,41.7599983215332,5871600
2024-07-01,40.80552673339844,41.47999954223633,41.560001373291016,41.05500030517578,41.525001525878906,5280400
2024-07-02,41.33674621582031,42.02000045776367,42.025001525878906,41.21500015258789,41.224998474121094,3340800
2024-07-03,41.685977935791016,42.375,42.44499969482422,41.959999084472656,41.970001220703125,2671400
2024-07-05,42.17292785644531,42.869998931884766,42.91999816894531,42.31999969482422,42.415000915527344,3016000
2024-07-08,42.246707916259766,42.94499969482422,43.099998474121094,42.779998779296875,42.970001220703125,3397000
2024-07-09,42.320491790771484,43.02000045776367,43.224998474121094,42.97999954223633,43.08000183105469,3037600
2024-07-10,43.15174865722656,43.8650016784668,43.91999816894531,43.165000915527344,43.209999084472656,3320200
2024-07-11,42.38442611694336,43.084999084472656,44.0099983215332,43.0,43.880001068115234,5847800
2024-07-12,42.90089416503906,43.61000061035156,44.19499969482422,43.20500183105469,43.2599983215332,4651600
2024-07-15,43.1320686340332,43.845001220703125,44.3650016784668,43.560001373291016,43.935001373291016,6924000
2024-07-16,43.64853286743164,44.369998931884766,44.40999984741211,43.935001373291016,44.060001373291016,4272200
2024-07-17,42.40409851074219,43.10499954223633,43.665000915527344,43.060001373291016,43.40999984741211,5298200
2024-07-18,41.744998931884766,42.435001373291016,43.5,42.099998474121094,43.349998474121094,6713000
2024-07-19,41.1744270324707,41.85499954223633,42.6349983215332,41.689998626708984,42.375,5996000
2024-07-22,42.020442962646484,42.71500015258789,42.80500030517578,42.15999984741211,42.459999084472656,5703400
2024-07-23,41.87288284301758,42.564998626708984,43.02000045776367,42.4900016784668,42.685001373291016,4657200
2024-07-24,39.954593658447266,40.6150016784668,41.845001220703125,40.48500061035156,41.79999923706055,9923400
2024-07-25,39.526668548583984,40.18000030517578,41.560001373291016,40.05500030517578,40.6349983215332,9078800
2024-07-26,40.38251495361328,41.04999923706055,41.48500061035156,40.63999938964844,40.755001068115234,18313600
2024-07-29,40.456298828125,41.125,41.45500183105469,40.810001373291016,41.30500030517578,3129600
2024-07-30,40.02345657348633,40.685001373291016,41.4900016784668,40.15999984741211,41.334999084472656,5617200
2024-07-31,41.25804138183594,41.939998626708984,42.40999984741211,41.51499938964844,41.720001220703125,6669000
2024-08-01,40.14149856567383,40.80500030517578,42.61000061035156,40.26499938964844,42.2599983215332,10633600
2024-08-02,38.63146209716797,39.27000045776367,39.880001068115234,38.619998931884766,39.70000076293945,12113400
2024-08-05,36.3590202331543,36.959999084472656,37.880001068115234,35.915000915527344,36.125,22889400
2024-08-06,37.037803649902344,37.650001525878906,38.724998474121094,37.040000915527344,37.220001220703125,9921600
2024-08-07,36.516414642333984,37.119998931884766,38.994998931884766,37.04499816894531,38.560001373291016,5993000
2024-08-08,38.19862365722656,38.83000183105469,38.935001373291016,37.595001220703125,37.8849983215332,4703000
2024-08-09,38.523250579833984,39.15999984741211,39.3849983215332,38.525001525878906,38.70000076293945,3958200
2024-08-12,38.547847747802734,39.185001373291016,39.55500030517578,38.86000061035156,39.334999084472656,3453400
2024-08-13,39.82670974731445,40.48500061035156,40.5099983215332,39.63999938964844,39.67499923706055,3965000
2024-08-14,40.0726432800293,40.73500061035156,40.90999984741211,40.189998626708984,40.599998474121094,3374200
2024-08-15,41.44002914428711,42.125,42.15999984741211,41.494998931884766,41.595001220703125,4559800
2024-08-16,41.58268356323242,42.27000045776367,42.3849983215332,41.81999969482422,41.845001220703125,4740800
2024-08-19,42.37459182739258,43.07500076293945,43.08000183105469,42.20500183105469,42.334999084472656,3348800
2024-08-20,42.2319450378418,42.93000030517578,43.27000045776367,42.724998474121094,43.0,3345200
2024-08-21,42.53199005126953,43.23500061035156,43.45500183105469,42.84000015258789,43.095001220703125,2714000
2024-08-22,41.84336471557617,42.53499984741211,43.6150016784668,42.345001220703125,43.52000045776367,4427400
2024-08-23,42.699222564697266,43.404998779296875,43.564998626708984,42.68000030517578,43.029998779296875,4017000
2024-08-26,42.48772048950195,43.189998626708984,43.685001373291016,42.94499969482422,43.56999969482422,4035000
2024-08-27,42.60576629638672,43.310001373291016,43.38999938964844,42.810001373291016,42.9900016784668,5737400
2024-08-28,42.108978271484375,42.80500030517578,43.31999969482422,42.29499816894531,43.25,3594200
2024-08-29,42.08930969238281,42.78499984741211,43.60499954223633,42.619998931884766,43.099998474121094,4767400
2024-08-30,42.866458892822266,43.57500076293945,43.665000915527344,42.584999084472656,43.13999938964844,4112600
2024-09-03,41.10556411743164,41.78499984741211,43.130001068115234,41.3849983215332,43.07500076293945,11234200
2024-09-04,40.908817291259766,41.584999084472656,42.119998931884766,41.380001068115234,41.47999954223633,6098400
2024-09-05,40.71206283569336,41.3849983215332,42.01499938964844,41.0099983215332,41.57500076293945,5145200
2024-09-06,39.33975601196289,39.9900016784668,41.66999816894531,39.834999084472656,41.41999816894531,8532400
2024-09-09,40.19069290161133,40.85499954223633,41.04999923706055,40.314998626708984,40.59000015258789,4658600
2024-09-10,40.539913177490234,41.209999084472656,41.26499938964844,40.40999984741211,41.150001525878906,3921800
2024-09-11,41.34657669067383,42.029998779296875,42.189998626708984,39.875,41.189998626708984,6438800
2024-09-12,42.05487060546875,42.75,42.79499816894531,41.790000915527344,42.1349983215332,4945000
2024-09-13,42.463130950927734,43.165000915527344,43.33000183105469,42.78499984741211,42.82500076293945,4616000
2024-09-16,42.59592819213867,43.29999923706055,43.34000015258789,42.845001220703125,43.125,2466000
2024-09-17,42.62544250488281,43.33000183105469,43.86000061035156,42.97999954223633,43.63999938964844,4926000
2024-09-18,42.34507369995117,43.04499816894531,44.18000030517578,42.974998474121094,43.41999816894531,7338400
2024-09-19,43.79117202758789,44.51499938964844,44.810001373291016,44.084999084472656,44.529998779296875,5450200
2024-09-20,43.59442901611328,44.314998626708984,44.5099983215332,43.869998931884766,44.28499984741211,4138800
2024-09-23,43.820682525634766,44.54499816894531,44.665000915527344,44.314998626708984,44.5099983215332,4071000
2024-09-24,44.07154083251953,44.79999923706055,44.814998626708984,44.22999954223633,44.68000030517578,3563200
2024-09-25,43.87194061279297,44.5099983215332,44.80500030517578,44.345001220703125,44.689998626708984,2599000
2024-09-26,44.21200180053711,44.85499954223633,45.23500061035156,44.48500061035156,45.189998626708984,3992600
2024-09-27,44.05921936035156,44.70000076293945,45.130001068115234,44.54999923706055,45.01499938964844,3907200
2024-09-30,44.43870162963867,45.084999084472656,45.14500045776367,44.18000030517578,44.540000915527344,5564200
2024-10-01,43.61073303222656,44.244998931884766,45.0,43.83000183105469,44.9900016784668,8203600
2024-10-02,43.63045883178711,44.26499938964844,44.435001373291016,43.709999084472656,44.09000015258789,4015000
2024-10-03,43.46781921386719,44.099998474121094,44.40999984741211,43.744998931884766,44.040000915527344,4366600
2024-10-04,44.22677993774414,44.869998931884766,44.94499969482422,44.14500045776367,44.78499984741211,4628600
2024-10-07,43.44318389892578,44.07500076293945,44.70500183105469,43.880001068115234,44.6150016784668,5161800
2024-10-08,44.24156951904297,44.8849983215332,44.97999954223633,44.32500076293945,44.45500183105469,3536000
2024-10-09,44.837894439697266,45.4900016784668,45.59000015258789,44.790000915527344,44.8849983215332,3457600
2024-10-10,44.690040588378906,45.34000015258789,45.560001373291016,45.08000183105469,45.279998779296875,3696800
2024-10-11,45.177947998046875,45.834999084472656,45.96500015258789,45.279998779296875,45.29499816894531,4588000
2024-10-14,45.9221305847168,46.59000015258789,46.744998931884766,46.05500030517578,46.099998474121094,3564800
2024-10-15,45.20259094238281,45.86000061035156,46.68000030517578,45.68000030517578,46.6349983215332,4199600
2024-10-16,45.58207321166992,46.244998931884766,46.334999084472656,45.72999954223633,45.86000061035156,2584200
2024-10-17,45.577144622802734,46.2400016784668,46.849998474121094,46.22999954223633,46.83000183105469,4090800
2024-10-18,45.912269592285156,46.58000183105469,46.71500015258789,46.279998779296875,46.51499938964844,2812800
2024-10-21,45.76934814453125,46.435001373291016,46.619998931884766,45.939998626708984,46.46500015258789,3795800
2024-10-22,45.700355529785156,46.3650016784668,46.54999923706055,45.904998779296875,46.0099983215332,3114200
2024-10-23,44.847747802734375,45.5,46.095001220703125,44.94499969482422,46.025001525878906,5148200
2024-10-24,45.03502655029297,45.689998626708984,45.82500076293945,45.290000915527344,45.81999969482422,3457600
2024-10-25,45.00053405761719,45.654998779296875,46.505001068115234,45.4900016784668,46.04499816894531,4431000
2024-10-28,45.256805419921875,45.915000915527344,46.20500183105469,45.875,46.20000076293945,2587200
2024-10-29,45.394798278808594,46.05500030517578,46.2400016784668,45.53499984741211,45.7599983215332,2648000
2024-10-30,45.108951568603516,45.76499938964844,46.29999923706055,45.665000915527344,45.98500061035156,2683600
2024-10-31,43.329830169677734,43.959999084472656,45.08000183105469,43.939998626708984,45.064998626708984,6533400
2024-11-01,43.67974090576172,44.314998626708984,45.02000045776367,44.2599983215332,44.3650016784668,5421800
2024-11-04,43.492462158203125,44.125,44.540000915527344,43.81999969482422,44.33000183105469,4335200
2024-11-05,44.5323371887207,45.18000030517578,45.18000030517578,44.22999954223633,44.27000045776367,4392200
2024-11-06,46.740230560302734,47.41999816894531,47.560001373291016,46.540000915527344,47.14500045776367,8275600
2024-11-07,47.454833984375,48.14500045776367,48.310001373291016,47.7400016784668,47.744998931884766,4230000
2024-11-08,47.849098205566406,48.54499816894531,48.76499938964844,48.209999084472656,48.209999084472656,2462200
2024-11-11,47.91809844970703,48.6150016784668,48.849998474121094,48.34000015258789,48.80500030517578,5364000
2024-11-12,47.61254119873047,48.30500030517578,48.70000076293945,47.904998779296875,48.599998474121094,4007400
2024-11-13,47.661827087402344,48.35499954223633,48.685001373291016,48.0,48.3849983215332,3186200
2024-11-14,47.031002044677734,47.71500015258789,48.439998626708984,47.61000061035156,48.3650016784668,4680000
2024-11-15,45.79891586303711,46.46500015258789,47.189998626708984,46.17499923706055,47.119998931884766,5830000
2024-11-18,46.183326721191406,46.85499954223633,47.064998626708984,46.404998779296875,46.54999923706055,3872600
2024-11-19,46.49381637573242,47.16999816894531,47.29999923706055,46.185001373291016,46.290000915527344,3959200
2024-11-20,46.52831268310547,47.20500183105469,47.25,46.26499938964844,47.189998626708984,4514800
2024-11-21,47.0063591003418,47.689998626708984,47.935001373291016,46.71500015258789,47.65999984741211,4790000
2024-11-22,47.272483825683594,47.959999084472656,48.06999969482422,47.60499954223633,47.67499923706055,3575000
2024-11-25,47.58297348022461,48.275001525878906,48.82500076293945,47.92499923706055,48.619998931884766,4073200
2024-11-26,48.10044479370117,48.79999923706055,48.89500045776367,48.3849983215332,48.4900016784668,2794800
2024-11-27,47.77024841308594,48.46500015258789,48.79999923706055,48.22999954223633,48.75,3924200
2024-11-29,48.33208084106445,49.03499984741211,49.18000030517578,48.54999923706055,48.58000183105469,1410600
2024-12-02,48.514427185058594,49.220001220703125,49.33000183105469,49.03499984741211,49.1150016784668,2993400
2024-12-03,48.5390625,49.244998931884766,49.29999923706055,49.005001068115234,49.17499923706055,2455400
2024-12-04,49.13539123535156,49.849998474121094,49.89500045776367,49.42499923706055,49.529998779296875,3304000
2024-12-05,48.97276306152344,49.685001373291016,49.9900016784668,49.63999938964844,49.849998474121094,2465000
2024-12-06,49.15018081665039,49.8650016784668,50.060001373291016,49.72999954223633,49.790000915527344,3296000
2024-12-09,48.62284469604492,49.33000183105469,49.85499954223633,49.23500061035156,49.82500076293945,4204800
2024-12-10,48.33208084106445,49.03499984741211,49.48500061035156,48.915000915527344,49.43000030517578,2352200
2024-12-11,49.056541442871094,49.77000045776367,49.92499923706055,49.45000076293945,49.5,2177600
2024-12-12,48.5390625,49.244998931884766,49.709999084472656,49.244998931884766,49.6150016784668,2461000
2024-12-13,48.50457000732422,49.209999084472656,49.68000030517578,48.97999954223633,49.55500030517578,2557200
2024-12-16,48.89883804321289,49.61000061035156,49.775001525878906,49.36000061035156,49.48500061035156,2967400
2024-12-17,48.47500228881836,49.18000030517578,49.34000015258789,48.970001220703125,49.18000030517578,3015200
2024-12-18,45.68063735961914,46.345001220703125,49.53499984741211,46.17499923706055,49.13999938964844,8320800
2024-12-19,45.5525016784668,46.21500015258789,47.30500030517578,46.17499923706055,47.04999923706055,7121800
2024-12-20,46.58744812011719,47.26499938964844,48.02000045776367,45.685001373291016,45.81999969482422,8556400
2024-12-23,47.17791748046875,47.7400016784668,47.83000183105469,46.6150016784668,47.119998931884766,3973600
2024-12-24,48.176025390625,48.75,48.77000045776367,47.84000015258789,47.93000030517578,2264200
2024-12-26,48.18590545654297,48.7599983215332,48.959999084472656,48.244998931884766,48.470001220703125,3175800
2024-12-27,47.15815734863281,47.720001220703125,48.15999984741211,47.03499984741211,48.11000061035156,5103600
2024-12-30,46.071102142333984,46.619998931884766,47.18000030517578,46.02000045776367,46.57500076293945,4737800
2024-12-31,45.71040725708008,46.255001068115234,46.97999954223633,46.0099983215332,46.875,4029000
2025-01-02,45.46828079223633,46.0099983215332,47.04999923706055,45.369998931884766,46.779998779296875,6692000
2025-01-03,46.584983825683594,47.13999938964844,47.255001068115234,46.29499816894531,46.46500015258789,4027800
2025-01-06,47.138389587402344,47.70000076293945,48.3849983215332,47.415000915527344,47.81999969482422,4083000
2025-01-07,46.0760498046875,46.625,48.05500030517578,46.310001373291016,48.02000045776367,4533000
2025-01-08,46.16004180908203,46.709999084472656,46.89500045776367,46.040000915527344,46.6150016784668,4622600
2025-01-10,44.74687957763672,45.279998779296875,46.14500045776367,44.970001220703125,46.130001068115234,9081800
2025-01-13,44.885231018066406,45.41999816894531,45.46500015258789,44.470001220703125,44.529998779296875,3920800
2025-01-14,44.99394226074219,45.529998779296875,45.959999084472656,44.935001373291016,45.869998931884766,5705400
2025-01-15,46.619571685791016,47.17499923706055,47.36000061035156,46.6150016784668,46.79999923706055,4624600
2025-01-16,46.441688537597656,46.994998931884766,47.41999816894531,46.875,47.38999938964844,2693800
2025-01-17,47.32615280151367,47.88999938964844,48.185001373291016,47.59000015258789,47.810001373291016,3728400
2025-01-21,48.18590545654297,48.7599983215332,48.76499938964844,48.06999969482422,48.38999938964844,7236400
2025-01-22,48.70966720581055,49.290000915527344,49.529998779296875,49.150001525878906,49.224998474121094,3153800
2025-01-23,49.248252868652344,49.834999084472656,49.834999084472656,49.150001525878906,49.185001373291016,2630400
2025-01-24,48.94190216064453,49.525001525878906,49.98500061035156,49.345001220703125,49.83000183105469,4584400
2025-01-27,47.55344009399414,48.119998931884766,48.154998779296875,47.349998474121094,47.369998931884766,7305600
2025-01-28,48.353904724121094,48.93000030517578,49.064998626708984,47.775001525878906,48.30500030517578,4713000
2025-01-29,47.91908645629883,48.4900016784668,48.86000061035156,48.06999969482422,48.79999923706055,4072800
2025-01-30,48.41320037841797,48.9900016784668,49.244998931884766,48.310001373291016,48.83000183105469,6317200
2025-01-31,47.874610900878906,48.44499969482422,49.77000045776367,48.32500076293945,49.375,4699200
2025-02-03,47.22238540649414,47.78499984741211,48.189998626708984,46.625,46.96500015258789,7280000
2025-02-04,47.854854583740234,48.42499923706055,48.5,47.71500015258789,47.79499816894531,3254400
2025-02-05,48.230377197265625,48.80500030517578,48.834999084472656,47.90999984741211,48.23500061035156,2604000
2025-02-06,48.561431884765625,49.13999938964844,49.15999984741211,48.54499816894531,49.084999084472656,3444600
2025-02-07,47.65226364135742,48.220001220703125,49.415000915527344,48.11000061035156,49.209999084472656,4510600
2025-02-10,48.28472900390625,48.86000061035156,48.970001220703125,48.525001525878906,48.73500061035156,2016800
2025-02-11,48.33908462524414,48.915000915527344,49.02000045776367,48.470001220703125,48.48500061035156,1837400
2025-02-12,48.04261779785156,48.6150016784668,48.80500030517578,47.834999084472656,47.935001373291016,4392600
2025-02-13,49.0456657409668,49.630001068115234,49.665000915527344,48.58000183105469,48.78499984741211,7450600
2025-02-14,49.016021728515625,49.599998474121094,49.79999923706055,49.4900016784668,49.6349983215332,3615600
2025-02-18,49.27295684814453,49.86000061035156,49.8650016784668,49.3650016784668,49.775001525878906,3293600
2025-02-19,49.51506805419922,50.10499954223633,50.14500045776367,49.55500030517578,49.63999938964844,8643800
2025-02-20,49.09507751464844,49.68000030517578,49.880001068115234,49.130001068115234,49.869998931884766,3851000
2025-02-21,47.395320892333984,47.959999084472656,49.625,47.869998931884766,49.619998931884766,5301800
2025-02-24,46.945682525634766,47.505001068115234,48.43000030517578,47.38999938964844,48.26499938964844,11625000
2025-02-25,46.47134017944336,47.025001525878906,47.599998474121094,46.28499984741211,47.48500061035156,5163000
2025-02-26,46.49109649658203,47.04499816894531,47.86000061035156,46.64500045776367,47.29499816894531,4521400
2025-02-27,45.01864242553711,45.55500030517578,47.60499954223633,45.4900016784668,47.42499923706055,5008000
2025-02-28,46.38239669799805,46.935001373291016,47.03499984741211,45.125,45.61000061035156,4871600
2025-03-03,44.79134750366211,45.32500076293945,47.435001373291016,44.685001373291016,47.2599983215332,10618400
2025-03-04,43.69442367553711,44.21500015258789,45.525001525878906,43.494998931884766,44.665000915527344,6871200
2025-03-05,44.633235931396484,45.165000915527344,45.43000030517578,43.625,44.17499923706055,19684600
2025-03-06,43.05701446533203,43.56999969482422,44.70500183105469,43.13999938964844,43.974998474121094,6614000
2025-03-07,43.47700881958008,43.994998931884766,44.224998474121094,42.45000076293945,43.255001068115234,7943200
2025-03-10,41.17938232421875,41.66999816894531,43.02000045776367,40.88999938964844,42.72999954223633,7437200
2025-03-11,40.49750900268555,40.97999954223633,41.97999954223633,40.369998931884766,41.459999084472656,8951600
2025-03-12,40.902679443359375,41.38999938964844,42.0099983215332,40.619998931884766,41.869998931884766,6622400
2025-03-13,39.810691833496094,40.28499984741211,41.39500045776367,40.0099983215332,41.31999969482422,5627400
2025-03-14,41.41655731201172,41.90999984741211,42.060001373291016,40.86000061035156,40.93000030517578,5987200
2025-03-17,42.03913879394531,42.540000915527344,42.939998626708984,41.845001220703125,41.88999938964844,12023800
2025-03-18,41.14973449707031,41.63999938964844,42.22999954223633,41.34000015258789,42.20000076293945,4037400
2025-03-19,42.014427185058594,42.51499938964844,43.09000015258789,41.720001220703125,41.88999938964844,4943000
2025-03-20,41.80690383911133,42.30500030517578,43.025001525878906,41.84000015258789,41.939998626708984,5075600
2025-03-21,41.79702377319336,42.29499816894531,42.404998779296875,41.38999938964844,41.56999969482422,5570200
2025-03-24,43.26948165893555,43.78499984741211,43.94499969482422,43.209999084472656,43.30500030517578,5829400
2025-03-25,43.45724105834961,43.974998474121094,44.1349983215332,43.724998474121094,43.96500015258789,3258400
2025-03-26,42.450321197509766,42.875,44.01499938964844,42.64500045776367,43.869998931884766,4626600
2025-03-27,42.18794250488281,42.61000061035156,43.189998626708984,42.29999923706055,42.6349983215332,5754400
2025-03-28,40.4948844909668,40.900001525878906,42.470001220703125,40.79499816894531,42.35499954223633,5756200
2025-03-31,40.98003005981445,41.38999938964844,41.61000061035156,39.57500076293945,40.005001068115234,10132600
2025-04-01,41.242401123046875,41.654998779296875,41.935001373291016,40.56999969482422,41.119998931884766,6908800
2025-04-02,41.75230026245117,42.16999816894531,42.595001220703125,40.72999954223633,40.755001068115234,9364000
2025-04-03,37.77212142944336,38.150001525878906,39.689998626708984,38.040000915527344,39.27000045776367,10010600
2025-04-04,33.25233459472656,33.584999084472656,36.439998626708984,33.505001068115234,36.1349983215332,16705800
2025-04-07,33.118675231933594,33.45000076293945,35.89500045776367,30.420000076293945,31.389999389648438,23717400
2025-04-08,32.079078674316406,32.400001525878906,36.125,31.389999389648438,35.724998474121094,16782800
2025-04-09,38.09389877319336,38.474998474121094,38.834999084472656,31.899999618530273,31.950000762939453,32769200
2025-04-10,35.425594329833984,35.779998779296875,37.02000045776367,33.650001525878906,36.834999084472656,16187400
2025-04-11,36.638465881347656,37.005001068115234,37.36000061035156,35.130001068115234,35.53499984741211,8526800
2025-04-14,37.35132598876953,37.724998474121094,38.45000076293945,37.005001068115234,38.41999816894531,6363200
2025-04-15,37.163211822509766,37.53499984741211,38.290000915527344,37.415000915527344,37.80500030517578,5567200
2025-04-16,35.499855041503906,35.85499954223633,37.150001525878906,35.099998474121094,36.685001373291016,6858200
2025-04-17,35.569156646728516,35.92499923706055,36.57500076293945,35.58000183105469,36.08000183105469,5706200
2025-04-21,33.881046295166016,34.220001220703125,35.2599983215332,33.470001220703125,35.189998626708984,7094800
2025-04-22,35.593910217285156,35.95000076293945,36.25,34.904998779296875,35.03499984741211,8033600
2025-04-23,36.7176628112793,37.084999084472656,38.44499969482422,36.880001068115234,37.76499938964844,7827400
2025-04-24,38.24241256713867,38.625,38.7400016784668,37.084999084472656,37.25,5204600
2025-04-25,38.777069091796875,39.165000915527344,39.2400016784668,38.209999084472656,38.6349983215332,5776800
2025-04-28,38.826568603515625,39.21500015258789,39.584999084472656,38.380001068115234,39.290000915527344,4271200
2025-04-29,39.28201675415039,39.67499923706055,39.849998474121094,38.8849983215332,38.935001373291016,3080800
2025-04-30,39.29191589355469,39.685001373291016,39.994998931884766,37.849998474121094,38.71500015258789,5554000
2025-05-01,39.871124267578125,40.27000045776367,41.084999084472656,40.189998626708984,40.54999923706055,6503000
2025-05-02,41.014678955078125,41.42499923706055,41.685001373291016,40.814998626708984,41.16999816894531,4206400
2025-05-05,40.56913757324219,40.974998474121094,41.43000030517578,40.709999084472656,40.834999084472656,3008200
2025-05-06,39.88597106933594,40.28499984741211,40.939998626708984,40.01499938964844,40.15999984741211,3120400
2025-05-07,40.22755432128906,40.630001068115234,41.0,39.88999938964844,40.470001220703125,9438200
2025-05-08,40.7523078918457,41.15999984741211,41.93000030517578,40.70000076293945,41.20500183105469,4994800
2025-05-09,40.63844299316406,41.04499816894531,41.51499938964844,40.82500076293945,41.3650016784668,3393000
2025-05-12,43.30179977416992,43.73500061035156,43.75,42.89500045776367,43.540000915527344,5250600
2025-05-13,43.890907287597656,44.33000183105469,44.665000915527344,43.72999954223633,43.82500076293945,4961600
2025-05-14,43.980010986328125,44.41999816894531,44.64500045776367,44.125,44.474998474121094,4606400
2025-05-15,44.405757904052734,44.849998474121094,44.935001373291016,44.04999923706055,44.1150016784668,3401400
2025-05-16,44.95526123046875,45.404998779296875,45.45000076293945,44.66999816894531,44.959999084472656,3484600
2025-05-19,45.06416702270508,45.51499938964844,45.60499954223633,44.470001220703125,44.474998474121094,4438200
2025-05-20,44.727535247802734,45.17499923706055,45.369998931884766,44.69499969482422,45.224998474121094,3760600
2025-05-21,43.23249435424805,43.665000915527344,45.130001068115234,43.494998931884766,44.5,7427400
2025-05-22,43.23744201660156,43.66999816894531,44.20500183105469,43.42499923706055,43.61000061035156,5442400
2025-05-23,42.638431549072266,43.064998626708984,43.45500183105469,42.529998779296875,42.584999084472656,6035600
2025-05-27,44.39090347290039,44.834999084472656,44.86000061035156,43.83000183105469,44.084999084472656,4917200
2025-05-28,43.87605667114258,44.314998626708984,45.08000183105469,44.209999084472656,44.900001525878906,4353800
2025-05-29,44.20278549194336,44.64500045776367,45.130001068115234,44.05500030517578,45.11000061035156,4123800
2025-05-30,44.09387969970703,44.53499984741211,44.78499984741211,43.599998474121094,44.46500015258789,5676200
2025-06-02,44.574073791503906,45.02000045776367,45.040000915527344,43.880001068115234,44.279998779296875,3426200
2025-06-03,45.0938720703125,45.54499816894531,45.685001373291016,44.88999938964844,44.970001220703125,4417400
2025-06-04,45.04931640625,45.5,45.810001373291016,45.44499969482422,45.665000915527344,2083600
2025-06-05,44.5839729309082,45.029998779296875,45.96500015258789,44.744998931884766,45.76499938964844,4536400
2025-06-06,45.4948616027832,45.95000076293945,46.220001220703125,45.625,45.880001068115234,3101400
2025-06-09,45.56416320800781,46.02000045776367,46.275001525878906,45.8650016784668,46.040000915527344,3535000
2025-06-10,46.08891677856445,46.54999923706055,46.60499954223633,45.95000076293945,46.1150016784668,3618600
2025-06-11,45.826541900634766,46.28499984741211,46.849998474121094,45.96500015258789,46.709999084472656,4546800
2025-06-12,46.16317367553711,46.625,46.630001068115234,45.9900016784668,46.060001373291016,3678000
2025-06-13,45.11862564086914,45.56999969482422,46.31999969482422,45.345001220703125,45.80500030517578,7470800
2025-06-16,45.98000717163086,46.439998626708984,46.70500183105469,46.07500076293945,46.099998474121094,4284800
2025-06-17,45.187931060791016,45.63999938964844,46.279998779296875,45.52000045776367,46.04999923706055,3511000
2025-06-18,45.158226013183594,45.61000061035156,46.185001373291016,45.46500015258789,45.755001068115234,4436200
2025-06-20,44.91070556640625,45.36000061035156,46.165000915527344,45.154998779296875,45.994998931884766,4256200
2025-06-23,45.79188537597656,46.25,46.310001373291016,44.98500061035156,45.47999954223633,5676000
2025-06-24,46.801788330078125,47.27000045776367,47.435001373291016,46.755001068115234,46.89500045776367,4383800
2025-06-25,46.853878021240234,47.220001220703125,47.41999816894531,46.97999954223633,47.334999084472656,3109200
2025-06-26,47.58814239501953,47.959999084472656,48.0099983215332,47.40999984741211,47.5,2845000
2025-06-27,47.99496078491211,48.369998931884766,48.630001068115234,47.76499938964844,48.084999084472656,3852400
2025-06-30,48.481163024902344,48.86000061035156,49.064998626708984,48.41999816894531,48.779998779296875,4607800
2025-07-01,48.416664123535156,48.79499816894531,49.0,48.474998474121094,48.61000061035156,4896200
2025-07-02,48.85325622558594,49.23500061035156,49.244998931884766,48.650001525878906,48.7400016784668,2923000
2025-07-03,49.582557678222656,49.970001220703125,50.130001068115234,49.540000915527344,49.540000915527344,3015400
2025-07-07,48.873104095458984,49.255001068115234,49.76499938964844,48.790000915527344,49.665000915527344,3941200
2025-07-08,48.788761138916016,49.16999816894531,49.45500183105469,49.04999923706055,49.345001220703125,2868400
2025-07-09,49.36426544189453,49.75,49.8650016784668,49.2599983215332,49.54999923706055,3723800
2025-07-10,49.647056579589844,50.03499984741211,50.20000076293945,49.584999084472656,49.775001525878906,2116200
2025-07-11,49.26007843017578,49.64500045776367,49.849998474121094,49.33000183105469,49.52000045776367,2447600
2025-07-14,49.433719635009766,49.81999969482422,49.88999938964844,49.35499954223633,49.564998626708984,3272600
2025-07-15,48.997135162353516,49.380001068115234,50.30500030517578,49.380001068115234,50.2599983215332,5094800
2025-07-16,49.329532623291016,49.71500015258789,49.80500030517578,48.7400016784668,49.654998779296875,4619800
2025-07-17,49.93976974487305,50.33000183105469,50.380001068115234,49.724998474121094,49.7400016784668,2258200
2025-07-18,49.84054183959961,50.22999954223633,50.5099983215332,50.04999923706055,50.5,2863200
2025-07-21,50.01914596557617,50.40999984741211,50.85499954223633,50.334999084472656,50.40999984741211,2505400
2025-07-22,50.02906799316406,50.41999816894531,50.540000915527344,49.98500061035156,50.45000076293945,5568200
2025-07-23,50.867515563964844,51.26499938964844,51.26499938964844,50.54999923706055,50.845001220703125,3374000
2025-07-24,50.912166595458984,51.310001373291016,51.564998626708984,51.220001220703125,51.31999969482422,2293400
2025-07-25,51.29418182373047,51.69499969482422,51.78499984741211,51.34000015258789,51.3849983215332,8142600
2025-07-28,51.2644157409668,51.665000915527344,51.845001220703125,51.45000076293945,51.7599983215332,3046600
2025-07-29,50.98162841796875,51.380001068115234,51.935001373291016,51.2400016784668,51.89500045776367,3526000
2025-07-30,50.867515563964844,51.26499938964844,51.76499938964844,50.779998779296875,51.494998931884766,8596000
2025-07-31,50.4458122253418,50.84000015258789,52.11000061035156,50.64500045776367,52.04499816894531,4233000
2025-08-01,48.77387237548828,49.154998779296875,49.904998779296875,48.78499984741211,49.900001525878906,8160000
2025-08-04,50.242401123046875,50.6349983215332,50.650001525878906,49.775001525878906,49.78499984741211,5055200
2025-08-05,49.751243591308594,50.13999938964844,50.875,49.98500061035156,50.75,3340600
2025-08-06,50.48054122924805,50.875,51.0,50.154998779296875,50.290000915527344,3231200
2025-08-07,50.41108322143555,50.80500030517578,51.54999923706055,50.29499816894531,51.435001373291016,10660800
2025-08-08,51.150306701660156,51.54999923706055,51.63999938964844,51.029998779296875,51.07500076293945,2667400
2025-08-11,50.94193649291992,51.34000015258789,51.84000015258789,51.14500045776367,51.61000061035156,2599400
2025-08-12,52.02348327636719,52.43000030517578,52.459999084472656,51.4900016784668,51.724998474121094,2954400
2025-08-13,52.38069534301758,52.790000915527344,52.994998931884766,52.435001373291016,52.79499816894531,3049800
2025-08-14,52.38069534301758,52.790000915527344,52.89500045776367,52.369998931884766,52.439998626708984,5431000
2025-08-15,52.12270736694336,52.529998779296875,52.95000076293945,52.3650016784668,52.94499969482422,2626000
2025-08-18,52.07805633544922,52.48500061035156,52.584999084472656,52.30500030517578,52.41999816894531,3574400
2025-08-19,51.49263000488281,51.89500045776367,52.60499954223633,51.70000076293945,52.45000076293945,4963800
2025-08-20,51.214805603027344,51.6150016784668,51.8650016784668,50.78499984741211,51.82500076293945,10906400
2025-08-21,50.80302429199219,51.20000076293945,51.59000015258789,50.91999816894531,51.30500030517578,3669200
2025-08-22,52.32612228393555,52.73500061035156,52.939998626708984,51.45000076293945,51.529998779296875,6818200
2025-08-25,51.86968994140625,52.275001525878906,52.73500061035156,52.26499938964844,52.525001525878906,3091200
2025-08-26,52.28643035888672,52.69499969482422,52.7599983215332,52.125,52.220001220703125,2851600
2025-08-27,52.52457046508789,52.935001373291016,53.05500030517578,52.58000183105469,52.595001220703125,2783000
2025-08-28,52.87681579589844,53.290000915527344,53.38999938964844,52.720001220703125,53.03499984741211,2971400
2025-08-29,52.23185348510742,52.63999938964844,53.084999084472656,52.33000183105469,53.040000915527344,3477000
2025-09-02,51.443023681640625,51.845001220703125,51.869998931884766,50.970001220703125,51.38999938964844,5790800
2025-09-03,51.968910217285156,52.375,52.474998474121094,51.869998931884766,52.224998474121094,3694200
2025-09-04,52.827205657958984,53.2400016784668,53.26499938964844,52.34000015258789,52.505001068115234,2940000
2025-09-05,52.51960754394531,52.93000030517578,53.75,52.29999923706055,53.625,4443200
2025-09-08,52.767669677734375,53.18000030517578,53.349998474121094,52.939998626708984,53.15999984741211,3581000
2025-09-09,53.01076889038086,53.42499923706055,53.505001068115234,52.90999984741211,53.20000076293945,3173600
2025-09-10,53.31340408325195,53.72999954223633,54.099998474121094,53.459999084472656,53.96500015258789,3313200
2025-09-11,54.176658630371094,54.599998474121094,54.70500183105469,53.95000076293945,54.04499816894531,2927400
2025-09-12,54.11216354370117,54.53499984741211,54.83000183105469,54.470001220703125,54.584999084472656,5111200
2025-09-15,54.68766403198242,55.1150016784668,55.14500045776367,54.86000061035156,54.90999984741211,2478600
2025-09-16,54.52394485473633,54.95000076293945,55.255001068115234,54.83000183105469,55.19499969482422,2096600
2025-09-17,54.385032653808594,54.810001373291016,55.244998931884766,53.9900016784668,54.95500183105469,4051200
2025-09-18,54.9010009765625,55.33000183105469,55.755001068115234,54.994998931884766,55.25,2653600
2025-09-19,55.39216232299805,55.82500076293945,55.98500061035156,55.29499816894531,55.6150016784668,2456800
2025-09-22,55.918052673339844,56.35499954223633,56.43000030517578,55.564998626708984,55.564998626708984,2185800
2025-09-23,55.327667236328125,55.7599983215332,56.439998626708984,55.540000915527344,56.32500076293945,3591600
2025-09-24,54.93407440185547,55.27000045776367,55.85499954223633,55.04499816894531,55.84000015258789,3244200
2025-09-25,54.422203063964844,54.755001068115234,54.9900016784668,54.15999984741211,54.744998931884766,5159400
2025-09-26,55.0185546875,55.35499954223633,55.45500183105469,54.72999954223633,54.98500061035156,3839200
2025-09-29,55.32170104980469,55.65999984741211,55.91999816894531,55.3650016784668,55.790000915527344,3190600
2025-09-30,55.7242431640625,56.064998626708984,56.154998779296875,55.314998626708984,55.529998779296875,3556600
2025-10-01,56.11684036254883,56.459999084472656,56.6150016784668,55.54999923706055,55.564998626708984,4304800
2025-10-02,56.21623229980469,56.560001373291016,56.79499816894531,56.165000915527344,56.779998779296875,2896400
2025-10-03,56.20132064819336,56.54499816894531,57.130001068115234,56.380001068115234,56.68000030517578,3601000
2025-10-06,56.588951110839844,56.935001373291016,57.084999084472656,56.584999084472656,56.939998626708984,2823600
2025-10-07,56.17150115966797,56.51499938964844,57.16999816894531,56.27000045776367,57.099998474121094,3913600
2025-10-08,56.8225212097168,57.16999816894531,57.189998626708984,56.564998626708984,56.689998626708984,2768400
2025-10-09,56.489559173583984,56.834999084472656,57.30500030517578,56.5099983215332,57.2400016784668,4103200
2025-10-10,53.418338775634766,53.744998931884766,57.275001525878906,53.70000076293945,56.97999954223633,9195200
2025-10-13,55.03843688964844,55.375,55.6349983215332,54.845001220703125,54.97999954223633,5010400
2025-10-14,54.89928436279297,55.23500061035156,55.83000183105469,53.72999954223633,54.38999938964844,5524600
2025-10-15,55.36145782470703,55.70000076293945,56.55500030517578,54.67499923706055,55.97999954223633,12724600
2025-10-16,54.62099075317383,54.95500183105469,56.29499816894531,54.3650016784668,55.98500061035156,8218800
2025-10-17,55.19746017456055,55.53499984741211,55.76499938964844,54.5099983215332,54.72999954223633,7309600
2025-10-20,56.35041046142578,56.69499969482422,56.845001220703125,56.025001525878906,56.029998779296875,9536200
2025-10-21,56.3255615234375,56.66999816894531,56.970001220703125,56.48500061035156,56.71500015258789,3892600
2025-10-22,55.754058837890625,56.095001220703125,56.79499816894531,55.334999084472656,56.79499816894531,6843400
2025-10-23,56.365318298339844,56.709999084472656,56.900001525878906,56.08000183105469,56.125,3618600
2025-10-24,57.26979064941406,57.619998931884766,57.849998474121094,57.3849983215332,57.51499938964844,4459600
2025-10-27,58.626495361328125,58.98500061035156,59.04499816894531,58.470001220703125,58.584999084472656,4691800
2025-10-28,58.92964172363281,59.290000915527344,59.619998931884766,58.91999816894531,59.29499816894531,4437800
2025-10-29,58.96442794799805,59.32500076293945,59.744998931884766,58.564998626708984,59.56999969482422,8832400
2025-10-30,57.697174072265625,58.04999923706055,59.09000015258789,58.040000915527344,58.7400016784668,6866200
2025-10-31,58.02517318725586,58.380001068115234,58.904998779296875,57.915000915527344,58.900001525878906,9027200
2025-11-03,58.25873947143555,58.6150016784668,59.02000045776367,58.029998779296875,59.005001068115234,4125200
2025-11-04,56.88216018676758,57.22999954223633,58.0,57.084999084472656,57.345001220703125,5679800
2025-11-05,57.21512222290039,57.564998626708984,58.14500045776367,57.005001068115234,57.150001525878906,4305400
2025-11-06,55.977691650390625,56.31999969482422,57.54499816894531,56.06999969482422,57.38999938964844,7609600
2025-11-07,56.072113037109375,56.415000915527344,56.44499969482422,54.790000915527344,55.91999816894531,10488000
2025-11-10,57.80650329589844,58.15999984741211,58.29499816894531,57.095001220703125,57.474998474121094,5290600
2025-11-11,58.06989669799805,58.42499923706055,58.53499984741211,57.720001220703125,57.90999984741211,3299400
2025-11-12,58.12953186035156,58.48500061035156,58.7599983215332,58.08000183105469,58.75,3320200
2025-11-13,56.20132064819336,56.54499816894531,58.04999923706055,56.28499984741211,57.9900016784668,6733200
2025-11-14,56.15162658691406,56.494998931884766,57.125,55.040000915527344,55.39500045776367,9934000
2025-11-17,55.09807205200195,55.435001373291016,56.790000915527344,54.849998474121094,56.1150016784668,14279000
2025-11-18,54.17372131347656,54.505001068115234,55.33000183105469,53.79999923706055,54.810001373291016,15860000
2025-11-19,54.56135177612305,54.89500045776367,55.689998626708984,54.26499938964844,54.599998474121094,7387800
2025-11-20,52.886592864990234,53.209999084472656,57.040000915527344,53.119998931884766,56.599998474121094,5442400
2025-11-21,53.93021011352539,54.2599983215332,55.15999984741211,52.91999816894531,53.58000183105469,6211600
2025-11-24,55.52048873901367,55.86000061035156,56.08000183105469,54.68000030517578,54.86000061035156,3680000
2025-11-25,56.55416488647461,56.900001525878906,57.099998474121094,55.130001068115234,55.83000183105469,6729500
2025-11-26,57.29961013793945,57.650001525878906,58.0,57.16999816894531,57.33000183105469,3081300
2025-11-28,57.90589904785156,58.2599983215332,58.310001373291016,57.790000915527344,57.849998474121094,1850700
2025-12-01,57.37911605834961,57.72999954223633,58.189998626708984,57.470001220703125,57.47999954223633,3077500
2025-12-02,57.57790756225586,57.93000030517578,58.31999969482422,57.560001373291016,57.9900016784668,2328000
2025-12-03,57.95559310913086,58.310001373291016,58.4900016784668,57.61000061035156,57.77000045776367,2359000
2025-12-04,58.054988861083984,58.40999984741211,58.58000183105469,57.88999938964844,58.54999923706055,2570100
2025-12-05,58.22395324707031,58.58000183105469,59.060001373291016,58.400001525878906,58.560001373291016,2342300
2025-12-08,57.87607955932617,58.22999954223633,58.75,57.880001068115234,58.7400016784668,2219700
2025-12-09,57.78662872314453,58.13999938964844,58.52000045776367,58.04999923706055,58.150001525878906,2390100
2025-12-10,58.51219177246094,58.869998931884766,59.119998931884766,57.83000183105469,58.029998779296875,2710400
2025-12-11,58.790489196777344,59.150001525878906,59.15999984741211,57.959999084472656,58.459999084472656,2818400
2025-12-12,57.48845291137695,57.84000015258789,59.08000183105469,57.40999984741211,58.97999954223633,3545300
2025-12-15,57.319480895996094,57.66999816894531,58.52000045776367,57.41999816894531,58.52000045776367,3109300
2025-12-16,56.99148941040039,57.34000015258789,57.720001220703125,56.689998626708984,57.40999984741211,3512700
2025-12-17,55.719268798828125,56.060001373291016,57.59000015258789,56.040000915527344,57.5,3976300
2025-12-18,56.55416488647461,56.900001525878906,57.61000061035156,56.63999938964844,57.08000183105469,3251300
2025-12-19,57.55802536010742,57.90999984741211,57.9900016784668,57.22999954223633,57.2599983215332,2546400
2025-12-22,58.27365493774414,58.630001068115234,58.72999954223633,58.27000045776367,58.47999954223633,5741200
2025-12-23,58.77061080932617,59.130001068115234,59.189998626708984,58.45000076293945,58.459999084472656,2262600
2025-12-24,59.17493438720703,59.41999816894531,59.5099983215332,59.0,59.02000045776367,1460800
2025-12-26,59.135101318359375,59.380001068115234,59.619998931884766,59.209999084472656,59.45000076293945,1758800
2025-12-29,58.71683120727539,58.959999084472656,59.20000076293945,58.650001525878906,58.900001525878906,3097700
2025-12-30,58.557491302490234,58.79999923706055,59.08000183105469,58.7400016784668,58.88999938964844,1709700
2025-12-31,57.681121826171875,57.91999816894531,58.849998474121094,57.880001068115234,58.83000183105469,2623000
2026-01-02,57.86037826538086,58.099998474121094,58.7400016784668,57.540000915527344,58.540000915527344,5051200
2026-01-05,58.63716125488281,58.880001068115234,59.16999816894531,58.650001525878906,58.66999816894531,3408800
2026-01-06,59.32431411743164,59.56999969482422,59.650001525878906,58.869998931884766,58.88999938964844,7080800
2026-01-07,58.9359245300293,59.18000030517578,59.93000030517578,59.119998931884766,59.619998931884766,2058800
2026-01-08,58.886131286621094,59.130001068115234,59.33000183105469,58.79999923706055,59.040000915527344,2593900
2026-01-09,59.652957916259766,59.900001525878906,60.119998931884766,59.08000183105469,59.310001373291016,7065700
2026-01-12,59.832218170166016,60.08000183105469,60.2400016784668,59.310001373291016,59.310001373291016,2469300
2026-01-13,59.57328414916992,59.81999969482422,60.22999954223633,59.41999816894531,60.15999984741211,2606800
2026-01-14,59.015594482421875,59.2599983215332,59.470001220703125,58.52000045776367,59.349998474121094,4292500
2026-01-15,59.29444122314453,59.540000915527344,60.099998474121094,59.380001068115234,59.959999084472656,3008100
2026-01-16,59.17493438720703,59.41999816894531,59.869998931884766,59.15999984741211,59.779998779296875,2437000
2026-01-20,56.75495910644531,56.9900016784668,58.220001220703125,56.81999969482422,57.66999816894531,7592200
2026-01-21,58.039634704589844,58.279998779296875,58.86000061035156,57.08000183105469,57.31999969482422,5194800
2026-01-22,58.63716125488281,58.880001068115234,59.2599983215332,58.560001373291016,59.040000915527344,3088800
2026-01-23,58.657081604003906,58.900001525878906,59.209999084472656,58.560001373291016,58.7400016784668,3182700
2026-01-26,59.26456069946289,59.5099983215332,59.7400016784668,59.040000915527344,59.119998931884766,2695600
2026-01-27,59.74258804321289,59.9900016784668,60.150001525878906,59.650001525878906,59.75,1899500
2026-01-28,59.70275115966797,59.95000076293945,60.369998931884766,59.70000076293945,60.2400016784668,2895500
2026-01-29,59.43386459350586,59.68000030517578,60.209999084472656,58.119998931884766,60.099998474121094,3578200
2026-01-30,59.04547119140625,59.290000915527344,59.709999084472656,58.4900016784668,59.290000915527344,9207800
2026-02-02,59.66291427612305,59.90999984741211,60.15999984741211,58.869998931884766,58.900001525878906,4491100
2026-02-03,58.627201080322266,58.869998931884766,60.16999816894531,57.939998626708984,60.04999923706055,4662200
2026-02-04,58.039634704589844,58.279998779296875,59.20000076293945,57.540000915527344,58.9900016784668,6937100
2026-02-05,56.57570266723633,56.810001373291016,57.84000015258789,56.529998779296875,57.380001068115234,6982300
2026-02-06,58.76662826538086,59.0099983215332,59.279998779296875,57.36000061035156,57.439998626708984,6016000
2026-02-09,59.284481048583984,59.529998779296875,59.880001068115234,58.59000015258789,58.779998779296875,7456300
2026-02-10,58.97576141357422,59.220001220703125,59.97999954223633,59.119998931884766,59.720001220703125,3159900
2026-02-11,58.94588088989258,59.189998626708984,60.06999969482422,58.709999084472656,59.95000076293945,3942500
2026-02-12,57.12343215942383,57.36000061035156,59.7599983215332,57.20000076293945,59.58000183105469,5226700
2026-02-13,57.13338851928711,57.369998931884766,58.15999984741211,56.689998626708984,57.38999938964844,5821200
2026-02-17,57.31264877319336,57.54999923706055,57.90999984741211,56.380001068115234,57.099998474121094,11188600
2026-02-18,57.8902587890625,58.130001068115234,58.630001068115234,57.56999969482422,57.77000045776367,2884700
2026-02-19,57.58153533935547,57.81999969482422,58.11000061035156,57.34000015258789,57.720001220703125,2769200
2026-02-20,58.39815139770508,58.63999938964844,58.72999954223633,57.349998474121094,57.41999816894531,4356100
2026-02-23,57.19314193725586,57.43000030517578,58.70000076293945,57.09000015258789,58.349998474121094,5528600
2026-02-24,58.02967834472656,58.27000045776367,58.40999984741211,57.02000045776367,57.33000183105469,2422800
2026-02-25,58.97576141357422,59.220001220703125,59.31999969482422,58.720001220703125,58.720001220703125,2257500
2026-02-26,58.3184814453125,58.560001373291016,59.27000045776367,57.72999954223633,59.27000045776367,3623000
2026-02-27,57.770751953125,58.0099983215332,58.11000061035156,57.2400016784668,57.47999954223633,3764600
2026-03-02,57.79066467285156,58.029998779296875,58.40999984741211,56.619998931884766,56.720001220703125,4687600
2026-03-03,56.76491928100586,57.0,57.38999938964844,55.20000076293945,56.119998931884766,6507400
2026-03-04,57.57157516479492,57.810001373291016,58.130001068115234,56.880001068115234,57.220001220703125,4768300
2026-03-05,56.924259185791016,57.15999984741211,57.86000061035156,56.189998626708984,57.2599983215332,6349000
2026-03-06,55.39060592651367,55.619998931884766,56.25,55.18000030517578,55.79999923706055,5087200
2026-03-09,56.3665657043457,56.599998474121094,56.86000061035156,53.959999084472656,54.619998931884766,7107200
2026-03-10,56.137516021728516,56.369998931884766,57.43000030517578,56.0,56.4900016784668,5858900
2026-03-11,56.018009185791016,56.25,56.869998931884766,55.75,56.470001220703125,3132800
2026-03-12,54.285186767578125,54.5099983215332,55.459999084472656,54.5,55.36000061035156,4561100
2026-03-13,53.65778732299805,53.880001068115234,55.529998779296875,53.7400016784668,55.029998779296875,3980000
2026-03-16,54.72337341308594,54.95000076293945,55.459999084472656,54.66999816894531,54.849998474121094,3009600
2026-03-17,55.022132873535156,55.25,55.849998474121094,55.130001068115234,55.5099983215332,1877000
2026-03-18,53.50840377807617,53.72999954223633,55.060001373291016,53.68000030517578,54.849998474121094,4096800
2026-03-19,53.19968032836914,53.41999816894531,53.91999816894531,52.68000030517578,52.959999084472656,4910400
2026-03-20,51.6461181640625,51.86000061035156,53.189998626708984,51.2599983215332,53.16999816894531,5682000
2026-03-23,52.7415771484375,52.959999084472656,54.11000061035156,52.72999954223633,53.36000061035156,20106000
2026-03-24,52.37310791015625,52.59000015258789,53.209999084472656,52.060001373291016,52.310001373291016,4952300
2026-03-25,52.93600082397461,53.040000915527344,53.70000076293945,52.63999938964844,53.34000015258789,3281900
2026-03-26,51.05968475341797,51.15999984741211,52.720001220703125,51.11000061035156,52.2599983215332,4281200
2026-03-27,49.28317642211914,49.380001068115234,50.75,49.2400016784668,50.72999954223633,5417800
2026-03-30,48.963802337646484,49.060001373291016,50.349998474121094,48.630001068115234,50.29999923706055,6903900
2026-03-31,51.77827453613281,51.880001068115234,52.06999969482422,49.97999954223633,50.119998931884766,8139500
2026-04-01,52.5467643737793,52.650001525878906,53.189998626708984,52.310001373291016,52.45000076293945,5837500
2026-04-02,52.63658905029297,52.7400016784668,53.060001373291016,51.0099983215332,51.220001220703125,4570400
2026-04-06,53.11564636230469,53.220001220703125,53.34000015258789,52.66999816894531,52.720001220703125,3188100
2026-04-07,53.14558792114258,53.25,53.310001373291016,51.939998626708984,52.849998474121094,5841400
2026-04-08,55.8303108215332,55.939998626708984,56.13999938964844,55.22999954223633,56.02000045776367,4265200
2026-04-09,56.47903823852539,56.59000015258789,56.810001373291016,55.59000015258789,55.779998779296875,3048700
2026-04-10,56.3692512512207,56.47999954223633,56.93000030517578,56.34000015258789,56.79999923706055,2051400
2026-04-13,57.467098236083984,57.58000183105469,57.630001068115234,56.02000045776367,56.13999938964844,2733900
2026-04-14,58.874332427978516,58.9900016784668,59.02000045776367,57.849998474121094,57.869998931884766,15381500
2026-04-15,59.78254699707031,59.900001525878906,59.970001220703125,58.959999084472656,59.130001068115234,3194100
2026-04-16,60.0620002746582,60.18000030517578,60.38999938964844,59.66999816894531,60.09000015258789,4842700
2026-04-17,61.49917221069336,61.619998931884766,62.02000045776367,60.900001525878906,60.939998626708984,5341500
2026-04-20,61.249664306640625,61.369998931884766,61.58000183105469,60.93000030517578,61.380001068115234,4298000
2026-04-21,60.46121597290039,60.58000183105469,61.810001373291016,60.31999969482422,61.630001068115234,4388900
2026-04-22,61.65885925292969,61.779998779296875,61.83000183105469,61.279998779296875,61.45000076293945,2761900
2026-04-23,61.18978500366211,61.310001373291016,61.970001220703125,60.22999954223633,61.4900016784668,4884300
2026-04-24,62.088016510009766,62.209999084472656,62.310001373291016,61.369998931884766,61.66999816894531,3979900
2026-04-27,62.297603607177734,62.41999816894531,62.4900016784668,61.91999816894531,62.06999969482422,2426200
2026-04-28,61.6788215637207,61.79999923706055,62.0099983215332,61.380001068115234,61.83000183105469,2326700
2026-04-29,61.66884231567383,61.790000915527344,61.869998931884766,61.220001220703125,61.66999816894531,5380500
2026-04-30,62.8365478515625,62.959999084472656,63.20000076293945,61.56999969482422,62.310001373291016,5831500
2026-05-01,63.18586349487305,63.310001373291016,64.05999755859375,63.290000915527344,63.43000030517578,3178400
2026-05-04,62.73674392700195,62.86000061035156,63.560001373291016,62.31999969482422,63.209999084472656,4701000
2026-05-05,63.70484161376953,63.83000183105469,64.06999969482422,63.459999084472656,63.5,2732900
2026-05-06,65.48135375976562,65.61000061035156,65.73999786376953,64.55000305175781,64.5999984741211,4508200
2026-05-07,65.05219268798828,65.18000030517578,66.0,64.87999725341797,65.83000183105469,4662400
2026-05-08,66.09015655517578,66.22000122070312,66.33000183105469,65.72000122070312,65.7699966430664,2245100
2026-05-11,66.37958526611328,66.51000213623047,66.80000305175781,66.0199966430664,66.04000091552734,2521600
2026-05-12,66.19994354248047,66.33000183105469,66.44000244140625,65.18000030517578,66.11000061035156,4867200
2026-05-13,66.92850494384766,67.05999755859375,67.33999633789062,65.83999633789062,66.37000274658203,2142700
2026-05-14,67.96646881103516,68.0999984741211,68.3499984741211,67.29000091552734,67.30000305175781,2854700
2026-05-15,66.29974365234375,66.43000030517578,67.20999908447266,66.2300033569336,66.94000244140625,3008600
2026-05-18,66.17997741699219,66.30999755859375,66.83000183105469,65.4000015258789,66.55000305175781,4181600
2026-05-19,65.32166290283203,65.44999694824219,66.13999938964844,65.04000091552734,65.63999938964844,2844800
2026-05-20,66.6590347290039,66.79000091552734,66.87999725341797,65.47000122070312,65.7699966430664,3452500
2026-05-21,66.89856719970703,67.02999877929688,67.41000366210938,66.01000213623047,66.27999877929688,3046000
2026-05-22,67.37762451171875,67.51000213623047,68.12000274658203,67.31999969482422,67.62000274658203,3476100
2026-05-26,68.25589752197266,68.38999938964844,68.68000030517578,68.01000213623047,68.30999755859375,2294500
2026-05-27,68.24591827392578,68.37999725341797,68.54000091552734,67.95999908447266,68.44999694824219,2077500
2026-05-28,68.9844741821289,69.12000274658203,69.22000122070312,68.13999938964844,68.33000183105469,2336600
2026-05-29,69.30384063720703,69.44000244140625,69.72000122070312,69.11000061035156,69.31999969482422,2882800
2026-06-01,69.64317321777344,69.77999877929688,70.12000274658203,69.0999984741211,69.25,3188300
2026-06-02,69.83280181884766,69.97000122070312,70.12999725341797,69.45999908447266,69.51000213623047,4278600
2026-06-03,68.85472106933594,68.98999786376953,69.81999969482422,68.87000274658203,69.70999908447266,2628600
2026-06-04,69.33378601074219,69.47000122070312,69.72000122070312,68.47000122070312,68.56999969482422,2448200
2026-06-05,65.7308578491211,65.86000061035156,68.66999816894531,65.5,68.58999633789062,5947000
2026-06-08,66.04025268554688,66.16999816894531,67.26000213623047,66.0,66.88999938964844,3807400
2026-06-09,65.66099548339844,65.79000091552734,67.52999877929688,63.16999816894531,66.94000244140625,5918000
2026-06-10,63.5451545715332,63.66999816894531,65.98999786376953,63.66999816894531,65.08999633789062,3505100
2026-06-11,65.70092010498047,65.83000183105469,66.2300033569336,63.5,64.23999786376953,11030800
2026-06-12,66.37958526611328,66.51000213623047,66.98999786376953,65.31999969482422,66.31999969482422,5867600
2026-06-15,68.68505859375,68.81999969482422,69.19000244140625,68.30999755859375,68.31999969482422,3292600
2026-06-16,67.90658569335938,68.04000091552734,68.94999694824219,67.94999694824219,68.80000305175781,3397700
2026-06-17,66.21990203857422,66.3499984741211,68.3499984741211,66.01000213623047,68.19000244140625,3511500
2026-06-18,67.47743225097656,67.61000061035156,67.91999816894531,67.13999938964844,67.83999633789062,2254700
2026-06-22,67.06822967529297,67.19999694824219,68.26000213623047,66.98999786376953,67.81999969482422,2684500
2026-06-23,65.1520004272461,65.27999877929688,66.3499984741211,65.02999877929688,65.27999877929688,2902800
2026-06-24,65.05999755859375,65.05999755859375,66.26000213623047,64.6500015258789,65.4000015258789,3018700
2026-06-25,65.05000305175781,65.05000305175781,66.12999725341797,64.41999816894531,66.05000305175781,3154300
2026-06-26,64.41999816894531,64.41999816894531,65.61000061035156,63.900001525878906,64.26000213623047,2752600
2026-06-29,66.3499984741211,66.3499984741211,66.47000122070312,64.81999969482422,65.58000183105469,5573000
2026-06-30,67.37999725341797,67.37999725341797,67.62999725341797,66.37000274658203,66.43000030517578,2605300
2026-07-01,67.20999908447266,67.20999908447266,67.87999725341797,66.5999984741211,67.08999633789062,2885300
2026-07-02,67.0,67.0,68.16999816894531,66.13999938964844,67.44999694824219,3202600
2026-07-06,68.16000366210938,68.16000366210938,68.3499984741211,67.45999908447266,67.66999816894531,2622200
2026-07-07,67.48999786376953,67.48999786376953,68.08999633789062,67.05000305175781,67.94999694824219,2923700
2026-07-08,67.02999877929688,67.02999877929688,67.19000244140625,66.0,66.66999816894531,4333800
2026-07-09,68.16999816894531,68.16999816894531,68.2300033569336,67.0999984741211,67.38999938964844,1879000
2026-07-10,68.72000122070312,68.72000122070312,68.83000183105469,67.5199966430664,68.2300033569336,2343300
2026-07-13,67.66999816894531,67.66999816894531,68.55000305175781,67.47000122070312,68.30000305175781,3944700
2026-07-14,68.1500015258789,68.1500015258789,68.43000030517578,67.5999984741211,67.97000122070312,3751800
2026-07-15,68.66000366210938,68.66000366210938,68.80999755859375,67.86000061035156,68.56999969482422,2687900
2026-07-16,67.94999694824219,67.94999694824219,68.62999725341797,67.41999816894531,68.29000091552734,2517500
2026-07-17,66.5199966430664,66.5199966430664,67.27999877929688,66.11000061035156,66.30999755859375,2792500
2026-07-20,66.33000183105469,66.33000183105469,67.51000213623047,66.2300033569336,67.19000244140625,2588600
2026-07-21,67.44000244140625,67.44000244140625,67.55999755859375,66.69000244140625,67.05999755859375,1766000
2026-07-22,67.2699966430664,67.2699966430664,67.7300033569336,67.06999969482422,67.12999725341797,2121900
2026-07-23,65.61000061035156,65.61000061035156,66.37999725341797,65.05000305175781,65.79000091552734,2503300
2026-07-24,65.66999816894531,65.66999816894531,66.54000091552734,65.4000015258789,65.5999984741211,2466400
2026-07-27,65.69999694824219,65.69999694824219,66.8499984741211,65.1500015258789,66.75,2965500
