Date,Adj Close,Close,High,Low,Open,Volume
2009-06-25,1.129848837852478,1.205556035041809,1.2104170322418213,1.1262500286102295,1.1262500286102295,2577600
2009-06-26,1.1239913702011108,1.1993060111999512,1.213055968284607,1.177361011505127,1.1952780485153198,13104000
2009-06-29,1.155881643295288,1.2333329916000366,1.236111044883728,1.1913889646530151,1.2083330154418945,8690400
2009-06-30,1.1282864809036255,1.203889012336731,1.2433329820632935,1.1763889789581299,1.2333329916000366,17128800
2009-07-01,1.1403923034667969,1.2168060541152954,1.2529170513153076,1.2136110067367554,1.2184720039367676,12038400
2009-07-02,1.0462815761566162,1.1163890361785889,1.1698609590530396,1.1159720420837402,1.1693060398101807,29275200
2009-07-06,1.0491447448730469,1.1194440126419067,1.1206940412521362,1.0743060111999512,1.0855560302734375,22572000
2009-07-07,0.9838008284568787,1.0497219562530518,1.1168060302734375,1.0497219562530518,1.114027976989746,29016000
2009-07-08,0.9849722981452942,1.0509719848632812,1.0765279531478882,1.013888955116272,1.0701390504837036,49824000
2009-07-09,0.9910905957221985,1.0575000047683716,1.0816669464111328,1.0462499856948853,1.069443941116333,45892800
2009-07-10,0.9815880060195923,1.0473610162734985,1.065693974494934,1.0263890027999878,1.0386110544204712,51199200
2009-07-13,1.0533108711242676,1.1238889694213867,1.1256940364837646,1.034999966621399,1.059999942779541,43675200
2009-07-14,1.0749173164367676,1.1469440460205078,1.1469440460205078,1.1102780103683472,1.1352779865264893,38700000
2009-07-15,1.1668155193328857,1.2450000047683716,1.2523610591888428,1.1844439506530762,1.189028024673462,36921600
2009-07-16,1.1980552673339844,1.2783329486846924,1.2925000190734863,1.2262500524520874,1.2324999570846558,46396800
2009-07-17,1.1959729194641113,1.2761110067367554,1.2847219705581665,1.2540279626846313,1.2745829820632935,27374400
2009-07-20,1.2322896718978882,1.3148610591888428,1.325139045715332,1.28125,1.3019440174102783,37195200
2009-07-21,1.2527259588241577,1.3366669416427612,1.3512500524520874,1.289167046546936,1.3488889932632446,45237600
2009-07-22,1.2503833770751953,1.3341670036315918,1.3595830202102661,1.3086110353469849,1.3108329772949219,37634400
2009-07-23,1.333429217338562,1.4227780103683472,1.4416669607162476,1.3370829820632935,1.3381940126419067,55022400
2009-07-24,1.3508719205856323,1.4413889646530151,1.4440280199050903,1.3815280199050903,1.399999976158142,60127200
2009-07-27,1.3623260259628296,1.4536110162734985,1.4566669464111328,1.4106940031051636,1.4369440078735352,44935200
2009-07-28,1.3507415056228638,1.441249966621399,1.4550000429153442,1.3976390361785889,1.4240280389785767,46476000
2009-07-29,1.3327778577804565,1.4220830202102661,1.4355560541152954,1.3941669464111328,1.4136110544204712,55908000
2009-07-30,1.3744317293167114,1.466528058052063,1.5176390409469604,1.4648610353469849,1.4765280485153198,55886400
2009-07-31,1.3784664869308472,1.4708329439163208,1.5036109685897827,1.454861044883728,1.4680559635162354,54871200
2009-08-03,1.4478459358215332,1.5448609590530396,1.5504169464111328,1.4969439506530762,1.5229170322418213,39600000
2009-08-04,1.46177339553833,1.5597219467163086,1.5652780532836914,1.5169440507888794,1.5259720087051392,34984800
2009-08-05,1.4513605833053589,1.548611044883728,1.5658329725265503,1.5068060159683228,1.563472032546997,62568000
2009-08-06,1.4241552352905273,1.519582986831665,1.572638988494873,1.5,1.567916989326477,69249600
2009-08-07,1.4806479215621948,1.579861044883728,1.6184719800949097,1.5443060398101807,1.5701390504837036,44042400
2009-08-10,1.4703648090362549,1.5688890218734741,1.5813889503479004,1.538193941116333,1.5594439506530762,46512000
2009-08-11,1.4143935441970825,1.509166955947876,1.5525000095367432,1.5,1.5506939888000488,48729600
2009-08-12,1.4635967016220093,1.5616669654846191,1.5948610305786133,1.5029170513153076,1.5029170513153076,71791200
2009-08-13,1.496658444404602,1.596943974494934,1.598471999168396,1.5373610258102417,1.5833330154418945,100713600
2009-08-14,1.4608629941940308,1.558750033378601,1.5981940031051636,1.5081939697265625,1.5981940031051636,72115200
2009-08-17,1.3523039817810059,1.442916989326477,1.4726389646530151,1.4358329772949219,1.4695830345153809,84139200
2009-08-18,1.389400839805603,1.4824999570846558,1.4933329820632935,1.4463889598846436,1.4556939601898193,53431200
2009-08-19,1.4212920665740967,1.5165280103683472,1.5318059921264648,1.440693974494934,1.442916989326477,61682400
2009-08-20,1.467761754989624,1.5661109685897827,1.5743060111999512,1.513888955116272,1.520277976989746,51573600
2009-08-21,1.549766182899475,1.6536109447479248,1.6640280485153198,1.5940279960632324,1.6026389598846436,61516800
2009-08-24,1.549505591392517,1.6533329486846924,1.7033330202102661,1.6383329629898071,1.6756939888000488,60307200
2009-08-25,1.5597898960113525,1.6643060445785522,1.713055968284607,1.6551389694213867,1.6761109828948975,85644000
2009-08-26,1.5593990087509155,1.6638890504837036,1.6887500286102295,1.634443998336792,1.6498609781265259,83944800
2009-08-27,1.573848009109497,1.6793060302734375,1.6924999952316284,1.6073609590530396,1.6606940031051636,111304800
2009-08-28,1.5682501792907715,1.6733330488204956,1.7230559587478638,1.6415280103683472,1.7176389694213867,84880800
2009-08-31,1.5297209024429321,1.632222056388855,1.6354169845581055,1.600693941116333,1.6256940364837646,103269600
2009-09-01,1.425196647644043,1.5206940174102783,1.6666669845581055,1.5133329629898071,1.6080559492111206,137505600
2009-09-02,1.411659836769104,1.506250023841858,1.5331939458847046,1.493749976158142,1.5036109685897827,67384800
2009-09-03,1.442899227142334,1.5395829677581787,1.5477780103683472,1.4955559968948364,1.5308330059051514,53100000
2009-09-04,1.5060300827026367,1.606943964958191,1.6083329916000366,1.538472056388855,1.551527976989746,63266400
2009-09-08,1.545601487159729,1.6491669416427612,1.6544439792633057,1.6233329772949219,1.653749942779541,63734400
2009-09-09,1.5819183588027954,1.6879169940948486,1.7040280103683472,1.643056035041809,1.658471941947937,54424800
2009-09-10,1.6300798654556274,1.7393059730529785,1.7419439554214478,1.663193941116333,1.6893060207366943,64742400
2009-09-11,1.6277369260787964,1.736806035041809,1.7641669511795044,1.7138890027999878,1.7483329772949219,66132000
2009-09-14,1.6552013158798218,1.7661110162734985,1.771806001663208,1.693194031715393,1.693194031715393,56160000
2009-09-15,1.674075961112976,1.7862499952316284,1.8054169416427612,1.7377779483795166,1.7730560302734375,76881600
2009-09-16,1.7484018802642822,1.865556001663208,1.867082953453064,1.7863889932632446,1.8037500381469727,71560800
2009-09-17,1.7400709390640259,1.8566670417785645,1.9049999713897705,1.82805597782135,1.8606940507888794,96328800
2009-09-18,1.74514639377594,1.8620829582214355,1.8837499618530273,1.8451390266418457,1.8833329677581787,87868800
2009-09-21,1.730438470840454,1.8463890552520752,1.8608330488204956,1.8072220087051392,1.818194031715393,58125600
2009-09-22,1.7629798650741577,1.8811110258102417,1.894582986831665,1.8555560111999512,1.8808330297470093,56448000
2009-09-23,1.7157291173934937,1.8306939601898193,1.9291670322418213,1.8230559825897217,1.8938889503479004,108964800
2009-09-24,1.6602907180786133,1.7706940174102783,1.8545830249786377,1.7479170560836792,1.8445830345153809,98856000
2009-09-25,1.6347655057907104,1.7434719800949097,1.7870830297470093,1.724444031715393,1.7587499618530273,92296800
2009-09-28,1.7199361324310303,1.834306001663208,1.8472219705581665,1.7618060111999512,1.7618060111999512,62006400
2009-09-29,1.7101688385009766,1.8238890171051025,1.8716670274734497,1.8079169988632202,1.8465280532836914,75484800
2009-09-30,1.687638521194458,1.799860954284668,1.8419439792633057,1.7486109733581543,1.8401390314102173,139968000
2009-10-01,1.5600143671035767,1.6637500524520874,1.786666989326477,1.6633330583572388,1.786666989326477,97999200
2009-10-02,1.5426942110061646,1.645277976989746,1.6695829629898071,1.6162500381469727,1.6168060302734375,89899200
2009-10-05,1.6071572303771973,1.714028000831604,1.727916955947876,1.6454169750213623,1.6604169607162476,49507200
2009-10-06,1.6778709888458252,1.7894439697265625,1.8166669607162476,1.7495830059051514,1.7513890266418457,73785600
2009-10-07,1.6907641887664795,1.8031940460205078,1.8081940412521362,1.766389012336731,1.7748609781265259,55281600
2009-10-08,1.7316564321517944,1.8468060493469238,1.871806025505066,1.820417046546936,1.8429169654846191,74073600
2009-10-09,1.7593953609466553,1.8763890266418457,1.8768060207366943,1.8319439888000488,1.845971941947937,33156000
2009-10-12,1.7820556163787842,1.900555968284607,1.920138955116272,1.8783329725265503,1.9051389694213867,29340000
2009-10-13,1.7725483179092407,1.8904169797897339,1.8973610401153564,1.8504170179367065,1.883471965789795,68198400
2009-10-14,1.8626669645309448,1.9865280389785767,1.9909720420837402,1.9294439554214478,1.9536110162734985,78012000
2009-10-15,1.8794660568237305,2.004443883895874,2.0056939125061035,1.9533330202102661,1.9572219848632812,90856800
2009-10-16,1.8392256498336792,1.961527943611145,1.981389045715332,1.924860954284668,1.9573609828948975,91382400
2009-10-19,1.8846757411956787,2.009999990463257,2.027777910232544,1.9537500143051147,1.9708329439163208,77212800
2009-10-20,1.8566763401031494,1.9801390171051025,2.0197219848632812,1.9487500190734863,2.0197219848632812,87177600
2009-10-21,1.8058866262435913,1.9259719848632812,2.036389112472534,1.9204169511795044,1.9661109447479248,77695200
2009-10-22,1.8574573993682861,1.9809720516204834,2.0,1.8847219944000244,1.9222220182418823,75686400
2009-10-23,1.7957290410995483,1.9151389598846436,2.0043060779571533,1.8899999856948853,2.0029170513153076,115192800
2009-10-26,1.7324378490447998,1.8476389646530151,1.9787499904632568,1.8356939554214478,1.9198609590530396,88538400
2009-10-27,1.7113404273986816,1.825139045715332,1.8762500286102295,1.813472032546997,1.8590279817581177,97394400
2009-10-28,1.6153624057769775,1.7227779626846313,1.8268059492111206,1.71875,1.8119440078735352,97768800
2009-10-29,1.7178518772125244,1.832082986831665,1.842777967453003,1.7494440078735352,1.7590279579162598,112082400
2009-10-30,1.5712130069732666,1.6756939888000488,1.830556035041809,1.6670830249786377,1.8190280199050903,218232000
2009-11-02,1.6031198501586914,1.7097220420837402,1.7630560398101807,1.6495829820632935,1.7002780437469482,200491200
2009-11-03,1.6188783645629883,1.7265280485153198,1.7334719896316528,1.672639012336731,1.680556058883667,151660800
2009-11-04,1.6274724006652832,1.7356940507888794,1.8091670274734497,1.7269439697265625,1.7694439888000488,156412800
2009-11-05,1.7198057174682617,1.8341670036315918,1.8362499475479126,1.7661110162734985,1.7752779722213745,77932800
2009-11-06,1.7366046905517578,1.8520829677581787,1.864027976989746,1.7943060398101807,1.8018059730529785,125359200
2009-11-09,1.8531601428985596,1.9763890504837036,1.9769439697265625,1.888888955116272,1.8947219848632812,78343200
2009-11-10,1.8515971899032593,1.9747220277786255,1.9958330392837524,1.9443060159683228,1.9627779722213745,128397600
2009-11-11,1.882461667060852,2.007638931274414,2.043889045715332,1.9791669845581055,2.0158329010009766,155808000
2009-11-12,1.8225562572479248,1.943750023841858,2.0309720039367676,1.9309719800949097,1.9991669654846191,165405600
2009-11-13,1.8557649850845337,1.9791669845581055,2.0029170513153076,1.932083010673523,1.961806058883667,70128000
2009-11-16,1.9350742101669312,2.0637500286102295,2.0898609161376953,2.0156939029693604,2.019305944442749,96984000
2009-11-17,1.9421066045761108,2.0712499618530273,2.0729169845581055,2.025278091430664,2.0487499237060547,76082400
2009-11-18,1.939501404762268,2.068471908569336,2.076111078262329,2.0290279388427734,2.0672221183776855,75031200
2009-11-19,1.863317847251892,1.9872219562530518,2.0273609161376953,1.9486110210418701,2.025278091430664,76024800
2009-11-20,1.8467786312103271,1.9695830345153809,1.9823609590530396,1.9419440031051636,1.955556035041809,58572000
2009-11-23,1.915279507637024,2.0426390171051025,2.083611011505127,2.0280559062957764,2.0355560779571533,78148800
2009-11-24,1.9202284812927246,2.047916889190674,2.0568060874938965,1.999027967453003,2.048332929611206,88812000
2009-11-25,1.9400221109390259,2.069027900695801,2.077083110809326,2.038888931274414,2.0577778816223145,62359200
2009-11-27,1.8462584018707275,1.9690279960632324,2.010138988494873,1.896806001663208,1.9018059968948364,68860800
2009-11-30,1.8664441108703613,1.990556001663208,1.9993059635162354,1.9388890266418457,1.9627779722213745,116668800
2009-12-01,1.927781105041504,2.055972099304199,2.0824999809265137,2.0316669940948486,2.0436110496520996,83836800
2009-12-02,1.9332516193389893,2.0618059635162354,2.1020829677581787,2.041388988494873,2.0618059635162354,101016000
2009-12-03,1.8871501684188843,2.012639045715332,2.1111109256744385,2.006110906600952,2.0765280723571777,102844800
2009-12-04,1.9169719219207764,2.0444440841674805,2.119999885559082,1.992082953453064,2.091805934906006,165535200
2009-12-07,1.9081168174743652,2.0350000858306885,2.073472023010254,2.0172219276428223,2.0399999618530273,75657600
2009-12-08,1.84795081615448,1.9708329439163208,2.0027780532836914,1.9502780437469482,1.9951390027999878,80539200
2009-12-09,1.863839030265808,1.9877779483795166,1.9981939792633057,1.9363889694213867,1.9661109447479248,91771200
2009-12-10,1.8962655067443848,2.0223610401153564,2.0486109256744385,2.013472080230713,2.0263888835906982,71726400
2009-12-11,1.9242651462554932,2.0522220134735107,2.0629169940948486,2.021667003631592,2.052361011505127,125503200
2009-12-14,1.9603384733200073,2.090693950653076,2.097917079925537,2.0636110305786133,2.0916669368743896,74368800
2009-12-15,1.9316885471343994,2.0601389408111572,2.093888998031616,2.0426390171051025,2.0677781105041504,85053600
2009-12-16,1.940412998199463,2.069443941116333,2.105694055557251,2.0579171180725098,2.088749885559082,103140000
2009-12-17,1.8726948499679565,1.9972219467163086,2.038332939147949,1.990833044052124,2.0274999141693115,123537600
2009-12-18,1.9022560119628906,2.028749942779541,2.0348610877990723,1.9791669845581055,2.028193950653076,98236800
2009-12-21,1.9577348232269287,2.0879170894622803,2.111527919769287,2.060832977294922,2.060832977294922,96631200
2009-12-22,1.9810442924499512,2.1127779483795166,2.1273610591888428,2.097222089767456,2.1050000190734863,44827200
2009-12-23,1.9947015047073364,2.125972032546997,2.1331939697265625,2.099721908569336,2.1298611164093018,41803200
2009-12-24,2.0259785652160645,2.159306049346924,2.1611111164093018,2.138611078262329,2.13944411277771,21254400
2009-12-28,2.039398193359375,2.1736109256744385,2.1861109733581543,2.1458330154418945,2.1861109733581543,39225600
2009-12-29,2.0259785652160645,2.159306049346924,2.1875,2.157917022705078,2.1875,39398400
2009-12-30,2.019721508026123,2.1526389122009277,2.1624999046325684,2.13611102104187,2.1397221088409424,30492000
2009-12-31,1.9634268283843994,2.0926389694213867,2.170833110809326,2.0923609733581543,2.170417070388794,27072000
2010-01-04,2.0622036457061768,2.1979169845581055,2.2029170989990234,2.1459720134735107,2.147083044052124,102592800
2010-01-05,2.079925775527954,2.216805934906006,2.220417022705078,2.1743059158325195,2.196805953979492,108986400
2010-01-06,2.085920810699463,2.223193883895874,2.2368059158325195,2.205277919769287,2.210139036178589,107920800
2010-01-07,2.1113319396972656,2.2502779960632324,2.256943941116333,2.1911110877990723,2.2098610401153564,76939200
2010-01-08,2.131920576095581,2.2722220420837402,2.274444103240967,2.2184720039367676,2.230833053588867,89388000
2010-01-11,2.1394801139831543,2.280277967453003,2.3052780628204346,2.252639055252075,2.3026390075683594,105076800
2010-01-12,2.081360101699829,2.2183330059051514,2.250555992126465,2.191943883895874,2.2366669178009033,88200000
2010-01-13,2.1343977451324463,2.2748610973358154,2.29236102104187,2.200972080230713,2.2347218990325928,118764000
2010-01-14,2.1502959728240967,2.2918059825897217,2.3041670322418213,2.2622220516204834,2.2648611068725586,94356000
2010-01-15,2.079015016555786,2.2158329486846924,2.2850000858306885,2.189167022705078,2.2815279960632324,183794400
2010-01-19,2.1569414138793945,2.298888921737671,2.312638998031616,2.211250066757202,2.211667060852051,101340000
2010-01-20,2.0916547775268555,2.2293059825897217,2.2520830631256104,2.1734719276428223,2.250972032546997,150494400
2010-01-21,1.9691604375839233,2.098750114440918,2.249166965484619,2.0909719467163086,2.228055953979492,237016800
2010-01-22,1.8414534330368042,1.9626389741897583,2.094305992126465,1.9536110162734985,2.0723609924316406,253692000
2010-01-25,1.864128828048706,1.986806035041809,2.022083044052124,1.9705560207366943,2.0133330821990967,90705600
2010-01-26,1.840672492980957,1.961806058883667,2.0255560874938965,1.9487500190734863,1.965000033378601,100224000
2010-01-27,1.868167757987976,1.9911110401153564,2.0027780532836914,1.9104169607162476,1.957082986831665,132120000
2010-01-28,1.802750587463379,1.9213889837265015,2.012500047683716,1.886944055557251,2.01111102104187,116942400
2010-01-29,1.7437185049057007,1.8584719896316528,1.986111044883728,1.8495830297470093,1.9468059539794922,104724000
2010-02-01,1.825295090675354,1.945417046546936,1.9462499618530273,1.8948609828948975,1.8995829820632935,91778400
2010-02-02,1.8929274082183838,2.0174999237060547,2.028749942779541,1.9369440078735352,1.9576389789581299,88898400
2010-02-03,1.8647792339324951,1.9874999523162842,2.019305944442749,1.9693059921264648,1.9902780055999756,71056800
2010-02-04,1.6936784982681274,1.8051389455795288,1.9426389932632446,1.8012499809265137,1.9402780532836914,222825600
2010-02-05,1.703452706336975,1.8155560493469238,1.8247220516204834,1.7076389789581299,1.8084720373153687,253101600
2010-02-08,1.6668345928192139,1.776528000831604,1.8472219705581665,1.7694439888000488,1.817221999168396,132141600
2010-02-09,1.727037787437439,1.8406939506530762,1.886944055557251,1.7925000190734863,1.8363889455795288,193636800
2010-02-10,1.7175260782241821,1.830556035041809,1.8608330488204956,1.7831939458847046,1.8333330154418945,125510400
2010-02-11,1.768999457359314,1.8854169845581055,1.893056035041809,1.7911109924316406,1.8220829963684082,110772000
2010-02-12,1.7641781568527222,1.8802779912948608,1.883471965789795,1.8025000095367432,1.8269439935684204,133977600
2010-02-16,1.848490834236145,1.9701390266418457,1.977221965789795,1.901528000831604,1.925832986831665,102261600
2010-02-17,1.8742921352386475,1.9976389408111572,2.007082939147949,1.971943974494934,1.9995830059051514,101095200
2010-02-18,1.9097380638122559,2.035417079925537,2.046250104904175,1.9872219562530518,1.9891669750213623,98856000
2010-02-19,1.922248125076294,2.0487499237060547,2.070138931274414,2.0036110877990723,2.019443988800049,82656000
2010-02-22,1.9191206693649292,2.045417070388794,2.0704169273376465,2.030277967453003,2.069443941116333,112665600
2010-02-23,1.8500545024871826,1.9718060493469238,2.0495829582214355,1.9574999809265137,2.0299999713897705,90252000
2010-02-24,1.902048945426941,2.027221918106079,2.0355560779571533,1.9755560159683228,1.9891669750213623,99050400
2010-02-25,1.895664095878601,2.0204169750213623,2.0222220420837402,1.9233330488204956,1.9394439458847046,88531200
2010-02-26,1.8995729684829712,2.024583101272583,2.0425000190734863,1.988332986831665,2.023611068725586,75477600
2010-03-01,1.9567804336547852,2.0855560302734375,2.092221975326538,2.0465281009674072,2.0470829010009766,72648000
2010-03-02,1.9703338146209717,2.0999999046325684,2.1331939697265625,2.0923609733581543,2.1127779483795166,93420000
2010-03-03,1.9781519174575806,2.108333110809326,2.1458330154418945,2.09375,2.120971918106079,94730400
2010-03-04,1.9956133365631104,2.126944065093994,2.136667013168335,2.0934720039367676,2.117361068725586,74052000
2010-03-05,2.0824027061462402,2.2194440364837646,2.2240281105041504,2.1538889408111572,2.171250104904175,75679200
2010-03-08,2.0821423530578613,2.2191669940948486,2.2352778911590576,2.2098610401153564,2.220694065093994,57024000
2010-03-09,2.0925676822662354,2.2302780151367188,2.262083053588867,2.196805953979492,2.196805953979492,81633600
2010-03-10,2.1209747791290283,2.2605559825897217,2.27791690826416,2.2291669845581055,2.2340281009674072,89546400
2010-03-11,2.1483402252197266,2.289721965789795,2.290416955947876,2.223889112472534,2.2454171180725098,92678400
2010-03-12,2.1467771530151367,2.288055896759033,2.319166898727417,2.2722220420837402,2.319027900695801,71625600
2010-03-15,2.1502959728240967,2.2918059825897217,2.2970829010009766,2.23888897895813,2.27791690826416,71884800
2010-03-16,2.20163893699646,2.3465280532836914,2.3526389598846436,2.2925000190734863,2.3101389408111572,97365600
2010-03-17,2.2394301891326904,2.386806011199951,2.4108328819274902,2.3645830154418945,2.3662500381469727,54525600
2010-03-18,2.237604856491089,2.3848609924316406,2.398750066757202,2.356389045715332,2.387083053588867,70473600
2010-03-19,2.2012476921081543,2.3461110591888428,2.4084720611572266,2.3202779293060303,2.3461110591888428,103147200
2010-03-22,2.23708438873291,2.384305953979492,2.3980560302734375,2.303889036178589,2.308332920074463,67068000
2010-03-23,2.286343574523926,2.4368059635162354,2.4412500858306885,2.373055934906006,2.3963890075683594,73396800
2010-03-24,2.2534127235412598,2.4008328914642334,2.4294440746307373,2.383610963821411,2.4069440364837646,85197600
2010-03-25,2.240117311477661,2.386667013168335,2.477221965789795,2.3786110877990723,2.449167013168335,77551200
2010-03-26,2.241290330886841,2.3879170417785645,2.435832977294922,2.355694055557251,2.401110887527466,93888000
2010-03-29,2.2797467708587646,2.428889036178589,2.441528081893921,2.407083034515381,2.42055606842041,54604800
2010-03-30,2.2837865352630615,2.4331939220428467,2.459167003631592,2.402777910232544,2.4368059635162354,76132800
2010-03-31,2.2586286067962646,2.406388998031616,2.440000057220459,2.3837499618530273,2.403749942779541,97776000
2010-04-01,2.3066012859344482,2.4574999809265137,2.4827780723571777,2.414721965789795,2.4598610401153564,57888000
2010-04-05,2.3609604835510254,2.5154170989990234,2.521944046020508,2.465277910232544,2.486527919769287,83304000
2010-04-06,2.378169298171997,2.533750057220459,2.548332929611206,2.4891669750213623,2.4972219467163086,51912000
2010-04-07,2.340494394302368,2.4936110973358154,2.5374999046325684,2.4572219848632812,2.5206940174102783,147052800
2010-04-08,2.3609604835510254,2.5154170989990234,2.529305934906006,2.443471908569336,2.4609720706939697,121665600
2010-04-09,2.4076292514801025,2.565139055252075,2.5697219371795654,2.5199999809265137,2.5336110591888428,107841600
2010-04-12,2.421186923980713,2.579582929611206,2.597778081893921,2.5670828819274902,2.57680606842041,115812000
2010-04-13,2.42874813079834,2.587639093399048,2.597222089767456,2.5316669940948486,2.569443941116333,92160000
2010-04-14,2.5065746307373047,2.67055606842041,2.672499895095825,2.600693941116333,2.614027976989746,104803200
2010-04-15,2.516220808029175,2.680833101272583,2.695138931274414,2.657222032546997,2.6576390266418457,100440000
2010-04-16,2.3960282802581787,2.5527780055999756,2.6651389598846436,2.511806011199951,2.652221918106079,197308800
2010-04-19,2.4184505939483643,2.576667070388794,2.5858330726623535,2.493194103240967,2.527777910232544,161107200
2010-04-20,2.4842827320098877,2.646806001663208,2.6541669368743896,2.6036109924316406,2.6287500858306885,77184000
2010-04-21,2.470463275909424,2.632082939147949,2.670833110809326,2.591110944747925,2.653749942779541,111247200
2010-04-22,2.493276357650757,2.656388998031616,2.6666669845581055,2.5330560207366943,2.577639102935791,105069600
2010-04-23,2.5424234867095947,2.708750009536743,2.711250066757202,2.6313889026641846,2.6519439220428467,96012000
2010-04-26,2.5127010345458984,2.6770830154418945,2.7309720516204834,2.6716670989990234,2.713193893432617,78444000
2010-04-27,2.3347585201263428,2.487499952316284,2.673332929611206,2.4745829105377197,2.632499933242798,154764000
2010-04-28,2.385078191757202,2.5411109924316406,2.5647220611572266,2.4770829677581787,2.525693893432617,176184000
2010-04-29,2.4764599800109863,2.638472080230713,2.655694007873535,2.5891671180725098,2.592221975326538,79070400
2010-04-30,2.350792407989502,2.5045828819274902,2.6508328914642334,2.5036110877990723,2.64180588722229,95918400
2010-05-03,2.445174217224121,2.6051390171051025,2.6236109733581543,2.5301389694213867,2.5427780151367188,89179200
2010-05-04,2.268665313720703,2.4170830249786377,2.5156939029693604,2.381527900695801,2.514583110809326,137937600
2010-05-05,2.230861186981201,2.3768060207366943,2.435832977294922,2.325139045715332,2.355694055557251,123739200
2010-05-06,2.008596181869507,2.140000104904175,2.384999990463257,1.4923609495162964,2.3459720611572266,198439200
2010-05-07,1.9200806617736816,2.04569411277771,2.1851389408111572,1.9477779865264893,2.122360944747925,148730400
2010-05-10,2.16907000541687,2.310971975326538,2.3398609161376953,2.2441670894622803,2.2944440841674805,184773600
2010-05-11,2.1502976417541504,2.2909719944000244,2.384582996368408,2.2395830154418945,2.245832920074463,108302400
2010-05-12,2.2415502071380615,2.3881940841674805,2.3972220420837402,2.30916690826416,2.322082996368408,91735200
2010-05-13,2.15812087059021,2.2993059158325195,2.402777910232544,2.2936110496520996,2.373471975326538,71352000
2010-05-14,2.041577100753784,2.1751389503479004,2.2597219944000244,2.113193988800049,2.249444007873535,127929600
2010-05-17,2.0437936782836914,2.177500009536743,2.210139036178589,2.053194046020508,2.1931939125061035,124430400
2010-05-18,1.9623180627822876,2.090693950653076,2.2504169940948486,2.0662500858306885,2.230417013168335,116820000
2010-05-19,1.9273813962936401,2.0534720420837402,2.1093060970306396,1.9751390218734741,2.052917003631592,139168800
2010-05-20,1.706420660018921,1.8180559873580933,1.9477779865264893,1.8165279626846313,1.92180597782135,212227200
2010-05-21,1.7684719562530518,1.884166955947876,1.9127780199050903,1.7236109972000122,1.7359720468521118,175809600
2010-05-24,1.7137200832366943,1.8258329629898071,1.9127780199050903,1.8205560445785522,1.8654170036315918,134128800
2010-05-25,1.7194559574127197,1.8319439888000488,1.8329169750213623,1.6565279960632324,1.6924999952316284,173707200
2010-05-26,1.683868169784546,1.7940280437469482,1.9151389598846436,1.78125,1.865833044052124,179906400
2010-05-27,1.856465458869934,1.977916955947876,1.9800000190734863,1.8786109685897827,1.9011110067367554,153000000
2010-05-28,1.7830719947814941,1.8997219800949097,1.9733330011367798,1.8763890266418457,1.970278024673462,154310400
2010-06-01,1.6971646547317505,1.8081940412521362,1.9331940412521362,1.7994439601898193,1.8477779626846313,171172800
2010-06-02,1.827004313468933,1.9465279579162598,1.9487500190734863,1.8119440078735352,1.8362499475479126,147067200
2010-06-03,1.8459062576293945,1.9666670560836792,1.9866670370101929,1.9095829725265503,1.967777967453003,136720800
2010-06-04,1.660402774810791,1.7690279483795166,1.8941669464111328,1.742082953453064,1.8580559492111206,209260800
2010-06-07,1.5917028188705444,1.6958329677581787,1.799306035041809,1.6909719705581665,1.7799999713897705,168768000
2010-06-08,1.6378504037857056,1.7450000047683716,1.759166955947876,1.654721975326538,1.699167013168335,173419200
2010-06-09,1.6130818128585815,1.7186110019683838,1.830556035041809,1.7018059492111206,1.7826390266418457,208231200
2010-06-10,1.7584340572357178,1.873471975326538,1.8777780532836914,1.8002779483795166,1.8073610067367554,134640000
2010-06-11,1.7815085649490356,1.8980560302734375,1.9026390314102173,1.8186110258102417,1.8227779865264893,158551200
2010-06-14,1.7757714986801147,1.8919440507888794,1.9737499952316284,1.8843059539794922,1.9436110258102417,236232000
2010-06-15,1.89387845993042,2.017777919769287,2.024167060852051,1.9204169511795044,1.9306939840316772,143294400
2010-06-16,1.8921840190887451,2.0159718990325928,2.0415279865264893,1.9761110544204712,1.990556001663208,187761600
2010-06-17,1.901179552078247,2.0255560874938965,2.037360906600952,1.9680559635162354,2.034306049346924,248169600
2010-06-18,1.9070457220077515,2.031805992126465,2.0551390647888184,2.013611078262329,2.038332939147949,130492800
2010-06-21,1.8884031772613525,2.011944055557251,2.113193988800049,1.981943964958191,2.1086111068725586,141696000
2010-06-22,1.7972371578216553,1.912500023841858,2.0391669273376465,1.9054169654846191,2.01444411277771,198057600
2010-06-23,1.7802692651748657,1.8944439888000488,1.9366669654846191,1.8555560111999512,1.9166669845581055,169740000
2010-06-24,1.6925615072250366,1.8011109828948975,1.874027967453003,1.7865279912948608,1.866528034210205,242352000
2010-06-25,1.7249305248260498,1.8355560302734375,1.8502780199050903,1.7677780389785767,1.8165279626846313,186148800
2010-06-28,1.694911003112793,1.8036110401153564,1.8454170227050781,1.7861109972000122,1.8309719562530518,131824800
2010-06-29,1.540637493133545,1.6394439935684204,1.7312500476837158,1.606389045715332,1.7302780151367188,249472800
2010-06-30,1.4873868227005005,1.582777976989746,1.6695829629898071,1.5750000476837158,1.6244440078735352,158832000
2010-07-01,1.477859377861023,1.572638988494873,1.6030559539794922,1.494305968284607,1.5876389741897583,290347200
2010-07-02,1.452147364616394,1.5452779531478882,1.599444031715393,1.5170830488204956,1.5869439840316772,142315200
2010-07-06,1.4791641235351562,1.5740280151367188,1.6418060064315796,1.5293060541152954,1.608610987663269,167292000
2010-07-07,1.618818759918213,1.7226389646530151,1.727916955947876,1.580556035041809,1.585278034210205,159890400
2010-07-08,1.666326880455017,1.7731939554214478,1.7795829772949219,1.7127779722213745,1.7636109590530396,136944000
2010-07-09,1.70235013961792,1.811527967453003,1.8129169940948486,1.761944055557251,1.774027943611145,72424800
2010-07-12,1.707310438156128,1.8168059587478638,1.8266669511795044,1.7722220420837402,1.7940280437469482,66196800
2010-07-13,1.7847076654434204,1.8991669416427612,1.9202779531478882,1.863055944442749,1.8737499713897705,123415200
2010-07-14,1.7840548753738403,1.8984719514846802,1.9198609590530396,1.8584719896316528,1.881943941116333,72554400
2010-07-15,1.7853598594665527,1.8998609781265259,1.9183330535888672,1.8213889598846436,1.8976390361785889,98020800
2010-07-16,1.637743592262268,1.742777943611145,1.871806025505066,1.731389045715332,1.866528034210205,149608800
2010-07-19,1.668154239654541,1.7751389741897583,1.7893060445785522,1.7204170227050781,1.7625000476837158,125013600
2010-07-20,1.7212754487991333,1.8316669464111328,1.835832953453064,1.7000000476837158,1.7024999856948853,131623200
2010-07-21,1.6565388441085815,1.7627780437469482,1.861806035041809,1.7379169464111328,1.8605560064315796,156614400
2010-07-22,1.7656515836715698,1.8788889646530151,1.9016669988632202,1.8230559825897217,1.824444055557251,127382400
2010-07-23,1.8110718727111816,1.9272220134735107,1.935278058052063,1.8511110544204712,1.8694440126419067,121759200
2010-07-26,1.8700658082962036,1.9900000095367432,1.9934719800949097,1.921110987663269,1.9347219467163086,101412000
2010-07-27,1.8664119243621826,1.986111044883728,2.0263888835906982,1.962499976158142,2.021806001663208,100569600
2010-07-28,1.831302523612976,1.9487500190734863,1.9916670322418213,1.9288890361785889,1.9736109972000122,80899200
2010-07-29,1.8041541576385498,1.9198609590530396,1.9988889694213867,1.8738889694213867,1.982638955116272,120808800
2010-07-30,1.8023275136947632,1.917917013168335,1.948472023010254,1.8512500524520874,1.861111044883728,117432000
2010-08-02,1.9241008758544922,2.047499895095825,2.057499885559082,1.9848610162734985,2.0090279579162598,74080800
2010-08-03,1.897344708442688,2.0190279483795166,2.048888921737671,1.9988889694213867,2.0333330631256104,79581600
2010-08-04,1.9346727132797241,2.0587499141693115,2.0677781105041504,2.015000104904175,2.0358328819274902,81979200
2010-08-05,1.9277558326721191,2.05138897895813,2.055694103240967,2.01111102104187,2.022083044052124,80798400
2010-08-06,1.9038705825805664,2.0259718894958496,2.037360906600952,1.947638988494873,1.9919439554214478,101037600
2010-08-09,1.9341498613357544,2.0581939220428467,2.0702779293060303,2.024306058883667,2.055694103240967,48412800
2010-08-10,1.9062198400497437,2.0284719467163086,2.059027910232544,1.971943974494934,2.0073609352111816,112435200
2010-08-11,1.7489453554153442,1.861111044883728,1.9340280294418335,1.8505560159683228,1.930556058883667,114717600
2010-08-12,1.7172292470932007,1.827360987663269,1.8448610305786133,1.7729170322418213,1.7748609781265259,77479200
2010-08-13,1.698304295539856,1.8072220087051392,1.8418060541152954,1.8027780055999756,1.8083330392837524,76118400
2010-08-16,1.6977821588516235,1.8066669702529907,1.8233330249786377,1.7527780532836914,1.7737499475479126,89316000
2010-08-17,1.7562543153762817,1.8688889741897583,1.9122220277786255,1.8370829820632935,1.8515280485153198,97149600
2010-08-18,1.7685225009918213,1.881943941116333,1.912500023841858,1.8379169702529907,1.8698610067367554,81288000
2010-08-19,1.6776825189590454,1.7852779626846313,1.8668060302734375,1.761667013168335,1.8543059825897217,151228800
2010-08-20,1.6621507406234741,1.7687499523162842,1.7752779722213745,1.7280559539794922,1.767361044883728,103824000
2010-08-23,1.6399625539779663,1.7451390027999878,1.817916989326477,1.7433329820632935,1.7926390171051025,83736000
2010-08-24,1.5698751211166382,1.6705559492111206,1.7105560302734375,1.6418060064315796,1.6873610019683838,126777600
2010-08-25,1.5827959775924683,1.684306025505066,1.705556035041809,1.6091669797897339,1.6401389837265015,104140800
2010-08-26,1.5518625974655151,1.6513890027999878,1.7176389694213867,1.6363890171051025,1.7073609828948975,97862400
2010-08-27,1.624953031539917,1.7291669845581055,1.7337499856948853,1.6097220182418823,1.684306025505066,119548800
2010-08-30,1.5552560091018677,1.6549999713897705,1.731389045715332,1.6538889408111572,1.7163889408111572,95306400
2010-08-31,1.5596932172775269,1.6597219705581665,1.684999942779541,1.6161110401153564,1.6348609924316406,132163200
2010-09-01,1.69451904296875,1.8031940460205078,1.809306025505066,1.7188889980316162,1.7229169607162476,104781600
2010-09-02,1.7418975830078125,1.8536109924316406,1.8536109924316406,1.805277943611145,1.8169440031051636,74505600
2010-09-03,1.808070421218872,1.9240280389785767,1.930277943611145,1.8780560493469238,1.9090280532836914,100036800
2010-09-07,1.7505115270614624,1.8627779483795166,1.9045829772949219,1.8561110496520996,1.8976390361785889,83548800
2010-09-08,1.7845770120620728,1.899027943611145,1.9209719896316528,1.8684719800949097,1.8708330392837524,84024000
2010-09-09,1.8096357583999634,1.9256939888000488,1.965556025505066,1.9111109972000122,1.962499976158142,67118400
2010-09-10,1.8378280401229858,1.9556939601898193,1.9613889455795288,1.923611044883728,1.9369440078735352,58838400
2010-09-13,1.8977357149124146,2.019443988800049,2.032083034515381,1.9895830154418945,2.0130560398101807,75981600
2010-09-14,1.8935599327087402,2.015000104904175,2.049999952316284,1.9852780103683472,2.008471965789795,74988000
2010-09-15,1.918227195739746,2.041249990463257,2.0461111068725586,1.9802780151367188,1.9987499713897705,63849600
2010-09-16,1.9147034883499146,2.0374999046325684,2.041388988494873,1.9993059635162354,2.019305944442749,76989600
2010-09-17,1.9161396026611328,2.0390279293060303,2.074306011199951,2.0233330726623535,2.0677781105041504,68061600
2010-09-20,2.0072407722473145,2.135972023010254,2.147083044052124,2.0472218990325928,2.063333034515381,80690400
2010-09-21,1.9909512996673584,2.1168060302734375,2.1666669845581055,2.092221975326538,2.1365280151367188,155930400
2010-09-22,1.9657390117645264,2.0899999141693115,2.1434719562530518,2.069999933242798,2.1111109256744385,93009600
2010-09-23,1.9158375263214111,2.0369439125061035,2.1009719371795654,2.019582986831665,2.035278081893921,108410400
2010-09-24,2.030663251876831,2.1590280532836914,2.165555953979492,2.0994439125061035,2.1052780151367188,78400800
2010-09-27,2.0051896572113037,2.131943941116333,2.1716670989990234,2.125,2.1640279293060303,71712000
2010-09-28,2.0263514518737793,2.1544439792633057,2.1734719276428223,2.0705559253692627,2.1404170989990234,124761600
2010-09-29,2.011460065841675,2.138611078262329,2.166249990463257,2.1166670322418213,2.1372220516204834,102744000
2010-09-30,1.9955229759216309,2.12166690826416,2.2134718894958496,2.0926389694213867,2.172916889190674,151430400
2010-10-01,2.020864725112915,2.148611068725586,2.1768059730529785,2.11055588722229,2.1695830821990967,74469600
2010-10-04,1.9767123460769653,2.1016669273376465,2.1620829105377197,2.0687499046325684,2.133610963821411,99756000
2010-10-05,2.0938894748687744,2.226249933242798,2.242361068725586,2.1509718894958496,2.15958309173584,70228800
2010-10-06,2.0953259468078613,2.2277779579162598,2.2426390647888184,2.2002780437469482,2.2265279293060303,75204000
2010-10-07,2.086966037750244,2.218888998031616,2.255556106567383,2.1784720420837402,2.255556106567383,70156800
2010-10-08,2.119884490966797,2.2538890838623047,2.274306058883667,2.202500104904175,2.2293059825897217,69703200
2010-10-11,2.1269381046295166,2.2613890171051025,2.279582977294922,2.238193988800049,2.2674999237060547,43848000
2010-10-12,2.1479697227478027,2.283750057220459,2.3027780055999756,2.202639102935791,2.2393059730529785,101052000
2010-10-13,2.1946046352386475,2.3333330154418945,2.372499942779541,2.3041670322418213,2.3223609924316406,74937600
2010-10-14,2.180105447769165,2.3179171085357666,2.340277910232544,2.2659718990325928,2.32930588722229,97329600
2010-10-15,2.1858532428741455,2.3240280151367188,2.360416889190674,2.267638921737671,2.35819411277771,91850400
2010-10-18,2.1552863121032715,2.2915279865264893,2.379443883895874,2.2915279865264893,2.32680606842041,53258400
2010-10-19,2.1252403259277344,2.259582996368408,2.330277919769287,2.221250057220459,2.290416955947876,107337600
2010-10-20,2.191601514816284,2.330138921737671,2.362360954284668,2.2725000381469727,2.278610944747925,87055200
2010-10-21,2.203357696533203,2.3426389694213867,2.4008328914642334,2.2899999618530273,2.363332986831665,101599200
2010-10-22,2.220078945159912,2.360416889190674,2.3676390647888184,2.336806058883667,2.355417013168335,51832800
2010-10-25,2.2336645126342773,2.374861001968384,2.4412500858306885,2.3731939792633057,2.402777910232544,90208800
2010-10-26,2.23640775680542,2.3777780532836914,2.38611102104187,2.3284718990325928,2.3408329486846924,51638400
2010-10-27,2.2191638946533203,2.3594439029693604,2.3668060302734375,2.2936110496520996,2.32944393157959,87897600
2010-10-28,2.2224297523498535,2.362916946411133,2.4024999141693115,2.3258330821990967,2.3965280055999756,67708800
2010-10-29,2.223865509033203,2.3644440174102783,2.37833309173584,2.3409719467163086,2.3518059253692627,40420800
2010-11-01,2.225825786590576,2.366528034210205,2.440000057220459,2.3279170989990234,2.4033329486846924,75859200
2010-11-02,2.2763803005218506,2.4202780723571777,2.439444065093994,2.401110887527466,2.4200000762939453,42919200
2010-11-03,2.305903673171997,2.451667070388794,2.4558329582214355,2.359999895095825,2.4370830059051514,78602400
2010-11-04,2.4383633136749268,2.5924999713897705,2.59708309173584,2.524306058883667,2.5323610305786133,66448800
2010-11-05,2.470498561859131,2.626667022705078,2.6356940269470215,2.5901389122009277,2.597917079925537,69948000
2010-11-08,2.4556050300598145,2.610832929611206,2.619443893432617,2.57361102104187,2.5995829105377197,64987200
2010-11-09,2.400219202041626,2.5519440174102783,2.636667013168335,2.52013897895813,2.6304171085357666,78400800
2010-11-10,2.4276511669158936,2.581110954284668,2.5854170322418213,2.4926390647888184,2.5502779483795166,96710400
2010-11-11,2.3979978561401367,2.5495829582214355,2.564028024673462,2.493056058883667,2.514167070388794,60667200
2010-11-12,2.314265012741089,2.4605560302734375,2.534306049346924,2.4295830726623535,2.5006940364837646,128419200
2010-11-15,2.305903673171997,2.451667070388794,2.5137500762939453,2.44861102104187,2.4862499237060547,63424800
2010-11-16,2.197479486465454,2.3363890647888184,2.418056011199951,2.3027780055999756,2.4066669940948486,144237600
2010-11-17,2.2008750438690186,2.3399999141693115,2.368056058883667,2.319027900695801,2.340693950653076,65390400
2010-11-18,2.2972817420959473,2.442500114440918,2.4674999713897705,2.407778024673462,2.407917022705078,56966400
2010-11-19,2.3147857189178467,2.461111068725586,2.465277910232544,2.399306058883667,2.4345829486846924,47980800
2010-11-22,2.311258316040039,2.4573609828948975,2.458611011505127,2.3706939220428467,2.427361011505127,83275200
2010-11-23,2.207667589187622,2.347222089767456,2.384166955947876,2.324167013168335,2.371527910232544,119145600
2010-11-24,2.303683042526245,2.449306011199951,2.454582929611206,2.394305944442749,2.3958330154418945,53625600
2010-11-26,2.2434616088867188,2.3852779865264893,2.4291670322418213,2.375,2.390139102935791,31269600
2010-11-29,2.247903347015381,2.390000104904175,2.408889055252075,2.3047220706939697,2.3561110496520996,94694400
2010-11-30,2.205578327178955,2.3450000286102295,2.3904170989990234,2.3079171180725098,2.318056106567383,88574400
2010-12-01,2.3484878540039062,2.496943950653076,2.512083053588867,2.451667070388794,2.452083110809326,70610400
2010-12-02,2.4399304389953613,2.5941669940948486,2.6001389026641846,2.507082939147949,2.5104169845581055,56764800
2010-12-03,2.4588730335235596,2.6143059730529785,2.6238889694213867,2.5656940937042236,2.569443941116333,54331200
2010-12-06,2.4509034156799316,2.605833053588867,2.6245830059051514,2.590277910232544,2.600832939147949,40816800
2010-12-07,2.4548230171203613,2.609999895095825,2.6872220039367676,2.60805606842041,2.6811110973358154,82742400
2010-12-08,2.4817328453063965,2.638611078262329,2.6458330154418945,2.586250066757202,2.620832920074463,55425600
2010-12-09,2.5138678550720215,2.6727778911590576,2.686944007873535,2.6329169273376465,2.683056116104126,42372000
2010-12-10,2.556976795196533,2.718611001968384,2.725277900695801,2.6695830821990967,2.6954169273376465,44834400
2010-12-13,2.5620718002319336,2.7240281105041504,2.7658329010009766,2.721389055252075,2.7597219944000244,52372800
2010-12-14,2.567819118499756,2.7301390171051025,2.766666889190674,2.7056939601898193,2.7368059158325195,52286400
2010-12-15,2.5318946838378906,2.691943883895874,2.7479169368743896,2.680833101272583,2.7158329486846924,66268800
2010-12-16,2.5760488510131836,2.73888897895813,2.744999885559082,2.668889045715332,2.7081940174102783,68493600
2010-12-17,2.5871517658233643,2.7506940364837646,2.7581939697265625,2.7166669368743896,2.7326390743255615,39232800
2010-12-20,2.599954128265381,2.76430606842041,2.788193941116333,2.7277779579162598,2.7722220420837402,55670400
2010-12-21,2.65024733543396,2.8177781105041504,2.825000047683716,2.7859721183776855,2.79569411277771,39657600
2010-12-22,2.6770265102386475,2.846250057220459,2.849721908569336,2.8222219944000244,2.826667070388794,37598400
2010-12-23,2.6648776531219482,2.8333330154418945,2.84708309173584,2.814028024673462,2.8373610973358154,26740800
2010-12-27,2.6648776531219482,2.8333330154418945,2.8444440364837646,2.7959721088409424,2.8026390075683594,18244800
2010-12-28,2.679640054702759,2.8490281105041504,2.8561110496520996,2.827639102935791,2.8540279865264893,21477600
2010-12-29,2.686039924621582,2.855833053588867,2.8743059635162354,2.8550000190734863,2.85805606842041,19663200
2010-12-30,2.6754579544067383,2.844583034515381,2.8662500381469727,2.829582929611206,2.8465280532836914,30816000
2010-12-31,2.6767654418945312,2.8459720611572266,2.8520829677581787,2.815139055252075,2.828610897064209,26402400
2011-01-03,2.7546205520629883,2.9287500381469727,2.968194007873535,2.9048609733581543,2.906805992126465,49917600
2011-01-04,2.745999336242676,2.9195830821990967,2.952639102935791,2.8731939792633057,2.951667070388794,66038400
2011-01-05,2.79250431060791,2.9690279960632324,2.976388931274414,2.8906939029693604,2.896111011505127,42400800
2011-01-06,2.776045560836792,2.9515280723571777,2.9840281009674072,2.928889036178589,2.973193883895874,51228000
2011-01-07,2.760892152786255,2.9354169368743896,2.97986102104187,2.8687500953674316,2.967221975326538,49204800
2011-01-10,2.752138614654541,2.9261109828948975,2.9370830059051514,2.8722219467163086,2.9013888835906982,62920800
2011-01-11,2.778134822845459,2.953749895095825,2.9765279293060303,2.922916889190674,2.961250066757202,63856800
2011-01-12,2.856252670288086,3.036806106567383,3.044861078262329,2.993889093399048,3.0102779865264893,68270400
2011-01-13,2.8469772338867188,3.0269439220428467,3.043194055557251,2.998332977294922,3.037360906600952,67694400
2011-01-14,2.89648699760437,3.079582929611206,3.087639093399048,3.0022220611572266,3.0079169273376465,67075200
2011-01-18,2.918954849243164,3.1034719944000244,3.1102778911590576,3.0670828819274902,3.0781939029693604,37785600
2011-01-19,2.915559768676758,3.099860906600952,3.100693941116333,2.986388921737671,3.0965280532836914,66902400
2011-01-20,2.821373462677002,2.9997220039367676,3.0204169750213623,2.933056116104126,2.9895830154418945,89978400
2011-01-21,2.8431897163391113,3.0229170322418213,3.0740280151367188,3.0088889598846436,3.054028034210205,57024000
2011-01-24,2.8873419761657715,3.0698609352111816,3.080277919769287,3.0106940269470215,3.0127780437469482,46274400
2011-01-25,2.8911304473876953,3.0738890171051025,3.0763890743255615,2.999444007873535,3.0415279865264893,66736800
2011-01-26,2.9260098934173584,3.1109719276428223,3.135972023010254,3.078749895095825,3.0944440364837646,59601600
2011-01-27,2.946256637573242,3.132499933242798,3.1472220420837402,3.095417022705078,3.11055588722229,52632000
2011-01-28,2.790674924850464,2.967082977294922,3.157778024673462,2.95444393157959,3.1456940174102783,97848000
2011-01-31,2.852464199066162,3.032778024673462,3.041249990463257,2.9705560207366943,2.993889093399048,50198400
2011-02-01,2.988582134246826,3.177500009536743,3.1956939697265625,3.0850000381469727,3.0879170894622803,47196000
2011-02-02,2.9721221923828125,3.1600000858306885,3.186666965484619,3.1504170894622803,3.160693883895874,41457600
2011-02-03,2.9909331798553467,3.180000066757202,3.1965279579162598,3.095694065093994,3.146806001663208,37684800
2011-02-04,3.021109104156494,3.212083101272583,3.2141671180725098,3.142638921737671,3.185971975326538,38253600
2011-02-07,3.0754518508911133,3.2698609828948975,3.3016669750213623,3.231250047683716,3.2318060398101807,32925600
2011-02-08,3.117384195327759,3.314444065093994,3.319166898727417,3.25333309173584,3.281111001968384,31161600
2011-02-09,3.0959606170654297,3.2916669845581055,3.3181939125061035,3.244999885559082,3.288193941116333,50392800
2011-02-10,3.100402593612671,3.296389102935791,3.305556058883667,3.2201390266418457,3.240417003631592,34560000
2011-02-11,3.1556591987609863,3.3551390171051025,3.3672220706939697,3.2545828819274902,3.2545828819274902,42177600
2011-02-14,3.1729023456573486,3.373471975326538,3.385138988494873,3.337778091430664,3.3520829677581787,29714400
2011-02-15,3.1483426094055176,3.3473610877990723,3.363055944442749,3.319582939147949,3.345694065093994,36338400
2011-02-16,3.2020328044891357,3.4044439792633057,3.420833110809326,3.3593060970306396,3.3787500858306885,49910400
2011-02-17,3.2358670234680176,3.4404170513153076,3.4513890743255615,3.370556116104126,3.3786110877990723,28634400
2011-02-18,3.255854606628418,3.461667060852051,3.473193883895874,3.4244439601898193,3.447082996368408,36612000
2011-02-22,3.061866283416748,3.2554171085357666,3.4091670513153076,3.225416898727417,3.350416898727417,68061600
2011-02-23,3.0111820697784424,3.2015280723571777,3.2697219848632812,3.131805896759033,3.2445828914642334,58190400
2011-02-24,3.0002083778381348,3.1898610591888428,3.221806049346924,3.0950000286102295,3.1812500953674316,208296000
2011-02-25,3.087338924407959,3.2825000286102295,3.2920830249786377,3.21875,3.228749990463257,27098400
2011-02-28,3.148866891860962,3.347917079925537,3.3595829010009766,3.290416955947876,3.3208329677581787,30492000
2011-03-01,2.9909331798553467,3.180000066757202,3.3883330821990967,3.180000066757202,3.3808329105377197,58567200
2011-03-02,3.0066094398498535,3.196666955947876,3.2441670894622803,3.1558330059051514,3.1666669845581055,39844800
2011-03-03,3.1617984771728516,3.3616669178009033,3.375833034515381,3.285417079925537,3.288749933242798,28646400
2011-03-04,3.0951766967773438,3.290832996368408,3.3645830154418945,3.2249999046325684,3.3616669178009033,40459200
2011-03-07,3.0164060592651367,3.207082986831665,3.3408329486846924,3.160417079925537,3.3170828819274902,27813600
2011-03-08,3.0963528156280518,3.2920830249786377,3.3258330821990967,3.1845829486846924,3.2245829105377197,22785600
2011-03-09,3.086162805557251,3.28125,3.311666965484619,3.2225000858306885,3.2733330726623535,22900800
2011-03-10,2.9133384227752686,3.0975000858306885,3.1816670894622803,3.0899999141693115,3.1816670894622803,36660000
2011-03-11,2.974473237991333,3.1624999046325684,3.194999933242798,3.0625,3.0625,29316000
2011-03-14,2.9219603538513184,3.1066670417785645,3.136667013168335,3.032917022705078,3.09708309173584,28862400
2011-03-15,2.823986291885376,3.002500057220459,3.0520830154418945,2.8499999046325684,2.8524999618530273,45237600
2011-03-16,2.6640942096710205,2.8324999809265137,2.999166965484619,2.769582986831665,2.972917079925537,71006400
2011-03-17,2.7624599933624268,2.9370830059051514,2.9766669273376465,2.891666889190674,2.951667070388794,30547200
2011-03-18,2.800081253051758,2.9770829677581787,3.0520830154418945,2.9583330154418945,3.0491669178009033,30520800
2011-03-21,2.9266624450683594,3.1116669178009033,3.1312499046325684,3.0762500762939453,3.089582920074463,21225600
2011-03-22,2.8984463214874268,3.081666946411133,3.123332977294922,3.071666955947876,3.1137499809265137,23695200
2011-03-23,2.9215683937072754,3.106250047683716,3.130000114440918,3.012500047683716,3.0537500381469727,24724800
2011-03-24,3.0038652420043945,3.1937499046325684,3.2083330154418945,3.106250047683716,3.1624999046325684,29524800
2011-03-25,3.029339075088501,3.2208330631256104,3.266249895095825,3.200000047683716,3.2174999713897705,26227200
2011-03-28,3.0109200477600098,3.2012500762939453,3.2699999809265137,3.199167013168335,3.2487499713897705,27482400
2011-03-29,3.070096969604492,3.264167070388794,3.2658329010009766,3.1620829105377197,3.194166898727417,22476000
2011-03-30,3.133190870285034,3.331249952316284,3.360416889190674,3.302500009536743,3.3179171085357666,21813600
2011-03-31,3.123785972595215,3.3212499618530273,3.3499999046325684,3.3079171180725098,3.3233330249786377,14479200
2011-04-01,3.1590561866760254,3.358750104904175,3.407917022705078,3.337083101272583,3.3854169845581055,24182400
2011-04-04,3.168461322784424,3.3687500953674316,3.399583101272583,3.34041690826416,3.3837499618530273,18060000
2011-04-05,3.168854236602783,3.3691670894622803,3.412916898727417,3.344583034515381,3.348750114440918,22132800
2011-04-06,3.192366600036621,3.394166946411133,3.4241669178009033,3.3591670989990234,3.4166669845581055,21297600
2011-04-07,3.172379970550537,3.3729169368743896,3.4200000762939453,3.324583053588867,3.3804171085357666,31303200
2011-04-08,3.1437723636627197,3.3424999713897705,3.4216670989990234,3.296250104904175,3.4149999618530273,21180000
2011-04-11,3.1135964393615723,3.3104169368743896,3.381666898727417,3.283750057220459,3.34708309173584,15724800
2011-04-12,3.0446228981018066,3.2370829582214355,3.269166946411133,3.1958329677581787,3.250833034515381,31075200
2011-04-13,3.0395288467407227,3.2316670417785645,3.2850000858306885,3.1937499046325684,3.27791690826416,21573600
2011-04-14,3.0465822219848633,3.2391669750213623,3.2529170513153076,3.1433329582214355,3.1745829582214355,22857600
2011-04-15,3.072054862976074,3.266249895095825,3.2966670989990234,3.228332996368408,3.2545828819274902,26704800
2011-04-18,2.9795682430267334,3.167917013168335,3.1829171180725098,3.0854170322418213,3.1624999046325684,36364800
2011-04-19,3.0226776599884033,3.213749885559082,3.219583034515381,3.1541669368743896,3.1787500381469727,15225600
2011-04-20,3.151608943939209,3.350832939147949,3.3695828914642334,3.3254170417785645,3.3324999809265137,29793600
2011-04-21,3.197852849960327,3.4000000953674316,3.40291690826416,3.3524999618530273,3.3983330726623535,16149600
2011-04-25,3.1860978603363037,3.387500047683716,3.40291690826416,3.355417013168335,3.394166946411133,13687200
2011-04-26,3.2699618339538574,3.4766669273376465,3.4954171180725098,3.4120829105377197,3.417917013168335,20781600
2011-04-27,3.3310976028442383,3.5416669845581055,3.55916690826416,3.454166889190674,3.4995830059051514,22536000
2011-04-28,3.3640172481536865,3.576667070388794,3.59041690826416,3.518749952316284,3.518749952316284,19104000
2011-04-29,3.3965439796447754,3.6112499237060547,3.613332986831665,3.569166898727417,3.5833330154418945,16896000
2011-05-02,3.3710708618164062,3.584167003631592,3.6666669845581055,3.5654170513153076,3.6666669845581055,24660000
2011-05-03,3.337367296218872,3.548332929611206,3.5854170322418213,3.494999885559082,3.5687499046325684,23256000
2011-05-04,3.271921396255493,3.478749990463257,3.5470829010009766,3.4295830726623535,3.545417070388794,26064000
2011-05-05,3.186880350112915,3.3883330821990967,3.485832929611206,3.336250066757202,3.418333053588867,34504800
2011-05-06,3.22058367729187,3.4241669178009033,3.5350000858306885,3.3879170417785645,3.4841670989990234,31212000
2011-05-09,3.265650749206543,3.47208309173584,3.4945828914642334,3.4108328819274902,3.432499885559082,15364800
2011-05-10,3.347557306289673,3.55916690826416,3.574583053588867,3.4887499809265137,3.5029170513153076,18667200
2011-05-11,3.2374343872070312,3.4420828819274902,3.541249990463257,3.3958330154418945,3.541249990463257,31363200
2011-05-12,3.28446102142334,3.4920830726623535,3.512500047683716,3.3637499809265137,3.415416955947876,24645600
2011-05-13,3.2049076557159424,3.4075000286102295,3.511667013168335,3.3762500286102295,3.4995830059051514,24816000
2011-05-16,3.147690534591675,3.3466670513153076,3.454166889190674,3.329166889190674,3.367917060852051,19980000
2011-05-17,3.147690534591675,3.3466670513153076,3.3566670417785645,3.264583110809326,3.305833101272583,24033600
2011-05-18,3.232731819152832,3.4370830059051514,3.442500114440918,3.327500104904175,3.34708309173584,17476800
2011-05-19,3.253894090652466,3.459583044052124,3.483333110809326,3.40291690826416,3.46541690826416,19845600
2011-05-20,3.174731969833374,3.3754169940948486,3.4437499046325684,3.3575000762939453,3.430000066757202,24391200
2011-05-23,3.063041925430298,3.256666898727417,3.2870829105377197,3.22208309173584,3.25,26400000
2011-05-24,3.058730363845825,3.2520830631256104,3.3066670894622803,3.230417013168335,3.2870829105377197,20001600
2011-05-25,3.086162805557251,3.28125,3.321666955947876,3.207082986831665,3.2108330726623535,20013600
2011-05-26,3.123785972595215,3.3212499618530273,3.34375,3.2362499237060547,3.2558329105377197,29623200
2011-05-27,3.1637585163116455,3.3637499809265137,3.391249895095825,3.341249942779541,3.3520829677581787,19747200
2011-05-31,3.262908458709717,3.4691669940948486,3.469583034515381,3.389167070388794,3.4579169750213623,23049600
2011-06-01,3.04854154586792,3.2412500381469727,3.444582939147949,3.2266669273376465,3.4362499713897705,45136800
2011-06-02,3.0316896438598633,3.2233328819274902,3.261667013168335,3.167917013168335,3.2416670322418213,27040800
2011-06-03,2.9446895122528076,3.1308329105377197,3.2012500762939453,3.103749990463257,3.106250047683716,33338400
2011-06-06,2.8474998474121094,3.0274999141693115,3.1237499713897705,3.017082929611206,3.1066670417785645,26349600
2011-06-07,2.8408377170562744,3.0204169750213623,3.100832939147949,3.017082929611206,3.078749895095825,23354400
2011-06-08,2.8071348667144775,2.9845829010009766,3.038332939147949,2.9674999713897705,3.009999990463257,32959200
2011-06-09,2.8663113117218018,3.047499895095825,3.0883328914642334,2.987916946411133,3.0083329677581787,19346400
2011-06-10,2.751094102859497,2.924999952316284,3.019166946411133,2.9000000953674316,3.0087499618530273,49020000
2011-06-13,2.7557969093322754,2.930000066757202,2.966249942779541,2.887500047683716,2.9429171085357666,24650400
2011-06-14,2.8608248233795166,3.0416669845581055,3.072499990463257,3.0083329677581787,3.009999990463257,28005600
2011-06-15,2.7083775997161865,2.8795828819274902,2.9920830726623535,2.8570830821990967,2.964582920074463,55430400
2011-06-16,2.7224860191345215,2.894582986831665,2.9437499046325684,2.8324999809265137,2.884166955947876,42664800
2011-06-17,2.7495265007019043,2.923332929611206,2.985832929611206,2.8958330154418945,2.985832929611206,35431200
2011-06-20,2.7949869632720947,2.9716670513153076,2.9870829582214355,2.892082929611206,2.8954169750213623,32119200
2011-06-21,2.9058923721313477,3.089582920074463,3.108333110809326,3.00333309173584,3.016249895095825,34893600
2011-06-22,2.8561222553253174,3.0366671085357666,3.115833044052124,3.0291669368743896,3.0625,28471200
2011-06-23,2.8298652172088623,3.0087499618530273,3.012083053588867,2.8595829010009766,2.9266669750213623,71925600
2011-06-24,2.731499671936035,2.9041669368743896,3.012500047683716,2.891249895095825,3.0087499618530273,48458400
2011-06-27,2.8028244972229004,2.9800000190734863,3.0137500762939453,2.893749952316284,2.907917022705078,25560000
2011-06-28,2.912163019180298,3.096250057220459,3.0966670513153076,3.005000114440918,3.014583110809326,23107200
2011-06-29,2.9877989292144775,3.1766669750213623,3.19083309173584,3.1045830249786377,3.139583110809326,33981600
2011-06-30,3.071272850036621,3.2654170989990234,3.282083034515381,3.197499990463257,3.2074999809265137,26059200
2011-07-01,3.2092173099517822,3.4120829105377197,3.4241669178009033,3.2529170513153076,3.269166946411133,28293600
2011-07-05,3.1962857246398926,3.3983330726623535,3.4241669178009033,3.3712499141693115,3.401249885559082,32162400
2011-07-06,3.208434581756592,3.411250114440918,3.4262499809265137,3.3499999046325684,3.375833034515381,34516800
2011-07-07,3.318164110183716,3.52791690826416,3.548332929611206,3.485832929611206,3.507082939147949,39525600
2011-07-08,3.2448813915252686,3.450000047683716,3.450000047683716,3.3670830726623535,3.4041669368743896,48180000
2011-07-11,3.0736234188079834,3.2679169178009033,3.3524999618530273,3.2370829582214355,3.3183329105377197,58828800
2011-07-12,3.027771472930908,3.2191669940948486,3.319582939147949,3.2141671180725098,3.237916946411133,52980000
2011-07-13,3.061081886291504,3.2545828819274902,3.350416898727417,3.2270829677581787,3.267082929611206,37298400
2011-07-14,2.996419906616211,3.185832977294922,3.3187499046325684,3.1641669273376465,3.2766671180725098,74971200
2011-07-15,3.0407044887542725,3.232917070388794,3.25,3.1716670989990234,3.233750104904175,44217600
2011-07-18,2.96977162361145,3.1575000286102295,3.2058329582214355,3.086667060852051,3.191667079925537,50911200
2011-07-19,3.1124207973480225,3.30916690826416,3.321666955947876,3.2079169750213623,3.2104170322418213,41359200
2011-07-20,3.1069328784942627,3.303333044052124,3.342082977294922,3.2874999046325684,3.3358330726623535,30609600
2011-07-21,3.2350826263427734,3.4395830631256104,3.4658329486846924,3.3399999141693115,3.356250047683716,48873600
2011-07-22,3.2429213523864746,3.4479169845581055,3.459167003631592,3.3858330249786377,3.4433329105377197,31514400
2011-07-25,3.1888396739959717,3.3904170989990234,3.44083309173584,3.3399999141693115,3.3499999046325684,29196000
2011-07-26,3.1535696983337402,3.352916955947876,3.4000000953674316,3.328749895095825,3.382499933242798,30518400
2011-07-27,2.963893175125122,3.151249885559082,3.2987499237060547,3.1354169845581055,3.2987499237060547,60103200
2011-07-28,2.938027858734131,3.1237499713897705,3.2295830249786377,3.1045830249786377,3.147083044052124,45201600
2011-07-29,2.8749334812164307,3.0566670894622803,3.142082929611206,2.985416889190674,3.0266671180725098,75024000
2011-08-01,2.834960460662842,3.014167070388794,3.171250104904175,2.927500009536743,3.1645829677581787,93050400
2011-08-02,2.6249032020568848,2.790832996368408,2.994999885559082,2.78458309173584,2.949583053588867,104721600
2011-08-03,2.6621344089508057,2.8304169178009033,2.8375000953674316,2.655416965484619,2.7966670989990234,113740800
2011-08-04,2.28552508354187,2.430000066757202,2.7249999046325684,2.417917013168335,2.7100000381469727,141955200
2011-08-05,2.275726795196533,2.4195830821990967,2.5399999618530273,2.225416898727417,2.5204169750213623,165196800
2011-08-08,1.8262251615524292,1.9416669607162476,2.3137500286102295,1.9341670274734497,2.2245829105377197,182793600
2011-08-09,2.0801730155944824,2.211667060852051,2.2225000858306885,1.8416670560836792,2.0395829677581787,177640800
2011-08-10,1.807022213935852,1.9212499856948853,2.1458330154418945,1.9045829772949219,2.087083101272583,166279200
2011-08-11,2.048037052154541,2.177500009536743,2.2608330249786377,1.9541670083999634,1.9716670513153076,106670400
2011-08-12,2.0931053161621094,2.225416898727417,2.2833330631256104,2.177500009536743,2.240833044052124,148521600
2011-08-15,2.21811842918396,2.358333110809326,2.3695828914642334,2.2725000381469727,2.2833330631256104,93854400
2011-08-16,2.164036273956299,2.300832986831665,2.367500066757202,2.2270829677581787,2.295417070388794,119349600
2011-08-17,2.169915199279785,2.3070828914642334,2.3954169750213623,2.25333309173584,2.3399999141693115,95767200
2011-08-18,1.8869683742523193,2.0062499046325684,2.1308329105377197,1.9450000524520874,2.124166965484619,160156800
2011-08-19,1.7995760440826416,1.9133330583572388,2.079166889190674,1.902500033378601,1.9262499809265137,124082400
2011-08-22,1.8019273281097412,1.9158329963684082,2.040416955947876,1.897083044052124,2.037916898727417,108662400
2011-08-23,1.9747525453567505,2.0995829105377197,2.105417013168335,1.9058330059051514,1.9358329772949219,121389600
2011-08-24,2.059793710708618,2.190000057220459,2.1979169845581055,2.0729169845581055,2.0883328914642334,113325600
2011-08-25,1.9657390117645264,2.0899999141693115,2.2654170989990234,2.0687499046325684,2.228749990463257,122409600
2011-08-26,2.0519564151763916,2.1816670894622803,2.211250066757202,1.9612499475479126,2.058332920074463,141460800
2011-08-29,2.2290914058685303,2.369999885559082,2.3729169368743896,2.265000104904175,2.2699999809265137,80582400
2011-08-30,2.2408487796783447,2.382499933242798,2.4329171180725098,2.2866671085357666,2.3391671180725098,116347200
2011-08-31,2.2686729431152344,2.4120829105377197,2.49666690826416,2.3670830726623535,2.4345829486846924,130886400
2011-09-01,2.205578327178955,2.3450000286102295,2.4895830154418945,2.3358330726623535,2.425416946411133,111873600
2011-09-02,2.0358879566192627,2.1645829677581787,2.235832929611206,2.1404170989990234,2.199583053588867,108655200
2011-09-06,1.9908212423324585,2.1166670322418213,2.125833034515381,1.9745830297470093,1.9745830297470093,131109600
2011-09-07,2.1577672958374023,2.2941670417785645,2.298332929611206,2.191667079925537,2.21541690826416,96220800
2011-09-08,2.089968681335449,2.22208309173584,2.3324999809265137,2.2083330154418945,2.2529170513153076,122042400
2011-09-09,1.9281177520751953,2.049999952316284,2.170417070388794,2.0137500762939453,2.147083044052124,161644800
2011-09-12,1.9645628929138184,2.088749885559082,2.0924999713897705,1.9500000476837158,1.9704170227050781,136869600
2011-09-13,2.013549566268921,2.1408329010009766,2.168333053588867,2.063333034515381,2.106250047683716,130147200
2011-09-14,2.0997672080993652,2.2325000762939453,2.3104169368743896,2.0899999141693115,2.1766669750213623,136783200
2011-09-15,2.2098889350891113,2.3495829105377197,2.351249933242798,2.245832920074463,2.3045830726623535,133060800
2011-09-16,2.2475109100341797,2.389583110809326,2.4166669845581055,2.322499990463257,2.377500057220459,108820800
2011-09-19,2.1808886528015137,2.3187499046325684,2.3566670417785645,2.2274999618530273,2.273750066757202,143988000
2011-09-20,2.1746177673339844,2.3120830059051514,2.4170830249786377,2.3037500381469727,2.3499999046325684,121622400
2011-09-21,1.9775317907333374,2.101249933242798,2.3358330726623535,2.097917079925537,2.3154170513153076,150480000
2011-09-22,1.7900917530059814,1.9020830392837524,1.9762500524520874,1.8195830583572388,1.925832986831665,221330400
2011-09-23,1.8171491622924805,1.9308329820632935,1.9666670560836792,1.8591669797897339,1.8641669750213623,123686400
2011-09-26,1.948122501373291,2.069999933242798,2.081666946411133,1.9079170227050781,1.9904170036315918,171187200
2011-09-27,2.009687900543213,2.1354169845581055,2.2512500286102295,2.105833053588867,2.1962499618530273,140376000
2011-09-28,1.888518214225769,2.006666898727417,2.194999933242798,2.002500057220459,2.1575000286102295,122985600
2011-09-29,1.9371421337127686,2.058332920074463,2.1429169178009033,1.9500000476837158,2.1116669178009033,141840000
2011-09-30,1.799111247062683,1.911666989326477,2.0274999141693115,1.9041670560836792,1.9745830297470093,142104000
2011-10-03,1.639512300491333,1.742082953453064,1.9450000524520874,1.7395830154418945,1.8741669654846191,245954400
2011-10-04,1.7371536493301392,1.8458329439163208,1.8666670322418213,1.6237499713897705,1.6670830249786377,261033600
2011-10-05,1.8430296182632446,1.9583330154418945,1.9737499952316284,1.8183330297470093,1.8691669702529907,179157600
2011-10-06,1.9426323175430298,2.064167022705078,2.0733330249786377,1.914167046546936,1.9574999809265137,125124000
2011-10-07,1.902634859085083,2.021667003631592,2.105417013168335,1.9895830154418945,2.1020829677581787,180163200
2011-10-10,2.0971333980560303,2.228332996368408,2.228332996368408,2.1254169940948486,2.1262500286102295,84710400
2011-10-11,2.0987024307250977,2.2300000190734863,2.252500057220459,2.1812500953674316,2.1887500286102295,87741600
2011-10-12,2.158306121826172,2.293333053588867,2.3691670894622803,2.269166946411133,2.2858328819274902,115944000
2011-10-13,2.142228603363037,2.276249885559082,2.297499895095825,2.200000047683716,2.25,111033600
2011-10-14,2.25241756439209,2.3933329582214355,2.3983330726623535,2.3204169273376465,2.357917070388794,97449600
2011-10-17,2.1237990856170654,2.256666898727417,2.3662500381469727,2.2412500381469727,2.3595829010009766,85728000
2011-10-18,2.249281883239746,2.390000104904175,2.4433329105377197,2.2012500762939453,2.25333309173584,138604800
2011-10-19,2.170070171356201,2.305833101272583,2.4200000762939453,2.2816669940948486,2.3795828819274902,119508000
2011-10-20,2.196343183517456,2.333750009536743,2.359999895095825,2.231250047683716,2.3233330249786377,108374400
2011-10-21,2.320648670196533,2.4658329486846924,2.475832939147949,2.396250009536743,2.417917013168335,81775200
2011-10-24,2.411625623703003,2.5625,2.576667070388794,2.472917079925537,2.4795830249786377,66816000
2011-10-25,2.2684969902038574,2.410417079925537,2.5258328914642334,2.3933329582214355,2.524167060852051,70898400
2011-10-26,2.3367273807525635,2.482917070388794,2.509582996368408,2.3612499237060547,2.4870829582214355,104565600
2011-10-27,2.57553768157959,2.7366669178009033,2.7895829677581787,2.6229169368743896,2.6854169368743896,106178400
2011-10-28,2.5853400230407715,2.7470829486846924,2.7562499046325684,2.69083309173584,2.7033329010009766,62932800
2011-10-31,2.385744094848633,2.5350000858306885,2.654582977294922,2.533750057220459,2.6483330726623535,78352800
2011-11-01,2.193990468978882,2.331249952316284,2.420833110809326,2.3012499809265137,2.3299999237060547,160514400
2011-11-02,2.299474000930786,2.4433329105377197,2.4666669368743896,2.375,2.4345829486846924,92054400
2011-11-03,2.4229960441589355,2.574583053588867,2.59041690826416,2.420417070388794,2.529582977294922,113390400
2011-11-04,2.379861831665039,2.528749942779541,2.5416669845581055,2.4395830631256104,2.5137500762939453,78249600
2011-11-07,2.4229960441589355,2.574583053588867,2.5829169750213623,2.452083110809326,2.527082920074463,79939200
2011-11-08,2.516716480255127,2.6741669178009033,2.6829171180725098,2.5416669845581055,2.6166670322418213,76888800
2011-11-09,2.2394776344299316,2.3795828819274902,2.5233330726623535,2.3612499237060547,2.4891669750213623,160219200
2011-11-10,2.3006510734558105,2.444582939147949,2.481250047683716,2.37166690826416,2.4745829105377197,99688800
2011-11-11,2.4339759349823,2.586250066757202,2.602916955947876,2.5325000286102295,2.5333330631256104,106538400
2011-11-14,2.361039638519287,2.5087499618530273,2.5654170513153076,2.477916955947876,2.5562500953674316,74474400
2011-11-15,2.39985990524292,2.549999952316284,2.5879170894622803,2.466249942779541,2.4954171180725098,96412800
2011-11-16,2.2822206020355225,2.424999952316284,2.5625,2.416249990463257,2.47208309173584,132864000
2011-11-17,2.1735990047454834,2.3095829486846924,2.430000066757202,2.257499933242798,2.412916898727417,161548800
2011-11-18,2.1637961864471436,2.2991669178009033,2.3441669940948486,2.272083044052124,2.329166889190674,99645600
2011-11-21,2.039098024368286,2.1666669845581055,2.2083330154418945,2.113332986831665,2.1979169845581055,143044800
2011-11-22,2.017136573791504,2.1433329582214355,2.1933329105377197,2.1066670417785645,2.1566669940948486,110265600
2011-11-23,1.88655686378479,2.0045828819274902,2.089582920074463,2.001667022705078,2.0850000381469727,121156800
2011-11-25,1.8669508695602417,1.9837499856948853,2.0595829486846924,1.9837499856948853,1.9904170036315918,60571200
2011-11-28,2.0347845554351807,2.1620829105377197,2.185832977294922,2.1170830726623535,2.1516671180725098,101688000
2011-11-29,2.0508615970611572,2.1791670322418213,2.2245829105377197,2.157083034515381,2.180000066757202,106473600
2011-11-30,2.305748701095581,2.450000047683716,2.4608330726623535,2.353332996368408,2.3662500381469727,138208800
2011-12-01,2.3022191524505615,2.4462499618530273,2.487499952316284,2.415832996368408,2.4404170513153076,88471200
2011-12-02,2.2986900806427,2.442500114440918,2.538749933242798,2.4362499713897705,2.515000104904175,81597600
2011-12-05,2.3731963634490967,2.521667003631592,2.577500104904175,2.4766669273376465,2.5562500953674316,77822400
2011-12-06,2.375156879425049,2.523750066757202,2.575000047683716,2.494999885559082,2.522083044052124,58317600
2011-12-07,2.4029972553253174,2.553333044052124,2.5833330154418945,2.447082996368408,2.5,71920800
2011-12-08,2.2449686527252197,2.3854169845581055,2.518749952316284,2.3666670322418213,2.5004169940948486,122764800
2011-12-09,2.3571183681488037,2.5045828819274902,2.5250000953674316,2.4108328819274902,2.417917013168335,88152000
2011-12-12,2.2555558681488037,2.396667003631592,2.4404170513153076,2.334167003631592,2.4404170513153076,77448000
2011-12-13,2.1892850399017334,2.3262500762939453,2.4741671085357666,2.2950000762939453,2.43416690826416,125486400
2011-12-14,2.117523670196533,2.25,2.3262500762939453,2.238332986831665,2.3012499809265137,90854400
2011-12-15,2.140268087387085,2.274167060852051,2.334167003631592,2.266666889190674,2.325000047683716,83150400
2011-12-16,2.1524245738983154,2.2870829105377197,2.3620829582214355,2.2708330154418945,2.321666955947876,89256000
2011-12-19,2.08223295211792,2.2125000953674316,2.3279170989990234,2.199167013168335,2.3120830059051514,59414400
2011-12-20,2.2732017040252686,2.415416955947876,2.424999952316284,2.3170828819274902,2.3170828819274902,79356000
2011-12-21,2.285749912261963,2.4287500381469727,2.439167022705078,2.345417022705078,2.4116671085357666,85012800
2011-12-22,2.3520209789276123,2.499166965484619,2.499166965484619,2.439167022705078,2.453749895095825,61692000
2011-12-23,2.407311201095581,2.5579171180725098,2.5587499141693115,2.5004169940948486,2.5174999237060547,47947200
2011-12-27,2.4088797569274902,2.5595829486846924,2.5833330154418945,2.537916898727417,2.546250104904175,42295200
2011-12-28,2.324178457260132,2.469583034515381,2.567500114440918,2.4579169750213623,2.566667079925537,57924000
2011-12-29,2.390057325363159,2.5395829677581787,2.545833110809326,2.485416889190674,2.4891669750213623,57528000
2011-12-30,2.3586862087249756,2.5062499046325684,2.5516669750213623,2.5062499046325684,2.5350000858306885,35928000
2012-01-03,2.4727988243103027,2.627500057220459,2.672916889190674,2.617500066757202,2.636667013168335,61190400
2012-01-04,2.476719379425049,2.631666898727417,2.640000104904175,2.5729169845581055,2.6020829677581787,57544800
2012-01-05,2.5018157958984375,2.6583330631256104,2.666249990463257,2.5545830726623535,2.5916669368743896,61860000
2012-01-06,2.4833850860595703,2.6387500762939453,2.6641669273376465,2.6091670989990234,2.663332939147949,69453600
2012-01-09,2.495542287826538,2.6516671180725098,2.663332939147949,2.6166670322418213,2.6524999141693115,68589600
2012-01-10,2.5606350898742676,2.7208330631256104,2.7537500858306885,2.711667060852051,2.738332986831665,76744800
2012-01-11,2.5676939487457275,2.728332996368408,2.7366669178009033,2.683332920074463,2.6958329677581787,51648000
2012-01-12,2.5841634273529053,2.745832920074463,2.7562499046325684,2.684999942779541,2.7487499713897705,47256000
2012-01-13,2.5567147731781006,2.7166669368743896,2.7166669368743896,2.632082939147949,2.69083309173584,71131200
2012-01-17,2.5716159343719482,2.7325000762939453,2.795833110809326,2.717082977294922,2.780416965484619,69199200
2012-01-18,2.6574923992156982,2.8237500190734863,2.8283329010009766,2.7183330059051514,2.7345829010009766,61696800
2012-01-19,2.699059247970581,2.867917060852051,2.875833034515381,2.8279170989990234,2.8520829677581787,55468800
2012-01-20,2.7049407958984375,2.874166965484619,2.8745830059051514,2.834167003631592,2.857917070388794,46288800
2012-01-23,2.707294464111328,2.876667022705078,2.920833110809326,2.836667060852051,2.87166690826416,56181600
2012-01-24,2.6994504928588867,2.868333101272583,2.87166690826416,2.8129169940948486,2.8258330821990967,51091200
2012-01-25,2.765721559524536,2.9387500286102295,2.9608330726623535,2.8233330249786377,2.855417013168335,74784000
2012-01-26,2.726116895675659,2.896667003631592,2.995832920074463,2.860832929611206,2.9816670417785645,93218400
2012-01-27,2.720625638961792,2.8908329010009766,2.90625,2.847917079925537,2.8541669845581055,62380800
2012-01-30,2.6927847862243652,2.8612499237060547,2.8662500381469727,2.7758328914642334,2.8062500953674316,56527200
2012-01-31,2.6865103244781494,2.8545830249786377,2.913749933242798,2.816667079925537,2.9058330059051514,81024000
2012-02-01,2.7582716941833496,2.930833101272583,2.975416898727417,2.910417079925537,2.920417070388794,59930400
2012-02-02,2.7731728553771973,2.946666955947876,2.96875,2.9166669845581055,2.9504170417785645,60996000
2012-02-03,2.891204833984375,3.072082996368408,3.076667070388794,3.0208330154418945,3.036250114440918,63249600
2012-02-06,2.8845386505126953,3.065000057220459,3.0679171085357666,3.022083044052124,3.0333330631256104,51487200
2012-02-07,2.9064979553222656,3.0883328914642334,3.1020829677581787,3.0104169845581055,3.0445830821990967,86798400
2012-02-08,2.927673101425171,3.110832929611206,3.1170830726623535,3.0541670322418213,3.09375,70622400
2012-02-09,2.9398298263549805,3.1237499713897705,3.141249895095825,3.072082996368408,3.1304171085357666,70404000
2012-02-10,2.882185697555542,3.0625,3.0645830631256104,3.021250009536743,3.040832996368408,80280000
2012-02-13,2.9410057067871094,3.125,3.1354169845581055,3.0833330154418945,3.122499942779541,45902400
2012-02-14,2.9296340942382812,3.112916946411133,3.118333101272583,3.0487499237060547,3.0995829105377197,84482400
2012-02-15,2.8876755237579346,3.0683329105377197,3.1575000286102295,3.050416946411133,3.1458330154418945,105652800
2012-02-16,2.9810032844543457,3.1675000190734863,3.1791670322418213,3.0545830726623535,3.069582939147949,65668800
2012-02-17,3.0092365741729736,3.197499990463257,3.2083330154418945,3.165832996368408,3.203749895095825,40430400
2012-02-21,3.013943672180176,3.202500104904175,3.2416670322418213,3.171250104904175,3.2174999713897705,52324800
2012-02-22,2.9798269271850586,3.166249990463257,3.2058329582214355,3.15291690826416,3.184999942779541,57340800
2012-02-23,3.02492356300354,3.2141671180725098,3.217082977294922,3.132082939147949,3.1641669273376465,51616800
2012-02-24,3.0402164459228516,3.230417013168335,3.2512500286102295,3.211250066757202,3.2320830821990967,39429600
2012-02-27,3.0539402961730957,3.244999885559082,3.274167060852051,3.1516671180725098,3.168750047683716,53532000
2012-02-28,3.082958936691284,3.2758328914642334,3.283750057220459,3.2320830821990967,3.25333309173584,63300000
2012-02-29,3.0421767234802246,3.2325000762939453,3.3212499618530273,3.206666946411133,3.2916669845581055,95560800
2012-03-01,3.096289873123169,3.2899999618530273,3.3066670894622803,3.2454171180725098,3.257082939147949,77203200
2012-03-02,3.0680572986602783,3.259999990463257,3.293750047683716,3.2366669178009033,3.282083034515381,41140800
2012-03-05,3.028059482574463,3.2174999713897705,3.249166965484619,3.184999942779541,3.2420830726623535,69266400
2012-03-06,2.8931663036346436,3.074167013168335,3.123332977294922,3.048332929611206,3.118333101272583,81969600
2012-03-07,2.955122709274292,3.140000104904175,3.154582977294922,3.0875000953674316,3.097917079925537,48350400
2012-03-08,3.0437450408935547,3.2341670989990234,3.2520830631256104,3.177917003631592,3.197499990463257,36379200
2012-03-09,3.0778605937957764,3.2704169750213623,3.295833110809326,3.2395830154418945,3.2504169940948486,37888800
2012-03-12,3.0790369510650635,3.271667003631592,3.283750057220459,3.2362499237060547,3.2683329582214355,31372800
2012-03-13,3.248046636581421,3.4512500762939453,3.452500104904175,3.308332920074463,3.325000047683716,53529600
2012-03-14,3.2347142696380615,3.4370830059051514,3.4770829677581787,3.40625,3.454582929611206,43108800
2012-03-15,3.2876522541046143,3.493333101272583,3.500833034515381,3.4266669750213623,3.454166889190674,42628800
2012-03-16,3.3092195987701416,3.516249895095825,3.5254170894622803,3.490000009536743,3.517082929611206,54408000
2012-03-19,3.3449041843414307,3.5541670322418213,3.5854170322418213,3.498332977294922,3.5062499046325684,48499200
2012-03-20,3.313140869140625,3.5204169750213623,3.53458309173584,3.4625000953674316,3.4937500953674316,42597600
2012-03-21,3.299025297164917,3.5054171085357666,3.5374999046325684,3.483750104904175,3.527082920074463,53956800
2012-03-22,3.2253029346466064,3.4270830154418945,3.454166889190674,3.394582986831665,3.4266669750213623,61137600
2012-03-23,3.2570652961730957,3.4608330726623535,3.472917079925537,3.3812499046325684,3.4395830631256104,52389600
2012-03-26,3.3927440643310547,3.6050000190734863,3.632082939147949,3.5325000286102295,3.5350000858306885,66813600
2012-03-27,3.3625502586364746,3.5729169845581055,3.625,3.5670828819274902,3.617917060852051,56781600
2012-03-28,3.313140869140625,3.5204169750213623,3.5850000381469727,3.4583330154418945,3.5704169273376465,77659200
2012-03-29,3.2951035499572754,3.5012500286102295,3.516249895095825,3.416249990463257,3.457082986831665,86520000
2012-03-30,3.3249053955078125,3.532917022705078,3.5625,3.4895830154418945,3.555417060852051,64039200
2012-04-02,3.4072537422180176,3.6204171180725098,3.6504170894622803,3.512083053588867,3.53125,61572000
2012-04-03,3.3672566413879395,3.5779170989990234,3.6262500286102295,3.515000104904175,3.605417013168335,73305600
2012-04-04,3.2696149349212646,3.4741671085357666,3.5083329677581787,3.433332920074463,3.4962499141693115,75309600
2012-04-05,3.2621641159057617,3.466249942779541,3.497499942779541,3.4266669750213623,3.4379169940948486,52622400
2012-04-09,3.155111312866211,3.3524999618530273,3.3904170989990234,3.3212499618530273,3.3329169750213623,67406400
2012-04-10,2.9931604862213135,3.180417060852051,3.357917070388794,3.170833110809326,3.329166889190674,142128000
2012-04-11,3.056293249130249,3.247499942779541,3.2950000762939453,3.240000009536743,3.279582977294922,92342400
2012-04-12,3.1892271041870117,3.3887500762939453,3.391666889190674,3.259999990463257,3.2654170989990234,103720800
2012-04-13,3.0676651000976562,3.259582996368408,3.362499952316284,3.255000114440918,3.360416889190674,80815200
2012-04-16,3.0590386390686035,3.2504169940948486,3.327083110809326,3.222917079925537,3.3137500286102295,98712000
2012-04-17,3.197068691253662,3.397083044052124,3.420833110809326,3.302917003631592,3.314167022705078,74546400
2012-04-18,3.1668753623962402,3.365000009536743,3.4000000953674316,3.3491671085357666,3.3566670417785645,62947200
2012-04-19,3.108055591583252,3.302500009536743,3.4049999713897705,3.2554171085357666,3.3695828914642334,87508800
2012-04-20,3.120994806289673,3.3162500858306885,3.381666898727417,3.3137500286102295,3.34375,49216800
2012-04-23,3.0449211597442627,3.235416889190674,3.242500066757202,3.172916889190674,3.2149999141693115,62481600
2012-04-24,3.080214023590088,3.2729170322418213,3.295833110809326,3.235416889190674,3.2416670322418213,55149600
2012-04-25,3.2076570987701416,3.4083330631256104,3.408750057220459,3.3570830821990967,3.3670830726623535,65236800
2012-04-26,3.271182060241699,3.475832939147949,3.487499952316284,3.376667022705078,3.3829169273376465,44484000
2012-04-27,3.2860844135284424,3.4916670322418213,3.522083044052124,3.4504170417785645,3.5079169273376465,46118400
2012-04-30,3.245694398880005,3.4487500190734863,3.4795830249786377,3.424999952316284,3.469583034515381,42302400
2012-05-01,3.3068666458129883,3.5137500762939453,3.586250066757202,3.4362499713897705,3.447082996368408,39638400
2012-05-02,3.2809865474700928,3.4862499237060547,3.49666690826416,3.422499895095825,3.457082986831665,40284000
2012-05-03,3.2088332176208496,3.40958309173584,3.494999885559082,3.387500047683716,3.4891669750213623,46389600
2012-05-04,3.0508038997650146,3.2416670322418213,3.362499952316284,3.235416889190674,3.353332996368408,53743200
2012-05-07,3.0551161766052246,3.2462499141693115,3.280416965484619,3.202083110809326,3.206249952316284,42386400
2012-05-08,3.018648862838745,3.2074999809265137,3.2241671085357666,3.09375,3.1912500858306885,62916000
2012-05-09,2.962573766708374,3.1479170322418213,3.211667060852051,3.0629169940948486,3.107917070388794,72794400
2012-05-10,2.98178768157959,3.168333053588867,3.2274999618530273,3.149167060852051,3.217916965484619,45007200
2012-05-11,2.954338550567627,3.139167070388794,3.2291669845581055,3.1070830821990967,3.1095829010009766,50570400
2012-05-14,2.857481002807617,3.036250114440918,3.0999999046325684,3.0225000381469727,3.0512499809265137,58824000
2012-05-15,2.809248208999634,2.984999895095825,3.0833330154418945,2.970417022705078,3.0299999713897705,65200800
2012-05-16,2.7767019271850586,2.9504170417785645,3.064167022705078,2.9483330249786377,3.0250000953674316,55605600
2012-05-17,2.6476893424987793,2.813333034515381,2.961250066757202,2.813333034515381,2.9512500762939453,83928000
2012-05-18,2.582202911376953,2.7437500953674316,2.8645830154418945,2.7325000762939453,2.850416898727417,72494400
2012-05-21,2.717489242553711,2.887500047683716,2.889583110809326,2.7583329677581787,2.7704169750213623,60256800
2012-05-22,2.720625638961792,2.8908329010009766,2.9700000286102295,2.845417022705078,2.908750057220459,68280000
2012-05-23,2.7319984436035156,2.90291690826416,2.9191670417785645,2.7562499046325684,2.84041690826416,84000000
2012-05-24,2.750821828842163,2.922916889190674,2.9437499046325684,2.8495829105377197,2.9295830726623535,79365600
2012-05-25,2.726116895675659,2.896667003631592,2.9437499046325684,2.8737499713897705,2.9191670417785645,54456000
2012-05-29,2.8221895694732666,2.9987499713897705,3.014167070388794,2.9362499713897705,2.966249942779541,62191200
2012-05-30,2.697883129119873,2.8666670322418213,2.925832986831665,2.8499999046325684,2.922499895095825,70173600
2012-05-31,2.682589054107666,2.850416898727417,2.913749933242798,2.7750000953674316,2.8662500381469727,100646400
2012-06-01,2.479072332382202,2.634166955947876,2.7437500953674316,2.634166955947876,2.7158329486846924,131846400
2012-06-04,2.4782867431640625,2.6333329677581787,2.668750047683716,2.5704169273376465,2.648750066757202,80433600
2012-06-05,2.5261282920837402,2.68416690826416,2.7008330821990967,2.610416889190674,2.6137499809265137,73459200
2012-06-06,2.7049407958984375,2.874166965484619,2.8745830059051514,2.7437500953674316,2.7454171180725098,95738400
2012-06-07,2.7037642002105713,2.8729169368743896,2.9725000858306885,2.857917070388794,2.967916965484619,82732800
2012-06-08,2.769644260406494,2.9429171085357666,2.9454169273376465,2.8258330821990967,2.8550000190734863,51072000
2012-06-11,2.6669039726257324,2.833750009536743,3.0208330154418945,2.8237500190734863,3.016249895095825,72484800
2012-06-12,2.761408567428589,2.93416690826416,2.93416690826416,2.8162500858306885,2.855417013168335,74990400
2012-06-13,2.7041566371917725,2.873332977294922,2.9579169750213623,2.8433330059051514,2.902082920074463,54571200
2012-06-14,2.791210889816284,2.9658329486846924,2.998332977294922,2.8666670322418213,2.8904170989990234,68400000
2012-06-15,2.8712055683135986,3.050832986831665,3.061666965484619,2.9795830249786377,3.0020830631256104,48240000
2012-06-18,2.8888514041900635,3.069582939147949,3.095417022705078,2.99666690826416,3.016666889190674,70980000
2012-06-19,2.97472882270813,3.1608328819274902,3.1987500190734863,3.1095829010009766,3.1204171180725098,50347200
2012-06-20,2.959273099899292,3.1433329582214355,3.1875,3.0733330249786377,3.1620829105377197,68330400
2012-06-21,2.761178970336914,2.9329171180725098,3.165416955947876,2.925416946411133,3.1566669940948486,80023200
2012-06-22,2.8243329524993896,3.0,3.0174999237060547,2.9458329677581787,2.9800000190734863,44808000
2012-06-25,2.6862542629241943,2.853332996368408,2.9091670513153076,2.824583053588867,2.9075000286102295,46876800
2012-06-26,2.729796886444092,2.899583101272583,2.9262499809265137,2.8324999809265137,2.87833309173584,45175200
2012-06-27,2.80511212348938,2.9795830249786377,2.9941670894622803,2.922916889190674,2.927917003631592,43368000
2012-06-28,2.7788310050964355,2.951667070388794,2.96541690826416,2.850832939147949,2.917917013168335,66643200
2012-06-29,2.990262985229492,3.1762499809265137,3.1816670894622803,3.09041690826416,3.112499952316284,70980000
2012-07-02,3.0118372440338135,3.199167013168335,3.2104170322418213,3.1333329677581787,3.1987500190734863,36362400
2012-07-03,3.0726397037506104,3.2637500762939453,3.2708330154418945,3.1887500286102295,3.200000047683716,23582400
2012-07-05,3.029489755630493,3.217916965484619,3.2637500762939453,3.184999942779541,3.230417013168335,36708000
2012-07-06,2.9435832500457764,3.126667022705078,3.147083044052124,3.0829169750213623,3.1279170513153076,51643200
2012-07-09,2.9345602989196777,3.1170830726623535,3.132499933242798,3.072499990463257,3.1220829486846924,42991200
2012-07-10,2.856891632080078,3.03458309173584,3.178333044052124,3.0020830631256104,3.163749933242798,64312800
2012-07-11,2.8557145595550537,3.0333330631256104,3.065000057220459,2.982917070388794,3.0391669273376465,68640000
2012-07-12,2.8188419342041016,2.9941670894622803,3.0299999713897705,2.9295830726623535,2.980833053588867,58015200
2012-07-13,2.957705020904541,3.141666889190674,3.1508328914642334,3.012500047683716,3.015000104904175,50035200
2012-07-16,2.9329922199249268,3.115417003631592,3.147083044052124,3.081666946411133,3.117917060852051,39132000
2012-07-17,2.9961466789245605,3.182499885559082,3.202500104904175,3.058332920074463,3.1575000286102295,68277600
2012-07-18,3.064401388168335,3.255000114440918,3.271667003631592,3.155416965484619,3.161250114440918,54062400
2012-07-19,3.0851917266845703,3.277082920074463,3.3112499713897705,3.242500066757202,3.274167060852051,54156000
2012-07-20,3.001638412475586,3.188333034515381,3.237916946411133,3.177917003631592,3.223750114440918,41268000
2012-07-23,2.909848213195801,3.0908329486846924,3.117917060852051,3.0045828819274902,3.047916889190674,71172000
2012-07-24,2.8384549617767334,3.015000104904175,3.1020829677581787,2.950000047683716,3.0983328819274902,65709600
2012-07-25,2.836101770401001,3.012500047683716,3.0545830726623535,2.96541690826416,3.0325000286102295,79951200
2012-07-26,2.9753568172454834,3.160417079925537,3.1816670894622803,3.1020829677581787,3.144166946411133,62923200
2012-07-27,3.1456005573272705,3.341249942779541,3.3641669750213623,3.197082996368408,3.211250066757202,73147200
2012-07-30,3.138540267944336,3.333750009536743,3.384582996368408,3.3066670894622803,3.327500104904175,44116800
2012-07-31,3.095391035079956,3.287916898727417,3.350832939147949,3.277082920074463,3.324167013168335,47529600
2012-08-01,3.071855068206787,3.2629170417785645,3.3379170894622803,3.2441670894622803,3.3358330726623535,40048800
2012-08-02,3.003600835800171,3.1904170513153076,3.2558329105377197,3.115000009536743,3.1862499713897705,52456800
2012-08-03,3.1816892623901367,3.3795828819274902,3.4004170894622803,3.3208329677581787,3.327083110809326,74904000
2012-08-06,3.197380304336548,3.396250009536743,3.4395830631256104,3.3954169750213623,3.4075000286102295,28610400
2012-08-07,3.2456295490264893,3.447499990463257,3.4941670894622803,3.440000057220459,3.44083309173584,45806400
2012-08-08,3.259751081466675,3.4625000953674316,3.4745829105377197,3.412916898727417,3.416249990463257,28396800
2012-08-09,3.268773317337036,3.47208309173584,3.492500066757202,3.4379169940948486,3.447082996368408,37430400
2012-08-10,3.283287286758423,3.487499952316284,3.492500066757202,3.413332939147949,3.433332920074463,31605600
2012-08-13,3.278972625732422,3.482917070388794,3.4887499809265137,3.4295830726623535,3.47208309173584,33364800
2012-08-14,3.2813265323638916,3.485416889190674,3.5283329486846924,3.4549999237060547,3.523750066757202,40291200
2012-08-15,3.2899558544158936,3.4945828914642334,3.5137500762939453,3.467916965484619,3.4749999046325684,37807200
2012-08-16,3.3609564304351807,3.569999933242798,3.586250066757202,3.485416889190674,3.507499933242798,42213600
2012-08-17,3.377432107925415,3.5875000953674316,3.5966670513153076,3.564167022705078,3.5941669940948486,27453600
2012-08-20,3.378608226776123,3.588749885559082,3.5908329486846924,3.543333053588867,3.5733330249786377,24309600
2012-08-21,3.3476200103759766,3.555833101272583,3.65625,3.5333330631256104,3.615833044052124,44637600
2012-08-22,3.3476200103759766,3.555833101272583,3.5779170989990234,3.5054171085357666,3.5291669368743896,34795200
2012-08-23,3.2695581912994385,3.472917079925537,3.53458309173584,3.4558329582214355,3.53458309173584,38659200
2012-08-24,3.329575538635254,3.5366671085357666,3.5570828914642334,3.439167022705078,3.447082996368408,39429600
2012-08-27,3.329575538635254,3.5366671085357666,3.5779170989990234,3.5225000381469727,3.563333034515381,28020000
2012-08-28,3.319375514984131,3.5258328914642334,3.5595829486846924,3.492917060852051,3.509582996368408,33410400
2012-08-29,3.326045513153076,3.532917022705078,3.563333034515381,3.5058329105377197,3.5370829105377197,28423200
2012-08-30,3.2542595863342285,3.456666946411133,3.4912500381469727,3.4354169368743896,3.4866669178009033,38544000
2012-08-31,3.29740834236145,3.502500057220459,3.555417060852051,3.4487500190734863,3.5179169178009033,61238400
2012-09-04,3.281717538833618,3.485832929611206,3.5291669368743896,3.430833101272583,3.497499942779541,43370400
2012-09-05,3.2828946113586426,3.4870829582214355,3.5291669368743896,3.467082977294922,3.5020830631256104,32112000
2012-09-06,3.48020601272583,3.696666955947876,3.7004170417785645,3.550832986831665,3.5516669750213623,61464000
2012-09-07,3.5264930725097656,3.745832920074463,3.748332977294922,3.7100000381469727,3.719583034515381,31502400
2012-09-10,3.465299367904663,3.680833101272583,3.7529170513153076,3.6762499809265137,3.7316670417785645,31346400
2012-09-11,3.4919745922088623,3.709167003631592,3.74666690826416,3.6845829486846924,3.689167022705078,29083200
2012-09-12,3.5253167152404785,3.7445828914642334,3.759999990463257,3.709583044052124,3.74666690826416,35894400
2012-09-13,3.6947765350341797,3.9245829582214355,3.9549999237060547,3.7291669845581055,3.7445828914642334,91581600
2012-09-14,3.7402803897857666,3.972917079925537,4.042500019073486,3.9337499141693115,3.9412500858306885,114340800
2012-09-17,3.7069363594055176,3.9375,3.969583034515381,3.9024999141693115,3.9483330249786377,37070400
2012-09-18,3.6935997009277344,3.923332929611206,3.9379169940948486,3.892082929611206,3.9166669845581055,34800000
2012-09-19,3.6994845867156982,3.9295830726623535,3.9666669368743896,3.9066669940948486,3.9354169368743896,39499200
2012-09-20,3.6990926265716553,3.9291670322418213,3.9362499713897705,3.8416669368743896,3.8720829486846924,32496000
2012-09-21,3.691246271133423,3.920833110809326,3.9891669750213623,3.9200000762939453,3.985416889190674,28833600
2012-09-24,3.675163507461548,3.903749942779541,3.9316670894622803,3.8566670417785645,3.8666670322418213,37612800
2012-09-25,3.5621893405914307,3.783750057220459,3.952083110809326,3.77791690826416,3.9316670894622803,52850400
2012-09-26,3.498642683029175,3.716249942779541,3.7808330059051514,3.690000057220459,3.7808330059051514,41976000
2012-09-27,3.6014177799224854,3.8254170417785645,3.8466670513153076,3.7341670989990234,3.764167070388794,29253600
2012-09-28,3.5453221797943115,3.7658329010009766,3.8145830631256104,3.727916955947876,3.7754170894622803,43466400
2012-10-01,3.5688588619232178,3.790832996368408,3.90291690826416,3.7725000381469727,3.8129169940948486,51794400
2012-10-02,3.5845494270324707,3.807499885559082,3.8616669178009033,3.757082939147949,3.8416669368743896,85156800
2012-10-03,3.62809157371521,3.853749990463257,3.8829169273376465,3.7791669368743896,3.836667060852051,46994400
2012-10-04,3.709683895111084,3.9404170513153076,3.954582929611206,3.8837499618530273,3.9000000953674316,41661600
2012-10-05,3.7053682804107666,3.935832977294922,4.0208330154418945,3.9041669368743896,4.004167079925537,36357600
2012-10-08,3.6657493114471436,3.893749952316284,3.917917013168335,3.8720829486846924,3.893749952316284,14200800
2012-10-09,3.5602290630340576,3.7816669940948486,3.899167060852051,3.778749942779541,3.8854169845581055,33496800
2012-10-10,3.4966816902160645,3.7141671180725098,3.7899999618530273,3.694582939147949,3.7825000286102295,54232800
2012-10-11,3.5002121925354004,3.717916965484619,3.8037500381469727,3.7166669368743896,3.7866671085357666,37514400
2012-10-12,3.4574546813964844,3.672499895095825,3.7612500190734863,3.6549999713897705,3.723750114440918,32409600
2012-10-15,3.55120587348938,3.772083044052124,3.78125,3.672499895095825,3.706249952316284,25226400
2012-10-16,3.6567270755767822,3.884166955947876,3.893749952316284,3.816667079925537,3.8229169845581055,44505600
2012-10-17,3.7053682804107666,3.935832977294922,3.947499990463257,3.875,3.8958330154418945,51602400
2012-10-18,3.6783010959625244,3.907083034515381,3.9629170894622803,3.8670830726623535,3.9083330631256104,56690400
2012-10-19,3.486090898513794,3.7029170989990234,3.8833329677581787,3.68416690826416,3.8833329677581787,56095200
2012-10-22,3.493542432785034,3.7108330726623535,3.732917070388794,3.624166965484619,3.694166898727417,53092800
2012-10-23,3.3507580757141113,3.55916690826416,3.6075000762939453,3.5129170417785645,3.591249942779541,77136000
2012-10-24,3.3217294216156006,3.5283329486846924,3.608333110809326,3.5104169845581055,3.596250057220459,45972000
2012-10-25,3.349581003189087,3.5579171180725098,3.6204171180725098,3.4941670894622803,3.6041669845581055,56570400
2012-10-26,3.342911958694458,3.550832986831665,3.5875000953674316,3.4791669845581055,3.5491669178009033,56635200
2012-10-31,3.3338897228240967,3.541249990463257,3.6024999618530273,3.5,3.5924999713897705,20008800
2012-11-01,3.448040723800659,3.6624999046325684,3.675416946411133,3.564167022705078,3.574167013168335,35817600
2012-11-02,3.350365400314331,3.5587499141693115,3.7291669845581055,3.5516669750213623,3.727916955947876,33252000
2012-11-05,3.375077724456787,3.5850000381469727,3.6095829010009766,3.5154170989990234,3.548332929611206,30014400
2012-11-06,3.4496095180511475,3.6641669273376465,3.7104170322418213,3.606250047683716,3.617500066757202,33098400
2012-11-07,3.2193479537963867,3.4195830821990967,3.5704169273376465,3.3687500953674316,3.5704169273376465,75067200
2012-11-08,3.0985286235809326,3.291249990463257,3.469583034515381,3.291249990463257,3.4200000762939453,56008800
2012-11-09,3.1048049926757812,3.297916889190674,3.3958330154418945,3.2608330249786377,3.266249895095825,53438400
2012-11-12,3.1165735721588135,3.3104169368743896,3.350416898727417,3.290416955947876,3.336667060852051,21153600
2012-11-13,3.087937831878662,3.2799999713897705,3.382082939147949,3.2454171180725098,3.2583329677581787,50925600
2012-11-14,2.962019205093384,3.146250009536743,3.322499990463257,3.1220829486846924,3.3087499141693115,63566400
2012-11-15,2.9447596073150635,3.1279170513153076,3.1829171180725098,3.0908329486846924,3.1458330154418945,53752800
2012-11-16,2.9871253967285156,3.172916889190674,3.192500114440918,3.0587499141693115,3.140000104904175,80697600
2012-11-19,3.1640377044677734,3.360832929611206,3.365417003631592,3.276249885559082,3.2816669940948486,54362400
2012-11-20,3.17855167388916,3.3762500286102295,3.387500047683716,3.2916669845581055,3.3516669273376465,41467200
2012-11-21,3.1954197883605957,3.394166946411133,3.3979170322418213,3.359999895095825,3.3804171085357666,24676800
2012-11-23,3.3205530643463135,3.527082920074463,3.5316669940948486,3.433332920074463,3.4412500858306885,36139200
2012-11-26,3.3013317584991455,3.506666898727417,3.5083329677581787,3.4404170513153076,3.475416898727417,27458400
2012-11-27,3.2550437450408936,3.4574999809265137,3.5291669368743896,3.4437499046325684,3.494999885559082,39043200
2012-11-28,3.3272221088409424,3.5341670513153076,3.540416955947876,3.353749990463257,3.4075000286102295,48280800
2012-11-29,3.3782153129577637,3.5883328914642334,3.6137499809265137,3.529582977294922,3.5754170417785645,68884800
2012-11-30,3.367624521255493,3.577083110809326,3.606250047683716,3.549999952316284,3.583750009536743,38330400
2012-12-03,3.3236911296844482,3.530416965484619,3.644582986831665,3.5250000953674316,3.6362500190734863,44688000
2012-12-04,3.307215929031372,3.5129170417785645,3.5629169940948486,3.487916946411133,3.53125,83426400
2012-12-05,3.3248682022094727,3.5316669940948486,3.5854170322418213,3.451667070388794,3.5283329486846924,45576000
2012-12-06,3.3617403507232666,3.5708329677581787,3.5758330821990967,3.5112500190734863,3.5266671180725098,37555200
2012-12-07,3.3911609649658203,3.6020829677581787,3.6254169940948486,3.548332929611206,3.6170830726623535,45784800
2012-12-10,3.400967597961426,3.612499952316284,3.634999990463257,3.583750009536743,3.59041690826416,31708800
2012-12-11,3.4668686389923096,3.682499885559082,3.733750104904175,3.648750066757202,3.655416965484619,44056800
2012-12-12,3.4747140407562256,3.69083309173584,3.7679169178009033,3.6737499237060547,3.7270829677581787,50724000
2012-12-13,3.4143052101135254,3.626667022705078,3.7129170894622803,3.592916965484619,3.683332920074463,37692000
2012-12-14,3.3680179119110107,3.577500104904175,3.6162500381469727,3.5625,3.5958330631256104,34212000
2012-12-17,3.486875534057617,3.703749895095825,3.712083101272583,3.605417013168335,3.6091670989990234,35306400
2012-12-18,3.6088695526123047,3.8333330154418945,3.841249942779541,3.7083330154418945,3.7225000858306885,50140800
2012-12-19,3.5331625938415527,3.7529170513153076,3.847917079925537,3.742500066757202,3.841249942779541,46356000
2012-12-20,3.5865111351013184,3.8095829486846924,3.810832977294922,3.719583034515381,3.75,33396000
2012-12-21,3.4927585124969482,3.7100000381469727,3.730833053588867,3.640000104904175,3.65625,47764800
2012-12-24,3.4464707374572754,3.6608328819274902,3.6887500286102295,3.6591670513153076,3.682499885559082,14524800
2012-12-26,3.408294916152954,3.6195828914642334,3.697499990463257,3.5924999713897705,3.694999933242798,27885600
2012-12-27,3.4000561237335205,3.610832929611206,3.649167060852051,3.4841670989990234,3.627500057220459,55792800
2012-12-28,3.282745838165283,3.4862499237060547,3.596250057220459,3.481250047683716,3.5395829677581787,62642400
2012-12-31,3.462439775466919,3.6770830154418945,3.678333044052124,3.454582929611206,3.47208309173584,97377600
2013-01-02,3.719817638397217,3.9504170417785645,3.952083110809326,3.8475000858306885,3.876667022705078,69276000
2013-01-03,3.689605951309204,3.918333053588867,3.9733328819274902,3.889167070388794,3.942500114440918,42007200
2013-01-04,3.7449264526367188,3.9770829677581787,3.992917060852051,3.9166669845581055,3.940000057220459,49096800
2013-01-07,3.717463731765747,3.9479169845581055,3.952500104904175,3.897083044052124,3.932499885559082,32618400
2013-01-08,3.6766586303710938,3.904582977294922,3.936666965484619,3.862499952316284,3.920417070388794,48290400
2013-01-09,3.709616184234619,3.9395830631256104,3.96875,3.9145829677581787,3.933332920074463,41966400
2013-01-10,3.7900454998016357,4.025000095367432,4.030416965484619,3.940000057220459,4.002082824707031,45192000
2013-01-11,3.798285961151123,4.033750057220459,4.035417079925537,3.9916670322418213,4.030416965484619,30523200
2013-01-14,3.7814152240753174,4.015832901000977,4.0283331871032715,3.976249933242798,4.014583110809326,31456800
2013-01-15,3.7900454998016357,4.025000095367432,4.038750171661377,3.9574999809265137,3.96541690826416,32930400
2013-01-16,3.7896535396575928,4.024582862854004,4.044582843780518,3.990417003631592,4.005833148956299,29356800
2013-01-17,3.8590991497039795,4.09833288192749,4.138750076293945,4.053750038146973,4.079583168029785,35054400
2013-01-18,3.892843008041382,4.134167194366455,4.1433329582214355,4.05791711807251,4.102917194366455,38527200
2013-01-22,3.9477696418762207,4.192500114440918,4.195833206176758,4.102499961853027,4.131667137145996,33439200
2013-01-23,3.96581768989563,4.211667060852051,4.227917194366455,4.175000190734863,4.199166774749756,42412800
2013-01-24,3.972095012664795,4.218332767486572,4.282083034515381,4.186666965484619,4.196249961853027,36736800
2013-01-25,4.039577007293701,4.289999961853027,4.290832996368408,4.225417137145996,4.263750076293945,27285600
2013-01-28,4.024668216705322,4.274167060852051,4.297500133514404,4.228750228881836,4.296249866485596,19562400
2013-01-29,4.071751594543457,4.324166774749756,4.343332767486572,4.242917060852051,4.252500057220459,26124000
2013-01-30,4.028198719024658,4.27791690826416,4.349999904632568,4.263332843780518,4.326666831970215,29896800
2013-01-31,3.995243549346924,4.242917060852051,4.300833225250244,4.235416889190674,4.262083053588867,23212800
2013-02-01,4.117262363433838,4.372499942779541,4.389166831970215,4.303332805633545,4.325832843780518,34068000
2013-02-04,3.9799411296844482,4.2266669273376465,4.316667079925537,4.218332767486572,4.295833110809326,35925600
2013-02-05,4.099606513977051,4.353750228881836,4.390417098999023,4.2916669845581055,4.297500133514404,40348800
2013-02-06,4.107846260070801,4.362500190734863,4.372499942779541,4.299167156219482,4.30916690826416,37300800
2013-02-07,4.095682144165039,4.349583148956299,4.379167079925537,4.252500057220459,4.3695831298828125,39300000
2013-02-08,4.160811901092529,4.418749809265137,4.425833225250244,4.3695831298828125,4.37166690826416,30112800
2013-02-11,4.154926776885986,4.412499904632568,4.425833225250244,4.3829169273376465,4.4141669273376465,30648000
2013-02-12,4.175329685211182,4.43416690826416,4.4608330726623535,4.402082920074463,4.4166669845581055,28077600
2013-02-13,4.189845085144043,4.449583053588867,4.488333225250244,4.41083288192749,4.465000152587891,24523200
2013-02-14,4.202792167663574,4.4633331298828125,4.475832939147949,4.392083168029785,4.4091668128967285,20385600
2013-02-15,4.189453601837158,4.449166774749756,4.485833168029785,4.394999980926514,4.47333288192749,22756800
2013-02-19,4.272629737854004,4.537499904632568,4.546667098999023,4.466249942779541,4.466667175292969,21931200
2013-02-20,4.1145172119140625,4.3695831298828125,4.537499904632568,4.369166851043701,4.532917022705078,48424800
2013-02-21,4.042717456817627,4.293333053588867,4.341667175292969,4.252082824707031,4.34041690826416,45686400
2013-02-22,4.160811901092529,4.418749809265137,4.418749809265137,4.323332786560059,4.357500076293945,23896800
2013-02-25,3.925797939300537,4.1691670417785645,4.502500057220459,4.168333053588867,4.481249809265137,56860800
2013-02-26,4.0058369636535645,4.254167079925537,4.266250133514404,4.144999980926514,4.227917194366455,47359200
2013-02-27,4.1541428565979,4.4116668701171875,4.448750019073486,4.231249809265137,4.243332862854004,48088800
2013-02-28,4.137663841247559,4.394166946411133,4.49666690826416,4.3720831871032715,4.412083148956299,36196800
2013-03-01,4.176506042480469,4.435417175292969,4.448750019073486,4.282083034515381,4.34250020980835,49257600
2013-03-04,4.2314348220825195,4.493750095367432,4.499582767486572,4.37833309173584,4.3983330726623535,31425600
2013-03-05,4.349136829376221,4.618750095367432,4.657917022705078,4.564167022705078,4.56583309173584,41659200
2013-03-06,4.371499061584473,4.642499923706055,4.678750038146973,4.610416889190674,4.672082901000977,28972800
2013-03-07,4.395827770233154,4.668333053588867,4.68416690826416,4.642917156219482,4.65958309173584,21218400
2013-03-08,4.451145648956299,4.727083206176758,4.743750095367432,4.654582977294922,4.725832939147949,38445600
2013-03-11,4.498228073120117,4.777082920074463,4.779582977294922,4.6979169845581055,4.717082977294922,18619200
2013-03-12,4.466447830200195,4.743332862854004,4.783750057220459,4.703332901000977,4.768750190734863,26359200
2013-03-13,4.484103679656982,4.762083053588867,4.785417079925537,4.705417156219482,4.754167079925537,21256800
2013-03-14,4.557473182678223,4.840000152587891,4.8466668128967285,4.7941670417785645,4.8020830154418945,22804800
2013-03-15,4.539815425872803,4.821249961853027,4.841667175292969,4.7733330726623535,4.827083110809326,24624000
2013-03-18,4.461348533630371,4.737916946411133,4.803750038146973,4.670833110809326,4.68625020980835,27494400
2013-03-19,4.432312965393066,4.707083225250244,4.790417194366455,4.616250038146973,4.769166946411133,41700000
2013-03-20,4.523938179016113,4.803750038146973,4.828332901000977,4.766250133514404,4.789999961853027,28293600
2013-03-21,4.408967971801758,4.681666851043701,4.769583225250244,4.658750057220459,4.71875,32589600
2013-03-22,4.510990142822266,4.789999961853027,4.7916669845581055,4.716249942779541,4.724999904632568,23995200
2013-03-25,4.4662580490112305,4.742499828338623,4.857082843780518,4.6795830726623535,4.8333330154418945,37627200
2013-03-26,4.569456577301025,4.852083206176758,4.852083206176758,4.7783331871032715,4.794582843780518,22845600
2013-03-27,4.563570976257324,4.845832824707031,4.852917194366455,4.736667156219482,4.7604169845581055,33559200
2013-03-28,4.594178676605225,4.87833309173584,4.908750057220459,4.819167137145996,4.83916711807251,20764800
2013-04-01,4.550230503082275,4.831666946411133,4.9141669273376465,4.797500133514404,4.887499809265137,28092000
2013-04-02,4.614191055297852,4.899582862854004,4.941249847412109,4.864167213439941,4.884167194366455,31785600
2013-04-03,4.472926139831543,4.749582767486572,4.923749923706055,4.717082977294922,4.912499904632568,48055200
2013-04-04,4.533356666564941,4.81374979019165,4.84041690826416,4.741666793823242,4.773749828338623,50256000
2013-04-05,4.468612194061279,4.744999885559082,4.764583110809326,4.618750095367432,4.638332843780518,39801600
2013-04-08,4.551798343658447,4.8333330154418945,4.844583034515381,4.710000038146973,4.7579169273376465,24652800
2013-04-09,4.611051559448242,4.896249771118164,4.945833206176758,4.822500228881836,4.869166851043701,34536000
2013-04-10,4.7833147048950195,5.079166889190674,5.090000152587891,4.928750038146973,4.9345831871032715,39580800
2013-04-11,4.828831672668457,5.127500057220459,5.172082901000977,5.060832977294922,5.074166774749756,60115200
2013-04-12,4.789984226226807,5.086249828338623,5.109582901000977,5.000833034515381,5.0729169845581055,49896000
2013-04-15,4.463901996612549,4.739999771118164,5.021249771118164,4.7291669845581055,5.009167194366455,86750400
2013-04-16,4.649115562438965,4.936666965484619,4.947500228881836,4.803750038146973,4.841249942779541,98522400
2013-04-17,4.447815895080566,4.722917079925537,4.837082862854004,4.646667003631592,4.833749771118164,78352800
2013-04-18,4.365801811218262,4.635832786560059,4.75,4.5808329582214355,4.749166965484619,56145600
2013-04-19,4.478029251098633,4.755000114440918,4.761250019073486,4.631667137145996,4.6641669273376465,55416000
2013-04-22,4.543558120727539,4.824583053588867,4.851250171661377,4.68874979019165,4.78458309173584,36506400
2013-04-23,4.680114269256592,4.969583034515381,4.980000019073486,4.818333148956299,4.890417098999023,45751200
2013-04-24,4.689139366149902,4.9791669845581055,5.013332843780518,4.942500114440918,4.970417022705078,27223200
2013-04-25,4.747605323791504,5.041250228881836,5.105000019073486,4.996250152587891,5.019583225250244,35176800
2013-04-26,4.717391490936279,5.009167194366455,5.042500019073486,4.9608330726623535,5.017083168029785,23738400
2013-04-29,4.812743663787842,5.110416889190674,5.142499923706055,5.0283331871032715,5.047916889190674,22646400
2013-04-30,4.844527721405029,5.144166946411133,5.149582862854004,5.042500019073486,5.1066670417785645,25591200
2013-05-01,4.715428829193115,5.007082939147949,5.118332862854004,4.992499828338623,5.112500190734863,32400000
2013-05-02,4.850019454956055,5.150000095367432,5.161250114440918,5.0341668128967285,5.045833110809326,27631200
2013-05-03,4.99638557434082,5.305417060852051,5.355416774749756,5.273749828338623,5.28458309173584,30962400
2013-05-06,5.037195682525635,5.348750114440918,5.368750095367432,5.311666965484619,5.316667079925537,25490400
2013-05-07,5.110963821411133,5.4270830154418945,5.4320831298828125,5.3358330726623535,5.378749847412109,28912800
2013-05-08,5.182380676269531,5.5029168128967285,5.505833148956299,5.400416851043701,5.411250114440918,24506400
2013-05-09,5.141571521759033,5.459582805633545,5.536250114440918,5.412917137145996,5.490832805633545,33727200
2013-05-10,5.190229892730713,5.511250019073486,5.515417098999023,5.417082786560059,5.464582920074463,23030400
2013-05-13,5.198862552642822,5.520417213439941,5.546667098999023,5.4479169845581055,5.485833168029785,25891200
2013-05-14,5.362882137298584,5.694582939147949,5.703332901000977,5.532917022705078,5.537083148956299,26714400
2013-05-15,5.445285797119141,5.782083034515381,5.816667079925537,5.658332824707031,5.664583206176758,30540000
2013-05-16,5.367984294891357,5.699999809265137,5.80791711807251,5.675833225250244,5.749166965484619,27684000
2013-05-17,5.528475284576416,5.87041711807251,5.87624979019165,5.742499828338623,5.7629170417785645,31161600
2013-05-20,5.526904582977295,5.868750095367432,5.93416690826416,5.830417156219482,5.849583148956299,29616000
2013-05-21,5.5488786697387695,5.892083168029785,5.956250190734863,5.819582939147949,5.882500171661377,37166400
2013-05-22,5.420566558837891,5.755833148956299,6.08916711807251,5.677917003631592,5.907083034515381,82723200
2013-05-23,5.377401828765869,5.710000038146973,5.75458288192749,5.550000190734863,5.574999809265137,50095200
2013-05-24,5.358173847198486,5.689582824707031,5.6954169273376465,5.556666851043701,5.607916831970215,27204000
2013-05-28,5.457842826843262,5.795416831970215,5.9479169845581055,5.7445831298828125,5.875,33012000
2013-05-29,5.38642692565918,5.719583034515381,5.741250038146973,5.589582920074463,5.704166889190674,46605600
2013-05-30,5.411147594451904,5.745832920074463,5.822500228881836,5.682499885559082,5.695833206176758,23397600
2013-05-31,5.1741414070129395,5.494166851043701,5.792916774749756,5.473750114440918,5.6954169273376465,33093600
2013-06-03,5.25732946395874,5.582499980926514,5.595417022705078,5.414999961853027,5.53458309173584,54679200
2013-06-04,5.187875270843506,5.508749961853027,5.6616668701171875,5.420416831970215,5.593332767486572,39417600
2013-06-05,4.955966949462891,5.262499809265137,5.489999771118164,5.259167194366455,5.4583330154418945,45648000
2013-06-06,5.096837043762207,5.412083148956299,5.415417194366455,5.172500133514404,5.267917156219482,49764000
2013-06-07,5.293037414550781,5.62041711807251,5.635832786560059,5.454583168029785,5.52791690826416,156552000
2013-06-10,5.293428421020508,5.620832920074463,5.68416690826416,5.576666831970215,5.678332805633545,26091600
2013-06-11,5.135684490203857,5.453332901000977,5.597499847412109,5.41083288192749,5.4608330726623535,36452400
2013-06-12,5.001485824584961,5.310832977294922,5.575832843780518,5.296667098999023,5.563333034515381,44754000
2013-06-13,5.2330002784729,5.556666851043701,5.581666946411133,5.266666889190674,5.301667213439941,46586400
2013-06-14,5.13490104675293,5.452499866485596,5.5991668701171875,5.421667098999023,5.533332824707031,39853200
2013-06-17,5.2534027099609375,5.578332901000977,5.652500152587891,5.485833168029785,5.559999942779541,40440000
2013-06-18,5.373476982116699,5.7058329582214355,5.730833053588867,5.584167003631592,5.585000038146973,33357600
2013-06-19,5.15687370300293,5.475832939147949,5.718332767486572,5.46416711807251,5.69083309173584,53479200
2013-06-20,4.768401145935059,5.063333034515381,5.335000038146973,5.022500038146973,5.3125,96034800
2013-06-21,4.807641506195068,5.105000019073486,5.178332805633545,4.9558329582214355,5.1616668701171875,117607200
2013-06-24,4.627139568328857,4.913332939147949,5.049167156219482,4.789999961853027,4.951666831970215,74769600
2013-06-25,4.76604700088501,5.060832977294922,5.113333225250244,4.952499866485596,5.049167156219482,56361600
2013-06-26,4.900695323944092,5.201666831970215,5.239167213439941,5.119999885559082,5.18416690826416,59229600
2013-06-27,4.9941229820251465,5.300833225250244,5.367499828338623,5.283332824707031,5.299167156219482,50679600
2013-06-28,4.903835773468018,5.204999923706055,5.329166889190674,5.175833225250244,5.251667022705078,68865600
2013-07-01,5.015320301055908,5.323332786560059,5.430832862854004,5.293333053588867,5.315000057220459,43194000
2013-07-02,4.995695114135742,5.302499771118164,5.4141669273376465,5.235833168029785,5.297500133514404,53628000
2013-07-03,5.0113959312438965,5.319167137145996,5.360833168029785,5.206666946411133,5.233333110809326,21507600
2013-07-05,5.167635440826416,5.485000133514404,5.489999771118164,5.314167022705078,5.433332920074463,44678400
2013-07-08,5.254781723022461,5.577499866485596,5.622499942779541,5.540832996368408,5.573332786560059,40242000
2013-07-09,5.36077356338501,5.690000057220459,5.720832824707031,5.612500190734863,5.681666851043701,44583600
2013-07-10,5.371764659881592,5.701666831970215,5.762499809265137,5.647500038146973,5.681666851043701,53629200
2013-07-11,5.598665237426758,5.942500114440918,5.954166889190674,5.844167232513428,5.90166711807251,47679600
2013-07-12,5.60023307800293,5.944167137145996,5.9816670417785645,5.905832767486572,5.93416690826416,29586000
2013-07-15,5.673248767852783,6.021667003631592,6.0391669273376465,5.96416711807251,5.994999885559082,24786000
2013-07-16,5.604158401489258,5.948332786560059,6.033332824707031,5.899167060852051,6.025000095367432,47655600
2013-07-17,5.642630577087402,5.989167213439941,6.0441670417785645,5.966667175292969,6.016666889190674,33796800
2013-07-18,5.734488010406494,6.086667060852051,6.130833148956299,6.017499923706055,6.02666711807251,44750400
2013-07-19,5.772174835205078,6.126667022705078,6.126667022705078,6.029167175292969,6.047500133514404,24942000
2013-07-22,5.802007675170898,6.158332824707031,6.183332920074463,6.105000019073486,6.1458330154418945,26887200
2013-07-23,5.767463207244873,6.12166690826416,6.195000171661377,6.108333110809326,6.19083309173584,22450800
2013-07-24,5.703869819641113,6.054166793823242,6.195833206176758,6.013332843780518,6.189167022705078,43094400
2013-07-25,5.739200115203857,6.091667175292969,6.108333110809326,5.986667156219482,6.014999866485596,37488000
2013-07-26,5.758041858673096,6.111667156219482,6.116666793823242,5.939167022705078,6.016666889190674,34420800
2013-07-29,5.700728893280029,6.050833225250244,6.105833053588867,6.00333309173584,6.066667079925537,27483600
2013-07-30,5.707794666290283,6.058332920074463,6.12833309173584,6.012499809265137,6.112500190734863,39699600
2013-07-31,5.708580017089844,6.05916690826416,6.188333034515381,6.042500019073486,6.094167232513428,53926800
2013-08-01,5.911139488220215,6.274167060852051,6.2916669845581055,6.193333148956299,6.204999923706055,25897200
2013-08-02,5.941758632659912,6.306666851043701,6.308332920074463,6.209167003631592,6.235000133514404,23343600
2013-08-05,5.9189910888671875,6.28249979019165,6.309999942779541,6.243332862854004,6.269166946411133,21613200
2013-08-06,5.822420597076416,6.179999828338623,6.260832786560059,6.133333206176758,6.241666793823242,34899600
2013-08-07,5.759613037109375,6.113333225250244,6.137499809265137,6.043333053588867,6.114167213439941,32396400
2013-08-08,5.822420597076416,6.179999828338623,6.219167232513428,6.084167003631592,6.201666831970215,21063600
2013-08-09,5.772174835205078,6.126667022705078,6.210000038146973,6.059999942779541,6.15166711807251,21882000
2013-08-12,5.746265888214111,6.0991668701171875,6.123332977294922,6.0233330726623535,6.034999847412109,17193600
2013-08-13,5.807504177093506,6.1641669273376465,6.185832977294922,6.02666711807251,6.135832786560059,22668000
2013-08-14,5.714075565338135,6.065000057220459,6.174167156219482,6.058332920074463,6.144166946411133,19820400
2013-08-15,5.465193748474121,5.800833225250244,5.915832996368408,5.7758331298828125,5.915832996368408,35254800
2013-08-16,5.419656753540039,5.752500057220459,5.8333330154418945,5.715000152587891,5.774167060852051,25912800
2013-08-19,5.317591667175293,5.644166946411133,5.788332939147949,5.637499809265137,5.733333110809326,43263600
2013-08-20,5.392178058624268,5.72333288192749,5.78249979019165,5.6483330726623535,5.668333053588867,46611600
2013-08-21,5.292468547821045,5.617499828338623,5.766666889190674,5.577499866485596,5.672500133514404,42542400
2013-08-22,5.429077625274658,5.762499809265137,5.7916669845581055,5.650000095367432,5.650000095367432,24462000
2013-08-23,5.487177848815918,5.824166774749756,5.84499979019165,5.738333225250244,5.819167137145996,22330800
2013-08-26,5.435358047485352,5.769166946411133,5.896667003631592,5.75,5.844167232513428,30535200
2013-08-27,5.160568714141846,5.477499961853027,5.6533331871032715,5.46750020980835,5.586667060852051,49020000
2013-08-28,5.215526103973389,5.53583288192749,5.5966668128967285,5.452499866485596,5.47333288192749,34221600
2013-08-29,5.246145725250244,5.568333148956299,5.65166711807251,5.489167213439941,5.499166965484619,26612400
2013-08-30,5.182552814483643,5.500833034515381,5.5991668701171875,5.462500095367432,5.5991668701171875,39008400
2013-09-03,5.261065483093262,5.584167003631592,5.704999923706055,5.516666889190674,5.6691670417785645,27958800
2013-09-04,5.393748760223389,5.724999904632568,5.750833034515381,5.55916690826416,5.593332767486572,24674400
2013-09-05,5.402385234832764,5.734167098999023,5.789999961853027,5.7216668128967285,5.7316670417785645,18480000
2013-09-06,5.416516304016113,5.749166965484619,5.8491668701171875,5.5908331871032715,5.801667213439941,25722000
2013-09-09,5.57903528213501,5.921667098999023,5.927499771118164,5.796667098999023,5.796667098999023,20470800
2013-09-10,5.6999430656433105,6.050000190734863,6.051667213439941,5.985000133514404,6.0258331298828125,25856400
2013-09-11,5.753332614898682,6.1066670417785645,6.1066670417785645,5.992499828338623,6.024167060852051,20306400
2013-09-12,5.714860439300537,6.06583309173584,6.123332977294922,6.03249979019165,6.102499961853027,26812800
2013-09-13,5.744694232940674,6.097499847412109,6.112500190734863,6.03583288192749,6.077499866485596,19395600
2013-09-16,5.849902153015137,6.209167003631592,6.303332805633545,6.174167156219482,6.295000076293945,23862000
2013-09-17,5.919774055480957,6.283332824707031,6.287499904632568,6.219167232513428,6.21999979019165,14137200
2013-09-18,6.128615856170654,6.505000114440918,6.554166793823242,6.230833053588867,6.277500152587891,28629600
2013-09-19,6.107418537139893,6.482500076293945,6.563333034515381,6.450832843780518,6.558332920074463,18712800
2013-09-20,5.9660964012146,6.332499980926514,6.516666889190674,6.320000171661377,6.514999866485596,21726000
2013-09-23,5.887585639953613,6.249166965484619,6.325832843780518,6.186666965484619,6.307499885559082,27000000
2013-09-24,5.84911584854126,6.2083330154418945,6.313333034515381,6.168333053588867,6.244999885559082,31828800
2013-09-25,5.795464992523193,6.1483330726623535,6.241666793823242,6.130833148956299,6.209167003631592,32764800
2013-09-26,5.86066198348999,6.21750020980835,6.267499923706055,6.146667003631592,6.175833225250244,18112800
2013-09-27,5.782111167907715,6.134167194366455,6.1533331871032715,6.082499980926514,6.120832920074463,22690800
2013-09-30,5.679996013641357,6.0258331298828125,6.08916711807251,5.9375,5.97333288192749,32914800
2013-10-01,5.823741436004639,6.178332805633545,6.189167022705078,6.031667232513428,6.045000076293945,22557600
2013-10-02,5.800177574157715,6.1533331871032715,6.158332824707031,6.007500171661377,6.064167022705078,14425200
2013-10-03,5.647789001464844,5.991666793823242,6.12833309173584,5.9008331298828125,6.110833168029785,27313200
2013-10-04,5.768756866455078,6.119999885559082,6.139166831970215,5.974999904632568,5.999166965484619,19855200
2013-10-07,5.625007629394531,5.96750020980835,6.071667194366455,5.941667079925537,5.957499980926514,21218400
2013-10-08,5.423134803771973,5.75333309173584,5.980833053588867,5.741666793823242,5.960000038146973,40882800
2013-10-09,5.427062034606934,5.757500171661377,5.827499866485596,5.652500152587891,5.7866668701171875,46419600
2013-10-10,5.779754161834717,6.131667137145996,6.1433329582214355,5.93416690826416,5.938333034515381,36594000
2013-10-11,5.89679479598999,6.255833148956299,6.261666774749756,6.09250020980835,6.107500076293945,22525200
2013-10-14,5.973773956298828,6.337500095367432,6.343332767486572,6.122499942779541,6.140832901000977,34161600
2013-10-15,5.836311340332031,6.191667079925537,6.349999904632568,6.165832996368408,6.277500152587891,36968400
2013-10-16,6.081390857696533,6.451666831970215,6.457499980926514,6.2916669845581055,6.300833225250244,36482400
2013-10-17,6.205498695373535,6.5833330154418945,6.587500095367432,6.367499828338623,6.370832920074463,33648000
2013-10-18,6.315468788146973,6.699999809265137,6.72333288192749,6.610000133514404,6.6533331871032715,29371200
2013-10-21,6.331179618835449,6.716667175292969,6.751667022705078,6.6666669845581055,6.71750020980835,22672800
2013-10-22,6.4348673820495605,6.826666831970215,6.887499809265137,6.741666793823242,6.7708330154418945,32780400
2013-10-23,6.350033283233643,6.736667156219482,6.765832901000977,6.658332824707031,6.758333206176758,29656800
2013-10-24,6.408160209655762,6.798333168029785,6.819167137145996,6.722499847412109,6.767499923706055,19132800
2013-10-25,6.4914231300354,6.886666774749756,6.888332843780518,6.797500133514404,6.83916711807251,21489600
2013-10-28,6.518916130065918,6.915832996368408,6.947500228881836,6.858333110809326,6.882500171661377,24846000
2013-10-29,6.6367411613464355,7.040832996368408,7.040832996368408,6.938333034515381,6.9633331298828125,20574000
2013-10-30,6.52991247177124,6.927499771118164,7.070000171661377,6.849999904632568,7.058332920074463,25209600
2013-10-31,6.461574077606201,6.855000019073486,6.993332862854004,6.8333330154418945,6.909999847412109,26407200
2013-11-01,6.514203071594238,6.91083288192749,6.959167003631592,6.798333168029785,6.894166946411133,26752800
2013-11-04,6.586470127105713,6.987500190734863,6.994999885559082,6.905832767486572,6.9766669273376465,16761600
2013-11-05,6.523629188537598,6.920833110809326,6.975832939147949,6.8383331298828125,6.90166711807251,22903200
2013-11-06,6.616318702697754,7.019166946411133,7.0625,6.949999809265137,7.010832786560059,18507600
2013-11-07,6.366527557373047,6.754167079925537,7.079999923706055,6.736667156219482,7.066667079925537,37743600
2013-11-08,6.621033668518066,7.024167060852051,7.0258331298828125,6.749166965484619,6.750833034515381,27771600
2013-11-11,6.621818542480469,7.025000095367432,7.056666851043701,6.985833168029785,7.012499809265137,12116400
2013-11-12,6.594322681427002,6.995832920074463,7.037499904632568,6.920833110809326,6.989999771118164,16714800
2013-11-13,6.739640712738037,7.150000095367432,7.159999847412109,6.888332843780518,6.889166831970215,19615200
2013-11-14,6.848042011260986,7.264999866485596,7.283332824707031,7.142499923706055,7.174167156219482,28254000
2013-11-15,6.937592506408691,7.360000133514404,7.360833168029785,7.275000095367432,7.300000190734863,20336400
2013-11-18,6.873963832855225,7.292500019073486,7.412499904632568,7.233333110809326,7.396667003631592,27980400
2013-11-19,6.8221211433410645,7.237500190734863,7.335000038146973,7.196667194366455,7.269166946411133,22339200
2013-11-20,6.761638164520264,7.173333168029785,7.340000152587891,7.105000019073486,7.280832767486572,31605600
2013-11-21,6.916382789611816,7.337500095367432,7.352499961853027,7.211667060852051,7.228332996368408,22732800
2013-11-22,7.014571189880371,7.441667079925537,7.447500228881836,7.319167137145996,7.3466668128967285,19706400
2013-11-25,7.011429309844971,7.438333034515381,7.489167213439941,7.391666889190674,7.484167098999023,17406000
2013-11-26,7.000431537628174,7.426667213439941,7.494999885559082,7.3958330154418945,7.434999942779541,15780000
2013-11-27,7.050701141357422,7.480000019073486,7.498332977294922,7.425833225250244,7.453332901000977,15290400
2013-11-29,7.034993648529053,7.4633331298828125,7.55916690826416,7.442500114440918,7.506667137145996,10766400
2013-12-02,6.984719753265381,7.409999847412109,7.5208330154418945,7.375,7.482500076293945,20565600
2013-12-03,6.905383586883545,7.325832843780518,7.390832901000977,7.241666793823242,7.3383331298828125,30895200
2013-12-04,6.882606029510498,7.301667213439941,7.396667003631592,7.139166831970215,7.2291669845581055,39338400
2013-12-05,6.804839134216309,7.219167232513428,7.308332920074463,7.194167137145996,7.2683329582214355,17881200
2013-12-06,7.021639347076416,7.449166774749756,7.47333288192749,7.358333110809326,7.4191670417785645,29121600
2013-12-09,7.074268341064453,7.505000114440918,7.540832996368408,7.480000019073486,7.516666889190674,25186800
2013-12-10,7.0059285163879395,7.432499885559082,7.50333309173584,7.415832996368408,7.457499980926514,28132800
2013-12-11,6.761638164520264,7.173333168029785,7.439167022705078,7.15166711807251,7.435832977294922,35977200
2013-12-12,6.703510761260986,7.111667156219482,7.192500114440918,7.060832977294922,7.167500019073486,53340000
2013-12-13,6.687015533447266,7.094167232513428,7.1691670417785645,7.060832977294922,7.147500038146973,27681600
2013-12-16,6.814266204833984,7.2291669845581055,7.304166793823242,7.198332786560059,7.204166889190674,29131200
2013-12-17,6.746712684631348,7.15749979019165,7.256667137145996,7.117499828338623,7.255833148956299,24063600
2013-12-18,7.097047805786133,7.529167175292969,7.53583288192749,7.005000114440918,7.200832843780518,54247200
2013-12-19,7.0805535316467285,7.511666774749756,7.530832767486572,7.409999847412109,7.46750020980835,34924800
2013-12-20,7.198379039764404,7.636666774749756,7.688333034515381,7.525000095367432,7.529167175292969,33465600
2013-12-23,7.307563304901123,7.752500057220459,7.7708330154418945,7.699166774749756,7.744999885559082,22387200
2013-12-24,7.362547874450684,7.810832977294922,7.817500114440918,7.755833148956299,7.756667137145996,14390400
2013-12-26,7.473306179046631,7.928332805633545,7.938333034515381,7.858333110809326,7.865832805633545,18394800
2013-12-27,7.468592643737793,7.923333168029785,7.96750020980835,7.8983330726623535,7.962500095367432,19660800
2013-12-30,7.461523532867432,7.915832996368408,7.94083309173584,7.887499809265137,7.927499771118164,13562400
2013-12-31,7.565210342407227,8.025833129882812,8.02750015258789,7.933332920074463,7.954166889190674,27232800
2014-01-02,7.349196434020996,7.796667098999023,7.947500228881836,7.743332862854004,7.93416690826416,38781600
2014-01-03,7.336627006530762,7.783332824707031,7.883333206176758,7.760832786560059,7.835000038146973,33884400
2014-01-06,7.287926197052002,7.7316670417785645,7.876667022705078,7.688333034515381,7.867499828338623,25076400
2014-01-07,7.414393424987793,7.865832805633545,7.90500020980835,7.800833225250244,7.81583309173584,28370400
2014-01-08,7.422248363494873,7.874166965484619,7.91083288192749,7.7916669845581055,7.862500190734863,28254000
2014-01-09,7.427746295928955,7.880000114440918,7.949166774749756,7.779167175292969,7.944167137145996,20900400
2014-01-10,7.491373538970947,7.947500228881836,7.9583330154418945,7.804999828338623,7.928332805633545,23269200
2014-01-13,7.199949741363525,7.638332843780518,7.953332901000977,7.5858330726623535,7.888332843780518,35209200
2014-01-14,7.424605846405029,7.876667022705078,7.891666889190674,7.6641669273376465,7.709167003631592,32073600
2014-01-15,7.547929286956787,8.007499694824219,8.041666984558105,7.924167156219482,7.931666851043701,24126000
2014-01-16,7.516509056091309,7.9741668701171875,7.983333110809326,7.900000095367432,7.960000038146973,13526400
2014-01-17,7.419105052947998,7.870832920074463,7.977499961853027,7.8333330154418945,7.936666965484619,17935200
2014-01-21,7.484302520751953,7.940000057220459,8.016667366027832,7.795000076293945,8.007499694824219,22083600
2014-01-22,7.500800132751465,7.957499980926514,7.987500190734863,7.904167175292969,7.985000133514404,12178800
2014-01-23,7.320916652679443,7.766666889190674,7.83916711807251,7.637499809265137,7.837500095367432,29136000
2014-01-24,6.840973854064941,7.257500171661377,7.616666793823242,7.257500171661377,7.609167098999023,43471200
2014-01-27,6.743571758270264,7.154167175292969,7.337500095367432,7.045833110809326,7.287499904632568,41452800
2014-01-28,6.862182140350342,7.28000020980835,7.309999942779541,7.1666669845581055,7.180832862854004,23908800
2014-01-29,6.657164096832275,7.0625,7.2158331871032715,7.014166831970215,7.099999904632568,37215600
2014-01-30,6.882606029510498,7.301667213439941,7.364167213439941,7.179999828338623,7.248332977294922,20128800
2014-01-31,6.7545695304870605,7.165832996368408,7.300000190734863,7.014166831970215,7.025000095367432,31102800
2014-02-03,6.297402858734131,6.680832862854004,7.1875,6.639999866485596,7.136666774749756,53178000
2014-02-04,6.424655914306641,6.81583309173584,6.870832920074463,6.700832843780518,6.772500038146973,42784800
2014-02-05,6.402660846710205,6.792500019073486,6.83916711807251,6.622499942779541,6.74666690826416,27994800
2014-02-06,6.650095462799072,7.054999828338623,7.061666965484619,6.844167232513428,6.844167232513428,25838400
2014-02-07,6.912452697753906,7.3333330154418945,7.347499847412109,7.094167232513428,7.164999961853027,32925600
2014-02-10,6.943873882293701,7.366666793823242,7.372499942779541,7.269166946411133,7.327499866485596,21825600
2014-02-11,7.16774320602417,7.6041669845581055,7.662499904632568,7.370832920074463,7.389999866485596,30808800
2014-02-12,7.187382221221924,7.625,7.711667060852051,7.571667194366455,7.640832901000977,25171200
2014-02-13,7.296566486358643,7.740832805633545,7.759167194366455,7.462500095367432,7.46416711807251,30630000
2014-02-14,7.407322406768799,7.858333110809326,7.90500020980835,7.692500114440918,7.7158331871032715,29476800
2014-02-18,7.440314769744873,7.8933329582214355,7.923333168029785,7.815000057220459,7.881667137145996,21598800
2014-02-19,7.287140846252441,7.730833053588867,7.980833053588867,7.711667060852051,7.831666946411133,41121600
2014-02-20,7.408109188079834,7.859167098999023,7.921667098999023,7.681666851043701,7.764166831970215,29469600
2014-02-21,7.3978962898254395,7.84833288192749,7.96999979019165,7.829999923706055,7.918333053588867,20563200
2014-02-24,7.50786828994751,7.965000152587891,8.12833309173584,7.880000114440918,7.8933329582214355,24084000
2014-02-25,7.5031561851501465,7.960000038146973,8.057499885559082,7.884167194366455,7.986667156219482,29634000
2014-02-26,7.503939628601074,7.9608330726623535,8.057499885559082,7.896667003631592,7.994166851043701,23538000
2014-02-27,7.628049850463867,8.092499732971191,8.092499732971191,7.902500152587891,7.925833225250244,22054800
2014-02-28,7.676753997802734,8.144166946411133,8.260000228881836,7.988333225250244,8.084166526794434,31989600
2014-03-03,7.517293930053711,7.974999904632568,8.03499984741211,7.815000057220459,7.935832977294922,44696400
2014-03-04,7.836206912994385,8.313332557678223,8.365833282470703,8.204167366027832,8.206666946411133,43336800
2014-03-05,7.841708660125732,8.319167137145996,8.376667022705078,8.295832633972168,8.327500343322754,27572400
2014-03-06,7.913974285125732,8.395833015441895,8.450833320617676,8.354999542236328,8.399999618530273,21564000
2014-03-07,7.913191318511963,8.395000457763672,8.495833396911621,8.294166564941406,8.485833168029785,35751600
2014-03-10,7.906907558441162,8.388333320617676,8.397500038146973,8.243332862854004,8.363332748413086,14299200
2014-03-11,7.789078712463379,8.263333320617676,8.46166706085205,8.204999923706055,8.429166793823242,22996800
2014-03-12,7.794577598571777,8.269166946411133,8.276666641235352,8.085000038146973,8.140832901000977,25095600
2014-03-13,7.535360813140869,7.994166851043701,8.361666679382324,7.924167156219482,8.340832710266113,34593600
2014-03-14,7.466236114501953,7.920833110809326,8.067500114440918,7.892499923706055,7.936666965484619,26542800
2014-03-17,7.6626129150390625,8.129166603088379,8.191666603088379,8.03166675567627,8.037500381469727,23864400
2014-03-18,7.833066463470459,8.3100004196167,8.340832710266113,8.15999984741211,8.180832862854004,20163600
2014-03-19,7.716026782989502,8.185832977294922,8.34749984741211,8.017499923706055,8.319167137145996,26382000
2014-03-20,7.837778568267822,8.3149995803833,8.333333015441895,8.079167366027832,8.117500305175781,25431600
2014-03-21,7.750588417053223,8.22249984741211,8.480833053588867,8.195833206176758,8.418333053588867,21807600
2014-03-24,7.650044918060303,8.115833282470703,8.334166526794434,8.012499809265137,8.305832862854004,27738000
2014-03-25,7.763157367706299,8.235833168029785,8.31583309173584,8.095832824707031,8.239999771118164,28738800
2014-03-26,7.5895609855651855,8.051667213439941,8.367500305175781,8.051667213439941,8.332500457763672,24176400
2014-03-27,7.544785976409912,8.004166603088379,8.100000381469727,7.915832996368408,8.028332710266113,29328000
2014-03-28,7.650832176208496,8.116666793823242,8.239999771118164,8.055832862854004,8.06833267211914,21489600
2014-03-31,7.841708660125732,8.319167137145996,8.356666564941406,8.24666690826416,8.273332595825195,24878400
2014-04-01,7.998810291290283,8.485833168029785,8.498332977294922,8.379166603088379,8.399999618530273,22017600
2014-04-02,8.081287384033203,8.573332786560059,8.601667404174805,8.470000267028809,8.520000457763672,18250800
2014-04-03,8.042015075683594,8.53166675567627,8.614999771118164,8.458333015441895,8.611666679382324,17594400
2014-04-04,7.762372016906738,8.234999656677246,8.68166732788086,8.191666603088379,8.670832633972168,39952800
2014-04-07,7.496085166931152,7.952499866485596,8.21166706085205,7.909999847412109,8.169166564941406,44493600
2014-04-08,7.595844268798828,8.058333396911621,8.095000267028809,7.863333225250244,7.941667079925537,26694000
2014-04-09,7.840140342712402,8.317500114440918,8.322500228881836,8.052499771118164,8.118332862854004,22245600
2014-04-10,7.342911720275879,7.789999961853027,8.326666831970215,7.763332843780518,8.311667442321777,36822000
2014-04-11,7.143393039703369,7.578332901000977,7.821667194366455,7.556666851043701,7.66083288192749,33009600
2014-04-14,7.309919834136963,7.755000114440918,7.811666965484619,7.570000171661377,7.756667137145996,18866400
2014-04-15,7.4607391357421875,7.914999961853027,7.932499885559082,7.573332786560059,7.807499885559082,30820800
2014-04-16,7.695605754852295,8.164167404174805,8.166666984558105,7.9741668701171875,8.074167251586914,16022400
2014-04-17,7.7254533767700195,8.195833206176758,8.265000343322754,8.091667175292969,8.133333206176758,16309200
2014-04-21,7.813431739807129,8.289167404174805,8.289167404174805,8.175000190734863,8.204999923706055,10266000
2014-04-22,7.910833358764648,8.392499923706055,8.463333129882812,8.297499656677246,8.308333396911621,17950800
2014-04-23,7.862130641937256,8.340832710266113,8.39916706085205,8.316666603088379,8.382499694824219,10135200
2014-04-24,7.909261226654053,8.390832901000977,8.46166706085205,8.268333435058594,8.46166706085205,14872800
2014-04-25,7.7113142013549805,8.180832862854004,8.317500114440918,8.118332862854004,8.301667213439941,18435600
2014-04-28,7.783576965332031,8.257499694824219,8.364167213439941,8.00583267211914,8.279167175292969,26370000
2014-04-29,7.892765522003174,8.373332977294922,8.408332824707031,8.283332824707031,8.335000038146973,16328400
2014-04-30,7.971316337585449,8.456666946411133,8.470000267028809,8.295000076293945,8.330833435058594,16524000
2014-05-01,7.9673895835876465,8.452500343322754,8.517499923706055,8.369999885559082,8.432499885559082,17024400
2014-05-02,7.935182571411133,8.418333053588867,8.55666732788086,8.374167442321777,8.448332786560059,17756400
2014-05-05,7.976815223693848,8.462499618530273,8.477499961853027,8.220832824707031,8.290833473205566,13335600
2014-05-06,7.768657684326172,8.241666793823242,8.420000076293945,8.234167098999023,8.40583324432373,14642400
2014-05-07,7.906118869781494,8.387499809265137,8.393333435058594,8.137499809265137,8.320833206176758,19064400
2014-05-08,7.879413604736328,8.359167098999023,8.536666870117188,8.274999618530273,8.356666564941406,15543600
2014-05-09,7.917116165161133,8.39916706085205,8.40250015258789,8.242500305175781,8.357500076293945,12020400
2014-05-12,8.140201568603516,8.635832786560059,8.649999618530273,8.4975004196167,8.50583267211914,21840000
2014-05-13,8.163765907287598,8.660833358764648,8.72583293914795,8.635832786560059,8.666666984558105,10725600
2014-05-14,8.04672622680664,8.536666870117188,8.648332595825195,8.501667022705078,8.640000343322754,10306800
2014-05-15,7.826783180236816,8.303333282470703,8.491666793823242,8.1875,8.483332633972168,28278000
2014-05-16,7.917116165161133,8.39916706085205,8.40583324432373,8.221667289733887,8.322500228881836,12990000
2014-05-19,8.003520011901855,8.490833282470703,8.508333206176758,8.324167251586914,8.34749984741211,8440800
2014-05-20,7.84799337387085,8.325833320617676,8.477499961853027,8.262499809265137,8.474166870117188,15374400
2014-05-21,8.04358196258545,8.533332824707031,8.548333168029785,8.393333435058594,8.394166946411133,11769600
2014-05-22,8.107995986938477,8.601667404174805,8.65250015258789,8.500832557678223,8.540833473205566,9894000
2014-05-23,8.203041076660156,8.702500343322754,8.720000267028809,8.612500190734863,8.630000114440918,14384400
2014-05-27,8.3577880859375,8.866666793823242,8.868332862854004,8.78833293914795,8.803333282470703,8616000
2014-05-28,8.334221839904785,8.841667175292969,8.903332710266113,8.801667213439941,8.864167213439941,10154400
2014-05-29,8.463830947875977,8.979166984558105,8.980833053588867,8.84000015258789,8.90250015258789,8726400
2014-05-30,8.499176979064941,9.016667366027832,9.039999961853027,8.93166732788086,8.958333015441895,11775600
2014-06-02,8.536883354187012,9.05666732788086,9.066666603088379,8.922499656677246,9.05916690826416,8799600
2014-06-03,8.523530960083008,9.042499542236328,9.053333282470703,8.96500015258789,8.988332748413086,8576400
2014-06-04,8.56515884399414,9.08666706085205,9.108332633972168,8.963333129882812,8.984999656677246,12621600
2014-06-05,8.742682456970215,9.274999618530273,9.299166679382324,9.026666641235352,9.125,13269600
2014-06-06,8.866793632507324,9.40666675567627,9.410833358764648,9.31833267211914,9.333333015441895,8180400
2014-06-09,8.891142845153809,9.432499885559082,9.500832557678223,9.375,9.397500038146973,10455600
2014-06-10,8.897430419921875,9.439167022705078,9.4399995803833,9.338333129882812,9.398332595825195,6728400
2014-06-11,8.807882308959961,9.34416675567627,9.366666793823242,9.273332595825195,9.339166641235352,14004000
2014-06-12,8.615431785583496,9.140000343322754,9.316666603088379,9.076666831970215,9.299166679382324,15594000
2014-06-13,8.693982124328613,9.223333358764648,9.244999885559082,9.101667404174805,9.192500114440918,10756800
2014-06-16,8.708906173706055,9.239167213439941,9.298333168029785,9.149999618530273,9.18166732788086,15340800
2014-06-17,8.778813362121582,9.313332557678223,9.33666706085205,9.175000190734863,9.199999809265137,9880800
2014-06-18,8.979120254516602,9.525833129882812,9.539167404174805,9.265000343322754,9.31583309173584,14527200
2014-06-19,9.008970260620117,9.557499885559082,9.572500228881836,9.456666946411133,9.547499656677246,10465200
2014-06-20,9.063955307006836,9.615833282470703,9.629166603088379,9.579999923706055,9.625832557678223,8389200
2014-06-23,9.052959442138672,9.604166984558105,9.6274995803833,9.552499771118164,9.616666793823242,7203600
2014-06-24,8.888789176940918,9.430000305175781,9.691666603088379,9.396666526794434,9.549166679382324,15608400
2014-06-25,9.005513191223145,9.547499656677246,9.577500343322754,9.359999656677246,9.359999656677246,10405200
2014-06-26,8.99215030670166,9.533332824707031,9.553333282470703,9.338333129882812,9.552499771118164,12081600
2014-06-27,9.042458534240723,9.58666706085205,9.592499732971191,9.449999809265137,9.460000038146973,8779200
2014-06-30,9.02830696105957,9.571666717529297,9.633333206176758,9.541666984558105,9.567500114440918,10904400
2014-07-01,9.204375267028809,9.758333206176758,9.845000267028809,9.629166603088379,9.638333320617676,13686000
2014-07-02,9.228747367858887,9.784167289733887,9.821666717529297,9.7475004196167,9.758333206176758,6730800
2014-07-03,9.36787223815918,9.93166732788086,9.942500114440918,9.853333473205566,9.868332862854004,5523600
2014-07-07,9.275120735168457,9.833333015441895,9.89916706085205,9.784167289733887,9.875832557678223,9716400
2014-07-08,9.09826374053955,9.645833015441895,9.779999732971191,9.56583309173584,9.769166946411133,15727200
2014-07-09,9.212240219116211,9.766667366027832,9.790833473205566,9.64916706085205,9.704999923706055,8826000
2014-07-10,9.101408004760742,9.64916706085205,9.726667404174805,9.459166526794434,9.485833168029785,13298400
2014-07-11,9.144639015197754,9.694999694824219,9.708333015441895,9.569167137145996,9.638333320617676,10245600
2014-07-14,9.272760391235352,9.830833435058594,9.874167442321777,9.800000190734863,9.833333015441895,7644000
2014-07-15,9.224812507629395,9.779999732971191,9.910833358764648,9.654999732971191,9.854999542236328,12788400
2014-07-16,9.32542610168457,9.886667251586914,9.930832862854004,9.8100004196167,9.904999732971191,11082000
2014-07-17,9.005513191223145,9.547499656677246,9.908332824707031,9.508333206176758,9.792499542236328,20302800
2014-07-18,9.279836654663086,9.838333129882812,9.868332862854004,9.625,9.647500038146973,10227600
2014-07-21,9.223238945007324,9.778332710266113,9.808333396911621,9.648332595825195,9.74666690826416,9975600
2014-07-22,9.347434043884277,9.90999984741211,9.962499618530273,9.863332748413086,9.885832786560059,10396800
2014-07-23,9.410319328308105,9.976667404174805,10.008333206176758,9.898332595825195,9.954167366027832,8426400
2014-07-24,9.412676811218262,9.979166984558105,10.039167404174805,9.952500343322754,10.013333320617676,7998000
2014-07-25,9.28376579284668,9.842499732971191,9.920000076293945,9.78083324432373,9.895833015441895,8739600
2014-07-28,9.289270401000977,9.848333358764648,9.891667366027832,9.674166679382324,9.839166641235352,9784800
2014-07-29,9.171365737915039,9.723333358764648,9.941666603088379,9.720000267028809,9.900833129882812,10519200
2014-07-30,9.171365737915039,9.723333358764648,9.861666679382324,9.606666564941406,9.825833320617676,17413200
2014-07-31,8.627433776855469,9.146666526794434,9.545832633972168,9.137499809265137,9.525833129882812,35482800
2014-08-01,8.54411506652832,9.058333396911621,9.239999771118164,8.933333396911621,9.06833267211914,24831600
2014-08-04,8.728045463562012,9.25333309173584,9.314167022705078,8.998332977294922,9.116666793823242,11648400
2014-08-05,8.469443321228027,8.979166984558105,9.214166641235352,8.888333320617676,9.140000343322754,19351200
2014-08-06,8.47808837890625,8.988332748413086,9.108332633972168,8.854999542236328,8.861666679382324,14440800
2014-08-07,8.338961601257324,8.840832710266113,9.141667366027832,8.78083324432373,9.112500190734863,17290800
2014-08-08,8.629791259765625,9.14916706085205,9.170832633972168,8.837499618530273,8.901666641235352,14931600
2014-08-11,8.712327003479004,9.236666679382324,9.356666564941406,9.221667289733887,9.25333309173584,16249200
2014-08-12,8.67066764831543,9.192500114440918,9.279167175292969,9.113332748413086,9.204999923706055,12483600
2014-08-13,8.858526229858398,9.391667366027832,9.40999984741211,9.258333206176758,9.305832862854004,19465200
2014-08-14,8.97014331817627,9.510000228881836,9.510832786560059,9.398332595825195,9.425000190734863,7336800
2014-08-15,8.966208457946777,9.50583267211914,9.645000457763672,9.302499771118164,9.614167213439941,25885200
2014-08-18,9.187085151672363,9.739999771118164,9.759166717529297,9.648332595825195,9.666666984558105,12424800
2014-08-19,9.331714630126953,9.893333435058594,9.920000076293945,9.789167404174805,9.8125,12236400
2014-08-20,9.410319328308105,9.976667404174805,10.010000228881836,9.854166984558105,9.854999542236328,11031600
2014-08-21,9.493637084960938,10.0649995803833,10.10083293914795,9.979166984558105,10.004166603088379,7340400
2014-08-22,9.44411849975586,10.012499809265137,10.092499732971191,9.947500228881836,10.039999961853027,13840800
2014-08-25,9.585603713989258,10.162500381469727,10.215832710266113,10.116666793823242,10.162500381469727,9922800
2014-08-26,9.611543655395508,10.1899995803833,10.262499809265137,10.175000190734863,10.175000190734863,8769600
2014-08-27,9.601323127746582,10.179166793823242,10.22249984741211,10.130000114440918,10.199167251586914,5786400
2014-08-28,9.580885887145996,10.157500267028809,10.173333168029785,10.041666984558105,10.071666717529297,11628000
2014-08-29,9.658700942993164,10.239999771118164,10.244999885559082,10.106666564941406,10.208333015441895,7922400
2014-09-02,9.63905143737793,10.21916675567627,10.28499984741211,10.111666679382324,10.278332710266113,9810000
2014-09-03,9.63354778289795,10.213333129882812,10.345832824707031,10.166666984558105,10.338333129882812,8251200
2014-09-04,9.57931137084961,10.15583324432373,10.37166690826416,10.079167366027832,10.25333309173584,16165200
2014-09-05,9.715298652648926,10.300000190734863,10.307499885559082,10.041666984558105,10.151666641235352,10602000
2014-09-08,9.64062213897705,10.220832824707031,10.311667442321777,10.12833309173584,10.266667366027832,11233200
2014-09-09,9.459050178527832,10.028332710266113,10.210000038146973,9.964166641235352,10.186667442321777,11598000
2014-09-10,9.565953254699707,10.141667366027832,10.154167175292969,9.936667442321777,10.040833473205566,14349600
2014-09-11,9.587175369262695,10.164167404174805,10.175000190734863,9.991666793823242,10.015000343322754,8584800
2014-09-12,9.424466133117676,9.991666793823242,10.141667366027832,9.90583324432373,10.140832901000977,14773200
2014-09-15,9.401673316955566,9.967499732971191,10.017499923706055,9.8774995803833,9.99416732788086,9400800
2014-09-16,9.615468978881836,10.194167137145996,10.241666793823242,9.891667366027832,9.911666870117188,11156400
2014-09-17,9.650843620300293,10.231666564941406,10.37166690826416,10.083333015441895,10.239999771118164,20280000
2014-09-18,9.801758766174316,10.391667366027832,10.398332595825195,10.28833293914795,10.324167251586914,8080800
2014-09-19,9.786040306091309,10.375,10.520833015441895,10.303333282470703,10.4975004196167,11780400
2014-09-22,9.547086715698242,10.12166690826416,10.3125,10.0625,10.305832862854004,13479600
2014-09-23,9.38516616821289,9.949999809265137,10.140000343322754,9.939167022705078,10.011667251586914,13480800
2014-09-24,9.607823371887207,10.180000305175781,10.19333267211914,9.87166690826416,9.949999809265137,14343600
2014-09-25,9.141432762145996,9.685832977294922,10.095000267028809,9.676667213439941,10.092499732971191,21032400
2014-09-26,9.364792823791504,9.922499656677246,9.984999656677246,9.696666717529297,9.728333473205566,14812800
2014-09-29,9.30659294128418,9.860833168029785,9.909167289733887,9.632499694824219,9.65583324432373,13614000
2014-09-30,9.230302810668945,9.779999732971191,9.96916675567627,9.720832824707031,9.880000114440918,15445200
2014-10-01,8.859077453613281,9.386667251586914,9.736666679382324,9.316666603088379,9.726667404174805,35610000
2014-10-02,8.853572845458984,9.38083267211914,9.481666564941406,9.095000267028809,9.359999656677246,26274000
2014-10-03,9.146934509277344,9.691666603088379,9.750832557678223,9.486666679382324,9.572500228881836,25302000
2014-10-06,9.113115310668945,9.65583324432373,9.852499961853027,9.555000305175781,9.810832977294922,22689600
2014-10-07,8.697062492370605,9.21500015258789,9.572500228881836,9.210000038146973,9.510000228881836,24819600
2014-10-08,9.154014587402344,9.699167251586914,9.729999542236328,9.079167366027832,9.221667289733887,34288800
2014-10-09,8.598747253417969,9.110833168029785,9.683333396911621,9.09416675567627,9.643333435058594,35967600
2014-10-10,8.306169509887695,8.800832748413086,9.240833282470703,8.796667098999023,9.107500076293945,41282400
2014-10-13,7.8964104652404785,8.366666793823242,8.885000228881836,8.350000381469727,8.779999732971191,31405200
2014-10-14,7.937305927276611,8.40999984741211,8.68416690826416,8.313332557678223,8.5,36704400
2014-10-15,7.743829727172852,8.204999923706055,8.290833473205566,7.623332977294922,8.0649995803833,63351600
2014-10-16,7.739108085632324,8.199999809265137,8.37833309173584,7.762499809265137,7.784999847412109,56119200
2014-10-17,8.030113220214844,8.508333206176758,8.669166564941406,8.387499809265137,8.49416732788086,38863200
2014-10-20,8.257408142089844,8.749167442321777,8.763333320617676,8.441666603088379,8.453332901000977,18690000
2014-10-21,8.745038986206055,9.265832901000977,9.28083324432373,8.909167289733887,8.9375,32026800
2014-10-22,8.562568664550781,9.072500228881836,9.382499694824219,9.057499885559082,9.320833206176758,24807600
2014-10-23,8.863009452819824,9.390832901000977,9.554166793823242,9.287500381469727,9.340832710266113,22768800
2014-10-24,9.050196647644043,9.589166641235352,9.603333473205566,9.322500228881836,9.422499656677246,15549600
2014-10-27,9.0187349319458,9.555832862854004,9.600000381469727,9.391667366027832,9.495833396911621,20336400
2014-10-28,9.319181442260742,9.874167442321777,9.886667251586914,9.641667366027832,9.654999732971191,17485200
2014-10-29,9.294798851013184,9.848333358764648,9.989999771118164,9.640832901000977,9.903332710266113,23438400
2014-10-30,9.47490406036377,10.039167404174805,10.112500190734863,9.738332748413086,9.754166603088379,30613200
2014-10-31,9.787142753601074,10.369999885559082,10.395000457763672,10.239167213439941,10.391667366027832,21634800
2014-11-03,9.802876472473145,10.386667251586914,10.490833282470703,10.316666603088379,10.404999732971191,14913600
2014-11-04,9.708491325378418,10.286666870117188,10.359167098999023,10.125,10.299166679382324,18361200
2014-11-05,9.884666442871094,10.473333358764648,10.511667251586914,10.335832595825195,10.5,16200000
2014-11-06,10.008934020996094,10.604999542236328,10.614167213439941,10.360833168029785,10.480833053588867,17281200
2014-11-07,10.035673141479492,10.633333206176758,10.666666984558105,10.516667366027832,10.596667289733887,13335600
2014-11-10,10.119830131530762,10.72249984741211,10.735833168029785,10.59333324432373,10.638333320617676,10610400
2014-11-11,10.149712562561035,10.754166603088379,10.77750015258789,10.680000305175781,10.740833282470703,6682800
2014-11-12,10.120617866516113,10.723333358764648,10.762499809265137,10.619999885559082,10.62833309173584,10899600
2014-11-13,10.150500297546387,10.755000114440918,10.858332633972168,10.604166984558105,10.751667022705078,14966400
2014-11-14,10.161515235900879,10.766667366027832,10.800832748413086,10.68416690826416,10.739999771118164,9354000
2014-11-17,10.181177139282227,10.787500381469727,10.81583309173584,10.671667098999023,10.697500228881836,11232000
2014-11-18,10.354990005493164,10.971667289733887,11.026666641235352,10.792499542236328,10.792499542236328,11781600
2014-11-19,10.302299499511719,10.915833473205566,10.970000267028809,10.771666526794434,10.927499771118164,15583200
2014-11-20,10.355778694152832,10.97249984741211,10.993332862854004,10.751667022705078,10.761667251586914,11058000
2014-11-21,10.530377388000488,11.157500267028809,11.316666603088379,11.039999961853027,11.305000305175781,20618400
2014-11-24,10.612174987792969,11.24416732788086,11.267499923706055,11.1899995803833,11.233332633972168,8625600
2014-11-25,10.60273551940918,11.234167098999023,11.328332901000977,11.172499656677246,11.28833293914795,14613600
2014-11-26,10.6735258102417,11.30916690826416,11.323332786560059,11.205833435058594,11.2475004196167,8482800
2014-11-28,10.603522300720215,11.234999656677246,11.338333129882812,11.186667442321777,11.279999732971191,10594800
2014-12-01,10.387239456176758,11.00583267211914,11.1225004196167,10.933333396911621,11.098333358764648,17787600
2014-12-02,10.572067260742188,11.201666831970215,11.245833396911621,10.99666690826416,10.99666690826416,14526000
2014-12-03,10.707345962524414,11.345000267028809,11.375832557678223,11.207500457763672,11.234999656677246,12020400
2014-12-04,10.66565990447998,11.300832748413086,11.395833015441895,11.141667366027832,11.279999732971191,13741200
2014-12-05,10.71284294128418,11.35083293914795,11.429166793823242,11.283332824707031,11.335000038146973,11734800
2014-12-08,10.504426002502441,11.130000114440918,11.373332977294922,11.016667366027832,11.27750015258789,15742800
2014-12-09,10.472967147827148,11.096667289733887,11.1225004196167,10.68416690826416,10.765000343322754,23731200
2014-12-10,9.977471351623535,10.571666717529297,11.019166946411133,10.529999732971191,11.011667251586914,22762800
2014-12-11,10.115110397338867,10.717499732971191,11.036666870117188,10.649999618530273,10.677499771118164,19245600
2014-12-12,9.634562492370605,10.208333015441895,10.666666984558105,10.201666831970215,10.485833168029785,21154800
2014-12-15,9.419060707092285,9.979999542236328,10.454167366027832,9.879166603088379,10.3774995803833,27814800
2014-12-16,9.209066390991211,9.757499694824219,10.424166679382324,9.741666793823242,9.846667289733887,35848800
2014-12-17,9.766693115234375,10.348333358764648,10.400833129882812,9.804166793823242,9.829167366027832,31845600
2014-12-18,10.462738037109375,11.085832595825195,11.092499732971191,10.65250015258789,10.779999732971191,34204800
2014-12-19,10.598017692565918,11.229166984558105,11.364999771118164,11.089166641235352,11.214166641235352,25807200
2014-12-22,10.739027976989746,11.366666793823242,11.379166603088379,11.21166706085205,11.261667251586914,11708400
2014-12-23,10.798077583312988,11.429166793823242,11.5,11.384166717529297,11.498332977294922,12613200
2014-12-24,10.79729175567627,11.428333282470703,11.515000343322754,11.416666984558105,11.470832824707031,4766400
2014-12-26,10.893340110778809,11.529999732971191,11.59749984741211,11.50333309173584,11.50583267211914,9796800
2014-12-29,10.932707786560059,11.571666717529297,11.615833282470703,11.476667404174805,11.490833282470703,6776400
2014-12-30,10.765007019042969,11.394166946411133,11.515832901000977,11.3725004196167,11.482500076293945,13495200
2014-12-31,10.440633773803711,11.050832748413086,11.482500076293945,11.029167175292969,11.454167366027832,17282400
2015-01-02,10.412288665771484,11.020833015441895,11.265832901000977,10.827500343322754,11.1875,19633200
2015-01-05,9.851716995239258,10.427499771118164,10.858332633972168,10.37166690826416,10.822500228881836,30900000
2015-01-06,9.584819793701172,10.145000457763672,10.583333015441895,9.989999771118164,10.487500190734863,35046000
2015-01-07,9.938321113586426,10.519166946411133,10.574999809265137,10.295000076293945,10.385000228881836,21228000
2015-01-08,10.462675094604492,11.074167251586914,11.112500190734863,10.77750015258789,10.78166675567627,27528000
2015-01-09,10.206010818481445,10.802499771118164,11.15666675567627,10.6875,11.151666641235352,31858800
2015-01-12,9.95958137512207,10.541666984558105,10.859167098999023,10.436667442321777,10.84000015258789,22184400
2015-01-13,9.877699851989746,10.454999923706055,10.987500190734863,10.21500015258789,10.784167289733887,33775200
2015-01-14,9.704487800598145,10.271666526794434,10.302499771118164,9.910833358764648,10.084166526794434,38570400
2015-01-15,9.43916130065918,9.990833282470703,10.444999694824219,9.970000267028809,10.385000228881836,28426800
2015-01-16,9.791095733642578,10.363332748413086,10.40666675567627,9.919166564941406,9.954999923706055,28504800
2015-01-20,9.869036674499512,10.445833206176758,10.544166564941406,10.157500267028809,10.49416732788086,20178000
2015-01-21,10.01390552520752,10.599166870117188,10.6899995803833,10.274999618530273,10.356666564941406,20845200
2015-01-22,10.465826988220215,11.077500343322754,11.098333358764648,10.487500190734863,10.74666690826416,31155600
2015-01-23,10.283169746398926,10.884166717529297,11.074167251586914,10.864999771118164,11.015000343322754,20234400
2015-01-26,10.368986129760742,10.975000381469727,10.984167098999023,10.713333129882812,10.851667404174805,15896400
2015-01-27,9.955645561218262,10.537500381469727,10.75333309173584,10.37166690826416,10.574167251586914,25645200
2015-01-28,9.550175666809082,10.108332633972168,10.772500038146973,10.092499732971191,10.754166603088379,25120800
2015-01-29,9.833611488342285,10.408332824707031,10.453332901000977,9.904999732971191,10.161666870117188,30286800
2015-01-30,9.451761245727539,10.004166603088379,10.430832862854004,9.963333129882812,10.178333282470703,29775600
2015-02-02,9.797393798828125,10.369999885559082,10.397500038146973,9.773332595825195,10.105833053588867,27787200
2015-02-03,10.225695610046387,10.823332786560059,10.830833435058594,10.479999542236328,10.549166679382324,27626400
2015-02-04,10.10996150970459,10.700833320617676,10.914999961853027,10.618332862854004,10.683333396911621,20988000
2015-02-05,10.424885749816895,11.034167289733887,11.05666732788086,10.817500114440918,10.833333015441895,16516800
2015-02-06,10.332773208618164,10.936667442321777,11.208333015441895,10.838333129882812,11.102499961853027,17878800
2015-02-09,10.191840171813965,10.787500381469727,10.949167251586914,10.710832595825195,10.811667442321777,11575200
2015-02-10,10.52015209197998,11.135000228881836,11.179166793823242,10.819167137145996,10.989167213439941,15705600
2015-02-11,10.537473678588867,11.153332710266113,11.231666564941406,10.973333358764648,11.095832824707031,20023200
2015-02-12,10.838229179382324,11.471667289733887,11.479166984558105,11.270833015441895,11.303333282470703,20899200
2015-02-13,10.978371620178223,11.619999885559082,11.62166690826416,11.444999694824219,11.499167442321777,14593200
2015-02-17,11.035058975219727,11.680000305175781,11.700833320617676,11.5024995803833,11.551667213439941,10882800
2015-02-18,11.02403736114502,11.668333053588867,11.68416690826416,11.53833293914795,11.58666706085205,9211200
2015-02-19,11.002777099609375,11.645833015441895,11.716667175292969,11.520000457763672,11.546667098999023,12477600
2015-02-20,11.202756881713867,11.857500076293945,11.866666793823242,11.4375,11.560832977294922,16066800
2015-02-23,11.19488525390625,11.849166870117188,11.849166870117188,11.725000381469727,11.798333168029785,11510400
2015-02-24,11.2893648147583,11.949167251586914,11.986666679382324,11.774999618530273,11.837499618530273,12530400
2015-02-25,11.252360343933105,11.90999984741211,12.020000457763672,11.845832824707031,11.923333168029785,9608400
2015-02-26,11.21535587310791,11.870833396911621,11.928333282470703,11.750832557678223,11.896666526794434,11521200
2015-02-27,11.10434341430664,11.75333309173584,11.907500267028809,11.744999885559082,11.851667404174805,7704000
2015-03-02,11.312196731567383,11.973333358764648,11.984167098999023,11.770833015441895,11.770833015441895,10248000
2015-03-03,11.172052383422852,11.824999809265137,11.90250015258789,11.651666641235352,11.882499694824219,15771600
2015-03-04,11.024823188781738,11.669166564941406,11.71833324432373,11.479999542236328,11.702500343322754,15465600
2015-03-05,11.06340217590332,11.710000038146973,11.766667366027832,11.612500190734863,11.739999771118164,8149200
2015-03-06,10.58864974975586,11.207500457763672,11.626667022705078,11.150833129882812,11.52416706085205,25308000
2015-03-09,10.728002548217773,11.354999542236328,11.423333168029785,11.235833168029785,11.251667022705078,13077600
2015-03-10,10.203652381896973,10.800000190734863,11.103333473205566,10.800000190734863,11.083333015441895,25626000
2015-03-11,10.128853797912598,10.720832824707031,10.883333206176758,10.708333015441895,10.84333324432373,13868400
2015-03-12,10.515427589416504,11.130000114440918,11.143333435058594,10.84000015258789,10.84000015258789,16618800
2015-03-13,10.32175064086914,10.925000190734863,11.106666564941406,10.72583293914795,11.079167366027832,28779600
2015-03-16,10.742964744567871,11.370833396911621,11.38083267211914,11.061667442321777,11.061667442321777,15064800
2015-03-17,10.639826774597168,11.261667251586914,11.334166526794434,11.104166984558105,11.21500015258789,15726000
2015-03-18,11.013801574707031,11.657500267028809,11.795000076293945,11.043333053588867,11.166666984558105,32468400
2015-03-19,10.866575241088867,11.501667022705078,11.636667251586914,11.430832862854004,11.58666706085205,18770400
2015-03-20,11.153944969177246,11.805832862854004,11.909167289733887,11.682499885559082,11.699999809265137,18174000
2015-03-23,11.094108581542969,11.742500305175781,11.925832748413086,11.742500305175781,11.8125,9147600
2015-03-24,10.898852348327637,11.535833358764648,11.805000305175781,11.528332710266113,11.712499618530273,11988000
2015-03-25,10.419075012207031,11.017499923706055,11.615833282470703,11.016667366027832,11.574167251586914,20214000
2015-03-26,10.350515365600586,10.944999694824219,11.11916732788086,10.761667251586914,10.891667366027832,26779200
2015-03-27,10.413561820983887,11.011667251586914,11.055832862854004,10.885000228881836,10.921667098999023,11611200
2015-03-30,10.798136711120605,11.418333053588867,11.476667404174805,11.221667289733887,11.223333358764648,19868400
2015-03-31,10.517585754394531,11.12166690826416,11.391667366027832,11.111666679382324,11.25,19388400
2015-04-01,10.40725326538086,11.005000114440918,11.110833168029785,10.80916690826416,11.110833168029785,20424000
2015-04-02,10.5010347366333,11.104166984558105,11.202500343322754,10.954167366027832,10.990833282470703,13136400
2015-04-06,10.724845886230469,11.340832710266113,11.44083309173584,10.920000076293945,10.945833206176758,20715600
2015-04-07,10.635004997253418,11.245833396911621,11.493332862854004,11.245833396911621,11.348333358764648,14068800
2015-04-08,10.747701644897461,11.364999771118164,11.446666717529297,11.216667175292969,11.297499656677246,27902400
2015-04-09,10.893495559692383,11.519166946411133,11.5600004196167,11.238332748413086,11.334166526794434,16947600
2015-04-10,11.063716888427734,11.699167251586914,11.710000038146973,11.526666641235352,11.561667442321777,10410000
2015-04-13,10.919502258300781,11.546667098999023,11.800000190734863,11.53499984741211,11.670832633972168,7802400
2015-04-14,10.977814674377441,11.608332633972168,11.645000457763672,11.380000114440918,11.508333206176758,15103200
2015-04-15,11.122822761535645,11.761667251586914,11.863332748413086,11.6899995803833,11.707500457763672,12264000
2015-04-16,11.112578392028809,11.750832557678223,11.852499961853027,11.658332824707031,11.699167251586914,9342000
2015-04-17,10.728785514831543,11.345000267028809,11.557499885559082,11.192500114440918,11.512499809265137,23473200
2015-04-20,11.020371437072754,11.653332710266113,11.71916675567627,11.513333320617676,11.53083324432373,14014800
2015-04-21,10.98333740234375,11.614167213439941,11.822500228881836,11.557499885559082,11.794166564941406,10873200
2015-04-22,11.143312454223633,11.783332824707031,11.820833206176758,11.499167442321777,11.68166732788086,10658400
2015-04-23,11.22763442993164,11.8725004196167,12.0024995803833,11.688332557678223,11.703332901000977,14616000
2015-04-24,11.30802059173584,11.957500457763672,12.007499694824219,11.866666793823242,11.960832595825195,7588800
2015-04-27,11.159073829650879,11.800000190734863,12.09333324432373,11.767499923706055,12.069999694824219,13173600
2015-04-28,11.261521339416504,11.908332824707031,11.930000305175781,11.5625,11.805000305175781,18178800
2015-04-29,11.124398231506348,11.763333320617676,11.891667366027832,11.607500076293945,11.738332748413086,21693600
2015-04-30,10.790255546569824,11.40999984741211,11.729999542236328,11.275833129882812,11.654999732971191,27524400
2015-05-01,11.135427474975586,11.774999618530273,11.791666984558105,11.549166679382324,11.569999694824219,15537600
2015-05-04,11.243398666381836,11.889166831970215,12.0,11.845832824707031,11.86916732788086,9888000
2015-05-05,10.843058586120605,11.465832710266113,11.904999732971191,11.447500228881836,11.835000038146973,24255600
2015-05-06,10.713021278381348,11.328332901000977,11.641667366027832,11.1225004196167,11.585832595825195,25440000
2015-05-07,10.843058586120605,11.465832710266113,11.548333168029785,11.248332977294922,11.308333396911621,16803600
2015-05-08,11.264674186706543,11.911666870117188,11.957500457763672,11.782500267028809,11.791666984558105,17661600
2015-05-11,11.10942554473877,11.7475004196167,11.96500015258789,11.732500076293945,11.904999732971191,13219200
2015-05-12,11.003036499023438,11.635000228881836,11.75,11.414167404174805,11.580833435058594,20138400
2015-05-13,11.015644073486328,11.648332595825195,11.845832824707031,11.60083293914795,11.724166870117188,13730400
2015-05-14,11.360817909240723,12.013333320617676,12.026666641235352,11.795832633972168,11.852499961853027,14589600
2015-05-15,11.394707679748535,12.049166679382324,12.078332901000977,11.953332901000977,12.050832748413086,9471600
2015-05-18,11.500307083129883,12.160833358764648,12.212499618530273,12.00583267211914,12.009166717529297,8428800
2015-05-19,11.48454475402832,12.144166946411133,12.240833282470703,12.091667175292969,12.188332557678223,8245200
2015-05-20,11.46327018737793,12.12166690826416,12.276666641235352,12.058333396911621,12.170000076293945,10744200
2015-05-21,11.560991287231445,12.225000381469727,12.270000457763672,12.058333396911621,12.095000267028809,7018800
2015-05-22,11.480605125427246,12.140000343322754,12.234999656677246,12.123332977294922,12.149999618530273,8347800
2015-05-26,11.116519927978516,11.755000114440918,12.053333282470703,11.664999961853027,12.03499984741211,14795400
2015-05-27,11.414408683776855,12.069999694824219,12.125,11.771666526794434,11.83666706085205,9085200
2015-05-28,11.384462356567383,12.03833293914795,12.0600004196167,11.896666526794434,12.008333206176758,8480400
2015-05-29,11.160651206970215,11.801667213439941,12.029999732971191,11.760000228881836,12.021666526794434,13515000
2015-06-01,11.233152389526367,11.87833309173584,12.011667251586914,11.725000381469727,11.938332557678223,11705400
2015-06-02,11.201629638671875,11.845000267028809,11.986666679382324,11.666666984558105,11.78833293914795,11564400
2015-06-03,11.288318634033203,11.936667442321777,12.06833267211914,11.845000267028809,11.949999809265137,15142200
2015-06-04,11.0266752243042,11.65999984741211,11.914999961853027,11.574999809265137,11.796667098999023,18891600
2015-06-05,10.9557523727417,11.585000038146973,11.710000038146973,11.446666717529297,11.609999656677246,13762200
2015-06-08,10.75085163116455,11.368332862854004,11.581666946411133,11.348333358764648,11.553333282470703,12429000
2015-06-09,10.733518600463867,11.350000381469727,11.458333015441895,11.233332633972168,11.364999771118164,12243600
2015-06-10,11.129124641418457,11.768333435058594,11.838333129882812,11.498332977294922,11.511667251586914,18868200
2015-06-11,11.230001449584961,11.875,11.953332901000977,11.80666732788086,11.856666564941406,11053200
2015-06-12,10.9652099609375,11.595000267028809,11.738332748413086,11.550000190734863,11.701666831970215,15086400
2015-06-15,10.820202827453613,11.441666603088379,11.506667137145996,11.234999656677246,11.373332977294922,19312200
2015-06-16,11.010918617248535,11.643333435058594,11.654999732971191,11.388333320617676,11.420000076293945,9987000
2015-06-17,11.06450366973877,11.699999809265137,11.813332557678223,11.491666793823242,11.704999923706055,16120800
2015-06-18,11.390767097473145,12.045000076293945,12.151666641235352,11.796667098999023,11.800000190734863,14883600
2015-06-19,11.193746566772461,11.83666706085205,12.023332595825195,11.833333015441895,12.013333320617676,10892400
2015-06-22,11.422286987304688,12.078332901000977,12.196666717529297,12.039999961853027,12.083333015441895,12500400
2015-06-23,11.44750690460205,12.104999542236328,12.170000076293945,12.024999618530273,12.116666793823242,7566600
2015-06-24,11.196059226989746,11.83666706085205,12.12166690826416,11.83666706085205,12.053333282470703,9885000
2015-06-25,11.085705757141113,11.720000267028809,11.96500015258789,11.716667175292969,11.946666717529297,8954400
2015-06-26,11.087286949157715,11.721667289733887,11.848333358764648,11.614999771118164,11.801667213439941,9890400
2015-06-29,10.395215034484863,10.989999771118164,11.55666732788086,10.971667289733887,11.426667213439941,32073000
2015-06-30,10.467734336853027,11.066666603088379,11.28833293914795,10.96166706085205,11.278332710266113,49588800
2015-07-01,10.701053619384766,11.313332557678223,11.399999618530273,11.170000076293945,11.368332862854004,23600400
2015-07-02,10.667945861816406,11.278332710266113,11.441666603088379,11.203332901000977,11.40999984741211,13642200
2015-07-06,10.581239700317383,11.186667442321777,11.33666706085205,10.989999771118164,11.026666641235352,17383200
2015-07-07,10.770413398742676,11.386667251586914,11.416666984558105,10.766667366027832,11.228333473205566,30744600
2015-07-08,10.237568855285645,10.823332786560059,11.191666603088379,10.778332710266113,11.135000228881836,31335000
2015-07-09,10.288016319274902,10.876667022705078,11.266667366027832,10.868332862854004,11.225000381469727,20211600
2015-07-10,10.678980827331543,11.289999961853027,11.366666793823242,11.131667137145996,11.25333309173584,20992200
2015-07-13,11.027376174926758,11.658332824707031,11.683333396911621,11.526666641235352,11.53499984741211,16374000
2015-07-14,11.181873321533203,11.821666717529297,11.873332977294922,11.648332595825195,11.648332595825195,13250400
2015-07-15,11.161378860473633,11.800000190734863,11.911666870117188,11.706666946411133,11.823332786560059,12015600
2015-07-16,11.415188789367676,12.06833267211914,12.081666946411133,11.96500015258789,12.011667251586914,15892800
2015-07-17,11.451449394226074,12.106666564941406,12.123332977294922,12.0,12.083333015441895,10082400
2015-07-20,11.47509479522705,12.131667137145996,12.225000381469727,12.063332557678223,12.16333293914795,12264600
2015-07-21,11.330060005187988,11.978333473205566,12.153332710266113,11.921667098999023,12.09333324432373,12259200
2015-07-22,11.262273788452148,11.90666675567627,11.983332633972168,11.83666706085205,11.84000015258789,9341400
2015-07-23,11.076250076293945,11.710000038146973,11.96166706085205,11.643333435058594,11.948332786560059,11194800
2015-07-24,10.740462303161621,11.354999542236328,11.744999885559082,11.286666870117188,11.728333473205566,19510800
2015-07-27,10.548131942749023,11.151666641235352,11.274999618530273,11.06833267211914,11.183333396911621,18014400
2015-07-28,10.932795524597168,11.558333396911621,11.588333129882812,11.153332710266113,11.319999694824219,17365800
2015-07-29,11.158225059509277,11.796667098999023,11.841667175292969,11.55666732788086,11.583333015441895,14928000
2015-07-30,11.159801483154297,11.798333168029785,11.838333129882812,11.571666717529297,11.699999809265137,11894400
2015-07-31,11.11408519744873,11.75,11.911666870117188,11.694999694824219,11.908332824707031,10776000
2015-08-03,10.992694854736328,11.62166690826416,11.751667022705078,11.441666603088379,11.739999771118164,12441000
2015-08-04,10.932795524597168,11.558333396911621,11.704999923706055,11.46833324432373,11.613332748413086,8932800
2015-08-05,11.039996147155762,11.671667098999023,11.880000114440918,11.619999885559082,11.743332862854004,11898000
2015-08-06,10.79879379272461,11.416666984558105,11.733332633972168,11.271666526794434,11.704999923706055,14691000
2015-08-07,10.705780029296875,11.31833267211914,11.386667251586914,11.146666526794434,11.361666679382324,18990600
2015-08-10,11.10620403289795,11.741666793823242,11.763333320617676,11.53833293914795,11.53833293914795,13328400
2015-08-11,10.80825138092041,11.426667213439941,11.561667442321777,11.278332710266113,11.475000381469727,23100000
2015-08-12,10.838202476501465,11.458333015441895,11.505000114440918,10.888333320617676,11.171667098999023,30555600
2015-08-13,10.80667495727539,11.425000190734863,11.571666717529297,11.319999694824219,11.448332786560059,19729800
2015-08-14,10.920180320739746,11.545000076293945,11.561667442321777,11.359999656677246,11.388333320617676,10882200
2015-08-17,11.104625701904297,11.739999771118164,11.739999771118164,11.34000015258789,11.428333282470703,15495000
2015-08-18,11.008462905883789,11.638333320617676,11.755000114440918,11.59333324432373,11.6850004196167,11087400
2015-08-19,10.753072738647461,11.368332862854004,11.641667366027832,11.203332901000977,11.484999656677246,37899000
2015-08-20,10.073617935180664,10.649999618530273,11.170000076293945,10.640000343322754,11.069999694824219,34270200
2015-08-21,9.129317283630371,9.651666641235352,10.479999542236328,9.640000343322754,10.300000190734863,50050800
2015-08-24,8.07780933380127,8.539999961853027,9.391667366027832,7.1666669845581055,8.118332862854004,51130200
2015-08-25,7.699460506439209,8.140000343322754,9.335000038146973,8.126667022705078,9.335000038146973,40186200
2015-08-26,8.607505798339844,9.100000381469727,9.135000228881836,8.300000190734863,8.776666641235352,46369200
2015-08-27,9.250700950622559,9.779999732971191,9.793333053588867,9.203332901000977,9.46166706085205,48832800
2015-08-28,9.252279281616211,9.78166675567627,9.854999542236328,9.573332786560059,9.661666870117188,37047600
2015-08-31,9.01738452911377,9.533332824707031,9.75,9.438332557678223,9.600000381469727,19827000
2015-09-01,8.216541290283203,8.686667442321777,9.109999656677246,8.533332824707031,8.886667251586914,43674600
2015-09-02,8.673714637756348,9.170000076293945,9.176667213439941,8.766667366027832,9.066666603088379,22163400
2015-09-03,8.68790340423584,9.1850004196167,9.543333053588867,9.108332633972168,9.295000076293945,26616000
2015-09-04,8.301667213439941,8.776666641235352,8.951666831970215,8.635000228881836,8.803333282470703,29755800
2015-09-08,8.92752456665039,9.438332557678223,9.460000038146973,9.130000114440918,9.234999656677246,27992400
2015-09-09,8.564940452575684,9.055000305175781,9.729999542236328,8.991666793823242,9.703332901000977,28913400
2015-09-10,8.703668594360352,9.201666831970215,9.393333435058594,8.981666564941406,9.018333435058594,23130600
2015-09-11,8.82663345336914,9.331666946411133,9.331666946411133,9.018333435058594,9.126667022705078,20170200
2015-09-14,8.717859268188477,9.216667175292969,9.364999771118164,9.143333435058594,9.351667404174805,16075800
2015-09-15,9.061525344848633,9.579999923706055,9.643333435058594,9.236666679382324,9.308333396911621,24159600
2015-09-16,9.282230377197266,9.813332557678223,9.851667404174805,9.566666603088379,9.619999885559082,22468800
2015-09-17,9.234936714172363,9.763333320617676,10.210000038146973,9.688332557678223,9.793333053588867,38282400
2015-09-18,8.773031234741211,9.274999618530273,9.58666706085205,9.204999923706055,9.324999809265137,33153000
2015-09-21,8.908607482910156,9.418333053588867,9.59000015258789,9.239999771118164,9.416666984558105,20271600
2015-09-22,8.566515922546387,9.05666732788086,9.130000114440918,8.863332748413086,9.058333396911621,29486400
2015-09-23,8.511338233947754,8.998332977294922,9.158332824707031,8.911666870117188,9.083333015441895,27396000
2015-09-24,8.437244415283203,8.920000076293945,8.984999656677246,8.585000038146973,8.800000190734863,44989200
2015-09-25,8.41517448425293,8.896666526794434,9.199999809265137,8.758333206176758,9.154999732971191,41337000
2015-09-28,7.778282642364502,8.223333358764648,8.770000457763672,8.18166732788086,8.755000114440918,46170600
2015-09-29,7.795622825622559,8.241666793823242,8.456666946411133,8.09000015258789,8.266667366027832,39954000
2015-09-30,8.238611221313477,8.710000038146973,8.728333473205566,8.416666984558105,8.533332824707031,46038000
2015-10-01,8.30482292175293,8.779999732971191,8.819999694824219,8.458333015441895,8.768333435058594,33767400
2015-10-02,8.65164566040039,9.146666526794434,9.166666984558105,8.363332748413086,8.448332786560059,45420000
2015-10-05,9.127737998962402,9.649999618530273,9.6899995803833,9.354999542236328,9.368332862854004,32548800
2015-10-06,9.033150672912598,9.550000190734863,9.728333473205566,9.438332557678223,9.62833309173584,24195600
2015-10-07,9.266467094421387,9.796667098999023,9.850000381469727,9.511667251586914,9.71833324432373,24980400
2015-10-08,9.50609016418457,10.050000190734863,10.101667404174805,9.666666984558105,9.723333358764648,27081000
2015-10-09,9.523430824279785,10.06833267211914,10.15666675567627,9.960000038146973,10.081666946411133,19690800
2015-10-12,9.564417839050293,10.111666679382324,10.133333206176758,10.008333206176758,10.081666946411133,12087000
2015-10-13,9.373664855957031,9.90999984741211,10.19333267211914,9.87833309173584,9.96500015258789,17701800
2015-10-14,9.230207443237305,9.758333206176758,9.998332977294922,9.713333129882812,9.886667251586914,13084800
2015-10-15,9.651124000549316,10.203332901000977,10.213333129882812,9.816666603088379,9.876667022705078,20719200
2015-10-16,9.78197193145752,10.341667175292969,10.353333473205566,10.149999618530273,10.295000076293945,15670800
2015-10-19,9.80246353149414,10.363332748413086,10.366666793823242,10.178333282470703,10.233332633972168,9993600
2015-10-20,9.759899139404297,10.31833267211914,10.4399995803833,10.243332862854004,10.28499984741211,10748400
2015-10-21,9.589640617370605,10.138333320617676,10.430000305175781,10.103333473205566,10.40666675567627,17344800
2015-10-22,10.06415843963623,10.640000343322754,10.683333396911621,10.283332824707031,10.3100004196167,28792200
2015-10-23,10.398367881774902,10.993332862854004,11.0649995803833,10.813332557678223,10.96833324432373,21012000
2015-10-26,10.332157135009766,10.923333168029785,10.976667404174805,10.850000381469727,10.975000381469727,11905800
2015-10-27,10.256487846374512,10.84333324432373,10.918333053588867,10.731666564941406,10.800000190734863,13701000
2015-10-28,10.611189842224121,11.21833324432373,11.226667404174805,10.793333053588867,10.916666984558105,26181000
2015-10-29,10.609611511230469,11.216667175292969,11.271666526794434,11.104999542236328,11.118332862854004,10412400
2015-10-30,10.445663452148438,11.043333053588867,11.300000190734863,11.024999618530273,11.244999885559082,11020200
2015-11-02,10.81928539276123,11.438332557678223,11.486666679382324,11.096667289733887,11.114999771118164,11697600
2015-11-03,10.912299156188965,11.536666870117188,11.658332824707031,11.34000015258789,11.385000228881836,14612400
2015-11-04,10.833473205566406,11.453332901000977,11.62833309173584,11.34333324432373,11.604999542236328,14904600
2015-11-05,10.789334297180176,11.40666675567627,11.545000076293945,11.239999771118164,11.451666831970215,13459200
2015-11-06,10.767261505126953,11.383333206176758,11.436667442321777,11.135000228881836,11.333333015441895,14458200
2015-11-09,10.470888137817383,11.069999694824219,11.296667098999023,10.888333320617676,11.274999618530273,18955200
2015-11-10,10.5260648727417,11.12833309173584,11.153332710266113,10.928333282470703,10.979999542236328,9774000
2015-11-11,10.412554740905762,11.008333206176758,11.204999923706055,11.0,11.199999809265137,13543200
2015-11-12,9.982184410095215,10.553333282470703,10.901666641235352,10.551667213439941,10.816666603088379,18699600
2015-11-13,9.644818305969238,10.196666717529297,10.523332595825195,10.178333282470703,10.478333473205566,25027200
2015-11-16,10.081500053405762,10.658332824707031,10.66333293914795,10.141667366027832,10.16333293914795,20134800
2015-11-17,10.046817779541016,10.62166690826416,10.880000114440918,10.545000076293945,10.726667404174805,31225800
2015-11-18,10.529217720031738,11.131667137145996,11.166666984558105,10.716667175292969,10.731666564941406,22347600
2015-11-19,10.513452529907227,11.114999771118164,11.19333267211914,11.058333396911621,11.116666793823242,13675800
2015-11-20,10.628533363342285,11.236666679382324,11.363332748413086,11.161666870117188,11.263333320617676,12726600
2015-11-23,10.582816123962402,11.188332557678223,11.341667175292969,11.108332633972168,11.248332977294922,8896800
2015-11-24,10.63326358795166,11.241666793823242,11.313332557678223,10.923333168029785,11.00333309173584,17761200
2015-11-25,10.620648384094238,11.228333473205566,11.298333168029785,11.183333396911621,11.265000343322754,6378600
2015-11-27,10.650606155395508,11.260000228881836,11.308333396911621,11.15999984741211,11.243332862854004,5517000
2015-11-30,10.530792236328125,11.133333206176758,11.324999809265137,11.108332633972168,11.311667442321777,10020600
2015-12-01,10.82874584197998,11.448332786560059,11.470000267028809,11.199999809265137,11.248332977294922,17682600
2015-12-02,10.485074996948242,11.085000038146973,11.498332977294922,11.045000076293945,11.426667213439941,16200600
2015-12-03,10.048394203186035,10.623332977294922,11.191666603088379,10.491666793823242,11.149999618530273,27195000
2015-12-04,10.636414527893066,11.244999885559082,11.303333282470703,10.676667213439941,10.701666831970215,21777600
2015-12-07,10.442511558532715,11.039999961853027,11.1850004196167,10.856666564941406,11.1850004196167,14157000
2015-12-08,10.231264114379883,10.816666603088379,10.989999771118164,10.630000114440918,10.739999771118164,16993800
2015-12-09,9.997947692871094,10.569999694824219,11.088333129882812,10.376667022705078,10.696666717529297,27967200
2015-12-10,10.056276321411133,10.631667137145996,10.881667137145996,10.533332824707031,10.574999809265137,14751600
2015-12-11,9.466678619384766,10.008333206176758,10.375,9.966667175292969,10.258333206176758,33998400
2015-12-14,9.630631446838379,10.18166732788086,10.188332557678223,9.738332748413086,10.03499984741211,25950600
2015-12-15,9.927007675170898,10.494999885559082,10.65666675567627,10.421667098999023,10.453332901000977,29633400
2015-12-16,10.3605375289917,10.953332901000977,11.008333206176758,10.466667175292969,10.694999694824219,25970400
2015-12-17,9.9002046585083,10.466667175292969,11.028332710266113,10.453332901000977,11.028332710266113,27902400
2015-12-18,9.338985443115234,9.873332977294922,10.333333015441895,9.873332977294922,10.303333282470703,35304600
2015-12-21,9.594374656677246,10.143333435058594,10.166666984558105,9.90666675567627,10.109999656677246,16757400
2015-12-22,9.85204792022705,10.393333435058594,10.441666603088379,10.095000267028809,10.261667251586914,20654400
2015-12-23,10.212258338928223,10.773332595825195,10.78166675567627,10.555000305175781,10.576666831970215,15924600
2015-12-24,10.141164779663086,10.698332786560059,10.819999694824219,10.680000305175781,10.731666564941406,5529600
2015-12-28,10.095346450805664,10.649999618530273,10.651666641235352,10.448332786560059,10.583333015441895,13707600
2015-12-29,10.412900924682617,10.984999656677246,11.041666984558105,10.841667175292969,10.841667175292969,16623600
2015-12-30,10.19645881652832,10.756667137145996,10.949999809265137,10.725000381469727,10.944999694824219,9839400
2015-12-31,9.89312744140625,10.436667442321777,10.741666793823242,10.426667213439941,10.636667251586914,17173800
2016-01-04,9.466556549072266,9.986666679382324,9.989999771118164,9.616666793823242,9.893333435058594,39948000
2016-01-05,9.518696784973145,10.041666984558105,10.118332862854004,9.84333324432373,10.050000190734863,21004800
2016-01-06,9.156906127929688,9.65999984741211,9.841667175292969,9.476667404174805,9.588333129882812,33333000
2016-01-07,8.496522903442383,8.963333129882812,9.451666831970215,8.896666526794434,9.164999961853027,42508800
2016-01-08,8.213726043701172,8.664999961853027,9.210000038146973,8.619999885559082,9.136667251586914,37465800
2016-01-11,8.227945327758789,8.680000305175781,8.864999771118164,8.381667137145996,8.80666732788086,47506200
2016-01-12,8.439648628234863,8.903332710266113,9.021666526794434,8.558333396911621,8.920000076293945,39193800
2016-01-13,7.802959442138672,8.231666564941406,9.066666603088379,8.171667098999023,9.013333320617676,45639600
2016-01-14,8.183709144592285,8.633333206176758,8.813332557678223,8.079999923706055,8.333333015441895,42621000
2016-01-15,7.648133754730225,8.06833267211914,8.208333015441895,7.775000095367432,7.948332786560059,58190400
2016-01-19,7.69236946105957,8.114999771118164,8.375,7.87166690826416,8.361666679382324,33235800
2016-01-20,7.400095462799072,7.806666851043701,8.036666870117188,7.203332901000977,7.7316670417785645,77036400
2016-01-21,7.507525444030762,7.920000076293945,8.203332901000977,7.678332805633545,7.885000228881836,36904200
2016-01-22,7.981484413146973,8.420000076293945,8.444999694824219,8.208333015441895,8.319999694824219,30559800
2016-01-25,7.626014232635498,8.045000076293945,8.364999771118164,8.005000114440918,8.333333015441895,24511200
2016-01-26,7.929349422454834,8.364999771118164,8.404999732971191,8.083333015441895,8.133333206176758,22411800
2016-01-27,7.670252323150635,8.091667175292969,8.539999961853027,7.946667194366455,8.286666870117188,35818200
2016-01-28,7.790321350097656,8.21833324432373,8.353333473205566,7.961667060852051,8.311667442321777,26553600
2016-01-29,8.37171459197998,8.831666946411133,8.831666946411133,8.316666603088379,8.333333015441895,30928200
2016-02-01,8.346434593200684,8.805000305175781,8.93166732788086,8.5600004196167,8.640000343322754,19581600
2016-02-02,7.8993330001831055,8.333333015441895,8.573332786560059,8.244999885559082,8.55666732788086,30075000
2016-02-03,8.032041549682617,8.473333358764648,8.536666870117188,7.925000190734863,8.494999885559082,41971800
2016-02-04,8.066800117492676,8.510000228881836,8.66333293914795,8.300000190734863,8.398332595825195,29848800
2016-02-05,7.605476379394531,8.023332595825195,8.444999694824219,7.929999828338623,8.425000190734863,31919400
2016-02-08,7.292663097381592,7.693333148956299,7.7916669845581055,7.369999885559082,7.739999771118164,38031600
2016-02-09,7.291083335876465,7.691667079925537,7.886666774749756,7.426667213439941,7.440000057220459,34233600
2016-02-10,7.283184051513672,7.683332920074463,8.063332557678223,7.6616668701171875,7.831666946411133,28575000
2016-02-11,7.019347190856934,7.40500020980835,7.533332824707031,7.163332939147949,7.315000057220459,46382400
2016-02-12,7.430110454559326,7.8383331298828125,7.840000152587891,7.514999866485596,7.631667137145996,23455800
2016-02-16,7.798222064971924,8.226667404174805,8.236666679382324,7.966667175292969,8.116666793823242,23129400
2016-02-17,8.185288429260254,8.635000228881836,8.696666717529297,8.395000457763672,8.41333293914795,27612000
2016-02-18,8.084178924560547,8.528332710266113,8.691666603088379,8.481666564941406,8.680000305175781,19948200
2016-02-19,8.082597732543945,8.526666641235352,8.541666984558105,8.313332557678223,8.41333293914795,18609600
2016-02-22,8.422266960144043,8.885000228881836,8.911666870117188,8.761667251586914,8.766667366027832,24832200
2016-02-23,8.115777015686035,8.561667442321777,8.826666831970215,8.53499984741211,8.786666870117188,23455200
2016-02-24,8.22320556640625,8.675000190734863,8.710000038146973,8.149999618530273,8.31833267211914,35068200
2016-02-25,8.512320518493652,8.979999542236328,8.983332633972168,8.618332862854004,8.739999771118164,26075400
2016-02-26,8.461764335632324,8.926667213439941,9.140000343322754,8.896666526794434,9.12833309173584,27987600
2016-02-29,8.231104850769043,8.683333396911621,9.076666831970215,8.683333396911621,8.9399995803833,20931600
2016-03-01,8.842514038085938,9.328332901000977,9.333333015441895,8.833333015441895,8.908332824707031,30523200
2016-03-02,8.964162826538086,9.456666946411133,9.460000038146973,9.203332901000977,9.276666641235352,21021000
2016-03-03,9.055793762207031,9.553333282470703,9.563332557678223,9.324999809265137,9.416666984558105,20291400
2016-03-04,9.152169227600098,9.654999732971191,9.78499984741211,9.456666946411133,9.600000381469727,22708800
2016-03-07,9.171123504638672,9.675000190734863,9.74666690826416,9.483332633972168,9.505000114440918,25848000
2016-03-08,8.866209983825684,9.353333473205566,9.579999923706055,9.333333015441895,9.493332862854004,21778200
2016-03-09,9.003657341003418,9.498332977294922,9.553333282470703,9.361666679382324,9.5,18790800
2016-03-10,9.019458770751953,9.515000343322754,9.738332748413086,9.21166706085205,9.578332901000977,33756000
2016-03-11,9.460240364074707,9.979999542236328,9.988332748413086,9.748332977294922,9.760000228881836,22140600
2016-03-14,9.425485610961914,9.94333267211914,10.021666526794434,9.835000038146973,9.888333320617676,11877600
2016-03-15,9.382827758789062,9.898332595825195,9.898332595825195,9.729999542236328,9.776666641235352,25102800
2016-03-16,9.551873207092285,10.076666831970215,10.133333206176758,9.801667213439941,9.803333282470703,20834400
2016-03-17,9.728818893432617,10.263333320617676,10.345000267028809,9.979999542236328,10.051667213439941,19617000
2016-03-18,9.842568397521973,10.383333206176758,10.436667442321777,10.291666984558105,10.333333015441895,14838000
2016-03-21,9.878905296325684,10.421667098999023,10.460000038146973,10.291666984558105,10.326666831970215,11763000
2016-03-22,9.869428634643555,10.411666870117188,10.50333309173584,10.25333309173584,10.279999732971191,15894000
2016-03-23,9.675101280212402,10.206666946411133,10.363332748413086,10.16333293914795,10.333333015441895,13733400
2016-03-24,9.651403427124023,10.18166732788086,10.186667442321777,9.973333358764648,10.00333309173584,16060800
2016-03-28,9.675101280212402,10.206666946411133,10.289999961853027,10.12166690826416,10.258333206176758,10707000
2016-03-29,9.950000762939453,10.49666690826416,10.49666690826416,10.071666717529297,10.12166690826416,16122600
2016-03-30,10.068489074707031,10.62166690826416,10.74666690826416,10.555000305175781,10.654999732971191,13333800
2016-03-31,10.000555992126465,10.550000190734863,10.678333282470703,10.508333206176758,10.606666564941406,10259400
2016-04-01,10.186979293823242,10.74666690826416,10.786666870117188,10.305000305175781,10.353333473205566,13294800
2016-04-04,10.093767166137695,10.648332595825195,10.773332595825195,10.59333324432373,10.75,11840400
2016-04-05,9.798333168029785,10.33666706085205,10.491666793823242,10.28499984741211,10.416666984558105,18869400
2016-04-06,10.103248596191406,10.658332824707031,10.676667213439941,10.300000190734863,10.350000381469727,18009600
2016-04-07,9.750933647155762,10.286666870117188,10.529999732971191,10.151666641235352,10.463333129882812,25401600
2016-04-08,9.828349113464355,10.368332862854004,10.56833267211914,10.271666526794434,10.491666793823242,16250400
2016-04-11,9.752514839172363,10.28833293914795,10.601667404174805,10.276666641235352,10.488332748413086,22318800
2016-04-12,10.033732414245605,10.585000038146973,10.62833309173584,10.24666690826416,10.326666831970215,20617800
2016-04-13,10.327588081359863,10.895000457763672,10.91333293914795,10.721667289733887,10.734999656677246,16702800
2016-04-14,10.33548641204834,10.903332710266113,10.993332862854004,10.83666706085205,10.91333293914795,8860800
2016-04-15,10.288089752197266,10.853333473205566,10.920000076293945,10.800000190734863,10.898332595825195,6424800
2016-04-18,10.514009475708008,11.091667175292969,11.096667289733887,10.739999771118164,10.756667137145996,10927200
2016-04-19,10.613543510437012,11.196666717529297,11.241666793823242,11.043333053588867,11.170000076293945,11847600
2016-04-20,10.63881778717041,11.223333358764648,11.356666564941406,11.114999771118164,11.204999923706055,8164200
2016-04-21,10.471354484558105,11.046667098999023,11.25,10.994999885559082,11.226667404174805,12381000
2016-04-22,10.477673530578613,11.053333282470703,11.09333324432373,10.876667022705078,10.979999542236328,11014200
2016-04-25,10.416061401367188,10.988332748413086,10.989999771118164,10.819999694824219,10.936667442321777,12382200
2016-04-26,10.472936630249023,11.048333168029785,11.12833309173584,10.946666717529297,11.050000190734863,9404400
2016-04-27,10.528229713439941,11.106666564941406,11.176667213439941,10.898332595825195,10.96500015258789,12157200
2016-04-28,10.250175476074219,10.813332557678223,11.166666984558105,10.723333358764648,10.96166706085205,15198000
2016-04-29,10.081128120422363,10.635000228881836,10.75,10.423333168029785,10.683333396911621,22363800
2016-05-02,10.30546760559082,10.87166690826416,10.90999984741211,10.640000343322754,10.721667289733887,11390400
2016-05-03,10.040054321289062,10.591667175292969,10.6899995803833,10.454999923706055,10.648332595825195,16645200
2016-05-04,9.863107681274414,10.404999732971191,10.543333053588867,10.323332786560059,10.408332824707031,16798200
2016-05-05,9.87100601196289,10.41333293914795,10.561667442321777,10.329999923706055,10.49666690826416,15436800
2016-05-06,9.967378616333008,10.515000343322754,10.526666641235352,10.241666793823242,10.271666526794434,15111600
2016-05-09,10.005292892456055,10.555000305175781,10.62166690826416,10.46500015258789,10.486666679382324,13408200
2016-05-10,10.367083549499512,10.936667442321777,10.9399995803833,10.65999984741211,10.666666984558105,10549200
2016-05-11,10.082708358764648,10.636667251586914,10.916666984558105,10.630000114440918,10.850000381469727,15173400
2016-05-12,10.081128120422363,10.635000228881836,10.779999732971191,10.454999923706055,10.760000228881836,16370400
2016-05-13,9.814133644104004,10.353333473205566,10.68166732788086,10.301667213439941,10.58666706085205,14529600
2016-05-16,10.104826927185059,10.65999984741211,10.75,10.380000114440918,10.388333320617676,13929600
2016-05-17,9.829928398132324,10.369999885559082,10.66333293914795,10.270000457763672,10.616666793823242,15764400
2016-05-18,9.842568397521973,10.383333206176758,10.581666946411133,10.18166732788086,10.301667213439941,18151800
2016-05-19,9.738299369812012,10.273332595825195,10.316666603088379,10.050000190734863,10.244999885559082,19117800
2016-05-20,9.915242195129395,10.460000038146973,10.550000190734863,10.364999771118164,10.381667137145996,11681400
2016-05-23,9.866267204284668,10.408332824707031,10.511667251586914,10.380000114440918,10.460000038146973,8984400
2016-05-24,10.25649356842041,10.819999694824219,10.876667022705078,10.55666732788086,10.563332557678223,15366000
2016-05-25,10.461874008178711,11.036666870117188,11.114999771118164,10.9350004196167,10.94333267211914,12418800
2016-05-26,10.472936630249023,11.048333168029785,11.108332633972168,10.993332862854004,11.069999694824219,6744600
2016-05-27,10.600905418395996,11.183333396911621,11.186667442321777,11.071666717529297,11.078332901000977,6379800
2016-05-31,10.550349235534668,11.130000114440918,11.263333320617676,11.021666526794434,11.244999885559082,9752400
2016-06-01,10.608803749084473,11.191666603088379,11.226667404174805,10.975000381469727,11.010000228881836,7132200
2016-06-02,10.711496353149414,11.300000190734863,11.300000190734863,11.028332710266113,11.118332862854004,6678000
2016-06-03,10.618282318115234,11.201666831970215,11.260000228881836,10.96500015258789,11.186667442321777,15911400
2016-06-06,10.774686813354492,11.366666793823242,11.428333282470703,11.233332633972168,11.263333320617676,9647400
2016-06-07,10.814186096191406,11.408332824707031,11.521666526794434,11.390000343322754,11.393333435058594,7557000
2016-06-08,10.921616554260254,11.521666526794434,11.551667213439941,11.420000076293945,11.4399995803833,6874800
2016-06-09,10.880541801452637,11.478333473205566,11.505000114440918,11.338333129882812,11.386667251586914,8671200
2016-06-10,10.567728042602539,11.148332595825195,11.278332710266113,11.051667213439941,11.208333015441895,16023000
2016-06-13,10.332326889038086,10.899999618530273,11.198332786560059,10.87833309173584,11.029999732971191,14246400
2016-06-14,10.275449752807617,10.84000015258789,10.936667442321777,10.653332710266113,10.826666831970215,21280800
2016-06-15,10.22015380859375,10.78166675567627,11.011667251586914,10.74666690826416,10.901666641235352,19802400
2016-06-16,10.313369750976562,10.880000114440918,10.908332824707031,10.441666603088379,10.613332748413086,18682800
2016-06-17,10.19645881652832,10.756667137145996,10.864999771118164,10.635000228881836,10.864999771118164,16877400
2016-06-20,10.39236068725586,10.963333129882812,11.236666679382324,10.946666717529297,11.116666793823242,14733000
2016-06-21,10.479256629943848,11.055000305175781,11.130000114440918,10.951666831970215,11.033332824707031,8449800
2016-06-22,10.421199798583984,10.979999542236328,11.204999923706055,10.960000038146973,11.039999961853027,11016600
2016-06-23,10.834063529968262,11.414999961853027,11.416666984558105,11.170000076293945,11.243332862854004,14197200
2016-06-24,9.657167434692383,10.175000190734863,10.779999732971191,10.104999542236328,10.234999656677246,35744400
2016-06-27,9.135161399841309,9.625,9.938332557678223,9.5,9.938332557678223,25602600
2016-06-28,9.630280494689941,10.146666526794434,10.154999732971191,9.856666564941406,9.914999961853027,24363600
2016-06-29,10.1348876953125,10.678333282470703,10.710000038146973,10.383333206176758,10.396666526794434,22503000
2016-06-30,10.528765678405762,11.09333324432373,11.116666793823242,10.653332710266113,10.75,26167800
2016-07-01,10.60311508178711,11.171667098999023,11.268333435058594,11.085000038146973,11.08666706085205,16023000
2016-07-05,10.387982368469238,10.944999694824219,11.039999961853027,10.824999809265137,11.021666526794434,15690000
2016-07-06,10.561984062194824,11.12833309173584,11.154999732971191,10.721667289733887,10.841667175292969,18541200
2016-07-07,10.539840698242188,11.104999542236328,11.28833293914795,10.970000267028809,11.168333053588867,18273000
2016-07-08,11.00648307800293,11.596667289733887,11.649999618530273,11.311667442321777,11.351667404174805,18518400
2016-07-11,11.125123977661133,11.721667289733887,11.83666706085205,11.654999732971191,11.696666717529297,15792000
2016-07-12,11.368728637695312,11.978333473205566,12.039999961853027,11.868332862854004,11.914999961853027,13656000
2016-07-13,11.370309829711914,11.979999542236328,12.06833267211914,11.881667137145996,12.0649995803833,12838200
2016-07-14,11.545889854431152,12.164999961853027,12.268333435058594,12.098333358764648,12.225000381469727,16438800
2016-07-15,11.511092185974121,12.12833309173584,12.289999961853027,12.039999961853027,12.283332824707031,12362400
2016-07-18,11.604422569274902,12.226667404174805,12.256667137145996,12.101667404174805,12.154999732971191,7620600
2016-07-19,11.563295364379883,12.183333396911621,12.19333267211914,12.09333324432373,12.136667251586914,11598600
2016-07-20,11.71198844909668,12.34000015258789,12.383333206176758,12.19333267211914,12.279999732971191,8413200
2016-07-21,11.575948715209961,12.196666717529297,12.358332633972168,12.108332633972168,12.3100004196167,11518200
2016-07-22,11.732550621032715,12.361666679382324,12.368332862854004,12.168333053588867,12.223333358764648,9779400
2016-07-25,11.643965721130371,12.268333435058594,12.326666831970215,12.141667366027832,12.319999694824219,12078000
2016-07-26,11.648710250854492,12.273332595825195,12.345000267028809,12.109999656677246,12.241666793823242,10596000
2016-07-27,11.62024211883545,12.243332862854004,12.361666679382324,12.085000038146973,12.353333473205566,13123800
2016-07-28,11.658205032348633,12.283332824707031,12.333333015441895,12.106666564941406,12.196666717529297,10542000
2016-07-29,11.700913429260254,12.328332901000977,12.404999732971191,12.170000076293945,12.231666564941406,11108400
2016-08-01,11.672438621520996,12.298333168029785,12.423333168029785,12.21166706085205,12.346667289733887,12450000
2016-08-02,11.447818756103516,12.061667442321777,12.283332824707031,11.898332595825195,12.248332977294922,20812800
2016-08-03,11.550638198852539,12.170000076293945,12.180000305175781,11.993332862854004,12.043333053588867,14200800
2016-08-04,11.591765403747559,12.213333129882812,12.268333435058594,12.109999656677246,12.191666603088379,7901400
2016-08-05,11.874916076660156,12.511667251586914,12.513333320617676,12.31833267211914,12.34333324432373,10390800
2016-08-08,11.851187705993652,12.486666679382324,12.566666603088379,12.43166732788086,12.550000190734863,6884400
2016-08-09,11.863844871520996,12.5,12.603333473205566,12.438332557678223,12.501667022705078,9246000
2016-08-10,11.778426170349121,12.40999984741211,12.539999961853027,12.34000015258789,12.526666641235352,8800800
2016-08-11,11.947681427001953,12.588333129882812,12.633333206176758,12.463333129882812,12.520000457763672,10276200
2016-08-12,11.912880897521973,12.551667213439941,12.59333324432373,12.470000267028809,12.515000343322754,8682600
2016-08-15,12.02360725402832,12.668333053588867,12.726667404174805,12.619999885559082,12.62166690826416,9397200
2016-08-16,11.825879096984863,12.460000038146973,12.581666946411133,12.460000038146973,12.566666603088379,9849600
2016-08-17,11.889152526855469,12.526666641235352,12.555000305175781,12.298333168029785,12.46500015258789,15963000
2016-08-18,11.972989082336426,12.614999771118164,12.62166690826416,12.501667022705078,12.526666641235352,8397000
2016-08-19,11.91762638092041,12.55666732788086,12.59333324432373,12.418333053588867,12.515000343322754,8758800
2016-08-22,11.914462089538574,12.553333282470703,12.598333358764648,12.433333396911621,12.510000228881836,9934800
2016-08-23,11.982481956481934,12.625,12.738332748413086,12.616666793823242,12.676667213439941,11042400
2016-08-24,11.813224792480469,12.446666717529297,12.618332862854004,12.350000381469727,12.596667289733887,16170600
2016-08-25,11.764188766479492,12.395000457763672,12.489999771118164,12.323332786560059,12.354999542236328,15763200
2016-08-26,11.708824157714844,12.33666706085205,12.646666526794434,12.15999984741211,12.44333267211914,22102200
2016-08-29,11.876500129699707,12.513333320617676,12.56833267211914,12.356666564941406,12.359999656677246,7843200
2016-08-30,11.813224792480469,12.446666717529297,12.55666732788086,12.345000267028809,12.498332977294922,13450200
2016-08-31,11.713568687438965,12.341667175292969,12.408332824707031,12.19333267211914,12.388333320617676,16126800
2016-09-01,11.723060607910156,12.351667404174805,12.404999732971191,12.114999771118164,12.351667404174805,13313400
2016-09-02,11.873334884643555,12.510000228881836,12.600000381469727,12.399999618530273,12.510000228881836,15059400
2016-09-06,11.987227439880371,12.630000114440918,12.635000228881836,12.426667213439941,12.566666603088379,15970800
2016-09-07,11.984066009521484,12.626667022705078,12.658332824707031,12.5,12.59333324432373,14734200
2016-09-08,11.893900871276855,12.53166675567627,12.608332633972168,12.473333358764648,12.555000305175781,12013800
2016-09-09,11.046029090881348,11.638333320617676,12.283332824707031,11.62833309173584,12.283332824707031,31260600
2016-09-12,11.50634479522705,12.123332977294922,12.208333015441895,11.466667175292969,11.481666564941406,26400600
2016-09-13,11.008063316345215,11.598333358764648,11.925000190734863,11.483332633972168,11.876667022705078,29531400
2016-09-14,10.9922456741333,11.581666946411133,11.841667175292969,11.484999656677246,11.608332633972168,20578800
2016-09-15,11.32601547241211,11.933333396911621,12.008333206176758,11.523332595825195,11.55666732788086,17907600
2016-09-16,11.19788932800293,11.798333168029785,11.850000381469727,11.661666870117188,11.8149995803833,16041600
2016-09-19,11.19472599029541,11.795000076293945,12.048333168029785,11.741666793823242,11.921667098999023,12209400
2016-09-20,11.20896053314209,11.8100004196167,11.998332977294922,11.800000190734863,11.970000267028809,10249200
2016-09-21,11.581233024597168,12.199999809265137,12.231666564941406,11.805000305175781,11.933333396911621,21106800
2016-09-22,11.790077209472656,12.420000076293945,12.484999656677246,12.348333358764648,12.395000457763672,18612600
2016-09-23,11.606553077697754,12.226667404174805,12.375,12.204999923706055,12.346667289733887,8874600
2016-09-26,11.320184707641602,11.925000190734863,12.091667175292969,11.886667251586914,12.05666732788086,17496600
2016-09-27,11.533775329589844,12.149999618530273,12.16333293914795,11.816666603088379,11.893333435058594,10648200
2016-09-28,11.699897766113281,12.324999809265137,12.353333473205566,12.0,12.186667442321777,10914000
2016-09-29,11.383467674255371,11.991666793823242,12.361666679382324,11.883333206176758,12.283332824707031,18747000
2016-09-30,11.650848388671875,12.273332595825195,12.393333435058594,12.101667404174805,12.154999732971191,12615000
2016-10-03,11.54010009765625,12.15666675567627,12.21166706085205,12.045000076293945,12.170000076293945,13907400
2016-10-04,11.380304336547852,11.988332748413086,12.233332633972168,11.868332862854004,12.198332786560059,18527400
2016-10-05,11.530606269836426,12.146666526794434,12.220000267028809,12.09000015258789,12.096667289733887,13585800
2016-10-06,11.54959487915039,12.166666984558105,12.203332901000977,11.986666679382324,12.09333324432373,8544000
2016-10-07,11.424605369567871,12.03499984741211,12.25,11.891667366027832,12.21500015258789,17583000
2016-10-10,11.597058296203613,12.216667175292969,12.313332557678223,12.19333267211914,12.220000267028809,9625200
2016-10-11,11.174626350402832,11.771666526794434,12.151666641235352,11.618332862854004,12.135000228881836,27124200
2016-10-12,11.215764045715332,11.8149995803833,11.908332824707031,11.6899995803833,11.78833293914795,14817600
2016-10-13,11.101849555969238,11.694999694824219,11.786666870117188,11.390000343322754,11.553333282470703,18209400
2016-10-14,11.11292552947998,11.706666946411133,11.96500015258789,11.69333267211914,11.888333320617676,20566200
2016-10-17,11.005339622497559,11.59333324432373,11.75,11.548333168029785,11.701666831970215,13486200
2016-10-18,11.193614959716797,11.791666984558105,11.891667366027832,11.726667404174805,11.886667251586914,10405200
2016-10-19,11.28696060180664,11.890000343322754,11.949999809265137,11.779999732971191,11.84333324432373,9282000
2016-10-20,11.225255012512207,11.824999809265137,11.93166732788086,11.696666717529297,11.823332786560059,13710600
2016-10-21,11.231583595275879,11.831666946411133,11.856666564941406,11.641667366027832,11.671667098999023,10195800
2016-10-24,11.373976707458496,11.981666564941406,12.0600004196167,11.925000190734863,12.0,10303800
2016-10-25,11.277463912963867,11.880000114440918,12.00333309173584,11.838333129882812,11.958333015441895,14310600
2016-10-26,11.206270217895508,11.805000305175781,11.90666675567627,11.66333293914795,11.713333129882812,12810600
2016-10-27,11.111345291137695,11.704999923706055,11.938332557678223,11.688332557678223,11.936667442321777,13881600
2016-10-28,11.003758430480957,11.591667175292969,11.824999809265137,11.46500015258789,11.6899995803833,22219800
2016-10-31,10.99584674835205,11.583333015441895,11.699999809265137,11.5649995803833,11.65666675567627,9598200
2016-11-01,10.774347305297852,11.350000381469727,11.664999961853027,11.114999771118164,11.654999732971191,19231800
2016-11-02,10.568668365478516,11.133333206176758,11.354999542236328,11.055000305175781,11.283332824707031,14668200
2016-11-03,10.427858352661133,10.984999656677246,11.213333129882812,10.933333396911621,11.176667213439941,14239200
2016-11-04,10.378814697265625,10.933333396911621,11.15666675567627,10.918333053588867,11.0,16387200
2016-11-07,11.06229305267334,11.653332710266113,11.673333168029785,11.37833309173584,11.404999732971191,17326800
2016-11-08,11.212599754333496,11.811667442321777,11.933333396911621,11.541666984558105,11.59000015258789,17086200
2016-11-09,11.593893051147461,12.213333129882812,12.316666603088379,11.516667366027832,11.521666526794434,35916600
2016-11-10,11.66508960723877,12.28833293914795,12.524999618530273,12.00333309173584,12.363332748413086,29432400
2016-11-11,11.587566375732422,12.206666946411133,12.251667022705078,12.018333435058594,12.15666675567627,18337800
2016-11-14,11.609715461730957,12.229999542236328,12.348333358764648,12.088333129882812,12.308333396911621,13857600
2016-11-15,11.880260467529297,12.515000343322754,12.515000343322754,12.266667366027832,12.311667442321777,13950000
2016-11-16,11.820140838623047,12.451666831970215,12.491666793823242,12.369999885559082,12.391667366027832,10399800
2016-11-17,11.99259090423584,12.633333206176758,12.648332595825195,12.454999923706055,12.473333358764648,11466600
2016-11-18,11.913484573364258,12.550000190734863,12.683333396911621,12.515000343322754,12.648332595825195,11513400
2016-11-21,12.180865287780762,12.831666946411133,12.84000015258789,12.641667366027832,12.666666984558105,13868400
2016-11-22,12.252063751220703,12.90666675567627,12.946666717529297,12.761667251586914,12.903332710266113,11639400
2016-11-23,12.274211883544922,12.930000305175781,12.9399995803833,12.763333320617676,12.803333282470703,10035600
2016-11-25,12.415020942687988,13.078332901000977,13.078332901000977,12.983332633972168,13.0,4209600
2016-11-28,12.239402770996094,12.893333435058594,13.0649995803833,12.866666793823242,13.008333206176758,10170000
2016-11-29,12.3090181350708,12.966667175292969,13.055000305175781,12.831666946411133,12.896666526794434,8609400
2016-11-30,12.210925102233887,12.863332748413086,13.125,12.854999542236328,13.091667175292969,13344000
2016-12-01,12.070117950439453,12.71500015258789,12.926667213439941,12.649999618530273,12.923333168029785,12802800
2016-12-02,12.092267036437988,12.738332748413086,12.84000015258789,12.670000076293945,12.739999771118164,9079200
2016-12-05,12.296361923217773,12.953332901000977,13.039999961853027,12.87166690826416,12.908332824707031,12268200
2016-12-06,12.432425498962402,13.096667289733887,13.100000381469727,12.911666870117188,13.010000228881836,10826400
2016-12-07,12.907066345214844,13.596667289733887,13.618332862854004,13.03499984741211,13.063332557678223,18577200
2016-12-08,13.005157470703125,13.699999809265137,13.805000305175781,13.545000076293945,13.598333358764648,12175800
2016-12-09,13.237733840942383,13.944999694824219,13.951666831970215,13.74666690826416,13.756667137145996,13018800
2016-12-12,13.201345443725586,13.90666675567627,14.036666870117188,13.816666603088379,13.936667442321777,11302800
2016-12-13,13.45290470123291,14.171667098999023,14.28833293914795,14.041666984558105,14.045000076293945,14863800
2016-12-14,13.145970344543457,13.848333358764648,14.274999618530273,13.734999656677246,14.114999771118164,21188400
2016-12-15,13.280450820922852,13.989999771118164,14.183333396911621,13.854999542236328,13.886667251586914,14730000
2016-12-16,13.223494529724121,13.930000305175781,14.106666564941406,13.851667404174805,14.103333473205566,14220000
2016-12-19,13.296271324157715,14.006667137145996,14.098333358764648,13.926667213439941,13.966667175292969,9935400
2016-12-20,13.437080383300781,14.154999732971191,14.201666831970215,14.074999809265137,14.119999885559082,11544600
2016-12-21,13.337406158447266,14.050000190734863,14.176667213439941,14.050000190734863,14.143333435058594,7149000
2016-12-22,13.274121284484863,13.983332633972168,14.039999961853027,13.891667366027832,14.015000343322754,9991800
2016-12-23,13.313676834106445,14.024999618530273,14.03166675567627,13.94333267211914,13.973333358764648,6234000
2016-12-27,13.41493034362793,14.131667137145996,14.216667175292969,14.088333129882812,14.09000015258789,6229200
2016-12-28,13.095341682434082,13.795000076293945,14.1899995803833,13.760000228881836,14.180000305175781,11050800
2016-12-29,13.073189735412598,13.771666526794434,13.869999885559082,13.680000305175781,13.800000190734863,9184200
2016-12-30,12.938709259033203,13.630000114440918,13.858332633972168,13.476667404174805,13.841667175292969,17811000
2017-01-03,13.218745231628418,13.925000190734863,14.03499984741211,13.683333396911621,13.896666526794434,14394600
2017-01-04,13.454483032226562,14.173333168029785,14.203332901000977,13.991666793823242,13.991666793823242,12562200
2017-01-05,13.413351058959961,14.130000114440918,14.173333168029785,13.96833324432373,14.114999771118164,12929400
2017-01-06,13.565237045288086,14.289999961853027,14.390000343322754,14.045000076293945,14.164999961853027,11770200
2017-01-09,13.437080383300781,14.154999732971191,14.261667251586914,14.138333320617676,14.228333473205566,11510400
2017-01-10,13.41493034362793,14.131667137145996,14.328332901000977,14.0600004196167,14.153332710266113,9414000
2017-01-11,13.524099349975586,14.24666690826416,14.251667022705078,13.978333473205566,14.114999771118164,19452600
2017-01-12,13.435498237609863,14.153332710266113,14.19333267211914,13.856666564941406,14.146666526794434,17718600
2017-01-13,13.519354820251465,14.241666793823242,14.313332557678223,14.180000305175781,14.191666603088379,7945800
2017-01-17,13.394363403320312,14.109999656677246,14.196666717529297,14.015000343322754,14.101667404174805,11187000
2017-01-18,13.463979721069336,14.183333396911621,14.19333267211914,14.033332824707031,14.149999618530273,8062200
2017-01-19,13.32316780090332,14.03499984741211,14.236666679382324,13.936667442321777,14.199999809265137,12277200
2017-01-20,13.460811614990234,14.180000305175781,14.28833293914795,14.05666732788086,14.178333282470703,14299800
2017-01-23,13.356391906738281,14.069999694824219,14.1899995803833,13.90666675567627,14.104999542236328,12111000
2017-01-24,13.611117362976074,14.338333129882812,14.430000305175781,14.091667175292969,14.114999771118164,10307400
2017-01-25,13.941781997680664,14.686667442321777,14.710000038146973,14.505000114440918,14.546667098999023,14782800
2017-01-26,13.910139083862305,14.653332710266113,14.738332748413086,14.603333473205566,14.676667213439941,10736400
2017-01-27,13.861096382141113,14.601667404174805,14.710000038146973,14.553333282470703,14.68166732788086,8385000
2017-01-30,13.611117362976074,14.338333129882812,14.44333267211914,14.101667404174805,14.4350004196167,13938000
2017-01-31,13.603206634521484,14.329999923706055,14.329999923706055,14.08666706085205,14.206666946411133,10948200
2017-02-01,13.611117362976074,14.338333129882812,14.511667251586914,14.203332901000977,14.449999809265137,11392200
2017-02-02,13.630101203918457,14.358332633972168,14.416666984558105,14.180000305175781,14.255000114440918,8725200
2017-02-03,13.903810501098633,14.646666526794434,14.686667442321777,14.486666679382324,14.550000190734863,15666600
2017-02-06,13.8452730178833,14.585000038146973,14.643333435058594,14.49666690826416,14.561667442321777,7933200
2017-02-07,13.835780143737793,14.574999809265137,14.704999923706055,14.526666641235352,14.661666870117188,10952400
2017-02-08,13.891155242919922,14.633333206176758,14.653332710266113,14.448332786560059,14.508333206176758,7776000
2017-02-09,14.128472328186035,14.883333206176758,14.951666831970215,14.678333282470703,14.688332557678223,10579200
2017-02-10,14.294600486755371,15.058333396911621,15.109999656677246,14.94333267211914,14.96833324432373,7957200
2017-02-13,14.512933731079102,15.28833293914795,15.363332748413086,15.166666984558105,15.170000076293945,8113800
2017-02-14,14.699627876281738,15.484999656677246,15.489999771118164,15.1850004196167,15.263333320617676,9622200
2017-02-15,14.91954517364502,15.716667175292969,15.768333435058594,15.425000190734863,15.43166732788086,10333800
2017-02-16,14.89106559753418,15.686667442321777,15.771666526794434,15.515000343322754,15.731666564941406,10888200
2017-02-17,14.949604034423828,15.748332977294922,15.751667022705078,15.528332710266113,15.528332710266113,7430400
2017-02-21,15.207491874694824,16.020000457763672,16.075000762939453,15.84333324432373,15.846667289733887,10543200
2017-02-22,15.180593490600586,15.991666793823242,16.046667098999023,15.904999732971191,15.944999694824219,10210200
2017-02-23,15.21856689453125,16.031667709350586,16.121667861938477,15.848333358764648,16.121667861938477,9877800
2017-02-24,15.269197463989258,16.084999084472656,16.09166717529297,15.8149995803833,15.819999694824219,7814400
2017-02-27,15.337224960327148,16.156667709350586,16.19499969482422,16.0049991607666,16.06833267211914,8812200
2017-02-28,15.223313331604004,16.036666870117188,16.123332977294922,15.933333396911621,16.066667556762695,7790400
2017-03-01,15.837175369262695,16.683332443237305,16.803333282470703,16.411666870117188,16.415000915527344,11277600
2017-03-02,15.568216323852539,16.399999618530273,16.655000686645508,16.3700008392334,16.65166664123535,9867000
2017-03-03,15.58245849609375,16.415000915527344,16.446666717529297,16.270000457763672,16.363332748413086,8483400
2017-03-06,15.446396827697754,16.27166748046875,16.343332290649414,16.116666793823242,16.204999923706055,8242800
2017-03-07,15.308751106262207,16.126667022705078,16.27166748046875,16.066667556762695,16.18666648864746,7540800
2017-03-08,15.209074020385742,16.02166748046875,16.238332748413086,15.989999771118164,16.18166732788086,8508600
2017-03-09,15.262866020202637,16.078332901000977,16.155000686645508,15.854999542236328,16.043333053588867,8944200
2017-03-10,15.413165092468262,16.23666763305664,16.316667556762695,16.02666664123535,16.308332443237305,10404600
2017-03-13,15.436903953552246,16.261667251586914,16.27666664123535,16.15333366394043,16.233333587646484,5397000
2017-03-14,15.2786865234375,16.094999313354492,16.15333366394043,15.936667442321777,16.139999389648438,10797600
2017-03-15,15.640997886657715,16.476667404174805,16.59166717529297,16.15833282470703,16.21500015258789,9540000
2017-03-16,15.579296112060547,16.411666870117188,16.546667098999023,16.321666717529297,16.52666664123535,9093600
2017-03-17,15.476454734802246,16.303333282470703,16.501667022705078,16.303333282470703,16.46666717529297,6909600
2017-03-20,15.432154655456543,16.25666618347168,16.371667861938477,16.15999984741211,16.303333282470703,6405000
2017-03-21,14.845181465148926,15.638333320617676,16.424999237060547,15.600000381469727,16.39666748046875,18525000
2017-03-22,14.935362815856934,15.733332633972168,15.800000190734863,15.486666679382324,15.630000114440918,10142400
2017-03-23,14.884737014770508,15.680000305175781,15.94333267211914,15.596667289733887,15.675000190734863,9375600
2017-03-24,14.854674339294434,15.648332595825195,15.886667251586914,15.470000267028809,15.75,10599000
2017-03-27,14.800883293151855,15.591667175292969,15.65666675567627,15.191666603088379,15.24666690826416,9946800
2017-03-28,15.109399795532227,15.916666984558105,16.036666870117188,15.5,15.529999732971191,10295400
2017-03-29,15.1790132522583,15.989999771118164,16.030000686645508,15.813332557678223,15.864999771118164,7371600
2017-03-30,15.297670364379883,16.114999771118164,16.176666259765625,15.921667098999023,15.970000267028809,7879800
2017-03-31,15.190089225769043,16.001667022705078,16.170000076293945,16.001667022705078,16.041667938232422,7813800
2017-04-03,15.131550788879395,15.9399995803833,16.075000762939453,15.640000343322754,16.02833366394043,12163800
2017-04-04,15.156864166259766,15.966667175292969,15.976667404174805,15.773332595825195,15.858332633972168,6782400
2017-04-05,15.003398895263672,15.805000305175781,16.34166717529297,15.766667366027832,16.113332748413086,16408800
2017-04-06,15.126805305480957,15.9350004196167,16.058332443237305,15.744999885559082,15.853333473205566,7620000
2017-04-07,15.082503318786621,15.888333320617676,16.053333282470703,15.778332710266113,15.891667366027832,8151000
2017-04-10,15.106234550476074,15.91333293914795,16.10333251953125,15.800000190734863,15.923333168029785,9967200
2017-04-11,15.05244255065918,15.856666564941406,15.883333206176758,15.511667251586914,15.824999809265137,12255600
2017-04-12,14.862588882446289,15.65666675567627,15.833333015441895,15.59333324432373,15.795000076293945,8351400
2017-04-13,14.57938289642334,15.358332633972168,15.738332748413086,15.350000381469727,15.571666717529297,12218400
2017-04-17,14.948019981384277,15.74666690826416,15.74666690826416,15.414999961853027,15.460000038146973,6784200
2017-04-18,14.80562973022461,15.596667289733887,15.720000267028809,15.446666717529297,15.579999923706055,8773800
2017-04-19,14.729686737060547,15.516667366027832,15.819999694824219,15.46500015258789,15.739999771118164,8900400
2017-04-20,15.073009490966797,15.87833309173584,15.991666793823242,15.583333015441895,15.653332710266113,11680200
2017-04-21,14.946439743041992,15.744999885559082,15.881667137145996,15.645000457763672,15.866666793823242,8880000
2017-04-24,15.42108154296875,16.2450008392334,16.303333282470703,16.143333435058594,16.261667251586914,11308800
2017-04-25,15.691625595092773,16.530000686645508,16.61833381652832,16.383333206176758,16.40166664123535,11515200
2017-04-26,15.669477462768555,16.50666618347168,16.73666763305664,16.49333381652832,16.52666664123535,10188600
2017-04-27,15.707448959350586,16.546667098999023,16.613332748413086,16.413333892822266,16.586666107177734,7878000
2017-04-28,15.610932350158691,16.44499969482422,16.608333587646484,16.40166664123535,16.601667404174805,7252800
2017-05-01,15.709029197692871,16.54833221435547,16.65333366394043,16.456666946411133,16.545000076293945,7725000
2017-05-02,15.73592472076416,16.57666778564453,16.613332748413086,16.476667404174805,16.593332290649414,8122200
2017-05-03,15.685295104980469,16.523332595825195,16.558332443237305,16.34833335876465,16.47333335876465,10046400
2017-05-04,15.715359687805176,16.55500030517578,16.59666633605957,16.363332748413086,16.579999923706055,10213200
2017-05-05,15.913125038146973,16.76333236694336,16.76333236694336,16.54833221435547,16.645000457763672,10150800
2017-05-08,15.90363597869873,16.753332138061523,16.799999237060547,16.64666748046875,16.761667251586914,7222800
2017-05-09,15.860912322998047,16.708332061767578,16.85333251953125,16.616666793823242,16.80666732788086,8028000
2017-05-10,15.93369197845459,16.78499984741211,16.78499984741211,16.635000228881836,16.68000030517578,5956200
2017-05-11,15.846673011779785,16.69333267211914,16.718332290649414,16.420000076293945,16.67333221435547,10720800
2017-05-12,15.767568588256836,16.610000610351562,16.641666412353516,16.53499984741211,16.6200008392334,6540000
2017-05-15,16.001726150512695,16.856666564941406,16.893333435058594,16.691667556762695,16.691667556762695,9602400
2017-05-16,15.966917037963867,16.81999969482422,16.94333267211914,16.726667404174805,16.940000534057617,8385000
2017-05-17,15.126805305480957,15.9350004196167,16.511667251586914,15.90666675567627,16.40166664123535,20311200
2017-05-18,15.28343391418457,16.100000381469727,16.301666259765625,15.84333324432373,15.893333435058594,12619200
2017-05-19,15.580877304077148,16.413333892822266,16.57666778564453,16.213333129882812,16.22833251953125,11126400
2017-05-22,15.830853462219238,16.676666259765625,16.708332061767578,16.524999618530273,16.53333282470703,6535200
2017-05-23,15.930530548095703,16.781667709350586,16.81999969482422,16.670000076293945,16.758333206176758,6498600
2017-05-24,16.020709991455078,16.876667022705078,16.916667938232422,16.751667022705078,16.836666107177734,7976400
2017-05-25,16.246957778930664,17.114999771118164,17.20166778564453,16.963333129882812,16.998332977294922,9667200
2017-05-26,16.25486183166504,17.123332977294922,17.15999984741211,17.06833267211914,17.078332901000977,4870800
2017-05-30,16.215316772460938,17.081666946411133,17.133333206176758,17.003332138061523,17.043333053588867,5204400
2017-05-31,16.188417434692383,17.053333282470703,17.155000686645508,16.886667251586914,17.145000457763672,9534600
2017-06-01,16.566543579101562,17.45166778564453,17.458332061767578,17.09833335876465,17.155000686645508,7765200
2017-06-02,16.726337432861328,17.6200008392334,17.67333221435547,17.40166664123535,17.47333335876465,7753200
2017-06-05,16.70418930053711,17.59666633605957,17.65999984741211,17.546667098999023,17.593332290649414,5758800
2017-06-06,16.553892135620117,17.43833351135254,17.586666107177734,17.406667709350586,17.450000762939453,6904200
2017-06-07,16.628250122070312,17.516666412353516,17.56999969482422,17.34166717529297,17.511667251586914,7147200
2017-06-08,16.648820877075195,17.538333892822266,17.65999984741211,17.40999984741211,17.53333282470703,9801600
2017-06-09,16.579204559326172,17.46500015258789,17.80666732788086,17.148332595825195,17.613332748413086,16343400
2017-06-12,16.557058334350586,17.441667556762695,17.461666107177734,17.241666793823242,17.391666412353516,11938800
2017-06-13,16.795949935913086,17.69333267211914,17.713333129882812,17.496667861938477,17.581666946411133,7860600
2017-06-14,16.737415313720703,17.63166618347168,17.768333435058594,17.416667938232422,17.768333435058594,13293000
2017-06-15,16.63141441345215,17.520000457763672,17.55500030517578,17.21666717529297,17.295000076293945,9075000
2017-06-16,16.63141441345215,17.520000457763672,17.565000534057617,17.315000534057617,17.565000534057617,7507800
2017-06-19,17.052263259887695,17.963333129882812,17.983333587646484,17.71500015258789,17.738332748413086,8482200
2017-06-20,16.726337432861328,17.6200008392334,17.88166618347168,17.60333251953125,17.875,8854200
2017-06-21,16.691532135009766,17.583332061767578,17.72166633605957,17.476667404174805,17.683332443237305,9190800
2017-06-22,16.672557830810547,17.56333351135254,17.709999084472656,17.52166748046875,17.588333129882812,6914400
2017-06-23,16.743741989135742,17.63833236694336,17.704999923706055,17.481666564941406,17.59000015258789,5706000
2017-06-26,16.757986068725586,17.65333366394043,17.891666412353516,17.60333251953125,17.788333892822266,7596600
2017-06-27,16.368778228759766,17.24333381652832,17.670000076293945,17.22833251953125,17.59166717529297,11029800
2017-06-28,16.780132293701172,17.676666259765625,17.731666564941406,17.416667938232422,17.476667404174805,7755000
2017-06-29,16.356121063232422,17.229999542236328,17.729999542236328,16.915000915527344,17.719999313354492,19205400
2017-06-30,16.43364715576172,17.31166648864746,17.503332138061523,17.26333236694336,17.415000915527344,10257600
2017-07-03,16.51433563232422,17.39666748046875,17.64666748046875,17.39666748046875,17.545000076293945,7524000
2017-07-05,16.621923446655273,17.510000228881836,17.56166648864746,17.281667709350586,17.481666564941406,7205400
2017-07-06,16.178922653198242,17.043333053588867,17.350000381469727,16.985000610351562,17.321666717529297,10683000
2017-07-07,16.476369857788086,17.356666564941406,17.393333435058594,17.128332138061523,17.171667098999023,7477200
2017-07-10,16.522249221801758,17.405000686645508,17.503332138061523,17.28499984741211,17.32666778564453,4737000
2017-07-11,16.48427391052246,17.364999771118164,17.448333740234375,17.079999923706055,17.364999771118164,7011000
2017-07-12,16.856075286865234,17.75666618347168,17.795000076293945,17.60333251953125,17.604999542236328,7850400
2017-07-13,16.935184478759766,17.84000015258789,17.8700008392334,17.70166778564453,17.761667251586914,6774600
2017-07-14,17.15985107421875,18.07666778564453,18.174999237060547,17.816667556762695,17.850000381469727,7104000
2017-07-17,17.16143035888672,18.078332901000977,18.166667938232422,18.038333892822266,18.06999969482422,6305400
2017-07-18,17.188325881958008,18.106666564941406,18.121667861938477,17.889999389648438,17.97833251953125,7012200
2017-07-19,17.46678352355957,18.399999618530273,18.399999618530273,18.18166732788086,18.191667556762695,6262200
2017-07-20,17.47944450378418,18.413333892822266,18.489999771118164,18.286666870117188,18.461666107177734,9073200
2017-07-21,17.44463348388672,18.376667022705078,18.376667022705078,18.21500015258789,18.27666664123535,7255800
2017-07-24,17.42723274230957,18.358333587646484,18.386667251586914,18.238332748413086,18.350000381469727,6265200
2017-07-25,17.531644821166992,18.468332290649414,18.56999969482422,18.428333282470703,18.55500030517578,7301400
2017-07-26,17.545886993408203,18.483333587646484,18.566667556762695,18.411666870117188,18.558332443237305,5146800
2017-07-27,17.5047550201416,18.440000534057617,18.608333587646484,18.09833335876465,18.608333587646484,10401000
2017-07-28,17.422483444213867,18.35333251953125,18.391666412353516,18.190000534057617,18.301666259765625,6430200
2017-07-31,17.39874839782715,18.328332901000977,18.481666564941406,18.274999618530273,18.463333129882812,5336400
2017-08-01,17.501590728759766,18.43666648864746,18.48666763305664,18.336666107177734,18.481666564941406,4848000
2017-08-02,17.52214813232422,18.458332061767578,18.50666618347168,18.233333587646484,18.481666564941406,7217400
2017-08-03,17.43988609313965,18.371667861938477,18.446666717529297,18.293333053588867,18.446666717529297,5593200
2017-08-04,17.51424789428711,18.450000762939453,18.541667938232422,18.363332748413086,18.481666564941406,5124000
2017-08-07,17.607587814331055,18.54833221435547,18.55666732788086,18.44499969482422,18.468332290649414,3559800
2017-08-08,17.498422622680664,18.433332443237305,18.788333892822266,18.325000762939453,18.481666564941406,7808400
2017-08-09,17.471532821655273,18.405000686645508,18.421667098999023,18.145000457763672,18.241666793823242,7543200
2017-08-10,16.745328903198242,17.639999389648438,18.22166633605957,17.6200008392334,18.19333267211914,11977200
2017-08-11,16.80861473083496,17.706666946411133,17.851667404174805,17.625,17.678333282470703,8313600
2017-08-14,17.302236557006836,18.226667404174805,18.280000686645508,18.014999389648438,18.02166748046875,7107600
2017-08-15,17.299070358276367,18.22333335876465,18.32666778564453,18.145000457763672,18.32666778564453,5676000
2017-08-16,17.376602172851562,18.30500030517578,18.450000762939453,18.204999923706055,18.333332061767578,7513800
2017-08-17,16.5728759765625,17.458332061767578,18.226667404174805,17.454999923706055,18.148332595825195,13317600
2017-08-18,16.47953224182129,17.360000610351562,17.678333282470703,17.25666618347168,17.40999984741211,11378400
2017-08-21,16.530160903930664,17.413333892822266,17.46500015258789,17.174999237060547,17.354999542236328,5262000
2017-08-22,17.017454147338867,17.926666259765625,17.985000610351562,17.541667938232422,17.541667938232422,7986600
2017-08-23,16.848169326782227,17.748332977294922,17.854999542236328,17.663333892822266,17.704999923706055,5419200
2017-08-24,16.73267364501953,17.626667022705078,17.883333206176758,17.571666717529297,17.850000381469727,8395200
2017-08-25,16.843421936035156,17.74333381652832,17.97333335876465,17.709999084472656,17.81333351135254,5857200
2017-08-28,16.846586227416992,17.746667861938477,17.8799991607666,17.645000457763672,17.86166763305664,4020600
2017-08-29,16.89405059814453,17.796667098999023,17.864999771118164,17.38833236694336,17.416667938232422,6915600
2017-08-30,17.145614624023438,18.06166648864746,18.1200008392334,17.746667861938477,17.799999237060547,7984800
2017-08-31,17.43514060974121,18.366666793823242,18.434999465942383,18.18666648864746,18.213333129882812,6667200
2017-09-01,17.53006935119629,18.46666717529297,18.559999465942383,18.415000915527344,18.47833251953125,5657400
2017-09-05,17.13294792175293,18.04833221435547,18.373332977294922,17.79833221435547,18.31833267211914,14215200
2017-09-06,17.30698585510254,18.231666564941406,18.31333351135254,18.083332061767578,18.226667404174805,6815400
2017-09-07,17.294326782226562,18.218332290649414,18.31333351135254,18.110000610351562,18.31333351135254,5836200
2017-09-08,17.221555709838867,18.141666412353516,18.266666412353516,18.088333129882812,18.143333435058594,6164400
2017-09-11,17.76422119140625,18.713333129882812,18.746667861938477,18.468332290649414,18.468332290649414,8384400
2017-09-12,17.95882797241211,18.918333053588867,18.92333221435547,18.774999618530273,18.816667556762695,6678000
2017-09-13,17.992053985595703,18.953332901000977,18.953332901000977,18.816667556762695,18.833332061767578,6226200
2017-09-14,17.96673583984375,18.926666259765625,18.969999313354492,18.81166648864746,18.858333587646484,6827400
2017-09-15,18.045839309692383,19.010000228881836,19.01333236694336,18.85333251953125,18.878332138061523,6473400
2017-09-18,18.142356872558594,19.11166763305664,19.200000762939453,19.011667251586914,19.083332061767578,7482000
2017-09-19,18.185068130493164,19.156667709350586,19.18833351135254,19.079999923706055,19.170000076293945,5507400
2017-09-20,18.213544845581055,19.18666648864746,19.211666107177734,18.926666259765625,19.183332443237305,7971000
2017-09-21,18.058504104614258,19.023332595825195,19.15999984741211,18.979999542236328,19.133333206176758,4191600
2017-09-22,18.0679931640625,19.03333282470703,19.07666778564453,18.93833351135254,18.940000534057617,3974400
2017-09-25,17.955663681030273,18.915000915527344,19.058332443237305,18.71666717529297,18.963333129882812,9400800
2017-09-26,17.9872989654541,18.948333740234375,19.079999923706055,18.883333206176758,19.016666412353516,5087400
2017-09-27,18.181913375854492,19.15333366394043,19.258333206176758,18.89666748046875,19.13166618347168,7734000
2017-09-28,18.251527786254883,19.226667404174805,19.24333381652832,19.06166648864746,19.088333129882812,4609200
2017-09-29,18.427133560180664,19.411666870117188,19.446666717529297,19.17333221435547,19.209999084472656,6039600
2017-10-02,18.661293029785156,19.65833282470703,19.668333053588867,19.463333129882812,19.485000610351562,5391600
2017-10-03,18.7957706451416,19.799999237060547,19.80500030517578,19.655000686645508,19.708332061767578,4357800
2017-10-04,18.855894088745117,19.863332748413086,19.933332443237305,19.72833251953125,19.76333236694336,4900200
2017-10-05,19.18023681640625,20.204999923706055,20.219999313354492,19.92333221435547,19.94333267211914,5519400
2017-10-06,19.13119125366211,20.15333366394043,20.15999984741211,20.024999618530273,20.093332290649414,6040200
2017-10-09,19.03626251220703,20.053333282470703,20.219999313354492,19.975000381469727,20.20166778564453,4729800
2017-10-10,19.164419174194336,20.18833351135254,20.29833221435547,20.051666259765625,20.191667556762695,4340400
2017-10-11,19.254602432250977,20.28333282470703,20.293333053588867,20.128332138061523,20.170000076293945,6730200
2017-10-12,19.17232894897461,20.196666717529297,20.295000076293945,20.1299991607666,20.208332061767578,6676200
2017-10-13,19.222951889038086,20.25,20.344999313354492,20.225000381469727,20.308332443237305,4099800
2017-10-16,19.306806564331055,20.338333129882812,20.39666748046875,20.233333587646484,20.323333740234375,6711000
2017-10-17,19.34794807434082,20.38166618347168,20.39666748046875,20.270000457763672,20.321666717529297,3841200
2017-10-18,19.4033145904541,20.440000534057617,20.5,20.393333435058594,20.489999771118164,4038600
2017-10-19,19.420719146728516,20.458332061767578,20.461666107177734,20.11166763305664,20.21666717529297,5784000
2017-10-20,19.69917869567871,20.751667022705078,20.774999618530273,20.604999542236328,20.683332443237305,7128600
2017-10-23,19.484004974365234,20.524999618530273,20.851667404174805,20.5049991607666,20.850000381469727,7100400
2017-10-24,19.575775146484375,20.621667861938477,20.690000534057617,20.53333282470703,20.639999389648438,5640000
2017-10-25,19.303646087646484,20.334999084472656,20.565000534057617,20.010000228881836,20.536666870117188,10747800
2017-10-26,19.34319496154785,20.376667022705078,20.55666732788086,20.36166763305664,20.483333587646484,6346200
2017-10-27,19.835237503051758,20.895000457763672,20.934999465942383,20.520000457763672,20.606666564941406,8765400
2017-10-30,19.615327835083008,20.663333892822266,20.86166763305664,20.575000762939453,20.606666564941406,8778600
2017-10-31,19.6865177154541,20.738332748413086,20.81833267211914,20.666667938232422,20.761667251586914,5758800
2017-11-01,19.787778854370117,20.844999313354492,21.05666732788086,20.731666564941406,20.959999084472656,7119000
2017-11-02,19.800432205200195,20.858333587646484,20.886667251586914,20.514999389648438,20.81333351135254,6831600
2017-11-03,19.97921371459961,21.046667098999023,21.065000534057617,20.77666664123535,20.89666748046875,6522000
2017-11-06,20.059906005859375,21.13166618347168,21.183332443237305,20.9950008392334,21.011667251586914,6049200
2017-11-07,20.042503356933594,21.113332748413086,21.273332595825195,20.961666107177734,21.183332443237305,9255000
2017-11-08,20.140594482421875,21.21666717529297,21.233333587646484,20.981666564941406,21.059999465942383,6052200
2017-11-09,19.90960121154785,20.97333335876465,21.024999618530273,20.53333282470703,20.850000381469727,15087600
2017-11-10,19.882705688476562,20.94499969482422,20.975000381469727,20.774999618530273,20.856666564941406,7440000
2017-11-13,19.934919357299805,21.0,21.06333351135254,20.741666793823242,20.758333206176758,5906400
2017-11-14,19.809926986694336,20.86833381652832,20.883333206176758,20.56166648864746,20.78333282470703,10261800
2017-11-15,19.50299835205078,20.545000076293945,20.72833251953125,20.344999313354492,20.604999542236328,10722600
2017-11-16,19.969722747802734,21.036666870117188,21.15333366394043,20.77833366394043,20.77833366394043,8611800
2017-11-17,19.821001052856445,20.8799991607666,21.008333206176758,20.844999313354492,20.950000762939453,7261800
2017-11-20,19.90485382080078,20.968332290649414,21.020000457763672,20.86166763305664,20.93666648864746,6798600
2017-11-21,20.290891647338867,21.375,21.420000076293945,21.161666870117188,21.18166732788086,9073800
2017-11-22,20.230775833129883,21.31166648864746,21.406667709350586,21.268333435058594,21.383333206176758,5221200
2017-11-24,20.360511779785156,21.448333740234375,21.48666763305664,21.411666870117188,21.441667556762695,2900400
2017-11-27,20.34785270690918,21.434999465942383,21.551666259765625,21.366666793823242,21.459999084472656,6436200
2017-11-28,20.950647354125977,22.06999969482422,22.079999923706055,21.524999618530273,21.558332443237305,7792800
2017-11-29,20.912677764892578,22.030000686645508,22.26333236694336,21.90166664123535,22.116666793823242,10197600
2017-11-30,21.433198928833008,22.578332901000977,22.858333587646484,22.261667251586914,22.28333282470703,12887400
2017-12-01,21.316118240356445,22.454999923706055,22.676666259765625,21.52166748046875,22.54833221435547,16233600
2017-12-04,21.233850479125977,22.36833381652832,23.051666259765625,22.363332748413086,22.93666648864746,12202200
2017-12-05,21.010766983032227,22.133333206176758,22.625,22.09000015258789,22.44333267211914,9052800
2017-12-06,21.010766983032227,22.133333206176758,22.268333435058594,22.00666618347168,22.045000076293945,6711000
2017-12-07,21.208534240722656,22.34166717529297,22.433332443237305,22.065000534057617,22.10333251953125,6438000
2017-12-08,21.548694610595703,22.700000762939453,22.709999084472656,22.508333206176758,22.583332061767578,5656200
2017-12-11,21.755952835083008,22.918333053588867,22.924999237060547,22.698333740234375,22.726667404174805,5955000
2017-12-12,21.861961364746094,23.030000686645508,23.171667098999023,22.918333053588867,22.98666763305664,8648400
2017-12-13,21.849294662475586,23.016666412353516,23.226667404174805,22.996667861938477,23.106666564941406,10050000
2017-12-14,21.581920623779297,22.735000610351562,23.1299991607666,22.709999084472656,23.108333587646484,7953600
2017-12-15,22.107187271118164,23.288333892822266,23.416667938232422,23.0049991607666,23.02666664123535,10889400
2017-12-18,22.529611587524414,23.733333587646484,23.833332061767578,23.674999237060547,23.708332061767578,7071000
2017-12-19,22.271730422973633,23.461666107177734,23.81333351135254,23.43833351135254,23.80666732788086,8124000
2017-12-20,22.232179641723633,23.420000076293945,23.761667251586914,23.328332901000977,23.7450008392334,6406200
2017-12-21,22.34766960144043,23.541667938232422,23.75666618347168,23.48666763305664,23.578332901000977,6422400
2017-12-22,22.32710838317871,23.520000457763672,23.559999465942383,23.36833381652832,23.551666259765625,4864200
2017-12-26,22.24008560180664,23.428333282470703,23.48666763305664,23.36166763305664,23.38833236694336,3499200
2017-12-27,22.28754997253418,23.47833251953125,23.573333740234375,23.391666412353516,23.468332290649414,5484000
2017-12-28,22.390392303466797,23.586666107177734,23.610000610351562,23.48666763305664,23.59000015258789,6070200
2017-12-29,22.173643112182617,23.358333587646484,23.766666412353516,23.27166748046875,23.766666412353516,6639000
2018-01-02,22.627714157104492,23.836666107177734,23.836666107177734,23.46666717529297,23.57666778564453,8092800
2018-01-03,23.0406494140625,24.27166748046875,24.316667556762695,23.876667022705078,23.88833236694336,6100800
2018-01-04,23.331764221191406,24.578332901000977,24.72333335876465,24.441667556762695,24.475000381469727,7736400
2018-01-05,23.787412643432617,25.058332443237305,25.09833335876465,24.65833282470703,24.81999969482422,8523000
2018-01-08,23.906076431274414,25.183332443237305,25.239999771118164,24.934999465942383,25.02833366394043,6600000
2018-01-09,24.07536506652832,25.36166763305664,25.55500030517578,25.24333381652832,25.31833267211914,7785600
2018-01-10,23.96303367614746,25.24333381652832,25.325000762939453,24.915000915527344,25.11833381652832,10788000
2018-01-11,24.458242416381836,25.764999389648438,25.774999618530273,25.35333251953125,25.420000076293945,9466800
2018-01-12,24.940792083740234,26.273332595825195,26.333332061767578,25.833332061767578,25.871667861938477,11172000
2018-01-16,24.68132781982422,26.0,26.895000457763672,25.796667098999023,26.698333740234375,17074200
2018-01-17,25.390117645263672,26.746667861938477,26.873332977294922,26.075000762939453,26.303333282470703,12880200
2018-01-18,25.274621963500977,26.625,26.838333129882812,26.45166778564453,26.708332061767578,8629800
2018-01-19,25.5847225189209,26.95166778564453,26.961666107177734,26.606666564941406,26.786666870117188,13549800
2018-01-22,26.212831497192383,27.613332748413086,27.61833381652832,26.878332138061523,26.88166618347168,9346200
2018-01-23,26.396360397338867,27.80666732788086,27.889999389648438,27.52833366394043,27.639999389648438,12256800
2018-01-24,26.347307205200195,27.7549991607666,28.208332061767578,27.364999771118164,28.008333206176758,15816000
2018-01-25,26.382116317749023,27.791667938232422,28.073333740234375,27.530000686645508,28.045000076293945,11023200
2018-01-26,27.282352447509766,28.739999771118164,28.741666793823242,27.97166633605957,28.073333740234375,13759800
2018-01-29,26.723861694335938,28.15166664123535,28.691667556762695,28.116666793823242,28.551666259765625,12488400
2018-01-30,25.893238067626953,27.27666664123535,27.746667861938477,27.13166618347168,27.518333435058594,16065000
2018-01-31,26.212831497192383,27.613332748413086,27.739999771118164,26.979999542236328,27.573333740234375,13095000
2018-02-01,25.845773696899414,27.226667404174805,27.65999984741211,26.97833251953125,27.059999465942383,11637000
2018-02-02,24.175037384033203,25.46666717529297,26.829999923706055,25.441667556762695,26.761667251586914,21081000
2018-02-05,21.202207565307617,22.334999084472656,25.546667098999023,22.065000534057617,24.850000381469727,38890200
2018-02-06,22.426780700683594,23.625,23.706666946411133,20.918333053588867,21.178333282470703,27682800
2018-02-07,22.00277328491211,23.178333282470703,24.413333892822266,23.168333053588867,23.385000228881836,20813400
2018-02-08,19.55204200744629,20.59666633605957,23.309999465942383,20.56999969482422,23.266666412353516,28018200
2018-02-09,20.458600997924805,21.551666259765625,21.97833251953125,19.43666648864746,21.34000015258789,40033200
2018-02-12,21.260746002197266,22.39666748046875,22.836666107177734,21.575000762939453,22.065000534057617,23716800
2018-02-13,21.447433471679688,22.593332290649414,22.748332977294922,21.916667938232422,22.06333351135254,13057800
2018-02-14,22.328683853149414,23.52166748046875,23.608333587646484,22.174999237060547,22.20166778564453,19729200
2018-02-15,23.14507293701172,24.38166618347168,24.386667251586914,23.27833366394043,24.0,16084200
2018-02-16,23.162466049194336,24.399999618530273,25.00666618347168,24.184999465942383,24.20166778564453,15333600
2018-02-20,22.754281997680664,23.969999313354492,24.56333351135254,23.709999084472656,24.116666793823242,13645800
2018-02-21,22.390392303466797,23.586666107177734,24.821666717529297,23.571666717529297,24.081666946411133,14297400
2018-02-22,22.48215103149414,23.683332443237305,24.363332748413086,23.475000381469727,23.864999771118164,13803600
2018-02-23,23.553258895874023,24.81166648864746,24.81166648864746,23.899999618530273,24.040000915527344,11486400
2018-02-26,24.371219635009766,25.67333221435547,25.68833351135254,24.958332061767578,25.135000228881836,11439600
2018-02-27,23.429855346679688,24.68166732788086,25.94333267211914,24.68166732788086,25.729999542236328,19125000
2018-02-28,22.665685653686523,23.876667022705078,25.168333053588867,23.851667404174805,25.030000686645508,15546600
2018-03-01,21.74329948425293,22.905000686645508,24.338333129882812,22.434999465942383,23.89666748046875,21187200
2018-03-02,22.07870864868164,23.258333206176758,23.399999618530273,22.143333435058594,22.356666564941406,18103800
2018-03-05,22.823896408081055,24.043333053588867,24.21666717529297,22.860000610351562,22.885000228881836,15391800
2018-03-06,23.004262924194336,24.233333587646484,24.351667404174805,23.773332595825195,24.328332901000977,12534000
2018-03-07,22.978940963745117,24.206666946411133,24.296667098999023,23.51333236694336,23.558332443237305,13000800
2018-03-08,23.285879135131836,24.530000686645508,24.566667556762695,24.09000015258789,24.40999984741211,12607200
2018-03-09,24.49779510498047,25.80666732788086,25.80666732788086,24.86833381652832,24.96666717529297,12633000
2018-03-12,24.410778045654297,25.71500015258789,26.100000381469727,25.594999313354492,25.918333053588867,12240600
2018-03-13,23.94087791442871,25.219999313354492,26.231666564941406,25.02833366394043,26.084999084472656,15913200
2018-03-14,23.55801010131836,24.816667556762695,25.566667556762695,24.648332595825195,25.508333206176758,12181800
2018-03-15,23.474151611328125,24.72833251953125,25.163333892822266,24.57666778564453,24.97333335876465,10426200
2018-03-16,23.55484390258789,24.81333351135254,25.1299991607666,24.795000076293945,24.84166717529297,7447800
2018-03-19,22.5944881439209,23.801666259765625,24.583332061767578,23.293333053588867,24.583332061767578,15190800
2018-03-20,22.695743560791016,23.90833282470703,24.09833335876465,23.708332061767578,23.899999618530273,5824800
2018-03-21,22.578908920288086,23.770000457763672,24.501667022705078,23.683332443237305,23.8700008392334,11050800
2018-03-22,21.079662322998047,22.191667556762695,23.315000534057617,21.893333435058594,23.053333282470703,17327400
2018-03-23,19.518674850463867,20.54833221435547,22.176666259765625,20.508333206176758,22.094999313354492,19251600
2018-03-26,21.135072708129883,22.25,22.315000534057617,20.88833236694336,21.538333892822266,16855200
2018-03-27,20.02528190612793,21.081666946411133,22.649999618530273,20.65166664123535,22.488332748413086,23059800
2018-03-28,19.857471466064453,20.905000686645508,21.571666717529297,20.600000381469727,21.11833381652832,19908600
2018-03-29,20.696542739868164,21.788333892822266,22.20166778564453,21.0049991607666,21.21500015258789,18084000
2018-04-02,19.27645492553711,20.293333053588867,21.68666648864746,19.584999084472656,21.55500030517578,21414600
2018-04-03,20.006284713745117,21.06166648864746,21.18000030517578,20.1200008392334,20.633333206176758,12876600
2018-04-04,20.7012882232666,21.793333053588867,21.926666259765625,20.043333053588867,20.083332061767578,21745800
2018-04-05,21.122407913208008,22.23666763305664,22.475000381469727,21.899999618530273,22.190000534057617,16324800
2018-04-06,19.732397079467773,20.773332595825195,22.09666633605957,20.323333740234375,21.641666412353516,26708400
2018-04-09,19.968292236328125,21.02166748046875,21.97166633605957,20.933332443237305,21.17333221435547,14273400
2018-04-10,20.921348571777344,22.024999618530273,22.264999389648438,21.524999618530273,21.84000015258789,17785200
2018-04-11,20.611051559448242,21.698333740234375,22.166667938232422,21.616666793823242,21.6200008392334,11068800
2018-04-12,21.100238800048828,22.213333129882812,22.485000610351562,22.014999389648438,22.075000762939453,12244200
2018-04-13,20.916597366333008,22.020000457763672,22.621667861938477,21.741666793823242,22.61166763305664,15109800
2018-04-16,21.420040130615234,22.549999237060547,22.774999618530273,22.238332748413086,22.483333587646484,11314200
2018-04-17,22.11504554748535,23.281667709350586,23.450000762939453,22.916667938232422,23.075000762939453,10479000
2018-04-18,22.16095733642578,23.329999923706055,23.56999969482422,23.208332061767578,23.426666259765625,9070800
2018-04-19,21.77307891845703,22.921667098999023,23.183332443237305,22.633333206176758,23.11166763305664,12520200
2018-04-20,21.22531509399414,22.344999313354492,22.96500015258789,22.088333129882812,22.913333892822266,10186200
2018-04-23,21.2158145904541,22.334999084472656,22.65833282470703,22.024999618530273,22.518333435058594,9519000
2018-04-24,20.365657806396484,21.440000534057617,22.674999237060547,21.001667022705078,22.6299991607666,19570800
2018-04-25,20.503395080566406,21.584999084472656,21.703332901000977,20.90166664123535,21.399999618530273,15555000
2018-04-26,21.12874412536621,22.24333381652832,22.456666946411133,21.735000610351562,21.85333251953125,9736200
2018-04-27,21.163570404052734,22.280000686645508,22.48666763305664,22.024999618530273,22.40999984741211,9495000
2018-04-30,20.668039321899414,21.758333206176758,22.61166763305664,21.741666793823242,22.454999923706055,11178600
2018-05-01,20.782024383544922,21.878332138061523,21.915000915527344,21.18166732788086,21.623332977294922,11187600
2018-05-02,20.343494415283203,21.416667938232422,22.053333282470703,21.32666778564453,21.82666778564453,9820800
2018-05-03,20.205759048461914,21.27166748046875,21.46500015258789,20.416667938232422,21.174999237060547,16408200
2018-05-04,20.99417495727539,22.101667404174805,22.296667098999023,20.924999237060547,21.018333435058594,13340400
2018-05-07,21.199983596801758,22.31833267211914,22.600000381469727,22.128332138061523,22.32666778564453,12169200
2018-05-08,21.206314086914062,22.325000762939453,22.420000076293945,21.876667022705078,22.204999923706055,9267600
2018-05-09,21.826906204223633,22.97833251953125,23.053333282470703,22.366666793823242,22.501667022705078,11130600
2018-05-10,22.42534065246582,23.608333587646484,23.69499969482422,23.145000457763672,23.15999984741211,12753000
2018-05-11,22.5519962310791,23.741666793823242,23.895000457763672,23.48666763305664,23.645000457763672,11594400
2018-05-14,22.648569107055664,23.843332290649414,24.1299991607666,23.68666648864746,23.933332443237305,10463400
2018-05-15,22.164125442504883,23.333332061767578,23.48666763305664,23.07666778564453,23.479999542236328,12030000
2018-05-16,22.4459228515625,23.6299991607666,23.766666412353516,23.34000015258789,23.34000015258789,6903000
2018-05-17,22.3920955657959,23.573333740234375,23.885000228881836,23.34166717529297,23.538333892822266,10337400
2018-05-18,22.21794891357422,23.389999389648438,23.566667556762695,23.28499984741211,23.47166633605957,9154800
2018-05-21,22.715057373046875,23.913333892822266,24.075000762939453,23.709999084472656,23.816667556762695,10251000
2018-05-22,22.521909713745117,23.709999084472656,24.145000457763672,23.614999771118164,24.088333129882812,8374800
2018-05-23,22.696056365966797,23.893333435058594,23.90833282470703,23.280000686645508,23.316667556762695,7630200
2018-05-24,22.569400787353516,23.760000228881836,23.850000381469727,23.21500015258789,23.795000076293945,5409200
2018-05-25,22.379430770874023,23.559999465942383,23.75,23.415000915527344,23.584999084472656,4611800
2018-05-29,21.643264770507812,22.78499984741211,23.299999237060547,22.420000076293945,23.084999084472656,9920800
2018-05-30,22.46967124938965,23.655000686645508,23.780000686645508,23.100000381469727,23.145000457763672,8504800
2018-05-31,22.00422477722168,23.165000915527344,23.604999542236328,23.030000686645508,23.5049991607666,8012800
2018-06-01,22.697647094726562,23.895000457763672,23.975000381469727,23.565000534057617,23.575000762939453,6262000
2018-06-04,23.020605087280273,24.235000610351562,24.299999237060547,24.059999465942383,24.1299991607666,5510400
2018-06-05,23.08709144592285,24.30500030517578,24.3799991607666,24.020000457763672,24.260000228881836,4907000
2018-06-06,23.666532516479492,24.915000915527344,24.915000915527344,24.264999389648438,24.459999084472656,5965400
2018-06-07,23.63328742980957,24.8799991607666,25.110000610351562,24.575000762939453,25.0,6746400
2018-06-08,23.818517684936523,25.075000762939453,25.094999313354492,24.665000915527344,24.704999923706055,9158000
2018-06-11,23.918254852294922,25.18000030517578,25.395000457763672,25.100000381469727,25.145000457763672,5244400
2018-06-12,24.02273941040039,25.290000915527344,25.375,25.065000534057617,25.30500030517578,4909400
2018-06-13,23.747270584106445,25.0,25.420000076293945,24.959999084472656,25.34000015258789,6455200
2018-06-14,23.946746826171875,25.209999084472656,25.364999771118164,25.020000457763672,25.204999923706055,4717400
2018-06-15,23.847003936767578,25.104999542236328,25.19499969482422,24.614999771118164,24.96500015258789,6235000
2018-06-18,23.676025390625,24.924999237060547,24.969999313354492,24.489999771118164,24.625,6306000
2018-06-19,23.414813995361328,24.649999618530273,24.71500015258789,24.110000610351562,24.229999542236328,7459000
2018-06-20,23.508943557739258,24.725000381469727,24.94499969482422,24.645000457763672,24.834999084472656,4949400
2018-06-21,23.081073760986328,24.274999618530273,24.735000610351562,24.1200008392334,24.71500015258789,5391000
2018-06-22,23.19042205810547,24.389999389648438,24.670000076293945,24.334999084472656,24.639999389648438,3672600
2018-06-25,22.268129348754883,23.420000076293945,24.09000015258789,22.895000457763672,24.040000915527344,13127000
2018-06-26,22.386978149414062,23.545000076293945,23.78499984741211,23.329999923706055,23.565000534057617,5158400
2018-06-27,21.825992584228516,22.954999923706055,24.1299991607666,22.920000076293945,23.704999923706055,8522400
2018-06-28,22.215829849243164,23.364999771118164,23.559999465942383,22.719999313354492,22.899999618530273,6093200
2018-06-29,22.287141799926758,23.440000534057617,24.049999237060547,23.415000915527344,23.655000686645508,6594000
2018-07-02,22.41074562072754,23.56999969482422,23.625,22.899999618530273,22.950000762939453,5303200
2018-07-03,22.154027938842773,23.299999237060547,23.864999771118164,23.200000762939453,23.844999313354492,3271600
2018-07-05,22.710256576538086,23.885000228881836,23.899999618530273,23.329999923706055,23.649999618530273,4910000
2018-07-06,23.256973266601562,24.459999084472656,24.594999313354492,23.774999618530273,23.889999389648438,6840200
2018-07-09,23.898778915405273,25.135000228881836,25.149999618530273,24.774999618530273,24.799999237060547,4799600
2018-07-10,24.150737762451172,25.399999618530273,25.440000534057617,25.184999465942383,25.25,5775800
2018-07-11,23.64205551147461,24.864999771118164,25.170000076293945,24.75,24.940000534057617,9497400
2018-07-12,24.24582290649414,25.5,25.524999618530273,25.040000915527344,25.235000610351562,6367400
2018-07-13,24.293359756469727,25.549999237060547,25.665000915527344,25.315000534057617,25.44499969482422,6293400
2018-07-16,24.24106788635254,25.4950008392334,25.625,25.364999771118164,25.584999084472656,4605200
2018-07-17,24.545333862304688,25.815000534057617,25.924999237060547,25.239999771118164,25.2549991607666,5174000
2018-07-18,24.683195114135742,25.959999084472656,25.9950008392334,25.69499969482422,25.815000534057617,3444800
2018-07-19,24.397958755493164,25.65999984741211,25.854999542236328,25.5049991607666,25.7549991607666,6402200
2018-07-20,24.3123836517334,25.56999969482422,25.780000686645508,25.514999389648438,25.584999084472656,5346000
2018-07-23,24.454998016357422,25.719999313354492,25.760000228881836,25.389999389648438,25.5,4124400
2018-07-24,24.787792205810547,26.06999969482422,26.344999313354492,25.81999969482422,26.1200008392334,7121000
2018-07-25,25.462871551513672,26.780000686645508,26.844999313354492,25.989999771118164,26.020000457763672,5578200
2018-07-26,25.220409393310547,26.524999618530273,26.770000457763672,26.479999542236328,26.514999389648438,4256400
2018-07-27,24.730743408203125,26.010000228881836,26.670000076293945,25.709999084472656,26.665000915527344,6711000
2018-07-30,24.317134857177734,25.575000762939453,26.075000762939453,25.420000076293945,26.020000457763672,7052000
2018-07-31,24.678443908691406,25.954999923706055,26.155000686645508,25.704999923706055,25.84000015258789,5996800
2018-08-01,24.578615188598633,25.850000381469727,26.18000030517578,25.635000228881836,26.010000228881836,3985800
2018-08-02,24.939922332763672,26.229999542236328,26.295000076293945,25.354999542236328,25.424999237060547,5476600
2018-08-03,25.277456283569336,26.584999084472656,26.59000015258789,26.225000381469727,26.280000686645508,5510200
2018-08-06,25.553197860717773,26.875,26.959999084472656,26.46500015258789,26.575000762939453,4444200
2018-08-07,25.781394958496094,27.114999771118164,27.2450008392334,27.03499984741211,27.065000534057617,4638400
2018-08-08,25.724340438842773,27.05500030517578,27.204999923706055,26.940000534057617,27.06999969482422,3700800
2018-08-09,25.624507904052734,26.950000762939453,27.219999313354492,26.915000915527344,27.100000381469727,3244000
2018-08-10,25.106313705444336,26.405000686645508,26.665000915527344,26.190000534057617,26.469999313354492,6920200
2018-08-13,24.840085983276367,26.125,26.684999465942383,26.014999389648438,26.489999771118164,7207600
2018-08-14,25.305984497070312,26.614999771118164,26.68000030517578,26.21500015258789,26.344999313354492,5021600
2018-08-15,24.749757766723633,26.030000686645508,26.21500015258789,25.545000076293945,26.174999237060547,9497200
2018-08-16,25.31073760986328,26.6200008392334,26.899999618530273,26.440000534057617,26.44499969482422,6035600
2018-08-17,25.55794906616211,26.8799991607666,27.040000915527344,26.424999237060547,26.530000686645508,7062600
2018-08-20,25.752864837646484,27.084999084472656,27.155000686645508,26.895000457763672,27.040000915527344,3947400
2018-08-21,25.895488739013672,27.235000610351562,27.53499984741211,27.184999465942383,27.225000381469727,5954200
2018-08-22,25.8812313079834,27.219999313354492,27.3700008392334,27.03499984741211,27.125,3682200
2018-08-23,25.733854293823242,27.065000534057617,27.40999984741211,26.975000381469727,27.1200008392334,5216200
2018-08-24,26.19975471496582,27.55500030517578,27.610000610351562,27.2450008392334,27.260000228881836,5008400
2018-08-27,26.808277130126953,28.19499969482422,28.25,27.905000686645508,27.954999923706055,5673800
2018-08-28,26.84630584716797,28.235000610351562,28.399999618530273,28.104999542236328,28.375,5093400
2018-08-29,27.28368377685547,28.69499969482422,28.780000686645508,28.2450008392334,28.315000534057617,6576000
2018-08-30,26.931880950927734,28.325000762939453,28.655000686645508,28.145000457763672,28.514999389648438,7118000
2018-08-31,26.922372817993164,28.315000534057617,28.489999771118164,28.040000915527344,28.190000534057617,6007000
2018-09-04,26.80352210998535,28.190000534057617,28.299999237060547,27.850000381469727,28.18000030517578,5017800
2018-09-05,26.584836959838867,27.959999084472656,28.125,27.6200008392334,28.059999465942383,5459600
2018-09-06,26.32811164855957,27.690000534057617,28.075000762939453,27.350000381469727,27.969999313354492,6573200
2018-09-07,26.156967163085938,27.510000228881836,27.84000015258789,27.264999389648438,27.350000381469727,5905600
2018-09-10,26.30434226989746,27.665000915527344,27.920000076293945,27.59000015258789,27.850000381469727,4250000
2018-09-11,26.580080032348633,27.954999923706055,28.075000762939453,27.334999084472656,27.450000762939453,4460600
2018-09-12,26.584836959838867,27.959999084472656,28.139999389648438,27.690000534057617,27.934999465942383,6127600
2018-09-13,27.0222110748291,28.420000076293945,28.489999771118164,28.184999465942383,28.290000915527344,5687200
2018-09-14,27.050737380981445,28.450000762939453,28.545000076293945,28.18000030517578,28.510000228881836,5458000
2018-09-17,26.599096298217773,27.975000381469727,28.424999237060547,27.889999389648438,28.405000686645508,4906800
2018-09-18,27.026962280273438,28.424999237060547,28.614999771118164,28.03499984741211,28.03499984741211,4651000
2018-09-19,27.117286682128906,28.520000457763672,28.649999618530273,28.399999618530273,28.440000534057617,3381400
2018-09-20,27.74958038330078,29.184999465942383,29.299999237060547,28.885000228881836,28.895000457763672,5375400
2018-09-21,27.673521041870117,29.104999542236328,29.475000381469727,29.05500030517578,29.43000030517578,5748600
2018-09-24,27.416793823242188,28.834999084472656,28.959999084472656,28.6200008392334,28.915000915527344,4410000
2018-09-25,27.307456970214844,28.719999313354492,29.0,28.655000686645508,28.96500015258789,3462600
2018-09-26,27.054367065429688,28.434999465942383,29.149999618530273,28.315000534057617,28.7450008392334,5690000
2018-09-27,27.273202896118164,28.665000915527344,29.030000686645508,28.5049991607666,28.584999084472656,4516200
2018-09-28,27.244653701782227,28.635000228881836,28.84000015258789,28.454999923706055,28.475000381469727,5175800
2018-10-01,27.553876876831055,28.959999084472656,29.325000762939453,28.75,29.084999084472656,6911000
2018-10-02,27.52532958984375,28.93000030517578,29.15999984741211,28.799999237060547,28.934999465942383,4347200
2018-10-03,27.563392639160156,28.969999313354492,29.40999984741211,28.844999313354492,29.25,5443000
2018-10-04,26.90213966369629,28.274999618530273,28.799999237060547,27.735000610351562,28.799999237060547,11743200
2018-10-05,26.473987579345703,27.825000762939453,28.5049991607666,27.31999969482422,28.329999923706055,11156200
2018-10-08,26.431169509887695,27.780000686645508,27.899999618530273,27.110000610351562,27.559999465942383,10072200
2018-10-09,26.326515197753906,27.670000076293945,28.084999084472656,27.475000381469727,27.670000076293945,8689000
2018-10-10,23.790910720825195,25.0049991607666,27.4950008392334,24.90999984741211,27.485000610351562,20092000
2018-10-11,22.249563217163086,23.385000228881836,25.15999984741211,22.864999771118164,24.704999923706055,35366400
2018-10-12,23.148681640625,24.329999923706055,24.614999771118164,23.399999618530273,24.545000076293945,20832600
2018-10-15,22.75859260559082,23.920000076293945,24.604999542236328,23.8799991607666,24.209999084472656,12021600
2018-10-16,24.18575668334961,25.420000076293945,25.59000015258789,24.350000381469727,24.489999771118164,12700000
2018-10-17,24.23809242248535,25.475000381469727,25.670000076293945,24.69499969482422,25.479999542236328,13570800
2018-10-18,23.196250915527344,24.3799991607666,25.360000610351562,23.975000381469727,25.190000534057617,16975600
2018-10-19,23.129655838012695,24.309999465942383,25.1200008392334,24.114999771118164,24.565000534057617,12675000
2018-10-22,22.839460372924805,24.0049991607666,24.610000610351562,23.829999923706055,24.510000228881836,13399600
2018-10-23,22.449369430541992,23.594999313354492,23.934999465942383,22.309999465942383,22.899999618530273,20640800
2018-10-24,20.394243240356445,21.434999465942383,23.645000457763672,21.309999465942383,23.540000915527344,22293200
2018-10-25,21.52646827697754,22.625,23.024999618530273,21.674999237060547,21.954999923706055,16076000
2018-10-26,20.35619354248047,21.395000457763672,22.270000457763672,20.649999618530273,21.545000076293945,26642000
2018-10-29,20.004152297973633,21.024999618530273,22.59000015258789,20.079999923706055,22.239999771118164,20379600
2018-10-30,20.931812286376953,22.0,22.059999465942383,20.860000610351562,21.0,17421600
2018-10-31,21.58355140686035,22.684999465942383,23.309999465942383,22.55500030517578,22.68000030517578,15960000
2018-11-01,22.259077072143555,23.395000457763672,23.440000534057617,22.600000381469727,22.915000915527344,12446800
2018-11-02,21.821414947509766,22.934999465942383,23.81999969482422,22.375,23.69499969482422,18919400
2018-11-05,22.22102165222168,23.354999542236328,23.4950008392334,22.825000762939453,23.09000015258789,7258000
2018-11-06,22.620630264282227,23.774999618530273,23.81999969482422,23.309999465942383,23.315000534057617,9688800
2018-11-07,24.057313919067383,25.28499984741211,25.325000762939453,24.290000915527344,24.420000076293945,12585800
2018-11-08,23.914594650268555,25.135000228881836,25.350000381469727,24.80500030517578,25.059999465942383,9710800
2018-11-09,23.25334358215332,24.440000534057617,24.80500030517578,23.985000610351562,24.739999771118164,11244000
2018-11-12,21.902284622192383,23.020000457763672,24.325000762939453,22.885000228881836,24.25,12917400
2018-11-13,21.792875289916992,22.905000686645508,23.729999542236328,22.700000762939453,23.165000915527344,15298200
2018-11-14,21.317153930664062,22.405000686645508,23.540000915527344,21.979999542236328,23.43000030517578,22300400
2018-11-15,21.9974308013916,23.1200008392334,23.239999771118164,21.625,22.059999465942383,14165200
2018-11-16,22.154420852661133,23.28499984741211,23.545000076293945,22.639999389648438,22.815000534057617,14252000
2018-11-19,21.06977653503418,22.145000457763672,23.190000534057617,21.844999313354492,23.1299991607666,15825200
2018-11-20,19.870954513549805,20.885000228881836,21.575000762939453,20.6200008392334,21.174999237060547,13989000
2018-11-21,20.06123924255371,21.084999084472656,21.56999969482422,21.065000534057617,21.25,7776200
2018-11-23,19.65688133239746,20.65999984741211,21.014999389648438,20.604999542236328,20.604999542236328,4467800
2018-11-26,20.584537506103516,21.635000228881836,21.649999618530273,21.135000228881836,21.2549991607666,8232200
2018-11-27,20.784337997436523,21.844999313354492,21.844999313354492,21.190000534057617,21.354999542236328,7101400
2018-11-28,22.206750869750977,23.34000015258789,23.350000381469727,21.885000228881836,22.149999618530273,12768800
2018-11-29,22.06403923034668,23.190000534057617,23.600000381469727,22.809999465942383,23.139999389648438,11448400
2018-11-30,22.506452560424805,23.655000686645508,23.78499984741211,23.059999465942383,23.135000228881836,9637200
2018-12-03,23.343727111816406,24.53499984741211,24.850000381469727,24.094999313354492,24.825000762939453,12049600
2018-12-04,21.126859664916992,22.204999923706055,24.420000076293945,22.06999969482422,24.309999465942383,23927200
2018-12-06,20.993656158447266,22.065000534057617,22.06999969482422,20.219999313354492,21.065000534057617,18678600
2018-12-07,19.5236759185791,20.520000457763672,22.389999389648438,20.274999618530273,21.93000030517578,21528000
2018-12-10,19.614065170288086,20.614999771118164,20.860000610351562,19.34000015258789,20.440000534057617,16538200
2018-12-11,19.609302520751953,20.610000610351562,21.4950008392334,20.235000610351562,21.43000030517578,14049600
2018-12-12,19.918519973754883,20.934999465942383,21.7450008392334,20.915000915527344,21.395000457763672,12965000
2018-12-13,19.894731521606445,20.90999984741211,21.399999618530273,20.604999542236328,21.174999237060547,10721400
2018-12-14,18.781545639038086,19.739999771118164,20.579999923706055,19.584999084472656,20.31999969482422,10844000
2018-12-17,17.644569396972656,18.545000076293945,19.760000228881836,18.145000457763672,19.479999542236328,18784200
2018-12-18,17.61126708984375,18.510000228881836,19.114999771118164,18.114999771118164,18.954999923706055,11393400
2018-12-19,16.802536010742188,17.65999984741211,19.405000686645508,17.25,18.514999389648438,23567200
2018-12-20,15.979537963867188,16.795000076293945,17.709999084472656,16.25,17.34000015258789,25372000
2018-12-21,14.975757598876953,15.739999771118164,17.579999923706055,15.600000381469727,16.979999542236328,28749800
2018-12-24,13.795966148376465,14.5,15.649999618530273,14.484999656677246,15.399999618530273,15583000
2018-12-26,15.826976776123047,16.575000762939453,16.575000762939453,14.324999809265137,14.75,24227600
2018-12-27,16.247121810913086,17.014999389648438,17.030000686645508,15.149999618530273,15.885000228881836,21935600
2018-12-28,16.17072868347168,16.934999465942383,17.665000915527344,16.655000686645508,17.274999618530273,25101800
2018-12-31,16.605195999145508,17.389999389648438,17.405000686645508,16.8700008392334,17.274999618530273,11379800
2019-01-02,16.638612747192383,17.424999237060547,17.6200008392334,16.524999618530273,16.559999465942383,14165400
2019-01-03,15.397286415100098,16.125,17.065000534057617,16.03499984741211,17.0049991607666,15263200
2019-01-04,16.963275909423828,17.764999389648438,17.915000915527344,16.735000610351562,16.81999969482422,16237000
2019-01-07,17.34999656677246,18.170000076293945,18.514999389648438,17.610000610351562,17.84000015258789,12835000
2019-01-08,17.832204818725586,18.674999237060547,18.825000762939453,18.100000381469727,18.725000381469727,11335200
2019-01-09,18.08046531677246,18.934999465942383,19.165000915527344,18.575000762939453,18.8700008392334,9332400
2019-01-10,18.30008888244629,19.165000915527344,19.204999923706055,18.405000686645508,18.56999969482422,9180200
2019-01-11,18.285764694213867,19.149999618530273,19.15999984741211,18.729999542236328,18.875,7742400
2019-01-14,17.975439071655273,18.825000762939453,19.0049991607666,18.59000015258789,18.690000534057617,6295400
2019-01-15,18.58177947998047,19.459999084472656,19.530000686645508,18.905000686645508,18.905000686645508,9561400
2019-01-16,18.691587448120117,19.575000762939453,19.809999465942383,19.510000228881836,19.559999465942383,8934400
2019-01-17,19.121280670166016,20.024999618530273,20.235000610351562,19.354999542236328,19.364999771118164,10218000
2019-01-18,19.870851516723633,20.809999465942383,20.940000534057617,20.280000686645508,20.489999771118164,12672200
2019-01-22,19.07830810546875,19.979999542236328,20.485000610351562,19.559999465942383,20.434999465942383,12722000
2019-01-23,19.169029235839844,20.075000762939453,20.395000457763672,19.46500015258789,20.235000610351562,11422800
2019-01-24,19.22153663635254,20.1299991607666,20.2549991607666,19.774999618530273,20.03499984741211,8375000
2019-01-25,19.689428329467773,20.6200008392334,20.829999923706055,20.469999313354492,20.59000015258789,10498000
2019-01-28,19.254962921142578,20.165000915527344,20.165000915527344,19.690000534057617,20.049999237060547,9455800
2019-01-29,19.169029235839844,20.075000762939453,20.315000534057617,19.854999542236328,20.165000915527344,6312800
2019-01-30,20.071380615234375,21.020000457763672,21.225000381469727,20.25,20.44499969482422,11890000
2019-01-31,20.572681427001953,21.545000076293945,21.665000915527344,20.934999465942383,20.975000381469727,11569000
2019-02-01,20.601329803466797,21.575000762939453,21.854999542236328,21.375,21.604999542236328,14343800
2019-02-04,21.040569305419922,22.03499984741211,22.045000076293945,21.40999984741211,21.59000015258789,6868200
2019-02-05,21.31270980834961,22.31999969482422,22.385000228881836,22.014999389648438,22.155000686645508,12499800
2019-02-06,21.207672119140625,22.209999084472656,22.354999542236328,22.0049991607666,22.219999313354492,8043600
2019-02-07,20.596555709838867,21.56999969482422,21.905000686645508,21.1200008392334,21.7549991607666,19135400
2019-02-08,20.67293930053711,21.649999618530273,21.649999618530273,21.010000228881836,21.209999084472656,7223200
2019-02-11,20.70635986328125,21.684999465942383,21.8799991607666,21.53499984741211,21.815000534057617,11960800
2019-02-12,21.49890899658203,22.514999389648438,22.610000610351562,22.084999084472656,22.104999542236328,11271200
2019-02-13,21.68988037109375,22.71500015258789,22.954999923706055,22.614999771118164,22.739999771118164,7899400
2019-02-14,21.5418758392334,22.559999465942383,22.864999771118164,22.174999237060547,22.405000686645508,9442600
2019-02-15,22.234155654907227,23.28499984741211,23.295000076293945,22.979999542236328,23.049999237060547,9104600
2019-02-19,22.34397315979004,23.399999618530273,23.59000015258789,23.05500030517578,23.059999465942383,5508600
2019-02-20,22.477649688720703,23.540000915527344,23.665000915527344,23.25,23.399999618530273,11183400
2019-02-21,22.229385375976562,23.280000686645508,23.44499969482422,23.010000228881836,23.360000610351562,9691800
2019-02-22,22.649526596069336,23.719999313354492,23.760000228881836,23.375,23.459999084472656,13609800
2019-02-25,22.74501609802246,23.81999969482422,24.260000228881836,23.774999618530273,24.110000610351562,19010600
2019-02-26,22.673397064208984,23.7450008392334,23.985000610351562,23.639999389648438,23.684999465942383,7184600
2019-02-27,22.635204315185547,23.704999923706055,23.809999465942383,23.270000457763672,23.53499984741211,8802000
2019-02-28,22.482418060302734,23.545000076293945,23.75,23.469999313354492,23.6200008392334,6355000
2019-03-01,22.931215286254883,24.014999389648438,24.1200008392334,23.594999313354492,24.0049991607666,8069400
2019-03-04,22.659076690673828,23.729999542236328,24.360000610351562,23.075000762939453,24.30500030517578,19698200
2019-03-05,22.563589096069336,23.6299991607666,23.815000534057617,23.479999542236328,23.764999389648438,7276600
2019-03-06,22.148223876953125,23.19499969482422,23.649999618530273,23.100000381469727,23.649999618530273,9503600
2019-03-07,21.594392776489258,22.614999771118164,23.09000015258789,22.360000610351562,23.059999465942383,13913400
2019-03-08,21.460710525512695,22.475000381469727,22.5,21.954999923706055,22.084999084472656,10669400
2019-03-11,22.396486282348633,23.454999923706055,23.479999542236328,22.645000457763672,22.645000457763672,7099200
2019-03-12,22.62565040588379,23.69499969482422,23.84000015258789,23.540000915527344,23.575000762939453,6860000
2019-03-13,23.074440002441406,24.165000915527344,24.424999237060547,23.899999618530273,23.940000534057617,10225400
2019-03-14,23.026700973510742,24.114999771118164,24.280000686645508,23.979999542236328,24.15999984741211,6242800
2019-03-15,23.36090660095215,24.46500015258789,24.68000030517578,24.204999923706055,24.2450008392334,12635000
2019-03-18,23.623497009277344,24.739999771118164,24.799999237060547,24.44499969482422,24.5049991607666,7671800
2019-03-19,23.637819290161133,24.7549991607666,25.239999771118164,24.46500015258789,25.020000457763672,13119200
2019-03-20,23.390993118286133,24.450000762939453,24.959999084472656,24.135000228881836,24.59000015258789,18361600
2019-03-21,24.161121368408203,25.2549991607666,25.385000228881836,24.19499969482422,24.19499969482422,10082200
2019-03-22,22.78350257873535,23.815000534057617,25.014999389648438,23.790000915527344,24.864999771118164,23755400
2019-03-25,22.726099014282227,23.7549991607666,24.03499984741211,23.395000457763672,23.709999084472656,15269400
2019-03-26,23.204437255859375,24.2549991607666,24.545000076293945,23.875,24.2450008392334,12962400
2019-03-27,22.879165649414062,23.915000915527344,24.440000534057617,23.44499969482422,24.270000457763672,13492600
2019-03-28,23.123117446899414,24.170000076293945,24.274999618530273,23.729999542236328,24.059999465942383,9162400
2019-03-29,23.57276153564453,24.639999389648438,24.690000534057617,24.260000228881836,24.59000015258789,9933000
2019-04-01,24.395511627197266,25.5,25.55500030517578,25.104999542236328,25.174999237060547,8812000
2019-04-02,24.390727996826172,25.4950008392334,25.565000534057617,25.274999618530273,25.524999618530273,8099600
2019-04-03,24.53423500061035,25.645000457763672,25.979999542236328,25.440000534057617,25.864999771118164,10447200
2019-04-04,24.692087173461914,25.809999465942383,25.8799991607666,25.4950008392334,25.704999923706055,6718600
2019-04-05,25.012571334838867,26.145000457763672,26.184999465942383,25.920000076293945,26.010000228881836,8217800
2019-04-08,25.10824203491211,26.2450008392334,26.260000228881836,25.850000381469727,26.040000915527344,7058600
2019-04-09,24.706430435180664,25.825000762939453,26.03499984741211,25.665000915527344,25.934999465942383,6827600
2019-04-10,24.9599609375,26.09000015258789,26.110000610351562,25.825000762939453,25.94499969482422,5437000
2019-04-11,24.931255340576172,26.059999465942383,26.219999313354492,25.8799991607666,26.219999313354492,6347200
2019-04-12,25.433513641357422,26.584999084472656,26.65999984741211,26.325000762939453,26.53499984741211,5933000
2019-04-15,25.366546630859375,26.514999389648438,26.625,26.274999618530273,26.600000381469727,5584200
2019-04-16,25.43829917907715,26.59000015258789,26.799999237060547,26.3799991607666,26.770000457763672,6088000
2019-04-17,25.218265533447266,26.360000610351562,26.885000228881836,26.225000381469727,26.8799991607666,9079800
2019-04-18,25.35219955444336,26.5,26.579999923706055,26.125,26.530000686645508,6603000
2019-04-22,25.433513641357422,26.584999084472656,26.610000610351562,26.235000610351562,26.2549991607666,3704200
2019-04-23,26.084070205688477,27.264999389648438,27.34000015258789,26.600000381469727,26.674999237060547,6937600
2019-04-24,25.93099021911621,27.104999542236328,27.344999313354492,27.045000076293945,27.25,5798000
2019-04-25,25.84967803955078,27.020000457763672,27.225000381469727,26.655000686645508,27.045000076293945,6519000
2019-04-26,26.222787857055664,27.40999984741211,27.415000915527344,26.795000076293945,27.030000686645508,7146000
2019-04-29,26.31366729736328,27.5049991607666,27.674999237060547,27.395000457763672,27.40999984741211,8413200
2019-04-30,26.356721878051758,27.549999237060547,27.639999389648438,26.96500015258789,27.405000686645508,5847400
2019-05-01,25.763578414916992,26.93000030517578,27.809999465942383,26.924999237060547,27.7549991607666,11235400
2019-05-02,25.6057186126709,26.764999389648438,27.15999984741211,26.28499984741211,26.860000610351562,16984000
2019-05-03,26.328022003173828,27.520000457763672,27.604999542236328,27.1200008392334,27.190000534057617,6831400
2019-05-06,26.01709747314453,27.19499969482422,27.30500030517578,26.079999923706055,26.155000686645508,12464200
2019-05-07,24.716001510620117,25.834999084472656,26.610000610351562,25.219999313354492,26.43000030517578,23133800
2019-05-08,24.6012020111084,25.71500015258789,26.204999923706055,25.514999389648438,25.700000762939453,13466600
2019-05-09,24.352460861206055,25.454999923706055,25.6200008392334,24.545000076293945,25.049999237060547,19609000
2019-05-10,24.696866989135742,25.815000534057617,26.045000076293945,24.280000686645508,25.170000076293945,16458600
2019-05-13,22.869596481323242,23.905000686645508,24.575000762939453,23.625,24.280000686645508,28893400
2019-05-14,23.44361114501953,24.5049991607666,24.950000762939453,24.125,24.155000686645508,12672200
2019-05-15,23.85019874572754,24.93000030517578,25.125,23.979999542236328,24.045000076293945,14508800
2019-05-16,24.495967864990234,25.604999542236328,26.020000457763672,25.125,25.139999389648438,11568800
2019-05-17,24.036752700805664,25.125,25.854999542236328,24.934999465942383,24.934999465942383,11044400
2019-05-20,23.57276153564453,24.639999389648438,25.0,24.399999618530273,24.649999618530273,12875400
2019-05-21,24.180265426635742,25.274999618530273,25.389999389648438,25.030000686645508,25.100000381469727,6968800
2019-05-22,23.97456932067871,25.059999465942383,25.31999969482422,24.905000686645508,24.985000610351562,7130800
2019-05-23,23.113555908203125,24.15999984741211,24.395000457763672,23.690000534057617,24.395000457763672,14133200
2019-05-24,23.204437255859375,24.2549991607666,24.6299991607666,24.084999084472656,24.520000457763672,6856000
2019-05-28,22.582590103149414,23.604999542236328,24.614999771118164,23.584999084472656,24.334999084472656,7015400
2019-05-29,22.13294792175293,23.135000228881836,23.375,22.709999084472656,23.2549991607666,10393600
2019-05-30,22.290803909301758,23.299999237060547,23.530000686645508,22.975000381469727,23.295000076293945,11341000
2019-05-31,21.377168655395508,22.344999313354492,22.799999237060547,22.325000762939453,22.559999465942383,12430400
2019-06-03,21.2049617767334,22.165000915527344,22.639999389648438,21.790000915527344,22.329999923706055,12919800
2019-06-04,22.582590103149414,23.604999542236328,23.635000228881836,22.649999618530273,22.774999618530273,8442200
2019-06-05,23.151823043823242,24.200000762939453,24.21500015258789,23.540000915527344,24.05500030517578,7973000
2019-06-06,23.591890335083008,24.65999984741211,24.864999771118164,24.100000381469727,24.295000076293945,7258000
2019-06-07,24.304628372192383,25.405000686645508,25.719999313354492,24.915000915527344,24.969999313354492,10280800
2019-06-10,24.639461517333984,25.7549991607666,26.25,25.739999771118164,25.864999771118164,10977400
2019-06-11,24.620336532592773,25.735000610351562,26.399999618530273,25.545000076293945,26.299999237060547,8649800
2019-06-12,24.486400604248047,25.594999313354492,25.825000762939453,25.440000534057617,25.65999984741211,6111800
2019-06-13,24.806888580322266,25.93000030517578,26.0,25.645000457763672,25.860000610351562,6536200
2019-06-14,24.682518005371094,25.799999237060547,25.979999542236328,25.584999084472656,25.799999237060547,3869000
2019-06-17,24.725570678710938,25.844999313354492,26.05500030517578,25.780000686645508,25.8700008392334,5985600
2019-06-18,25.457441329956055,26.610000610351562,26.959999084472656,26.270000457763672,26.3799991607666,9418200
2019-06-19,25.667905807495117,26.829999923706055,26.979999542236328,26.375,26.674999237060547,6872800
2019-06-20,26.38063621520996,27.575000762939453,27.700000762939453,26.959999084472656,27.625,7800800
2019-06-21,26.28018569946289,27.469999313354492,27.875,27.385000228881836,27.485000610351562,5862600
2019-06-24,26.174945831298828,27.360000610351562,27.610000610351562,27.295000076293945,27.510000228881836,3789600
2019-06-25,25.412668228149414,26.520000457763672,27.315000534057617,26.44499969482422,27.30500030517578,8245800
2019-06-26,25.302471160888672,26.405000686645508,26.915000915527344,26.375,26.764999389648438,5961400
2019-06-27,25.58515167236328,26.700000762939453,26.825000762939453,26.524999618530273,26.6299991607666,4716600
2019-06-28,25.944496154785156,27.075000762939453,27.225000381469727,26.815000534057617,26.96500015258789,7384400
2019-07-01,26.620054244995117,27.780000686645508,28.15999984741211,27.440000534057617,28.079999923706055,9473800
2019-07-02,26.87399673461914,28.045000076293945,28.045000076293945,27.530000686645508,27.78499984741211,4405600
2019-07-03,27.46810531616211,28.665000915527344,28.670000076293945,28.174999237060547,28.219999313354492,4015400
2019-07-05,27.34832191467285,28.540000915527344,28.625,27.875,28.274999618530273,5646800
2019-07-08,26.94106674194336,28.114999771118164,28.2450008392334,27.924999237060547,28.155000686645508,5051200
2019-07-09,27.0320987701416,28.209999084472656,28.290000915527344,27.719999313354492,27.719999313354492,3593400
2019-07-10,27.415401458740234,28.610000610351562,28.895000457763672,28.364999771118164,28.540000915527344,7283600
2019-07-11,27.58309555053711,28.78499984741211,28.864999771118164,28.46500015258789,28.795000076293945,6087600
2019-07-12,27.971179962158203,29.190000534057617,29.190000534057617,28.84000015258789,28.94499969482422,5425400
2019-07-15,27.975971221923828,29.19499969482422,29.299999237060547,29.040000915527344,29.290000915527344,2786400
2019-07-16,27.698081970214844,28.905000686645508,29.21500015258789,28.80500030517578,29.165000915527344,4127200
2019-07-17,27.147092819213867,28.329999923706055,28.950000762939453,28.315000534057617,28.889999389648438,5498800
2019-07-18,27.42498016357422,28.6200008392334,28.719999313354492,27.9950008392334,28.145000457763672,5190200
2019-07-19,26.955440521240234,28.1299991607666,28.969999313354492,28.059999465942383,28.94499969482422,5801000
2019-07-22,27.151884078979492,28.334999084472656,28.485000610351562,28.075000762939453,28.25,4121800
2019-07-23,27.707672119140625,28.915000915527344,28.920000076293945,28.415000915527344,28.674999237060547,5002200
2019-07-24,28.090965270996094,29.315000534057617,29.315000534057617,28.655000686645508,28.68000030517578,4686200
2019-07-25,27.67412567138672,28.8799991607666,29.190000534057617,28.635000228881836,29.184999465942383,6524400
2019-07-26,28.239492416381836,29.469999313354492,29.524999618530273,29.06999969482422,29.114999771118164,3972800
2019-07-29,28.095754623413086,29.31999969482422,29.434999465942383,29.1200008392334,29.424999237060547,4349200
2019-07-30,27.894521713256836,29.110000610351562,29.204999923706055,28.725000381469727,28.844999313354492,4646800
2019-07-31,26.931480407714844,28.104999542236328,29.21500015258789,27.46500015258789,29.15999984741211,10282800
2019-08-01,26.251127243041992,27.395000457763672,29.075000762939453,27.125,28.155000686645508,14660200
2019-08-02,25.680971145629883,26.799999237060547,27.15999984741211,26.270000457763672,27.100000381469727,13555400
2019-08-05,23.395559310913086,24.415000915527344,25.524999618530273,23.7549991607666,25.5,17920200
2019-08-06,24.291521072387695,25.350000381469727,25.405000686645508,24.440000534057617,24.864999771118164,11131600
2019-08-07,24.34422492980957,25.405000686645508,25.610000610351562,23.829999923706055,24.44499969482422,16106600
2019-08-08,25.743263244628906,26.864999771118164,26.864999771118164,25.65999984741211,25.81999969482422,11909800
2019-08-09,25.216228485107422,26.315000534057617,26.764999389648438,25.770000457763672,26.584999084472656,11780800
2019-08-12,24.286733627319336,25.344999313354492,26.024999618530273,25.065000534057617,25.854999542236328,11819200
2019-08-13,25.407873153686523,26.514999389648438,26.950000762939453,25.145000457763672,25.2549991607666,14375200
2019-08-14,23.17995834350586,24.190000534057617,25.489999771118164,24.139999389648438,25.325000762939453,19276600
2019-08-15,23.352434158325195,24.3700008392334,24.604999542236328,23.790000915527344,24.424999237060547,13019000
2019-08-16,24.372968673706055,25.434999465942383,25.549999237060547,24.815000534057617,24.829999923706055,10881800
2019-08-19,25.24976921081543,26.350000381469727,26.545000076293945,26.114999771118164,26.325000762939453,6489000
2019-08-20,24.66044807434082,25.735000610351562,26.344999313354492,25.69499969482422,26.200000762939453,6729400
2019-08-21,25.259349822998047,26.360000610351562,26.475000381469727,26.135000228881836,26.364999771118164,6033800
2019-08-22,25.225807189941406,26.325000762939453,26.75,25.799999237060547,26.55500030517578,7683400
2019-08-23,23.26620101928711,24.280000686645508,26.424999237060547,23.920000076293945,25.940000534057617,18481400
2019-08-26,24.028005599975586,25.075000762939453,25.079999923706055,24.475000381469727,24.899999618530273,9434600
2019-08-27,23.76448631286621,24.799999237060547,25.594999313354492,24.56999969482422,25.4950008392334,7398600
2019-08-28,24.257976531982422,25.315000534057617,25.354999542236328,24.3799991607666,24.59000015258789,7993000
2019-08-29,25.173105239868164,26.270000457763672,26.415000915527344,25.7549991607666,26.05500030517578,6609600
2019-08-30,25.149150848388672,26.2450008392334,26.71500015258789,25.954999923706055,26.704999923706055,8317200
2019-09-03,24.70356559753418,25.780000686645508,25.985000610351562,25.375,25.719999313354492,8066800
2019-09-04,25.51328468322754,26.625,26.635000228881836,26.174999237060547,26.405000686645508,6651200
2019-09-05,26.505067825317383,27.65999984741211,27.93000030517578,27.34000015258789,27.3799991607666,7329600
2019-09-06,26.572145462036133,27.729999542236328,27.905000686645508,27.540000915527344,27.760000228881836,4738800
2019-09-09,26.59130859375,27.75,28.040000915527344,27.454999923706055,28.020000457763672,4705800
2019-09-10,26.59130859375,27.75,27.75,27.1200008392334,27.5049991607666,6048400
2019-09-11,27.156673431396484,28.34000015258789,28.34000015258789,27.639999389648438,27.81999969482422,4669400
2019-09-12,27.386653900146484,28.579999923706055,28.920000076293945,28.344999313354492,28.584999084472656,6665400
2019-09-13,27.32436180114746,28.514999389648438,28.844999313354492,28.415000915527344,28.735000610351562,4129200
2019-09-16,27.089599609375,28.270000457763672,28.399999618530273,28.05500030517578,28.15999984741211,3754600
2019-09-17,27.300411224365234,28.489999771118164,28.5,28.149999618530273,28.18000030517578,3787600
2019-09-18,27.34353256225586,28.53499984741211,28.55500030517578,27.704999923706055,28.350000381469727,7292200
2019-09-19,27.300411224365234,28.489999771118164,28.94499969482422,28.395000457763672,28.625,4596600
2019-09-20,26.89315414428711,28.065000534057617,28.774999618530273,27.8700008392334,28.700000762939453,5062400
2019-09-23,26.917112350463867,28.09000015258789,28.290000915527344,27.799999237060547,27.8799991607666,2634800
2019-09-24,26.255924224853516,27.399999618530273,28.520000457763672,27.110000610351562,28.40999984741211,7376600
2019-09-25,26.71588134765625,27.8799991607666,28.020000457763672,26.969999313354492,27.415000915527344,4352600
2019-09-26,26.552980422973633,27.709999084472656,27.934999465942383,27.270000457763672,27.885000228881836,7114200
2019-09-27,26.102603912353516,27.239999771118164,27.954999923706055,26.774999618530273,27.934999465942383,8081800
2019-09-30,26.48111343383789,27.635000228881836,27.834999084472656,27.389999389648438,27.389999389648438,3839600
2019-10-01,25.532453536987305,26.645000457763672,28.09000015258789,26.559999465942383,27.885000228881836,9808000
2019-10-02,24.17173957824707,25.225000381469727,26.155000686645508,24.829999923706055,26.145000457763672,14500000
2019-10-03,24.746681213378906,25.825000762939453,25.825000762939453,24.360000610351562,25.139999389648438,12254200
2019-10-04,25.73847007751465,26.860000610351562,26.934999465942383,25.9950008392334,26.024999618530273,9259000
2019-10-07,25.412668228149414,26.520000457763672,27.104999542236328,26.424999237060547,26.6299991607666,8789000
2019-10-08,24.229232788085938,25.28499984741211,26.170000076293945,25.264999389648438,25.94499969482422,11864000
2019-10-09,24.885629653930664,25.969999313354492,26.2549991607666,25.674999237060547,25.860000610351562,5390800
2019-10-10,25.38871192932129,26.4950008392334,26.760000228881836,25.899999618530273,25.94499969482422,8631400
2019-10-11,26.155303955078125,27.295000076293945,27.979999542236328,27.28499984741211,27.325000762939453,11528200
2019-10-14,26.097814559936523,27.235000610351562,27.424999237060547,27.125,27.21500015258789,4138400
2019-10-15,26.878782272338867,28.049999237060547,28.2549991607666,27.510000228881836,27.545000076293945,5646600
2019-10-16,26.744632720947266,27.90999984741211,28.104999542236328,27.760000228881836,27.895000457763672,4383000
2019-10-17,26.955440521240234,28.1299991607666,28.399999618530273,27.915000915527344,28.25,5153600
2019-10-18,26.59130859375,27.75,28.155000686645508,27.479999542236328,27.959999084472656,4742000
2019-10-21,27.16146469116211,28.344999313354492,28.3700008392334,28.024999618530273,28.149999618530273,2781800
2019-10-22,26.869199752807617,28.040000915527344,28.559999465942383,28.0049991607666,28.5,4222400
2019-10-23,27.099184036254883,28.280000686645508,28.290000915527344,27.889999389648438,27.954999923706055,3251200
2019-10-24,27.21416664123535,28.399999618530273,28.594999313354492,28.139999389648438,28.55500030517578,5544400
2019-10-25,27.56871795654297,28.770000457763672,28.90999984741211,28.219999313354492,28.219999313354492,5141800
2019-10-28,28.02867889404297,29.25,29.3799991607666,29.1200008392334,29.125,4830000
2019-10-29,27.975971221923828,29.19499969482422,29.479999542236328,29.09000015258789,29.1299991607666,4290200
2019-10-30,28.24907684326172,29.479999542236328,29.565000534057617,28.84000015258789,29.274999618530273,5669200
2019-10-31,27.99034881591797,29.209999084472656,29.434999465942383,28.75,29.434999465942383,6653000
2019-11-01,28.766521453857422,30.020000457763672,30.024999618530273,29.614999771118164,29.65999984741211,5090400
2019-11-04,29.111492156982422,30.3799991607666,30.565000534057617,30.2549991607666,30.524999618530273,5891600
2019-11-05,29.00609016418457,30.270000457763672,30.524999618530273,30.170000076293945,30.44499969482422,4294800
2019-11-06,29.039628982543945,30.30500030517578,30.3700008392334,29.975000381469727,30.274999618530273,5306800
2019-11-07,29.33667755126953,30.614999771118164,30.969999313354492,30.440000534057617,30.71500015258789,6090400
2019-11-08,29.518747329711914,30.80500030517578,30.815000534057617,30.25,30.46500015258789,4420600
2019-11-11,29.379802703857422,30.65999984741211,30.690000534057617,30.309999465942383,30.364999771118164,2980600
2019-11-12,29.52353858947754,30.809999465942383,31.1200008392334,30.56999969482422,30.75,7868800
2019-11-13,29.561872482299805,30.850000381469727,30.975000381469727,30.420000076293945,30.4950008392334,5929400
2019-11-14,29.68164825439453,30.975000381469727,30.9950008392334,30.540000915527344,30.739999771118164,4929800
2019-11-15,30.328466415405273,31.649999618530273,31.649999618530273,31.190000534057617,31.399999618530273,6263600
2019-11-18,30.381166458129883,31.704999923706055,31.780000686645508,31.405000686645508,31.559999465942383,3525600
2019-11-19,30.33804702758789,31.65999984741211,31.905000686645508,31.454999923706055,31.905000686645508,4613400
2019-11-20,30.012245178222656,31.31999969482422,31.6299991607666,30.790000915527344,31.475000381469727,6156000
2019-11-21,29.86371612548828,31.165000915527344,31.354999542236328,30.885000228881836,31.31999969482422,3825000
2019-11-22,30.036197662353516,31.344999313354492,31.424999237060547,31.020000457763672,31.395000457763672,3182400
2019-11-25,30.72614097595215,32.064998626708984,32.07500076293945,31.65999984741211,31.65999984741211,3856600
2019-11-26,30.917789459228516,32.26499938964844,32.345001220703125,31.979999542236328,32.10499954223633,3432600
2019-11-27,31.320249557495117,32.685001373291016,32.70000076293945,32.3650016784668,32.459999084472656,3643200
2019-11-29,30.994455337524414,32.345001220703125,32.59000015258789,32.2599983215332,32.5099983215332,2236200
2019-12-02,30.199098587036133,31.514999389648438,32.435001373291016,31.364999771118164,32.42499923706055,7987600
2019-12-03,29.581037521362305,30.8700008392334,30.889999389648438,30.135000228881836,30.600000381469727,7728200
2019-12-04,30.10806655883789,31.420000076293945,31.6299991607666,31.100000381469727,31.209999084472656,5083400
2019-12-05,30.28534507751465,31.604999542236328,31.65999984741211,31.155000686645508,31.655000686645508,4199800
2019-12-06,31.085477828979492,32.439998626708984,32.59000015258789,32.224998474121094,32.23500061035156,5764200
2019-12-09,30.80759048461914,32.150001525878906,32.54499816894531,32.119998931884766,32.314998626708984,2694400
2019-12-10,30.68781089782715,32.025001525878906,32.349998474121094,31.815000534057617,32.1150016784668,4041200
2019-12-11,30.946529388427734,32.29499816894531,32.38999938964844,32.04999923706055,32.185001373291016,4917800
2019-12-12,31.741880416870117,33.125,33.38999938964844,32.209999084472656,32.290000915527344,10368400
2019-12-13,31.794578552246094,33.18000030517578,33.60499954223633,32.775001525878906,33.040000915527344,8216600
2019-12-16,32.46056365966797,33.875,34.06999969482422,33.76499938964844,33.775001525878906,4623600
2019-12-17,32.46535110473633,33.880001068115234,34.095001220703125,33.86000061035156,33.98500061035156,3737200
2019-12-18,32.46056365966797,33.875,34.095001220703125,33.869998931884766,34.0099983215332,2885800
2019-12-19,32.8486442565918,34.279998779296875,34.30500030517578,33.915000915527344,33.91999816894531,4674200
2019-12-20,33.3469352722168,34.79999923706055,34.959999084472656,34.625,34.650001525878906,5420800
2019-12-23,33.4427604675293,34.900001525878906,35.01499938964844,34.83000183105469,35.0099983215332,3243400
2019-12-24,33.43364334106445,34.84000015258789,34.91999816894531,34.720001220703125,34.90999984741211,1739200
2019-12-26,33.923057556152344,35.349998474121094,35.36000061035156,34.94499969482422,34.95000076293945,2828000
2019-12-27,33.908660888671875,35.334999084472656,35.63999938964844,35.150001525878906,35.6349983215332,4203000
2019-12-30,33.3472785949707,34.75,35.404998779296875,34.56999969482422,35.3650016784668,5640600
2019-12-31,33.59197998046875,35.005001068115234,35.07500076293945,34.439998626708984,34.54999923706055,4322200
2020-01-02,34.49883270263672,35.95000076293945,35.95500183105469,35.189998626708984,35.53499984741211,5484200
2020-01-03,33.75032424926758,35.16999816894531,35.540000915527344,34.70000076293945,34.724998474121094,6434800
2020-01-06,34.1005859375,35.53499984741211,35.55500030517578,34.46500015258789,34.494998931884766,4673800
2020-01-07,33.803104400634766,35.224998474121094,35.4900016784668,35.064998626708984,35.334999084472656,3871200
2020-01-08,34.326107025146484,35.77000045776367,36.21500015258789,35.20500183105469,35.30500030517578,7609000
2020-01-09,35.026641845703125,36.5,36.525001525878906,36.130001068115234,36.35499954223633,4257400
2020-01-10,34.72915267944336,36.189998626708984,36.76499938964844,36.01499938964844,36.720001220703125,4863000
2020-01-13,35.42967224121094,36.91999816894531,36.92499923706055,36.25,36.415000915527344,3547000
2020-01-14,35.261749267578125,36.744998931884766,37.1349983215332,36.54999923706055,36.76499938964844,5305400
2020-01-15,35.50645446777344,37.0,37.275001525878906,36.68000030517578,36.720001220703125,6929400
2020-01-16,36.37012481689453,37.900001525878906,37.900001525878906,37.400001525878906,37.4900016784668,3962200
2020-01-17,36.71079635620117,38.255001068115234,38.32500076293945,37.94499969482422,38.165000915527344,6911000
2020-01-21,36.50447463989258,38.040000915527344,38.314998626708984,37.85499954223633,37.875,5034600
2020-01-22,36.52366256713867,38.060001373291016,38.58000183105469,37.97999954223633,38.345001220703125,3390600
2020-01-23,36.600440979003906,38.13999938964844,38.20500183105469,37.349998474121094,37.779998779296875,5179000
2020-01-24,35.61681365966797,37.1150016784668,38.40999984741211,36.6349983215332,38.400001525878906,10740400
2020-01-27,33.91345977783203,35.34000015258789,35.869998931884766,35.03499984741211,35.18000030517578,13672800
2020-01-28,34.96426773071289,36.435001373291016,36.744998931884766,35.66999816894531,35.845001220703125,6222200
2020-01-29,34.87309646606445,36.34000015258789,37.0,36.26499938964844,36.935001373291016,4409600
2020-01-30,35.175376892089844,36.654998779296875,36.75,35.29999923706055,35.57500076293945,7025000
2020-01-31,33.284915924072266,34.685001373291016,36.5,34.345001220703125,36.439998626708984,13743000
2020-02-03,34.01422119140625,35.44499969482422,36.10499954223633,35.15999984741211,35.20500183105469,6987000
2020-02-04,35.56403732299805,37.060001373291016,37.369998931884766,36.619998931884766,36.75,5444000
2020-02-05,36.768367767333984,38.314998626708984,38.40999984741211,37.60499954223633,38.150001525878906,6672400
2020-02-06,37.14743423461914,38.709999084472656,38.779998779296875,38.30500030517578,38.70500183105469,3941200
2020-02-07,36.576446533203125,38.1150016784668,38.58000183105469,37.88999938964844,38.310001373291016,5909000
2020-02-10,37.377750396728516,38.95000076293945,38.95000076293945,37.7400016784668,37.75,4518600
2020-02-11,37.569671630859375,39.150001525878906,39.755001068115234,38.95500183105469,39.46500015258789,5982600
2020-02-12,38.27499771118164,39.8849983215332,39.96500015258789,39.540000915527344,39.689998626708984,4594400
2020-02-13,38.13105010986328,39.73500061035156,40.119998931884766,39.21500015258789,39.33000183105469,5260200
2020-02-14,38.31818389892578,39.93000030517578,39.96500015258789,39.439998626708984,39.8849983215332,4598800
2020-02-18,38.01590347290039,39.6150016784668,39.755001068115234,39.07500076293945,39.529998779296875,4920600
2020-02-19,38.55809020996094,40.18000030517578,40.435001373291016,39.8650016784668,39.98500061035156,2816000
2020-02-20,38.05427932739258,39.654998779296875,40.27000045776367,38.5,39.95000076293945,7485400
2020-02-21,36.88351821899414,38.435001373291016,39.25,38.119998931884766,39.14500045776367,10155200
2020-02-24,33.19374465942383,34.59000015258789,35.76499938964844,34.189998626708984,34.845001220703125,16498800
2020-02-25,30.185279846191406,31.454999923706055,35.279998779296875,31.1299991607666,35.084999084472656,17715800
2020-02-26,29.85421371459961,31.110000610351562,33.07500076293945,30.844999313354492,31.895000457763672,16942600
2020-02-27,25.790163040161133,26.875,30.5,26.864999771118164,29.270000457763672,27476400
2020-02-28,25.6174259185791,26.69499969482422,26.69499969482422,23.625,24.4950008392334,29334200
2020-03-02,28.72184181213379,29.93000030517578,29.969999313354492,26.03499984741211,27.0,19694200
2020-03-03,26.279573440551758,27.385000228881836,31.325000762939453,26.594999313354492,30.079999923706055,25196800
2020-03-04,29.585512161254883,30.829999923706055,30.895000457763672,28.225000381469727,28.985000610351562,14220800
2020-03-05,26.615446090698242,27.735000610351562,29.5,27.010000228881836,28.5,20202400
2020-03-06,25.286359786987305,26.350000381469727,26.700000762939453,24.360000610351562,25.170000076293945,18677400
2020-03-09,19.379806518554688,20.19499969482422,22.799999237060547,20.0,20.78499984741211,25803600
2020-03-10,22.441036224365234,23.385000228881836,23.385000228881836,20.024999618530273,22.5,24889400
2020-03-11,19.135107040405273,19.940000534057617,21.75,19.09000015258789,21.469999313354492,24775000
2020-03-12,13.583619117736816,14.154999732971191,18.219999313354492,14.149999618530273,15.800000190734863,44989800
2020-03-13,17.354978561401367,18.084999084472656,18.135000228881836,14.4399995803833,16.844999313354492,35916400
2020-03-16,11.290094375610352,11.765000343322754,15.265000343322754,11.625,12.5,43515000
2020-03-17,13.396489143371582,13.960000038146973,14.175000190734863,11.385000228881836,12.529999732971191,43122400
2020-03-18,11.342872619628906,11.819999694824219,12.5649995803833,9.850000381469727,11.130000114440918,63240200
2020-03-19,11.270901679992676,11.744999885559082,12.649999618530273,10.449999809265137,11.40999984741211,47756200
2020-03-20,9.74028205871582,10.149999618530273,12.4399995803833,10.100000381469727,12.180000305175781,47508400
2020-03-23,8.938989639282227,9.3149995803833,10.234999656677246,8.755000114440918,10.069999694824219,63418400
2020-03-24,11.438836097717285,11.920000076293945,11.994999885559082,10.75,10.805000305175781,49427400
2020-03-25,11.884692192077637,12.354999542236328,13.770000457763672,11.329999923706055,12.079999923706055,61940600
2020-03-26,13.957657814025879,14.510000228881836,14.765000343322754,12.699999809265137,12.755000114440918,45637200
2020-03-27,12.697526931762695,13.199999809265137,14.449999809265137,12.8100004196167,13.1850004196167,46225400
2020-03-30,13.938422203063965,14.489999771118164,14.600000381469727,13.234999656677246,13.5649995803833,32701200
2020-03-31,13.289114952087402,13.8149995803833,14.770000457763672,13.585000038146973,14.3149995803833,48913200
2020-04-01,11.514348983764648,11.970000267028809,12.819999694824219,11.614999771118164,12.265000343322754,45514400
2020-04-02,12.303133010864258,12.789999961853027,12.920000076293945,11.734999656677246,11.835000038146973,47101200
2020-04-03,11.774068832397461,12.239999771118164,13.020000457763672,11.795000076293945,12.645000457763672,41665200
2020-04-06,14.154858589172363,14.71500015258789,15.024999618530273,13.5,13.675000190734863,41583000
2020-04-07,14.154858589172363,14.71500015258789,16.405000686645508,14.694999694824219,16.274999618530273,59664000
2020-04-08,15.592947959899902,16.209999084472656,16.434999465942383,14.805000305175781,15.199999809265137,40655200
2020-04-09,16.299970626831055,16.94499969482422,17.479999542236328,16.459999084472656,16.844999313354492,53853200
2020-04-13,15.823809623718262,16.450000762939453,16.81999969482422,15.699999809265137,16.760000228881836,43303400
2020-04-14,17.26190185546875,17.94499969482422,18.100000381469727,17.235000610351562,17.44499969482422,38211200
2020-04-15,16.15087127685547,16.790000915527344,17.1299991607666,16.354999542236328,16.7549991607666,33866800
2020-04-16,16.386545181274414,17.03499984741211,17.19499969482422,16.424999237060547,17.03499984741211,42307200
2020-04-17,17.723628997802734,18.424999237060547,18.530000686645508,17.6299991607666,18.174999237060547,37022800
2020-04-20,16.771312713623047,17.434999465942383,18.334999084472656,17.385000228881836,17.6299991607666,35936400
2020-04-21,15.222602844238281,15.824999809265137,16.770000457763672,15.654999732971191,16.524999618530273,43077600
2020-04-22,16.25187110900879,16.895000457763672,17.21500015258789,16.514999389648438,16.7549991607666,24901400
2020-04-23,16.232635498046875,16.875,17.764999389648438,16.834999084472656,17.149999618530273,36714200
2020-04-24,16.9204158782959,17.59000015258789,17.71500015258789,16.780000686645508,17.190000534057617,28577800
2020-04-27,17.66591453552246,18.364999771118164,18.56999969482422,17.899999618530273,17.9950008392334,23238600
2020-04-28,17.40619468688965,18.094999313354492,19.184999465942383,18.03499984741211,19.1200008392334,36668400
2020-04-29,18.752901077270508,19.4950008392334,19.829999923706055,18.985000610351562,19.204999923706055,29156800
2020-04-30,18.228647232055664,18.950000762939453,19.315000534057617,18.584999084472656,19.209999084472656,30899600
2020-05-01,16.76650619506836,17.43000030517578,18.09000015258789,17.209999084472656,17.934999465942383,33125400
2020-05-04,16.944461822509766,17.614999771118164,17.665000915527344,16.774999618530273,17.06999969482422,21443000
2020-05-05,17.39657211303711,18.084999084472656,18.649999618530273,17.9950008392334,18.170000076293945,22136000
2020-05-06,17.050277709960938,17.725000381469727,18.514999389648438,17.684999465942383,18.434999465942383,26540200
2020-05-07,17.65629005432129,18.354999542236328,18.739999771118164,18.2450008392334,18.3700008392334,22188000
2020-05-08,18.52203369140625,19.2549991607666,19.334999084472656,18.770000457763672,18.989999771118164,20463600
2020-05-11,18.55088996887207,19.28499984741211,19.56999969482422,18.75,18.834999084472656,21826600
2020-05-12,17.4110050201416,18.100000381469727,19.614999771118164,18.094999313354492,19.520000457763672,24825200
2020-05-13,16.5115966796875,17.165000915527344,18.204999923706055,16.649999618530273,17.9950008392334,37855000
2020-05-14,17.11280632019043,17.790000915527344,17.790000915527344,16.190000534057617,16.645000457763672,41451200
2020-05-15,17.31480598449707,18.0,18.010000228881836,17.079999923706055,17.28499984741211,31935400
2020-05-18,18.91642951965332,19.665000915527344,19.975000381469727,19.21500015258789,19.299999237060547,26279400
2020-05-19,18.334457397460938,19.059999465942383,19.889999389648438,19.040000915527344,19.530000686645508,24525200
2020-05-20,19.257915496826172,20.020000457763672,20.200000762939453,19.75,19.80500030517578,20024400
2020-05-21,18.8394775390625,19.584999084472656,20.165000915527344,19.354999542236328,19.989999771118164,26277200
2020-05-22,18.940479278564453,19.690000534057617,19.739999771118164,19.270000457763672,19.540000915527344,14088200
2020-05-26,19.66674041748047,20.44499969482422,21.059999465942383,20.360000610351562,21.010000228881836,18760200
2020-05-27,20.527667999267578,21.34000015258789,21.344999313354492,19.985000610351562,21.065000534057617,24204600
2020-05-28,20.426666259765625,21.235000610351562,22.045000076293945,21.075000762939453,21.594999313354492,21445800
2020-05-29,20.66715431213379,21.485000610351562,21.635000228881836,20.450000762939453,21.125,25808800
2020-06-01,20.94129753112793,21.770000457763672,21.905000686645508,21.2450008392334,21.360000610351562,13758600
2020-06-02,21.470365524291992,22.31999969482422,22.31999969482422,21.674999237060547,21.985000610351562,16631400
2020-06-03,22.336103439331055,23.219999313354492,23.43000030517578,22.71500015258789,22.790000915527344,17846400
2020-06-04,22.119670867919922,22.9950008392334,23.385000228881836,22.510000228881836,22.950000762939453,21390800
2020-06-05,23.822290420532227,24.764999389648438,25.229999542236328,24.309999465942383,24.325000762939453,24524400
2020-06-08,24.716890335083008,25.69499969482422,25.725000381469727,24.860000610351562,25.010000228881836,16026600
2020-06-09,24.178205490112305,25.135000228881836,25.489999771118164,24.774999618530273,25.0,19661800
2020-06-10,23.759763717651367,24.700000762939453,25.485000610351562,24.510000228881836,25.274999618530273,28500200
2020-06-11,19.6090145111084,20.385000228881836,23.079999923706055,20.239999771118164,22.8799991607666,48438000
2020-06-12,20.325658798217773,21.1299991607666,22.114999771118164,19.979999542236328,21.969999313354492,34717600
2020-06-15,20.89801025390625,21.725000381469727,21.975000381469727,19.559999465942383,19.815000534057617,26411000
2020-06-16,22.09561538696289,22.969999313354492,23.545000076293945,21.850000381469727,23.524999618530273,27357600
2020-06-17,21.807039260864258,22.670000076293945,23.290000915527344,22.514999389648438,23.225000381469727,16723800
2020-06-18,21.83589744567871,22.700000762939453,22.825000762939453,22.21500015258789,22.334999084472656,15716000
2020-06-19,21.451122283935547,22.299999237060547,23.575000762939453,22.010000228881836,23.530000686645508,21055000
2020-06-22,21.90804100036621,22.774999618530273,22.84000015258789,21.915000915527344,22.170000076293945,12902800
2020-06-23,22.18700408935547,23.065000534057617,23.610000610351562,22.96500015258789,23.3799991607666,13761200
2020-06-24,20.5084285736084,21.31999969482422,22.719999313354492,20.864999771118164,22.56999969482422,29068000
2020-06-25,21.133684158325195,21.969999313354492,22.040000915527344,20.709999084472656,21.165000915527344,20195400
2020-06-26,19.623451232910156,20.399999618530273,21.770000457763672,20.28499984741211,21.725000381469727,23108200
2020-06-29,20.498807907104492,21.309999465942383,21.309999465942383,20.184999465942383,20.68000030517578,17411800
2020-06-30,21.335693359375,22.18000030517578,22.514999389648438,21.18000030517578,21.225000381469727,17873600
2020-07-01,21.73008918762207,22.59000015258789,22.8799991607666,22.270000457763672,22.385000228881836,19006400
2020-07-02,22.076379776000977,22.950000762939453,23.719999313354492,22.799999237060547,23.40999984741211,17203200
2020-07-06,23.105649948120117,24.020000457763672,24.1200008392334,23.690000534057617,23.885000228881836,14732800
2020-07-07,22.374582290649414,23.260000228881836,24.125,23.18000030517578,23.6299991607666,14961800
2020-07-08,22.894023895263672,23.799999237060547,23.829999923706055,23.03499984741211,23.459999084472656,14111600
2020-07-09,22.504440307617188,23.395000457763672,24.010000228881836,22.565000534057617,23.959999084472656,19465800
2020-07-10,23.19703483581543,24.114999771118164,24.18000030517578,23.040000915527344,23.360000610351562,13980000
2020-07-13,22.591020584106445,23.485000610351562,25.274999618530273,23.329999923706055,24.69499969482422,19627400
2020-07-14,23.45676040649414,24.385000228881836,24.475000381469727,22.850000381469727,23.125,22470000
2020-07-15,24.110872268676758,25.065000534057617,25.34000015258789,24.479999542236328,25.190000534057617,19134600
2020-07-16,23.87038803100586,24.815000534057617,24.93000030517578,24.420000076293945,24.594999313354492,12577800
2020-07-17,24.07720375061035,25.030000686645508,25.229999542236328,24.575000762939453,25.065000534057617,10825000
2020-07-20,24.654367446899414,25.6299991607666,25.81999969482422,24.780000686645508,24.975000381469727,10791000
2020-07-21,24.803462982177734,25.78499984741211,26.2549991607666,25.549999237060547,26.135000228881836,14608600
2020-07-22,25.241140365600586,26.239999771118164,26.30500030517578,25.684999465942383,25.71500015258789,10376400
2020-07-23,24.327308654785156,25.290000915527344,26.325000762939453,24.950000762939453,26.135000228881836,17185600
2020-07-24,23.875194549560547,24.81999969482422,25.075000762939453,24.43000030517578,24.815000534057617,17366200
2020-07-27,24.370595932006836,25.334999084472656,25.395000457763672,24.790000915527344,24.975000381469727,10934000
2020-07-28,23.923294067382812,24.8700008392334,25.454999923706055,24.790000915527344,25.15999984741211,10729600
2020-07-29,24.793842315673828,25.774999618530273,25.924999237060547,25.075000762939453,25.094999313354492,10110600
2020-07-30,24.52931022644043,25.5,25.610000610351562,24.479999542236328,25.010000228881836,17065000
2020-07-31,25.111282348632812,26.104999542236328,26.1299991607666,24.885000228881836,25.969999313354492,15709000
2020-08-03,25.621112823486328,26.635000228881836,26.844999313354492,26.405000686645508,26.545000076293945,9230800
2020-08-04,25.90968894958496,26.934999465942383,26.959999084472656,26.43000030517578,26.43000030517578,10125800
2020-08-05,26.4002742767334,27.44499969482422,27.53499984741211,27.239999771118164,27.31999969482422,9164400
2020-08-06,26.938953399658203,28.0049991607666,28.040000915527344,27.219999313354492,27.299999237060547,11800800
2020-08-07,26.991865158081055,28.059999465942383,28.1200008392334,27.5,27.7450008392334,14788400
2020-08-10,27.232349395751953,28.309999465942383,28.3700008392334,27.65999984741211,28.200000762939453,10513800
2020-08-11,26.583044052124023,27.635000228881836,28.815000534057617,27.420000076293945,28.655000686645508,13895200
2020-08-12,27.660404205322266,28.7549991607666,28.985000610351562,28.270000457763672,28.270000457763672,10382800
2020-08-13,27.540163040161133,28.6299991607666,28.975000381469727,28.360000610351562,28.559999465942383,7720600
2020-08-14,27.52092742919922,28.610000610351562,28.764999389648438,28.309999465942383,28.5049991607666,7134600
2020-08-17,27.79026985168457,28.889999389648438,28.9950008392334,28.78499984741211,28.885000228881836,4849800
2020-08-18,27.94898796081543,29.05500030517578,29.190000534057617,28.559999465942383,29.0,6408200
2020-08-19,27.626739501953125,28.719999313354492,29.329999923706055,28.55500030517578,29.19499969482422,8725800
2020-08-20,27.87684440612793,28.979999542236328,29.100000381469727,28.19499969482422,28.225000381469727,6766200
2020-08-21,28.165420532226562,29.280000686645508,29.329999923706055,28.795000076293945,28.885000228881836,7092600
2020-08-24,29.026351928710938,30.174999237060547,30.190000534057617,29.69499969482422,29.969999313354492,6936400
2020-08-25,29.319744110107422,30.479999542236328,30.510000228881836,30.0049991607666,30.344999313354492,8067600
2020-08-26,30.214340209960938,31.40999984741211,31.485000610351562,30.5049991607666,30.655000686645508,6783600
2020-08-27,30.401918411254883,31.604999542236328,32.03499984741211,31.125,31.670000076293945,11451600
2020-08-28,30.998315811157227,32.224998474121094,32.26499938964844,31.565000534057617,31.924999237060547,9331400
2020-08-31,30.647214889526367,31.860000610351562,32.42499923706055,31.815000534057617,32.15999984741211,8415200
2020-09-01,31.522571563720703,32.77000045776367,32.79999923706055,31.850000381469727,32.1150016784668,10276200
2020-09-02,32.88372039794922,34.185001373291016,34.474998474121094,33.01499938964844,33.3650016784668,13088600
2020-09-03,29.473649978637695,30.639999389648438,33.810001373291016,29.850000381469727,33.66999816894531,25688600
2020-09-04,28.781063079833984,29.920000076293945,31.295000076293945,27.854999542236328,30.850000381469727,19516400
2020-09-08,26.41469955444336,27.459999084472656,28.700000762939453,27.350000381469727,28.350000381469727,20648400
2020-09-09,27.939369201660156,29.045000076293945,29.729999542236328,28.274999618530273,28.520000457763672,12566000
2020-09-10,26.491657257080078,27.540000915527344,29.764999389648438,27.28499984741211,29.575000762939453,18052800
2020-09-11,26.525325775146484,27.575000762939453,28.299999237060547,26.825000762939453,28.010000228881836,17754400
2020-09-14,27.583452224731445,28.674999237060547,29.145000457763672,28.295000076293945,28.440000534057617,8035200
2020-09-15,27.99708366394043,29.104999542236328,29.579999923706055,28.81999969482422,29.360000610351562,8717000
2020-09-16,27.674833297729492,28.770000457763672,29.854999542236328,28.690000534057617,29.469999313354492,10333000
2020-09-17,26.953386306762695,28.020000457763672,28.469999313354492,27.274999618530273,27.405000686645508,14612600
2020-09-18,26.01069450378418,27.040000915527344,28.2450008392334,26.364999771118164,28.229999542236328,17098600
2020-09-21,25.149755477905273,26.145000457763672,26.155000686645508,24.84000015258789,25.829999923706055,18475200
2020-09-22,25.8952579498291,26.920000076293945,27.06999969482422,25.864999771118164,26.5049991607666,8707200
2020-09-23,24.09644317626953,25.049999237060547,27.135000228881836,24.924999237060547,27.075000762939453,11749000
2020-09-24,24.293636322021484,25.2549991607666,26.014999389648438,24.385000228881836,24.709999084472656,14627000
2020-09-25,25.447959899902344,26.454999923706055,26.665000915527344,24.815000534057617,25.030000686645508,11708600
2020-09-28,26.741758346557617,27.799999237060547,27.96500015258789,27.295000076293945,27.549999237060547,8615000
2020-09-29,26.304075241088867,27.344999313354492,27.924999237060547,27.149999618530273,27.7450008392334,7061800
2020-09-30,26.89086151123047,27.954999923706055,28.795000076293945,27.46500015258789,27.524999618530273,13659400
2020-10-01,27.39106559753418,28.475000381469727,28.90999984741211,27.979999542236328,28.655000686645508,8014600
2020-10-02,26.635950088500977,27.690000534057617,28.204999923706055,27.010000228881836,27.139999389648438,11139000
2020-10-05,28.021133422851562,29.1299991607666,29.190000534057617,28.219999313354492,28.235000610351562,8081600
2020-10-06,26.847576141357422,27.90999984741211,29.760000228881836,27.764999389648438,29.190000534057617,13865000
2020-10-07,28.242374420166016,29.360000610351562,29.579999923706055,28.69499969482422,28.700000762939453,7007600
2020-10-08,28.96863555908203,30.114999771118164,30.149999618530273,29.649999618530273,29.895000457763672,7647000
2020-10-09,29.757423400878906,30.934999465942383,31.075000762939453,30.434999465942383,30.610000610351562,9155000
2020-10-12,31.190704345703125,32.42499923706055,32.86000061035156,31.545000076293945,31.719999313354492,10035000
2020-10-13,30.594303131103516,31.80500030517578,32.415000915527344,31.514999389648438,32.39500045776367,7817000
2020-10-14,30.041196823120117,31.229999542236328,32.290000915527344,30.985000610351562,31.969999313354492,9496800
2020-10-15,29.896902084350586,31.079999923706055,31.229999542236328,29.915000915527344,30.049999237060547,9637600
2020-10-16,29.834381103515625,31.014999389648438,31.959999084472656,30.975000381469727,31.469999313354492,7622800
2020-10-19,28.48286247253418,29.610000610351562,31.56999969482422,29.354999542236328,31.389999389648438,11269400
2020-10-20,28.800302505493164,29.940000534057617,30.864999771118164,29.774999618530273,29.979999542236328,11731200
2020-10-21,28.646390914916992,29.780000686645508,30.559999465942383,29.709999084472656,29.934999465942383,9335600
2020-10-22,29.146591186523438,30.299999237060547,30.440000534057617,29.25,29.844999313354492,10873200
2020-10-23,29.40631675720215,30.56999969482422,30.649999618530273,29.899999618530273,30.6299991607666,9725000
2020-10-26,27.79507827758789,28.895000457763672,29.844999313354492,27.899999618530273,29.614999771118164,18392800
2020-10-27,27.506498336791992,28.594999313354492,29.079999923706055,28.53499984741211,28.985000610351562,8161000
2020-10-28,24.683225631713867,25.65999984741211,27.225000381469727,25.530000686645508,27.049999237060547,19969200
2020-10-29,25.419103622436523,26.424999237060547,27.225000381469727,25.290000915527344,25.71500015258789,12400400
2020-10-30,24.611072540283203,25.584999084472656,26.354999542236328,24.655000686645508,26.010000228881836,18944800
2020-11-02,25.457578659057617,26.46500015258789,26.954999923706055,25.7549991607666,26.459999084472656,13937800
2020-11-03,26.789857864379883,27.850000381469727,28.389999389648438,27.165000915527344,27.295000076293945,13491600
2020-11-04,28.574243545532227,29.704999923706055,30.81999969482422,28.7450008392334,29.06999969482422,20369000
2020-11-05,30.248008728027344,31.44499969482422,31.969999313354492,31.110000610351562,31.209999084472656,17022400
2020-11-06,30.25762367248535,31.454999923706055,31.795000076293945,30.770000457763672,31.375,13941800
2020-11-09,31.397520065307617,32.63999938964844,35.275001525878906,32.47999954223633,35.185001373291016,28330800
2020-11-10,31.258039474487305,32.494998931884766,32.78499984741211,31.530000686645508,32.314998626708984,14247000
2020-11-11,31.926589965820312,33.189998626708984,33.439998626708984,32.75,33.1150016784668,8015200
2020-11-12,31.003122329711914,32.22999954223633,33.125,31.68000030517578,32.89500045776367,11904200
2020-11-13,32.28730392456055,33.564998626708984,33.779998779296875,32.6349983215332,32.79499816894531,9809600
2020-11-16,33.46086120605469,34.78499984741211,34.81999969482422,33.98500061035156,34.3849983215332,10209400
2020-11-17,32.97028732299805,34.275001525878906,34.6349983215332,33.61000061035156,34.07500076293945,6924200
2020-11-18,31.753433227539062,33.0099983215332,34.5099983215332,32.994998931884766,34.34000015258789,8335600
2020-11-19,32.16225814819336,33.435001373291016,33.540000915527344,32.43000030517578,32.814998626708984,8866000
2020-11-20,31.50333595275879,32.75,33.40999984741211,32.724998474121094,33.349998474121094,5304000
2020-11-23,32.07568359375,33.345001220703125,33.689998626708984,32.6150016784668,33.26499938964844,8794400
2020-11-24,33.60997009277344,34.939998626708984,35.099998474121094,33.845001220703125,34.095001220703125,9808400
2020-11-25,33.45124816894531,34.775001525878906,34.91999816894531,34.439998626708984,34.915000915527344,6243400
2020-11-27,33.710968017578125,35.04499816894531,35.209999084472656,34.755001068115234,35.1150016784668,3632400
2020-11-30,33.27329635620117,34.59000015258789,34.89500045776367,33.76499938964844,34.80500030517578,9995000
2020-12-01,34.365089416503906,35.724998474121094,36.19499969482422,35.415000915527344,35.599998474121094,7728200
2020-12-02,34.56228256225586,35.93000030517578,35.98500061035156,35.185001373291016,35.3650016784668,7159400
2020-12-03,34.543033599853516,35.90999984741211,36.35499954223633,35.58000183105469,35.904998779296875,7116200
2020-12-04,35.4232177734375,36.82500076293945,36.834999084472656,36.07500076293945,36.10499954223633,5830600
2020-12-07,35.24525833129883,36.63999938964844,36.775001525878906,36.20000076293945,36.61000061035156,5255600
2020-12-08,35.53384017944336,36.939998626708984,37.119998931884766,36.19499969482422,36.20000076293945,4220000
2020-12-09,34.58633041381836,35.95500183105469,37.20000076293945,35.67499923706055,37.13999938964844,8655200
2020-12-10,34.51899337768555,35.8849983215332,36.22999954223633,35.220001220703125,35.5,6214000
2020-12-11,34.38913345336914,35.75,35.845001220703125,34.880001068115234,35.345001220703125,6650000
2020-12-14,33.941829681396484,35.28499984741211,36.79499816894531,35.209999084472656,36.459999084472656,7900400
2020-12-15,35.30778503417969,36.70500183105469,36.720001220703125,35.654998779296875,36.095001220703125,6934600
2020-12-16,35.480934143066406,36.8849983215332,37.189998626708984,36.51499938964844,36.79999923706055,6312800
2020-12-17,36.077335357666016,37.505001068115234,37.56999969482422,37.15999984741211,37.40999984741211,5938800
2020-12-18,35.65889358520508,37.06999969482422,37.6349983215332,36.40999984741211,37.60499954223633,12352400
2020-12-21,35.30297088623047,36.70000076293945,36.95000076293945,34.93000030517578,35.790000915527344,12077600
2020-12-22,35.067298889160156,36.45500183105469,36.79999923706055,36.125,36.7599983215332,6252400
2020-12-23,35.17171096801758,36.54999923706055,37.15999984741211,36.5,36.75,4289000
2020-12-24,35.58067321777344,36.974998474121094,36.974998474121094,36.51499938964844,36.70500183105469,3174600
2020-12-28,36.485233306884766,37.915000915527344,38.04999923706055,37.584999084472656,37.79999923706055,4363600
2020-12-29,36.268714904785156,37.689998626708984,38.47999954223633,37.51499938964844,38.42499923706055,5790400
2020-12-30,36.41306686401367,37.84000015258789,38.189998626708984,37.7400016784668,37.959999084472656,4217400
2020-12-31,36.98081970214844,38.43000030517578,38.665000915527344,37.625,37.80500030517578,5678600
2021-01-04,35.4652099609375,36.85499954223633,38.90999984741211,35.6349983215332,38.869998931884766,14195000
2021-01-05,36.167667388916016,37.584999084472656,37.95500183105469,36.6349983215332,36.63999938964844,8545800
2021-01-06,36.84608840942383,38.290000915527344,39.32500076293945,36.935001373291016,37.11000061035156,15697800
2021-01-07,38.46754455566406,39.974998474121094,40.224998474121094,39.005001068115234,39.064998626708984,10134000
2021-01-08,39.12672424316406,40.65999984741211,40.72999954223633,39.345001220703125,40.45000076293945,12885600
2021-01-11,38.34725570678711,39.849998474121094,40.439998626708984,39.540000915527344,39.564998626708984,9382800
2021-01-12,38.376136779785156,39.880001068115234,40.20000076293945,39.10499954223633,39.90999984741211,9411200
2021-01-13,38.65519332885742,40.16999816894531,40.51499938964844,39.57500076293945,39.845001220703125,6181000
2021-01-14,38.25584411621094,39.755001068115234,40.599998474121094,39.63999938964844,40.435001373291016,7253600
2021-01-15,37.409027099609375,38.875,39.470001220703125,38.255001068115234,39.20000076293945,8500800
2021-01-19,38.29433059692383,39.79499816894531,39.970001220703125,39.21500015258789,39.689998626708984,8177200
2021-01-20,39.867679595947266,41.43000030517578,41.720001220703125,40.439998626708984,40.564998626708984,6933400
2021-01-21,39.959102630615234,41.525001525878906,41.775001525878906,41.22999954223633,41.619998931884766,4612200
2021-01-22,39.55493927001953,41.10499954223633,41.4900016784668,40.77000045776367,40.904998779296875,7853600
2021-01-25,40.03126525878906,41.599998474121094,41.70000076293945,39.689998626708984,41.36000061035156,10155600
2021-01-26,39.8436279296875,41.404998779296875,42.04999923706055,41.314998626708984,41.900001525878906,4737800
2021-01-27,36.90864181518555,38.35499954223633,40.25,37.58000183105469,40.2400016784668,14850000
2021-01-28,37.837249755859375,39.31999969482422,40.64500045776367,38.810001373291016,38.939998626708984,13362400
2021-01-29,35.609554290771484,37.005001068115234,39.029998779296875,36.404998779296875,38.70000076293945,15330000
2021-02-01,37.30799865722656,38.77000045776367,39.150001525878906,37.380001068115234,38.060001373291016,7982200
2021-02-02,38.90538787841797,40.43000030517578,40.974998474121094,39.849998474121094,39.8650016784668,7695400
2021-02-03,39.02566909790039,40.55500030517578,41.130001068115234,40.1150016784668,40.73500061035156,6377200
2021-02-04,40.33439636230469,41.915000915527344,41.93000030517578,40.845001220703125,40.904998779296875,5272800
2021-02-05,40.80110168457031,42.400001525878906,42.665000915527344,42.025001525878906,42.599998474121094,5969800
2021-02-08,41.72489929199219,43.36000061035156,43.36000061035156,42.6349983215332,42.91999816894531,4910800
2021-02-09,41.60942459106445,43.2400016784668,43.459999084472656,42.900001525878906,43.04999923706055,4008800
2021-02-10,41.5805549621582,43.209999084472656,43.92499923706055,42.334999084472656,43.85499954223633,6938000
2021-02-11,41.7537727355957,43.38999938964844,43.724998474121094,42.53499984741211,43.59000015258789,6182600
2021-02-12,42.384071350097656,44.04499816894531,44.119998931884766,43.084999084472656,43.084999084472656,5201800
2021-02-16,42.25897216796875,43.915000915527344,44.540000915527344,43.665000915527344,44.474998474121094,7512200
2021-02-17,42.29747009277344,43.95500183105469,44.025001525878906,42.91999816894531,43.275001525878906,7880600
2021-02-18,41.76339340209961,43.400001525878906,43.63999938964844,42.3849983215332,43.0,8199200
2021-02-19,41.53244400024414,43.15999984741211,43.92499923706055,42.98500061035156,43.834999084472656,7556600
2021-02-22,40.58940124511719,42.18000030517578,43.0,42.05500030517578,42.14500045776367,7823400
2021-02-23,40.71449279785156,42.310001373291016,42.77000045776367,39.904998779296875,41.380001068115234,13051000
2021-02-24,42.05689239501953,43.70500183105469,43.84000015258789,41.57500076293945,41.900001525878906,12564800
2021-02-25,39.040103912353516,40.56999969482422,43.72999954223633,40.005001068115234,43.25,20683400
2021-02-26,38.36651611328125,39.869998931884766,41.560001373291016,39.21500015258789,41.17499923706055,18970400
2021-03-01,41.14752960205078,42.7599983215332,43.220001220703125,41.529998779296875,41.529998779296875,9865000
2021-03-02,40.20928955078125,41.78499984741211,42.96500015258789,41.709999084472656,42.8849983215332,12509000
2021-03-03,38.62632751464844,40.13999938964844,41.8849983215332,40.10499954223633,41.54999923706055,16727000
2021-03-04,37.16365051269531,38.619998931884766,40.935001373291016,37.10499954223633,40.064998626708984,20259000
2021-03-05,39.22295379638672,40.7599983215332,41.11000061035156,37.380001068115234,39.779998779296875,22432800
2021-03-08,38.64557647705078,40.15999984741211,42.040000915527344,40.04999923706055,41.084999084472656,15477000
2021-03-09,40.281471252441406,41.86000061035156,42.724998474121094,41.279998779296875,41.439998626708984,8943400
2021-03-10,41.01762008666992,42.625,43.23500061035156,42.189998626708984,42.70500183105469,10816200
2021-03-11,42.28302764892578,43.939998626708984,44.63999938964844,43.35499954223633,43.525001525878906,7686200
2021-03-12,42.456241607666016,44.119998931884766,44.165000915527344,43.15999984741211,43.45500183105469,7834200
2021-03-15,43.22126388549805,44.915000915527344,45.0,43.439998626708984,44.20500183105469,6305600
2021-03-16,43.06730270385742,44.755001068115234,45.380001068115234,44.45000076293945,45.119998931884766,6973200
2021-03-17,43.46184158325195,45.165000915527344,45.474998474121094,43.845001220703125,44.27000045776367,8504200
2021-03-18,41.57094192504883,43.20000076293945,44.994998931884766,43.0,44.2400016784668,10932600
2021-03-19,41.349609375,42.970001220703125,43.650001525878906,42.189998626708984,43.10499954223633,8538200
2021-03-22,42.29747009277344,43.95500183105469,44.47999954223633,43.119998931884766,43.125,7587800
2021-03-23,41.34400177001953,42.95000076293945,44.26499938964844,42.654998779296875,43.75,9710600
2021-03-24,40.69424819946289,42.275001525878906,44.005001068115234,42.275001525878906,43.435001373291016,8244600
2021-03-25,41.363250732421875,42.970001220703125,43.27000045776367,41.095001220703125,41.775001525878906,11545800
2021-03-26,43.38954544067383,45.07500076293945,45.19499969482422,43.18000030517578,43.400001525878906,10852800
2021-03-29,43.307735443115234,44.9900016784668,45.30500030517578,43.974998474121094,44.51499938964844,11301200
2021-03-30,42.946746826171875,44.6150016784668,44.869998931884766,44.04999923706055,44.54499816894531,8918600
2021-03-31,43.48099899291992,45.16999816894531,45.724998474121094,44.82500076293945,44.834999084472656,11006000
2021-04-01,44.83345413208008,46.57500076293945,46.63999938964844,45.779998779296875,45.86000061035156,10146600
2021-04-05,46.77792739868164,48.595001220703125,48.83000183105469,47.59000015258789,47.6150016784668,10349200
2021-04-06,46.705726623535156,48.52000045776367,48.93000030517578,48.29499816894531,48.41999816894531,9015400
2021-04-07,46.89344024658203,48.71500015258789,48.83000183105469,48.290000915527344,48.48500061035156,6547800
2021-04-08,47.5335693359375,49.380001068115234,49.40999984741211,48.82500076293945,49.17499923706055,5686000
2021-04-09,48.5683708190918,50.45500183105469,50.529998779296875,49.29499816894531,49.369998931884766,6527000
2021-04-12,48.611690521240234,50.5,50.619998931884766,49.9900016784668,50.209999084472656,5920000
2021-04-13,49.02079772949219,50.92499923706055,51.20500183105469,50.32500076293945,50.46500015258789,6068000
2021-04-14,48.54912567138672,50.435001373291016,51.3650016784668,50.220001220703125,50.95000076293945,9262400
2021-04-15,50.10372543334961,52.04999923706055,52.154998779296875,51.255001068115234,51.26499938964844,7601600
2021-04-16,50.642791748046875,52.61000061035156,52.81999969482422,52.005001068115234,52.57500076293945,9362400
2021-04-19,49.8823356628418,51.81999969482422,52.380001068115234,51.255001068115234,52.189998626708984,8908000
2021-04-20,48.79458999633789,50.689998626708984,51.595001220703125,50.084999084472656,51.290000915527344,9427400
2021-04-21,50.14223098754883,52.09000015258789,52.165000915527344,50.3650016784668,50.41999816894531,7360600
2021-04-22,48.78496170043945,50.68000030517578,52.345001220703125,50.2400016784668,52.029998779296875,11929200
2021-04-23,50.34438705444336,52.29999923706055,52.85499954223633,50.86000061035156,50.8849983215332,7257000
2021-04-26,50.666866302490234,52.6349983215332,52.85499954223633,52.38999938964844,52.56999969482422,6124400
2021-04-27,50.613922119140625,52.58000183105469,52.81999969482422,52.13999938964844,52.744998931884766,5314200
2021-04-28,50.54172134399414,52.505001068115234,53.14500045776367,52.369998931884766,52.70000076293945,7077600
2021-04-29,51.485076904296875,53.48500061035156,53.779998779296875,52.17499923706055,53.654998779296875,8503400
2021-04-30,50.51283645629883,52.474998474121094,52.96500015258789,52.125,52.619998931884766,10135200
2021-05-03,50.84013366699219,52.814998626708984,53.42499923706055,52.6150016784668,53.25,6332400
2021-05-04,49.901588439941406,51.84000015258789,52.20000076293945,50.345001220703125,52.005001068115234,13769600
2021-05-05,49.89677047729492,51.834999084472656,52.57500076293945,51.57500076293945,52.5,7332800
2021-05-06,51.100032806396484,53.084999084472656,53.150001525878906,51.095001220703125,51.90999984741211,8457200
2021-05-07,52.23109817504883,54.2599983215332,54.53499984741211,53.150001525878906,53.41999816894531,9123200
2021-05-10,50.681304931640625,52.650001525878906,54.5,52.595001220703125,54.43000030517578,9577000
2021-05-11,49.352901458740234,51.27000045776367,51.625,49.66999816894531,50.80500030517578,13711000
2021-05-12,46.209991455078125,48.005001068115234,50.625,47.744998931884766,50.1150016784668,14976400
2021-05-13,47.81272888183594,49.66999816894531,50.41999816894531,48.540000915527344,48.540000915527344,14824200
2021-05-14,50.02191925048828,51.96500015258789,52.30500030517578,50.744998931884766,50.755001068115234,9549200
2021-05-17,49.64649963378906,51.57500076293945,51.904998779296875,50.775001525878906,51.53499984741211,10020200
2021-05-18,48.39992141723633,50.279998779296875,51.76499938964844,50.185001373291016,51.69499969482422,6724600
2021-05-19,47.9811897277832,49.845001220703125,49.89500045776367,47.814998626708984,48.3849983215332,10097600
2021-05-20,49.516536712646484,51.439998626708984,51.93000030517578,50.13999938964844,50.185001373291016,7333600
2021-05-21,49.39621353149414,51.314998626708984,52.529998779296875,51.1349983215332,52.05500030517578,7418000
2021-05-24,50.90751266479492,52.8849983215332,53.310001373291016,52.11000061035156,52.2400016784668,5101200
2021-05-25,50.57541275024414,52.540000915527344,53.46500015258789,52.29999923706055,53.310001373291016,6072600
2021-05-26,50.873817443847656,52.849998474121094,53.04499816894531,52.35499954223633,52.76499938964844,3656200
2021-05-27,50.90269470214844,52.880001068115234,53.45500183105469,52.869998931884766,53.26499938964844,7473000
2021-05-28,51.20109939575195,53.189998626708984,53.65999984741211,53.11000061035156,53.54999923706055,5644200
2021-06-01,51.05190658569336,53.03499984741211,54.209999084472656,52.880001068115234,54.165000915527344,5707600
2021-06-02,51.316619873046875,53.310001373291016,53.63999938964844,52.915000915527344,53.30500030517578,4335800
2021-06-03,50.74386978149414,52.71500015258789,53.16999816894531,51.755001068115234,52.34000015258789,7609400
2021-06-04,52.08189392089844,54.10499954223633,54.26499938964844,53.42499923706055,53.44499969482422,6013200
2021-06-07,52.00007629394531,54.02000045776367,54.21500015258789,53.61000061035156,54.1349983215332,3919800
2021-06-08,52.01451110839844,54.03499984741211,54.375,53.275001525878906,54.349998474121094,4733600
2021-06-09,51.769046783447266,53.779998779296875,54.38999938964844,53.68000030517578,54.380001068115234,4553200
2021-06-10,52.48618698120117,54.525001525878906,54.904998779296875,53.744998931884766,54.29499816894531,5438400
2021-06-11,52.746097564697266,54.79499816894531,54.834999084472656,54.224998474121094,54.755001068115234,4152000
2021-06-14,53.116695404052734,55.18000030517578,55.185001373291016,54.32500076293945,54.81999969482422,4601800
2021-06-15,52.79422378540039,54.845001220703125,55.224998474121094,54.494998931884766,55.224998474121094,4773600
2021-06-16,51.92787551879883,53.94499969482422,54.9900016784668,53.05500030517578,54.93000030517578,7662600
2021-06-17,51.88936233520508,53.904998779296875,54.255001068115234,52.86000061035156,53.76499938964844,7110200
2021-06-18,49.80051803588867,51.73500061035156,52.79499816894531,51.6150016784668,52.54999923706055,11185000
2021-06-21,51.908626556396484,53.92499923706055,53.9900016784668,52.07500076293945,52.39500045776367,9854600
2021-06-22,52.68351745605469,54.72999954223633,55.1150016784668,53.61000061035156,53.91999816894531,8762400
2021-06-23,52.53913116455078,54.58000183105469,55.130001068115234,54.53499984741211,54.79999923706055,4960800
2021-06-24,53.45842361450195,55.53499984741211,55.724998474121094,55.345001220703125,55.435001373291016,9034000
2021-06-25,54.01192092895508,56.11000061035156,56.29499816894531,55.70500183105469,55.86000061035156,6309800
2021-06-28,54.36327362060547,56.474998474121094,56.52000045776367,55.82500076293945,56.33000183105469,9842200
2021-06-29,54.42584228515625,56.540000915527344,56.880001068115234,56.33000183105469,56.6150016784668,6301600
2021-06-30,54.57504653930664,56.69499969482422,56.959999084472656,56.349998474121094,56.375,8498800
2021-07-01,55.489524841308594,57.64500045776367,57.689998626708984,56.974998474121094,57.0099983215332,9977200
2021-07-02,56.75536346435547,58.959999084472656,59.084999084472656,57.974998474121094,58.095001220703125,10956200
2021-07-06,56.38475036621094,58.57500076293945,59.040000915527344,57.42499923706055,58.95000076293945,8983200
2021-07-07,57.0152702331543,59.22999954223633,59.349998474121094,58.04499816894531,58.92499923706055,8007600
2021-07-08,55.653167724609375,57.814998626708984,58.119998931884766,56.40999984741211,56.89500045776367,14217200
2021-07-09,57.39067459106445,59.619998931884766,59.7400016784668,58.345001220703125,58.439998626708984,7475600
2021-07-12,58.03563690185547,60.290000915527344,60.375,59.400001525878906,59.584999084472656,10706800
2021-07-13,57.4436149597168,59.67499923706055,60.58000183105469,59.529998779296875,59.95500183105469,12580200
2021-07-14,57.64095687866211,59.880001068115234,60.595001220703125,59.3650016784668,60.39500045776367,11318000
2021-07-15,57.05857849121094,59.275001525878906,59.6150016784668,58.46500015258789,59.29999923706055,10190600
2021-07-16,55.73979949951172,57.904998779296875,59.81999969482422,57.71500015258789,59.81999969482422,10763400
2021-07-19,53.28996658325195,55.36000061035156,56.02000045776367,54.119998931884766,55.814998626708984,23309200
2021-07-20,55.56653594970703,57.724998474121094,58.209999084472656,55.27000045776367,55.59000015258789,16256600
2021-07-21,56.88530731201172,59.095001220703125,59.150001525878906,58.130001068115234,58.21500015258789,9314000
2021-07-22,57.25591278076172,59.47999954223633,59.55500030517578,58.72999954223633,59.17499923706055,6685400
2021-07-23,58.98379135131836,61.275001525878906,61.435001373291016,59.9900016784668,60.279998779296875,5911200
2021-07-26,59.42659378051758,61.73500061035156,61.73500061035156,60.994998931884766,61.025001525878906,5418800
2021-07-27,58.62762451171875,60.904998779296875,61.275001525878906,59.625,61.26499938964844,8183000
2021-07-28,58.5313606262207,60.80500030517578,61.41999816894531,60.17499923706055,61.18000030517578,7572200
2021-07-29,59.25813293457031,61.560001373291016,62.03499984741211,61.209999084472656,61.25,6752400
2021-07-30,58.35810089111328,60.625,61.30500030517578,60.35499954223633,60.415000915527344,6612800
2021-08-02,57.99711990356445,60.25,61.65999984741211,60.150001525878906,61.39500045776367,7308000
2021-08-03,59.416961669921875,61.724998474121094,61.775001525878906,59.654998779296875,60.60499954223633,9525600
2021-08-04,58.56986999511719,60.845001220703125,61.42499923706055,60.724998474121094,61.150001525878906,6468200
2021-08-05,59.64317321777344,61.959999084472656,62.01499938964844,61.19499969482422,61.345001220703125,5057000
2021-08-06,59.98008346557617,62.310001373291016,62.459999084472656,61.97999954223633,62.099998474121094,6092200
2021-08-09,59.79238510131836,62.1150016784668,62.400001525878906,61.76499938964844,62.26499938964844,4908800
2021-08-10,59.975276947021484,62.30500030517578,62.654998779296875,61.98500061035156,62.29499816894531,7143600
2021-08-11,60.41326141357422,62.7599983215332,62.834999084472656,62.29999923706055,62.82500076293945,5811400
2021-08-12,60.947509765625,63.314998626708984,63.40999984741211,62.314998626708984,62.70000076293945,6878800
2021-08-13,61.284427642822266,63.665000915527344,63.69499969482422,63.33000183105469,63.525001525878906,7744400
2021-08-16,61.741661071777344,64.13999938964844,64.18499755859375,62.3849983215332,63.119998931884766,9265000
2021-08-17,60.548030853271484,62.900001525878906,63.279998779296875,61.505001068115234,62.95500183105469,14781800
2021-08-18,58.56024169921875,60.834999084472656,63.1150016784668,60.70500183105469,62.415000915527344,13303200
2021-08-19,58.7672004699707,61.04999923706055,61.61000061035156,59.529998779296875,59.55500030517578,14684400
2021-08-20,60.23517608642578,62.57500076293945,62.689998626708984,61.025001525878906,61.244998931884766,9821200
2021-08-23,61.775352478027344,64.17500305175781,64.6050033569336,63.290000915527344,63.290000915527344,7659400
2021-08-24,62.08338928222656,64.49500274658203,64.7300033569336,64.25499725341797,64.51499938964844,5245000
2021-08-25,62.444366455078125,64.87000274658203,65.125,64.40499877929688,64.58499908447266,5116400
2021-08-26,61.37105178833008,63.755001068115234,64.86000061035156,63.69499969482422,64.75,9457000
2021-08-27,62.949745178222656,65.3949966430664,65.61499786376953,64.08000183105469,64.1050033569336,9611400
2021-08-30,63.78720474243164,66.26499938964844,66.66999816894531,65.6500015258789,65.76499938964844,6443600
2021-08-31,63.59468460083008,66.06500244140625,66.42500305175781,65.73500061035156,66.26499938964844,8229400
2021-09-01,63.70056915283203,66.17500305175781,66.69000244140625,66.01000213623047,66.44499969482422,9301600
2021-09-02,64.2300033569336,66.7249984741211,67.1050033569336,66.16000366210938,66.79000091552734,6092400
2021-09-03,64.15299987792969,66.6449966430664,66.90499877929688,65.98999786376953,66.25499725341797,7314800
2021-09-07,63.49360275268555,65.95999908447266,66.53500366210938,65.625,66.49500274658203,8460400
2021-09-08,63.26258087158203,65.72000122070312,66.02999877929688,64.79499816894531,65.68000030517578,10266400
2021-09-09,62.405853271484375,64.83000183105469,66.41500091552734,64.73500061035156,65.58000183105469,10624400
2021-09-10,60.9571418762207,63.32500076293945,65.93000030517578,63.255001068115234,65.74500274658203,12731000
2021-09-13,61.37105178833008,63.755001068115234,64.78500366210938,62.73500061035156,64.66000366210938,18009800
2021-09-14,60.41807556152344,62.76499938964844,64.5199966430664,62.34000015258789,64.41999816894531,15547600
2021-09-15,61.93418502807617,64.33999633789062,64.54000091552734,62.43000030517578,62.92499923706055,13475000
2021-09-16,61.587646484375,63.97999954223633,64.51000213623047,62.650001525878906,64.06500244140625,13739400
2021-09-17,59.83570098876953,62.15999984741211,63.834999084472656,61.96500015258789,63.60499954223633,18838600
2021-09-20,56.851619720458984,59.060001373291016,60.084999084472656,56.83000183105469,59.3650016784668,25870200
2021-09-21,56.6879768371582,58.88999938964844,60.58000183105469,58.619998931884766,60.03499984741211,15171800
2021-09-22,58.29071044921875,60.55500030517578,61.45500183105469,59.415000915527344,59.845001220703125,12969600
2021-09-23,60.41326141357422,62.7599983215332,63.470001220703125,61.279998779296875,61.369998931884766,9306400
2021-09-24,60.71649169921875,63.07500076293945,63.375,61.91999816894531,62.02000045776367,6932000
2021-09-27,60.196678161621094,62.53499984741211,63.10499954223633,62.185001373291016,62.58000183105469,7759200
2021-09-28,56.562835693359375,58.7599983215332,61.38999938964844,58.39500045776367,61.22999954223633,17454600
2021-09-29,56.78904724121094,58.994998931884766,60.05500030517578,58.76499938964844,59.29999923706055,12056200
2021-09-30,54.729068756103516,56.85499954223633,59.935001373291016,56.755001068115234,59.625,18906600
2021-10-01,56.67833709716797,58.880001068115234,59.56999969482422,56.09000015258789,57.56999969482422,20352000
2021-10-04,54.46434783935547,56.58000183105469,58.72999954223633,55.650001525878906,58.36000061035156,16350600
2021-10-05,56.12004089355469,58.29999923706055,59.27000045776367,56.869998931884766,57.209999084472656,11374800
2021-10-06,56.851619720458984,59.060001373291016,59.13999938964844,56.07500076293945,56.775001525878906,14926000
2021-10-07,58.295528411865234,60.560001373291016,61.80500030517578,60.38999938964844,60.47999954223633,11065000
2021-10-08,57.9586067199707,60.209999084472656,61.08000183105469,59.96500015258789,60.935001373291016,9985200
2021-10-11,56.726478576660156,58.93000030517578,61.224998474121094,58.904998779296875,59.95000076293945,9545000
2021-10-12,56.33180236816406,58.52000045776367,59.5,58.15999984741211,59.334999084472656,10140600
2021-10-13,56.89011764526367,59.099998474121094,59.48500061035156,57.654998779296875,58.91999816894531,9447800
2021-10-14,59.758689880371094,62.08000183105469,62.15999984741211,60.5099983215332,60.720001220703125,9437600
2021-10-15,61.135215759277344,63.5099983215332,63.67499923706055,62.7599983215332,63.07500076293945,7802600
2021-10-18,61.707969665527344,64.1050033569336,64.22000122070312,62.38999938964844,62.67499923706055,6398800
2021-10-19,63.11338424682617,65.56500244140625,65.58000183105469,64.53500366210938,64.80500030517578,6880800
2021-10-20,63.820899963378906,66.30000305175781,66.46499633789062,65.70999908447266,65.75499725341797,7339400
2021-10-21,64.33588409423828,66.83499908447266,66.93000030517578,65.83499908447266,66.02999877929688,6530600
2021-10-22,64.11930847167969,66.61000061035156,67.30500030517578,65.69999694824219,66.62999725341797,9910600
2021-10-25,65.09154510498047,67.62000274658203,67.83499908447266,66.29499816894531,67.11499786376953,6206400
2021-10-26,65.3418197631836,67.87999725341797,68.98999786376953,67.69999694824219,68.40499877929688,8000000
2021-10-27,64.4513931274414,66.95500183105469,68.37999725341797,66.94000244140625,68.08000183105469,6128200
2021-10-28,66.28997802734375,68.86499786376953,68.91999816894531,67.62999725341797,67.63500213623047,8521200
2021-10-29,66.71353149414062,69.30500030517578,69.44000244140625,67.66000366210938,67.7750015258789,10592200
2021-11-01,67.07450866699219,69.68000030517578,69.97000122070312,68.83999633789062,69.78500366210938,9087200
2021-11-02,67.86385345458984,70.5,70.6500015258789,69.68000030517578,69.7300033569336,8008600
2021-11-03,69.12968444824219,71.81500244140625,72.0,70.0199966430664,70.2249984741211,8535800
2021-11-04,70.05859375,72.77999877929688,72.8550033569336,71.91999816894531,72.08999633789062,9553200
2021-11-05,70.81905364990234,73.56999969482422,74.56500244140625,72.82499694824219,73.92500305175781,9937800
2021-11-08,71.0163803100586,73.7750015258789,74.36499786376953,73.41000366210938,74.12999725341797,7478600
2021-11-09,70.2848129272461,73.01499938964844,74.05000305175781,72.30000305175781,73.94999694824219,9782600
2021-11-10,68.60506439208984,71.2699966430664,73.00499725341797,70.5,72.16999816894531,10143800
2021-11-11,68.68206024169922,71.3499984741211,72.0,71.30999755859375,71.95999908447266,5655000
2021-11-12,70.2077865600586,72.93499755859375,73.19499969482422,71.47000122070312,71.94000244140625,7729200
2021-11-15,70.23667907714844,72.96499633789062,73.63500213623047,72.43000030517578,73.57499694824219,6410200
2021-11-16,71.07894897460938,73.83999633789062,74.41999816894531,72.83000183105469,72.86000061035156,7697400
2021-11-17,70.53990173339844,73.27999877929688,73.80999755859375,72.98500061035156,73.72000122070312,7756000
2021-11-18,71.24740600585938,74.01499938964844,74.18499755859375,72.46499633789062,73.81500244140625,8877600
2021-11-19,70.90568542480469,73.66000366210938,74.61499786376953,73.4749984741211,73.9749984741211,8783200
2021-11-22,70.2751693725586,73.00499725341797,75.84500122070312,72.92500305175781,74.55000305175781,11923800
2021-11-23,70.6072769165039,73.3499984741211,73.7249984741211,71.55000305175781,72.83000183105469,12857000
2021-11-24,71.08375549316406,73.84500122070312,73.94000244140625,71.88500213623047,72.31999969482422,9659400
2021-11-26,66.45362854003906,69.03500366210938,71.25,68.37000274658203,70.5199966430664,16610400
2021-11-29,68.80721282958984,71.4800033569336,72.33499908447266,70.16000366210938,71.21499633789062,11760000
2021-11-30,64.90382385253906,67.42500305175781,71.16500091552734,67.15499877929688,70.24500274658203,20481600
2021-12-01,62.60801696777344,65.04000091552734,71.31500244140625,64.91999816894531,69.94999694824219,19215000
2021-12-02,65.4332504272461,67.9749984741211,68.71499633789062,64.93499755859375,65.11000061035156,18059800
2021-12-03,63.710201263427734,66.18499755859375,69.29000091552734,64.2249984741211,68.80500030517578,24006600
2021-12-06,65.98677062988281,68.55000305175781,69.44499969482422,66.2750015258789,67.4000015258789,16989400
2021-12-07,70.07302856445312,72.79499816894531,73.0999984741211,71.06999969482422,71.11499786376953,13949800
2021-12-08,70.6890869140625,73.43499755859375,73.62999725341797,72.1500015258789,73.04000091552734,8183200
2021-12-09,69.2307357788086,71.91999816894531,73.20500183105469,71.81999969482422,72.75499725341797,7923000
2021-12-10,71.2281723022461,73.99500274658203,74.01000213623047,71.9749984741211,73.23999786376953,11845200
2021-12-13,69.32701873779297,72.0199966430664,73.83999633789062,71.83999633789062,73.69499969482422,9221800
2021-12-14,67.87345123291016,70.51000213623047,71.56999969482422,69.02999877929688,70.31999969482422,9927000
2021-12-15,71.01156616210938,73.7699966430664,73.8949966430664,69.29499816894531,70.49500274658203,11675800
2021-12-16,69.11041259765625,71.79499816894531,74.82499694824219,71.0199966430664,74.69999694824219,14363600
2021-12-17,66.93974304199219,69.54000091552734,71.75499725341797,68.66999816894531,70.2699966430664,20049600
2021-12-20,64.79312896728516,67.30999755859375,67.4800033569336,65.54000091552734,67.05000305175781,15880200
2021-12-21,68.22482299804688,70.875,70.93499755859375,67.87000274658203,68.90499877929688,10337400
2021-12-22,70.2607421875,72.98999786376953,73.02999877929688,70.63999938964844,70.72000122070312,8348000
2021-12-23,71.5468521118164,74.29499816894531,75.02999877929688,73.37999725341797,73.41999816894531,7704000
2021-12-27,74.56106567382812,77.42500305175781,77.46499633789062,74.95999908447266,74.98500061035156,6228400
2021-12-28,74.4262466430664,77.28500366210938,78.19000244140625,76.8550033569336,77.67500305175781,6149400
2021-12-29,74.69588470458984,77.56500244140625,78.06500244140625,76.78500366210938,77.30500030517578,6465000
2021-12-30,74.05548095703125,76.9000015258789,78.26499938964844,76.66000366210938,77.70500183105469,6001000
2021-12-31,73.45843505859375,76.27999877929688,77.22000122070312,76.16000366210938,76.61000061035156,5945200
2022-01-03,74.7440414428711,77.61499786376953,77.66999816894531,75.76000213623047,76.95999908447266,9503800
2022-01-04,74.68144989013672,77.55000305175781,78.71499633789062,76.58000183105469,78.3550033569336,11905200
2022-01-05,70.34308624267578,73.04499816894531,77.7300033569336,73.0199966430664,77.3550033569336,15084000
2022-01-06,70.15047454833984,72.84500122070312,74.18499755859375,71.66999816894531,72.8550033569336,13981200
2022-01-07,69.35600280761719,72.0199966430664,73.42500305175781,71.30000305175781,72.81500244140625,13156600
2022-01-10,69.04302978515625,71.69499969482422,71.80999755859375,67.56999969482422,70.375,18895800
2022-01-11,70.94015502929688,73.66500091552734,73.69000244140625,70.08999633789062,71.56500244140625,14850200
2022-01-12,71.56610107421875,74.31500244140625,75.26499938964844,73.2699966430664,74.5199966430664,10613000
2022-01-13,68.53742980957031,71.16999816894531,75.0999984741211,70.66000366210938,74.80000305175781,9745400
2022-01-14,68.59521484375,71.2300033569336,71.4000015258789,69.02999877929688,69.58000183105469,11007900
2022-01-18,64.96465301513672,67.45999908447266,69.04000091552734,66.91999816894531,68.93000030517578,11867700
2022-01-19,62.95197296142578,65.37000274658203,68.80999755859375,65.20999908447266,68.1500015258789,11656200
2022-01-20,60.85261154174805,63.189998626708984,68.36000061035156,62.95000076293945,66.19000244140625,10739300
2022-01-21,57.27021026611328,59.470001220703125,63.70000076293945,59.43000030517578,62.68000030517578,23424600
2022-01-24,57.98283767700195,60.209999084472656,60.400001525878906,52.41999816894531,56.97999954223633,26532700
2022-01-25,55.82570266723633,57.970001220703125,60.13999938964844,55.0,57.400001525878906,17505300
2022-01-26,55.469390869140625,57.599998474121094,61.790000915527344,55.7400016784668,60.43000030517578,21162500
2022-01-27,54.612300872802734,56.709999084472656,60.79999923706055,55.970001220703125,59.4900016784668,18358600
2022-01-28,58.637691497802734,60.88999938964844,60.900001525878906,55.33000183105469,57.2599983215332,16536600
2022-01-31,61.78673553466797,64.16000366210938,64.33000183105469,60.0,60.56999969482422,9906100
2022-02-01,63.14456558227539,65.56999969482422,65.7699966430664,62.90999984741211,64.54000091552734,10517000
2022-02-02,64.88763427734375,67.37999725341797,67.70999908447266,65.5199966430664,66.55000305175781,11025200
2022-02-03,60.32295227050781,62.63999938964844,65.43000030517578,62.220001220703125,64.5199966430664,9946000
2022-02-04,61.16077423095703,63.5099983215332,65.19000244140625,61.45000076293945,62.529998779296875,10979900
2022-02-07,60.534820556640625,62.86000061035156,64.44999694824219,62.27000045776367,63.83000183105469,7937700
2022-02-08,61.98897171020508,64.37000274658203,64.83000183105469,62.0099983215332,62.61000061035156,6977300
2022-02-09,64.71428680419922,67.19999694824219,67.33999633789062,66.1500015258789,66.2699966430664,6949900
2022-02-10,61.28596878051758,63.63999938964844,67.30999755859375,62.68000030517578,64.51000213623047,11250500
2022-02-11,57.63616180419922,59.849998474121094,64.56999969482422,59.20000076293945,63.63999938964844,12311000
2022-02-14,57.06798553466797,59.2599983215332,60.290000915527344,57.7400016784668,59.59000015258789,10146900
2022-02-15,59.774051666259766,62.06999969482422,62.16999816894531,60.93000030517578,61.16999816894531,6575900
2022-02-16,60.00516128540039,62.310001373291016,62.91999816894531,60.349998474121094,61.209999084472656,7204300
2022-02-17,56.20127487182617,58.36000061035156,61.119998931884766,58.040000915527344,60.900001525878906,8155800
2022-02-18,55.07455062866211,57.189998626708984,58.95000076293945,56.209999084472656,58.45000076293945,7960800
2022-02-22,53.321876525878906,55.369998931884766,57.65999984741211,53.849998474121094,56.25,11100100
2022-02-23,50.35580825805664,52.290000915527344,56.7400016784668,52.13999938964844,56.4900016784668,12299700
2022-02-24,52.695919036865234,54.720001220703125,54.88999938964844,48.13999938964844,48.2400016784668,20427300
2022-02-25,56.13386917114258,58.290000915527344,58.380001068115234,54.58000183105469,55.209999084472656,12999100
2022-02-28,55.700504302978516,57.84000015258789,58.5099983215332,55.52000045776367,56.040000915527344,14717800
2022-03-01,53.235206604003906,55.279998779296875,58.11000061035156,54.11000061035156,57.31999969482422,12756500
2022-03-02,56.124237060546875,58.279998779296875,58.93000030517578,55.86000061035156,56.18000030517578,12647700
2022-03-03,55.30567932128906,57.43000030517578,59.560001373291016,56.66999816894531,59.290000915527344,11393600
2022-03-04,53.96709060668945,56.040000915527344,56.470001220703125,54.290000915527344,55.849998474121094,11194300
2022-03-07,49.171302795410156,51.060001373291016,55.86000061035156,51.02000045776367,55.7599983215332,14190000
2022-03-08,48.00605392456055,49.849998474121094,53.869998931884766,49.45000076293945,51.119998931884766,18218400
2022-03-09,51.906253814697266,53.900001525878906,54.630001068115234,52.2400016784668,53.11000061035156,11559000
2022-03-10,51.164730072021484,53.130001068115234,53.5099983215332,51.2400016784668,52.0,8340900
2022-03-11,49.24833679199219,51.13999938964844,54.369998931884766,50.91999816894531,54.130001068115234,9386000
2022-03-14,48.1505012512207,50.0,52.7400016784668,49.540000915527344,51.43000030517578,8062500
2022-03-15,51.32843780517578,53.29999923706055,53.529998779296875,50.47999954223633,50.97999954223633,8322900
2022-03-16,54.679710388183594,56.779998779296875,56.849998474121094,52.75,54.630001068115234,11178900
2022-03-17,56.730934143066406,58.90999984741211,58.97999954223633,55.880001068115234,55.9900016784668,7959800
2022-03-18,58.59916687011719,60.849998474121094,61.02000045776367,57.97999954223633,58.29999923706055,8160200
2022-03-21,58.59916687011719,60.849998474121094,61.689998626708984,59.31999969482422,60.81999969482422,7567400
2022-03-22,60.60222625732422,62.93000030517578,63.369998931884766,61.459999084472656,61.459999084472656,6256200
2022-03-23,58.2945442199707,60.5,62.459999084472656,60.47999954223633,61.810001373291016,6633900
2022-03-24,60.87683868408203,63.18000030517578,63.209999084472656,60.900001525878906,61.34000015258789,6296200
2022-03-25,61.79220962524414,64.12999725341797,64.27999877929688,62.369998931884766,63.52000045776367,6121400
2022-03-28,63.10262680053711,65.48999786376953,65.51000213623047,63.029998779296875,63.86000061035156,7579400
2022-03-29,65.49221801757812,67.97000122070312,68.16000366210938,66.06999969482422,67.26000213623047,8241200
2022-03-30,64.28779602050781,66.72000122070312,67.77999877929688,65.69000244140625,67.43000030517578,7682100
2022-03-31,61.31044006347656,63.630001068115234,66.69000244140625,63.54999923706055,66.37000274658203,9363200
2022-04-01,61.74403762817383,64.08000183105469,64.36000061035156,62.540000915527344,64.30999755859375,8822300
2022-04-04,63.37241744995117,65.7699966430664,65.79000091552734,63.84000015258789,64.19000244140625,7030600
2022-04-05,61.02136993408203,63.33000183105469,66.20999908447266,62.75,65.12999725341797,8283600
2022-04-06,59.16172790527344,61.400001525878906,62.38999938964844,60.08000183105469,61.54999923706055,13197200
2022-04-07,60.02892303466797,62.29999923706055,63.099998474121094,60.130001068115234,60.9900016784668,10488700
2022-04-08,59.60496139526367,61.86000061035156,63.060001373291016,61.11000061035156,61.959999084472656,8792700
2022-04-11,56.492713928222656,58.630001068115234,60.709999084472656,58.400001525878906,60.349998474121094,7495800
2022-04-12,55.83749008178711,57.95000076293945,60.93000030517578,57.310001373291016,59.86000061035156,11892500
2022-04-13,57.74530792236328,59.93000030517578,60.22999954223633,57.77000045776367,57.83000183105469,8523800
2022-04-14,55.625511169433594,57.72999954223633,60.5099983215332,57.650001525878906,60.04999923706055,8504800
2022-04-18,55.6447868347168,57.75,58.45000076293945,56.83000183105469,57.2599983215332,7283300
2022-04-19,58.313804626464844,60.52000045776367,60.849998474121094,57.63999938964844,57.70000076293945,7842600
2022-04-20,58.17890930175781,60.380001068115234,61.58000183105469,59.90999984741211,61.310001373291016,8901900
2022-04-21,55.586978912353516,57.689998626708984,62.619998931884766,57.310001373291016,61.959999084472656,10186600
2022-04-22,51.05830764770508,52.9900016784668,57.349998474121094,52.709999084472656,57.22999954223633,11662500
2022-04-25,51.87732696533203,53.84000015258789,53.900001525878906,50.2400016784668,52.040000915527344,16519700
2022-04-26,47.39682388305664,49.189998626708984,52.90999984741211,49.150001525878906,52.810001373291016,13666400
2022-04-27,47.743717193603516,49.54999923706055,51.59000015258789,48.779998779296875,49.59000015258789,16340700
2022-04-28,51.35700988769531,53.29999923706055,53.970001220703125,49.689998626708984,51.369998931884766,12990600
2022-04-29,45.72990417480469,47.459999084472656,52.599998474121094,47.130001068115234,51.72999954223633,14815700
2022-05-02,46.52963638305664,48.290000915527344,48.7599983215332,45.02000045776367,47.41999816894531,14769100
2022-05-03,47.15594482421875,48.939998626708984,49.810001373291016,47.869998931884766,48.439998626708984,12159300
2022-05-04,51.43408966064453,53.380001068115234,53.59000015258789,47.97999954223633,49.18000030517578,16068600
2022-05-05,45.99969482421875,47.7400016784668,51.7400016784668,46.08000183105469,51.709999084472656,18436800
2022-05-06,45.16140365600586,46.869998931884766,48.040000915527344,44.88999938964844,46.77000045776367,15267700
2022-05-09,40.825443267822266,42.369998931884766,45.130001068115234,41.779998779296875,44.689998626708984,17618200
2022-05-10,41.04705810546875,42.599998474121094,44.84000015258789,41.2599983215332,44.36000061035156,15112600
2022-05-11,39.100704193115234,40.58000183105469,44.189998626708984,40.33000183105469,42.25,19481200
2022-05-12,38.96580505371094,40.439998626708984,41.4900016784668,38.209999084472656,39.52000045776367,20483000
2022-05-13,41.750457763671875,43.33000183105469,43.779998779296875,41.439998626708984,41.790000915527344,15028100
2022-05-16,41.268680572509766,42.83000183105469,44.04999923706055,41.97999954223633,42.7599983215332,10006900
2022-05-17,43.73535919189453,45.38999938964844,45.5099983215332,43.59000015258789,44.900001525878906,11503900
2022-05-18,38.5225715637207,39.97999954223633,43.91999816894531,39.5099983215332,43.81999969482422,12196000
2022-05-19,37.73246383666992,39.15999984741211,40.599998474121094,38.470001220703125,38.90999984741211,12146700
2022-05-20,37.7999153137207,39.22999954223633,40.4900016784668,36.47999954223633,40.33000183105469,16970300
2022-05-23,39.938987731933594,41.45000076293945,41.66999816894531,39.45000076293945,40.20000076293945,14227700
2022-05-24,39.02362060546875,40.5,40.869998931884766,38.29999923706055,40.04999923706055,12892500
2022-05-25,40.07388687133789,41.59000015258789,42.189998626708984,39.869998931884766,39.970001220703125,13223200
2022-05-26,42.424930572509766,44.029998779296875,44.560001373291016,41.880001068115234,41.939998626708984,11838400
2022-05-27,45.556461334228516,47.279998779296875,47.29999923706055,44.810001373291016,44.86000061035156,11222600
2022-05-31,44.7567138671875,46.45000076293945,47.65999984741211,45.470001220703125,46.650001525878906,12234800
2022-06-01,43.69681167602539,45.349998474121094,47.560001373291016,44.41999816894531,47.209999084472656,11944400
2022-06-02,46.13459396362305,47.880001068115234,47.91999816894531,44.459999084472656,45.279998779296875,9721100
2022-06-03,43.8895263671875,45.54999923706055,46.7400016784668,45.189998626708984,46.16999816894531,10181200
2022-06-06,44.24603271484375,45.91999816894531,47.54999923706055,45.540000915527344,46.939998626708984,9246800
2022-06-07,45.517921447753906,47.2400016784668,47.41999816894531,44.540000915527344,44.70000076293945,8331100
2022-06-08,44.06296157836914,45.72999954223633,47.279998779296875,45.41999816894531,46.630001068115234,8121600
2022-06-09,40.89290237426758,42.439998626708984,45.86000061035156,42.43000030517578,45.08000183105469,8270800
2022-06-10,37.318138122558594,38.72999954223633,40.619998931884766,38.689998626708984,40.34000015258789,12564700
2022-06-13,33.04962921142578,34.29999923706055,36.31999969482422,33.790000915527344,35.7599983215332,14471400
2022-06-14,32.72202682495117,33.959999084472656,35.08000183105469,33.06999969482422,34.79999923706055,14149800
2022-06-15,34.09989547729492,35.38999938964844,36.70000076293945,33.4900016784668,34.900001525878906,19453000
2022-06-16,30.833471298217773,32.0,33.08000183105469,31.15999984741211,32.970001220703125,17307200
2022-06-17,30.900924682617188,32.06999969482422,33.0,31.1200008392334,32.0,14458000
2022-06-21,33.24233627319336,34.5,34.880001068115234,33.63999938964844,33.65999984741211,8654200
2022-06-22,33.040000915527344,34.290000915527344,35.5,33.150001525878906,33.2599983215332,12004900
2022-06-23,34.003543853759766,35.290000915527344,35.5099983215332,33.880001068115234,34.900001525878906,12507100
2022-06-24,37.231422424316406,38.63999938964844,38.650001525878906,36.220001220703125,36.2400016784668,11085900
2022-06-27,36.86526870727539,38.2599983215332,39.029998779296875,37.869998931884766,38.959999084472656,9407900
2022-06-28,34.6009407043457,35.90999984741211,39.54999923706055,35.81999969482422,38.66999816894531,13583100
2022-06-29,34.475677490234375,35.779998779296875,36.33000183105469,35.22999954223633,36.0099983215332,10002200
2022-06-30,33.598854064941406,34.869998931884766,35.84000015258789,33.560001373291016,34.619998931884766,13581100
2022-07-01,34.63948059082031,35.95000076293945,36.099998474121094,33.93000030517578,34.689998626708984,11727300
2022-07-05,34.84183120727539,36.15999984741211,36.189998626708984,33.61000061035156,34.459999084472656,11786200
2022-07-06,35.207977294921875,36.540000915527344,37.279998779296875,35.5,36.209999084472656,9897700
2022-07-07,36.75928497314453,38.150001525878906,38.400001525878906,37.060001373291016,37.06999969482422,7805800
2022-07-08,36.69184112548828,38.08000183105469,38.650001525878906,37.18000030517578,37.630001068115234,8808800
2022-07-11,35.419952392578125,36.7599983215332,37.529998779296875,36.540000915527344,37.2400016784668,7584000
2022-07-12,34.475677490234375,35.779998779296875,37.290000915527344,35.25,36.59000015258789,9289400
2022-07-13,33.926456451416016,35.209999084472656,36.06999969482422,34.029998779296875,34.15999984741211,12728700
2022-07-14,33.65666198730469,34.93000030517578,35.099998474121094,33.0,33.720001220703125,11869300
2022-07-15,35.5933952331543,36.939998626708984,36.95000076293945,35.65999984741211,36.209999084472656,12550400
2022-07-18,34.697288513183594,36.0099983215332,38.060001373291016,35.630001068115234,37.84000015258789,9121600
2022-07-19,37.472312927246094,38.88999938964844,39.06999969482422,36.970001220703125,37.16999816894531,9987000
2022-07-20,38.17569351196289,39.619998931884766,40.09000015258789,38.540000915527344,38.939998626708984,13295900
2022-07-21,39.34158706665039,40.83000183105469,40.849998474121094,38.68000030517578,39.43000030517578,11227000
2022-07-22,38.291324615478516,39.7400016784668,41.25,38.97999954223633,40.869998931884766,9853800
2022-07-25,38.387672424316406,39.84000015258789,40.099998474121094,39.130001068115234,39.88999938964844,6359400
2022-07-26,37.00016784667969,38.400001525878906,39.369998931884766,38.130001068115234,39.31999969482422,7153100
2022-07-27,39.88117980957031,41.38999938964844,41.93000030517578,39.34000015258789,39.41999816894531,10855200
2022-07-28,41.374671936035156,42.939998626708984,43.15999984741211,40.4900016784668,41.650001525878906,10002200
2022-07-29,43.21504211425781,44.849998474121094,45.150001525878906,43.16999816894531,43.45000076293945,8342600
2022-08-01,42.78144836425781,44.400001525878906,45.27000045776367,43.650001525878906,43.880001068115234,8307800
2022-08-02,41.95279312133789,43.540000915527344,45.119998931884766,43.119998931884766,43.86000061035156,9022800
2022-08-03,43.86061477661133,45.52000045776367,45.95000076293945,44.13999938964844,44.2400016784668,7469700
2022-08-04,43.783538818359375,45.439998626708984,45.7400016784668,44.86000061035156,45.5099983215332,6924700
2022-08-05,43.53300857543945,45.18000030517578,45.41999816894531,43.93000030517578,43.95000076293945,8026800
2022-08-08,43.407752990722656,45.04999923706055,46.54999923706055,44.65999984741211,45.77000045776367,7120700
2022-08-09,42.84889602661133,44.470001220703125,44.93000030517578,44.11000061035156,44.79999923706055,5361600
2022-08-10,45.527549743652344,47.25,47.33000183105469,46.2400016784668,46.88999938964844,7920200
2022-08-11,45.53718948364258,47.2599983215332,48.91999816894531,47.0,48.25,6599000
2022-08-12,47.82079315185547,49.630001068115234,49.66999816894531,47.599998474121094,47.939998626708984,5762700
2022-08-15,48.40856170654297,50.2400016784668,50.43000030517578,48.79999923706055,48.79999923706055,6238100
2022-08-16,48.68798065185547,50.529998779296875,51.25,49.540000915527344,49.849998474121094,6616700
2022-08-17,47.637718200683594,49.439998626708984,50.45000076293945,48.70000076293945,49.189998626708984,7784100
2022-08-18,48.02313995361328,49.84000015258789,50.099998474121094,49.0099983215332,49.47999954223633,5618600
2022-08-19,46.105682373046875,47.849998474121094,48.91999816894531,47.5,48.83000183105469,6570600
2022-08-22,43.195770263671875,44.83000183105469,46.130001068115234,44.4900016784668,46.06999969482422,8335700
2022-08-23,42.868167877197266,44.4900016784668,45.4900016784668,44.29999923706055,44.63999938964844,7140900
2022-08-24,43.23431396484375,44.869998931884766,45.369998931884766,44.16999816894531,44.38999938964844,6117000
2022-08-25,45.074676513671875,46.779998779296875,46.79999923706055,45.029998779296875,45.380001068115234,6910500
2022-08-26,40.468929290771484,42.0,46.91999816894531,42.0,46.7400016784668,11974100
2022-08-29,39.67882537841797,41.18000030517578,42.16999816894531,40.72999954223633,41.02000045776367,5511500
2022-08-30,38.34914016723633,39.79999923706055,41.61000061035156,39.130001068115234,41.540000915527344,8926700
2022-08-31,37.453041076660156,38.869998931884766,40.70000076293945,38.84000015258789,40.310001373291016,8803800
2022-09-01,37.7806396484375,39.209999084472656,39.31999969482422,37.33000183105469,38.15999984741211,12426000
2022-09-02,36.59547805786133,37.97999954223633,40.75,37.38999938964844,40.380001068115234,14563100
2022-09-06,36.16188049316406,37.529998779296875,38.5,36.849998474121094,38.220001220703125,10780300
2022-09-07,38.098609924316406,39.540000915527344,39.77000045776367,37.380001068115234,37.43000030517578,8421900
2022-09-08,38.821266174316406,40.290000915527344,40.43000030517578,38.43000030517578,38.77000045776367,12543600
2022-09-09,40.62310028076172,42.15999984741211,42.439998626708984,40.91999816894531,41.029998779296875,7645900
2022-09-12,41.92388153076172,43.5099983215332,43.7599983215332,42.75,42.849998474121094,7244800
2022-09-13,36.479862213134766,37.86000061035156,41.0,37.470001220703125,40.58000183105469,11696500
2022-09-14,36.846004486083984,38.2400016784668,38.709999084472656,37.25,38.22999954223633,6772200
2022-09-15,35.603023529052734,36.95000076293945,38.619998931884766,36.529998779296875,37.720001220703125,10567900
2022-09-16,34.78400421142578,36.099998474121094,36.27000045776367,35.09000015258789,35.650001525878906,11593600
2022-09-19,35.54521179199219,36.88999938964844,36.900001525878906,35.119998931884766,35.13999938964844,9851800
2022-09-20,34.36005401611328,35.65999984741211,36.189998626708984,34.79999923706055,35.90999984741211,12608600
2022-09-21,32.52931594848633,33.7599983215332,37.06999969482422,33.7599983215332,36.189998626708984,16503800
2022-09-22,31.69103240966797,32.88999938964844,33.79999923706055,32.66999816894531,33.5,12424500
2022-09-23,30.06263542175293,31.200000762939453,31.93000030517578,30.0,31.899999618530273,16917500
2022-09-26,29.17617416381836,30.280000686645508,31.780000686645508,29.950000762939453,30.829999923706055,16036400
2022-09-27,28.964195251464844,30.059999465942383,31.790000915527344,29.420000076293945,31.219999313354492,19343600
2022-09-28,30.621492385864258,31.780000686645508,32.25,29.84000015258789,30.299999237060547,15903300
2022-09-29,28.69440460205078,29.780000686645508,30.90999984741211,29.0,30.829999923706055,19154500
2022-09-30,27.37434959411621,28.40999984741211,30.549999237060547,28.389999389648438,29.56999969482422,18747300
2022-10-03,29.532684326171875,30.649999618530273,31.110000610351562,28.8799991607666,29.329999923706055,14928900
2022-10-04,32.2498893737793,33.470001220703125,33.47999954223633,32.06999969482422,32.08000183105469,17376100
2022-10-05,31.999366760253906,33.209999084472656,33.869998931884766,31.600000381469727,32.2599983215332,18489300
2022-10-06,31.006914138793945,32.18000030517578,33.63999938964844,32.029998779296875,32.79999923706055,14380900
2022-10-07,28.41497039794922,29.489999771118164,31.15999984741211,29.0,31.06999969482422,16822600
2022-10-10,27.788667678833008,28.84000015258789,29.81999969482422,28.219999313354492,29.75,15989100
2022-10-11,27.200902938842773,28.229999542236328,29.510000228881836,27.75,28.3799991607666,17495800
2022-10-12,26.95038604736328,27.969999313354492,28.729999542236328,27.899999618530273,28.329999923706055,12269400
2022-10-13,29.041278839111328,30.139999389648438,30.5,25.940000534057617,26.200000762939453,26105100
2022-10-14,27.056373596191406,28.079999923706055,31.190000534057617,27.920000076293945,30.790000915527344,20903700
2022-10-17,29.108728408813477,30.209999084472656,30.5,29.559999465942383,29.59000015258789,14569300
2022-10-18,29.97591781616211,31.110000610351562,32.349998474121094,30.399999618530273,32.29999923706055,24385600
2022-10-19,29.513418197631836,30.6299991607666,31.459999084472656,29.860000610351562,30.719999313354492,13506600
2022-10-20,28.732946395874023,29.81999969482422,31.610000610351562,29.610000610351562,30.469999313354492,14523000
2022-10-21,30.804567337036133,31.969999313354492,32.099998474121094,29.350000381469727,29.719999313354492,17892400
2022-10-24,31.922285079956055,33.130001068115234,33.45000076293945,31.670000076293945,32.400001525878906,16027100
2022-10-25,33.46395492553711,34.72999954223633,34.810001373291016,33.09000015258789,33.119998931884766,17358700
2022-10-26,32.72202682495117,33.959999084472656,35.439998626708984,33.7599983215332,33.83000183105469,17531000
2022-10-27,32.153533935546875,33.369998931884766,34.70000076293945,33.189998626708984,34.220001220703125,14456300
2022-10-28,34.40823745727539,35.709999084472656,35.880001068115234,33.279998779296875,33.31999969482422,16002400
2022-10-31,33.685569763183594,34.959999084472656,35.54999923706055,34.68000030517578,35.0,15301700
2022-11-01,33.24233627319336,34.5,36.08000183105469,34.13999938964844,36.0,13091100
2022-11-02,30.717849731445312,31.8799991607666,35.59000015258789,31.850000381469727,34.31999969482422,22382600
2022-11-03,29.71575927734375,30.84000015258789,31.670000076293945,30.290000915527344,30.969999313354492,19157700
2022-11-04,31.006914138793945,32.18000030517578,32.81999969482422,30.600000381469727,32.33000183105469,21279300
2022-11-07,31.90302085876465,33.11000061035156,33.25,31.969999313354492,32.52000045776367,12186700
2022-11-08,32.384788513183594,33.61000061035156,34.439998626708984,32.5,33.38999938964844,16032100
2022-11-09,30.361339569091797,31.510000228881836,33.349998474121094,31.3799991607666,33.0,13833200
2022-11-10,35.352500915527344,36.689998626708984,36.79999923706055,34.40999984741211,34.97999954223633,19784800
2022-11-11,36.40277099609375,37.779998779296875,38.0,36.40999984741211,36.970001220703125,15045900
2022-11-14,35.47776412963867,36.81999969482422,38.22999954223633,36.720001220703125,37.2400016784668,11806300
2022-11-15,36.373863220214844,37.75,38.79999923706055,36.61000061035156,38.470001220703125,18012000
2022-11-16,35.52594757080078,36.869998931884766,37.5,36.65999984741211,37.22999954223633,8990700
2022-11-17,35.14052963256836,36.470001220703125,36.65999984741211,35.31999969482422,35.40999984741211,11901300
2022-11-18,35.6126594543457,36.959999084472656,37.45000076293945,36.130001068115234,37.45000076293945,11520400
2022-11-21,35.207977294921875,36.540000915527344,36.88999938964844,36.0,36.560001373291016,6463000
2022-11-22,36.6243896484375,38.0099983215332,38.04999923706055,36.68000030517578,37.09000015258789,10610100
2022-11-23,37.26995849609375,38.68000030517578,38.84000015258789,37.810001373291016,37.86000061035156,9312800
2022-11-25,37.231422424316406,38.63999938964844,38.83000183105469,38.43000030517578,38.52000045776367,2726000
2022-11-28,35.47776412963867,36.81999969482422,38.209999084472656,36.56999969482422,37.70000076293945,7842700
2022-11-29,35.246517181396484,36.58000183105469,37.15999984741211,36.04999923706055,36.83000183105469,8459100
2022-11-30,38.53220748901367,39.9900016784668,40.0,36.09000015258789,36.65999984741211,17124100
2022-12-01,38.474395751953125,39.93000030517578,40.709999084472656,39.150001525878906,40.369998931884766,12623600
2022-12-02,38.31059646606445,39.7599983215332,40.04999923706055,38.369998931884766,38.38999938964844,10559000
2022-12-05,36.21969223022461,37.59000015258789,39.20000076293945,37.209999084472656,38.900001525878906,13138300
2022-12-06,34.668392181396484,35.97999954223633,37.70000076293945,35.34000015258789,37.540000915527344,11008500
2022-12-07,34.475677490234375,35.779998779296875,36.459999084472656,35.45000076293945,35.689998626708984,11443100
2022-12-08,35.26578903198242,36.599998474121094,36.88999938964844,35.83000183105469,36.27000045776367,14053400
2022-12-09,34.45641326904297,35.7599983215332,36.970001220703125,35.72999954223633,36.22999954223633,11692300
2022-12-12,35.94026565551758,37.29999923706055,37.29999923706055,35.790000915527344,35.9900016784668,8200000
2022-12-13,36.72074508666992,38.11000061035156,40.4900016784668,37.33000183105469,40.459999084472656,23598600
2022-12-14,36.0462532043457,37.40999984741211,39.16999816894531,36.5099983215332,38.02000045776367,17369500
2022-12-15,33.36760330200195,34.630001068115234,36.189998626708984,34.119998931884766,35.939998626708984,14922600
2022-12-16,32.153533935546875,33.369998931884766,34.2599983215332,32.77000045776367,33.900001525878906,12182700
2022-12-19,31.33452033996582,32.52000045776367,33.5,32.06999969482422,33.400001525878906,10228100
2022-12-20,31.430870056152344,32.619998931884766,33.06999969482422,31.959999084472656,32.29999923706055,10743100
2022-12-21,32.8472900390625,34.09000015258789,34.400001525878906,33.18000030517578,33.34000015258789,10598800
2022-12-22,31.43100929260254,32.4900016784668,33.150001525878906,30.889999389648438,33.06999969482422,19509400
2022-12-23,31.905033111572266,32.97999954223633,33.040000915527344,31.770000457763672,32.18000030517578,12097000
2022-12-27,31.547094345092773,32.61000061035156,33.060001373291016,32.150001525878906,32.97999954223633,8897400
2022-12-28,30.366859436035156,31.389999389648438,33.099998474121094,31.329999923706055,32.59000015258789,11445900
2022-12-29,31.91471290588379,32.9900016784668,33.25,31.940000534057617,32.08000183105469,14159700
2022-12-30,31.70188331604004,32.77000045776367,32.790000915527344,31.729999542236328,32.29999923706055,11616200
2023-01-03,31.2858943939209,32.34000015258789,33.77000045776367,31.559999465942383,33.27000045776367,13371300
2023-01-04,31.97275161743164,33.04999923706055,33.61000061035156,32.119998931884766,32.90999984741211,11186200
2023-01-05,30.869909286499023,31.90999984741211,32.540000915527344,31.75,32.52000045776367,12147600
2023-01-06,32.959510803222656,34.06999969482422,34.380001068115234,31.90999984741211,32.709999084472656,13922200
2023-01-09,32.920814514160156,34.029998779296875,35.54999923706055,33.959999084472656,34.66999816894531,11496200
2023-01-10,33.588321685791016,34.720001220703125,34.7400016784668,33.59000015258789,33.849998474121094,9266200
2023-01-11,34.83627700805664,36.0099983215332,36.04999923706055,34.93000030517578,35.18000030517578,8903500
2023-01-12,35.194210052490234,36.380001068115234,36.779998779296875,35.13999938964844,36.29999923706055,14066100
2023-01-13,35.59084701538086,36.790000915527344,36.95000076293945,35.380001068115234,35.459999084472656,8969300
2023-01-17,35.39736557006836,36.59000015258789,37.2599983215332,36.380001068115234,36.810001373291016,9069900
2023-01-18,33.723758697509766,34.86000061035156,37.209999084472656,34.779998779296875,36.91999816894531,10953300
2023-01-19,32.94015884399414,34.04999923706055,34.689998626708984,33.66999816894531,34.2400016784668,10568800
2023-01-20,34.729862213134766,35.900001525878906,35.970001220703125,33.970001220703125,34.40999984741211,10222900
2023-01-23,35.997161865234375,37.209999084472656,37.7599983215332,35.880001068115234,36.150001525878906,10939900
2023-01-24,35.871395111083984,37.08000183105469,37.349998474121094,36.369998931884766,36.7400016784668,7445500
2023-01-25,35.91008758544922,37.119998931884766,37.20000076293945,35.22999954223633,35.880001068115234,11463700
2023-01-26,37.02260971069336,38.27000045776367,38.34000015258789,36.9900016784668,37.849998474121094,11491400
2023-01-27,37.293479919433594,38.54999923706055,39.2599983215332,37.91999816894531,37.9900016784668,10621700
2023-01-30,35.90040969848633,37.11000061035156,38.380001068115234,37.0099983215332,37.720001220703125,8956400
2023-01-31,37.44826126098633,38.709999084472656,38.709999084472656,37.130001068115234,37.220001220703125,7990100
2023-02-01,38.60915756225586,39.90999984741211,40.75,37.52000045776367,38.34000015258789,14755700
2023-02-02,40.273094177246094,41.630001068115234,42.09000015258789,40.5,41.099998474121094,14382200
2023-02-03,38.9864387512207,40.29999923706055,41.689998626708984,39.91999816894531,40.08000183105469,16025100
2023-02-06,38.29958724975586,39.59000015258789,39.97999954223633,39.040000915527344,39.54999923706055,9688900
2023-02-07,39.76036071777344,41.099998474121094,41.459999084472656,38.880001068115234,39.2599983215332,15104600
2023-02-08,38.45437240600586,39.75,40.88999938964844,39.52000045776367,40.4900016784668,11120100
2023-02-09,37.419246673583984,38.68000030517578,40.81999969482422,38.290000915527344,40.79999923706055,11354500
2023-02-10,37.622398376464844,38.88999938964844,39.029998779296875,38.060001373291016,38.290000915527344,9314000
2023-02-13,38.93807601928711,40.25,40.29999923706055,38.959999084472656,39.119998931884766,10119300
2023-02-14,38.88003158569336,40.189998626708984,40.90999984741211,38.97999954223633,39.810001373291016,18494200
2023-02-15,39.23796844482422,40.560001373291016,40.61000061035156,39.27000045776367,39.52000045776367,7639700
2023-02-16,37.5933723449707,38.86000061035156,40.209999084472656,38.81999969482422,39.0099983215332,13014500
2023-02-17,37.2838134765625,38.540000915527344,38.61000061035156,37.630001068115234,38.20000076293945,9892500
2023-02-21,35.049095153808594,36.22999954223633,37.630001068115234,36.119998931884766,37.349998474121094,9930200
2023-02-22,34.89432144165039,36.06999969482422,36.75,35.630001068115234,36.33000183105469,14889400
2023-02-23,35.378021240234375,36.56999969482422,37.0,35.38999938964844,36.849998474121094,14245900
2023-02-24,34.23648452758789,35.38999938964844,35.630001068115234,34.650001525878906,35.119998931884766,13102800
2023-02-27,34.565391540527344,35.72999954223633,36.70000076293945,35.4900016784668,36.34000015258789,8582900
2023-02-28,34.17844009399414,35.33000183105469,36.150001525878906,35.310001373291016,35.61000061035156,8849000
2023-03-01,33.78179931640625,34.91999816894531,35.439998626708984,34.54999923706055,35.099998474121094,10215800
2023-03-02,34.517024993896484,35.68000030517578,35.93000030517578,34.25,34.31999969482422,11995300
2023-03-03,36.151947021484375,37.369998931884766,37.47999954223633,36.02000045776367,36.209999084472656,12577600
2023-03-06,36.25835418701172,37.47999954223633,38.310001373291016,37.349998474121094,37.650001525878906,8015900
2023-03-07,34.584747314453125,35.75,37.529998779296875,35.560001373291016,37.439998626708984,13710900
2023-03-08,34.739540100097656,35.90999984741211,36.11000061035156,35.27000045776367,35.77000045776367,10397600
2023-03-09,32.785377502441406,33.88999938964844,36.560001373291016,33.599998474121094,36.08000183105469,15767300
2023-03-10,31.3632869720459,32.41999816894531,34.279998779296875,31.979999542236328,33.709999084472656,27823300
2023-03-13,31.150455474853516,32.20000076293945,33.52000045776367,31.079999923706055,31.3700008392334,21660400
2023-03-14,32.737003326416016,33.84000015258789,34.27000045776367,32.650001525878906,33.540000915527344,14474600
2023-03-15,32.11786651611328,33.20000076293945,33.2400016784668,31.75,32.279998779296875,21041900
2023-03-16,33.752777099609375,34.88999938964844,34.970001220703125,32.38999938964844,32.540000915527344,16446100
2023-03-17,32.611236572265625,33.709999084472656,34.84000015258789,33.290000915527344,34.529998779296875,14697900
2023-03-20,33.501258850097656,34.630001068115234,34.7400016784668,33.68000030517578,33.849998474121094,10721300
2023-03-21,34.787899017333984,35.959999084472656,36.119998931884766,35.11000061035156,35.540000915527344,10055600
2023-03-22,33.045448303222656,34.08000183105469,36.849998474121094,34.040000915527344,35.86000061035156,12275300
2023-03-23,33.2587776184082,34.29999923706055,35.900001525878906,33.56999969482422,34.810001373291016,16455300
2023-03-24,33.90842819213867,34.970001220703125,35.0,33.29999923706055,33.959999084472656,13273300
2023-03-27,34.07327651977539,35.13999938964844,35.790000915527344,34.90999984741211,35.599998474121094,10769300
2023-03-28,33.850250244140625,34.90999984741211,35.13999938964844,34.400001525878906,34.959999084472656,8820100
2023-03-29,35.29503631591797,36.400001525878906,36.47999954223633,35.709999084472656,36.029998779296875,8166700
2023-03-30,35.896209716796875,37.02000045776367,37.189998626708984,36.47999954223633,37.150001525878906,8366400
2023-03-31,37.39915466308594,38.56999969482422,38.650001525878906,37.25,37.279998779296875,10767400
2023-04-03,37.787010192871094,38.970001220703125,39.11000061035156,38.279998779296875,38.40999984741211,11693100
2023-04-04,37.1761360168457,38.34000015258789,39.25,37.93000030517578,39.189998626708984,8313600
2023-04-05,36.836761474609375,37.9900016784668,38.27000045776367,37.4900016784668,38.060001373291016,8826400
2023-04-06,37.24400329589844,38.40999984741211,38.4900016784668,37.43000030517578,37.7400016784668,7192100
2023-04-10,37.350677490234375,38.52000045776367,38.540000915527344,37.47999954223633,37.65999984741211,7034700
2023-04-11,37.350677490234375,38.52000045776367,38.939998626708984,38.31999969482422,38.66999816894531,5864300
2023-04-12,36.92402648925781,38.08000183105469,39.209999084472656,37.880001068115234,39.13999938964844,11163300
2023-04-13,38.31062316894531,39.5099983215332,39.630001068115234,38.20000076293945,38.349998474121094,7516100
2023-04-14,38.04881286621094,39.2400016784668,39.9900016784668,38.540000915527344,39.31999969482422,8629600
2023-04-17,38.42696762084961,39.630001068115234,39.650001525878906,38.81999969482422,39.209999084472656,6360700
2023-04-18,38.50454330444336,39.709999084472656,40.130001068115234,39.279998779296875,40.099998474121094,7405300
2023-04-19,38.46575927734375,39.66999816894531,39.93000030517578,39.11000061035156,39.130001068115234,6380500
2023-04-20,37.787010192871094,38.970001220703125,39.5,38.52000045776367,38.779998779296875,6899700
2023-04-21,37.87428283691406,39.060001373291016,39.189998626708984,38.47999954223633,39.04999923706055,6885200
2023-04-24,37.990638732910156,39.18000030517578,39.290000915527344,38.59000015258789,39.0,4962200
2023-04-25,36.15802001953125,37.290000915527344,38.72999954223633,37.279998779296875,38.59000015258789,9033400
2023-04-26,35.69258499145508,36.810001373291016,37.7599983215332,36.63999938964844,37.47999954223633,8089100
2023-04-27,37.75791549682617,38.939998626708984,39.040000915527344,37.41999816894531,37.4900016784668,8052100
2023-04-28,38.746952056884766,39.959999084472656,39.959999084472656,38.68000030517578,38.709999084472656,8380300
2023-05-01,38.611209869384766,39.81999969482422,40.41999816894531,39.7400016784668,39.810001373291016,4993600
2023-05-02,37.31189727783203,38.47999954223633,39.599998474121094,37.59000015258789,39.599998474121094,10968200
2023-05-03,36.51677703857422,37.65999984741211,39.290000915527344,37.58000183105469,38.59000015258789,12042800
2023-05-04,35.711971282958984,36.83000183105469,37.38999938964844,36.41999816894531,37.290000915527344,10457000
2023-05-05,37.64155960083008,38.81999969482422,39.13999938964844,37.77000045776367,37.849998474121094,8219300
2023-05-08,37.69004440307617,38.869998931884766,38.9900016784668,38.459999084472656,38.90999984741211,4808400
2023-05-09,37.1761360168457,38.34000015258789,38.66999816894531,38.2599983215332,38.380001068115234,4865900
2023-05-10,37.68034744262695,38.86000061035156,39.34000015258789,37.75,39.16999816894531,10305400
2023-05-11,37.457332611083984,38.630001068115234,38.70000076293945,38.0099983215332,38.58000183105469,7251000
2023-05-12,37.31189727783203,38.47999954223633,39.029998779296875,37.7400016784668,38.97999954223633,7055900
2023-05-15,37.65126037597656,38.83000183105469,38.959999084472656,38.06999969482422,38.63999938964844,5116700
2023-05-16,36.894935607910156,38.04999923706055,38.77000045776367,38.04999923706055,38.5099983215332,6093100
2023-05-17,38.203956604003906,39.400001525878906,39.599998474121094,38.13999938964844,38.619998931884766,7160400
2023-05-18,39.30935287475586,40.540000915527344,40.650001525878906,39.22999954223633,39.310001373291016,7849500
2023-05-19,39.115421295166016,40.34000015258789,40.939998626708984,39.970001220703125,40.779998779296875,7093800
2023-05-22,39.115421295166016,40.34000015258789,40.83000183105469,39.959999084472656,40.34000015258789,5141500
2023-05-23,37.8257942199707,39.0099983215332,40.15999984741211,38.880001068115234,39.880001068115234,6440900
2023-05-24,36.982200622558594,38.13999938964844,38.61000061035156,37.790000915527344,38.5099983215332,9004400
2023-05-25,37.85488510131836,39.040000915527344,39.4900016784668,38.45000076293945,39.09000015258789,7184900
2023-05-26,39.348140716552734,40.58000183105469,40.790000915527344,39.2400016784668,39.2400016784668,7332000
2023-05-30,39.367523193359375,40.599998474121094,41.310001373291016,40.189998626708984,41.13999938964844,6778100
2023-05-31,38.688777923583984,39.900001525878906,40.33000183105469,39.45000076293945,40.040000915527344,7848200
2023-06-01,39.765079498291016,41.0099983215332,41.33000183105469,39.56999969482422,39.95000076293945,6797900
2023-06-02,41.49104690551758,42.790000915527344,43.029998779296875,41.630001068115234,41.79999923706055,9240000
2023-06-05,41.20985412597656,42.5,43.27000045776367,42.29999923706055,42.88999938964844,5249000
2023-06-06,41.48134994506836,42.779998779296875,42.959999084472656,42.18000030517578,42.38999938964844,4814600
2023-06-07,41.054710388183594,42.34000015258789,43.2599983215332,42.20000076293945,42.91999816894531,6945400
2023-06-08,41.76254653930664,43.06999969482422,43.189998626708984,42.08000183105469,42.31999969482422,4388600
2023-06-09,41.946781158447266,43.2599983215332,43.900001525878906,42.970001220703125,43.310001373291016,5940500
2023-06-12,43.08126449584961,44.43000030517578,44.459999084472656,43.34000015258789,43.56999969482422,4577800
2023-06-13,43.94424819946289,45.31999969482422,45.52000045776367,44.689998626708984,44.91999816894531,6692500
2023-06-14,44.06058883666992,45.439998626708984,46.040000915527344,44.34000015258789,45.40999984741211,9198600
2023-06-15,45.650821685791016,47.08000183105469,47.4900016784668,45.099998474121094,45.15999984741211,7451600
2023-06-16,45.20478439331055,46.619998931884766,47.779998779296875,46.45000076293945,47.75,6530200
2023-06-20,44.49693298339844,45.88999938964844,46.22999954223633,45.16999816894531,45.93000030517578,5274300
2023-06-21,43.77226638793945,45.0,45.630001068115234,44.79999923706055,45.380001068115234,5909600
2023-06-22,44.19053649902344,45.43000030517578,45.459999084472656,44.52000045776367,44.65999984741211,4837000
2023-06-23,43.19837188720703,44.40999984741211,44.970001220703125,44.15999984741211,44.29999923706055,6276900
2023-06-26,42.643917083740234,43.84000015258789,44.79999923706055,43.75,44.209999084472656,5154900
2023-06-27,43.99599075317383,45.22999954223633,45.45000076293945,43.95000076293945,44.11000061035156,5292600
2023-06-28,44.064083099365234,45.29999923706055,45.630001068115234,44.689998626708984,44.869998931884766,6275200
2023-06-29,44.54071807861328,45.790000915527344,45.849998474121094,45.0,45.150001525878906,5866300
2023-06-30,46.08734130859375,47.380001068115234,47.70000076293945,46.709999084472656,46.79999923706055,5441600
2023-07-03,46.2916145324707,47.59000015258789,47.619998931884766,47.15999984741211,47.27000045776367,2324000
2023-07-05,46.01924133300781,47.310001373291016,47.540000915527344,46.900001525878906,46.90999984741211,3980700
2023-07-06,44.91033935546875,46.16999816894531,46.279998779296875,45.29999923706055,46.04999923706055,5849500
2023-07-07,44.521263122558594,45.77000045776367,47.060001373291016,45.70000076293945,45.790000915527344,5695400
2023-07-10,44.85198211669922,46.11000061035156,46.16999816894531,45.459999084472656,45.630001068115234,4303400
2023-07-11,45.71770477294922,47.0,47.130001068115234,46.029998779296875,46.34000015258789,5094100
2023-07-12,46.75851058959961,48.06999969482422,48.560001373291016,47.7400016784668,48.22999954223633,6678100
2023-07-13,47.838226318359375,49.18000030517578,49.459999084472656,48.52000045776367,48.66999816894531,4276000
2023-07-14,47.72150421142578,49.060001373291016,49.77000045776367,48.81999969482422,49.47999954223633,6052700
2023-07-17,48.20785903930664,49.560001373291016,49.93000030517578,48.97999954223633,48.97999954223633,3391600
2023-07-18,49.28757858276367,50.66999816894531,50.88999938964844,49.29999923706055,49.439998626708984,4732400
2023-07-19,49.56966781616211,50.959999084472656,51.38999938964844,50.70000076293945,50.91999816894531,5167700
2023-07-20,48.56776428222656,49.93000030517578,50.900001525878906,49.68000030517578,50.56999969482422,6093600
2023-07-21,48.548309326171875,49.90999984741211,50.560001373291016,49.88999938964844,50.5099983215332,4482200
2023-07-24,49.18057632446289,50.560001373291016,50.81999969482422,50.08000183105469,50.279998779296875,3743400
2023-07-25,49.559940338134766,50.95000076293945,51.369998931884766,50.40999984741211,50.40999984741211,3712500
2023-07-26,49.54048156738281,50.93000030517578,51.439998626708984,50.22999954223633,50.61000061035156,5685100
2023-07-27,48.53858947753906,49.900001525878906,52.220001220703125,49.58000183105469,52.06999969482422,6969400
2023-07-28,49.92957305908203,51.33000183105469,51.619998931884766,50.72999954223633,50.970001220703125,4961900
2023-07-31,50.21165084838867,51.619998931884766,51.7400016784668,51.029998779296875,51.5,4184400
2023-08-01,49.73501968383789,51.130001068115234,51.400001525878906,50.81999969482422,51.08000183105469,3734500
2023-08-02,47.67286682128906,49.0099983215332,50.130001068115234,48.72999954223633,50.029998779296875,7270600
2023-08-03,47.20595932006836,48.529998779296875,49.150001525878906,48.040000915527344,48.25,5749400
2023-08-04,46.54450988769531,47.849998474121094,49.81999969482422,47.66999816894531,49.099998474121094,7662100
2023-08-07,47.72150421142578,49.060001373291016,49.130001068115234,48.20000076293945,48.43000030517578,4888400
2023-08-08,47.079505920410156,48.400001525878906,48.56999969482422,47.290000915527344,48.18000030517578,6264300
2023-08-09,46.13596725463867,47.43000030517578,48.540000915527344,47.18000030517578,48.5099983215332,5819600
2023-08-10,46.126243591308594,47.41999816894531,49.279998779296875,47.04999923706055,48.16999816894531,12200100
2023-08-11,46.038700103759766,47.33000183105469,47.65999984741211,46.59000015258789,46.790000915527344,6756400
2023-08-14,46.7487907409668,48.060001373291016,48.09000015258789,46.90999984741211,47.02000045776367,4629300
2023-08-15,45.17298126220703,46.439998626708984,47.599998474121094,46.209999084472656,47.459999084472656,7037900
2023-08-16,44.10298538208008,45.34000015258789,46.790000915527344,45.33000183105469,46.25,6477500
2023-08-17,43.07190704345703,44.279998779296875,45.869998931884766,44.11000061035156,45.7599983215332,6629100
2023-08-18,43.09136962890625,44.29999923706055,44.63999938964844,43.2599983215332,43.36000061035156,6455000
2023-08-21,43.947357177734375,45.18000030517578,45.400001525878906,43.939998626708984,44.599998474121094,5271700
2023-08-22,43.56800079345703,44.790000915527344,45.72999954223633,44.61000061035156,45.720001220703125,5200600
2023-08-23,44.958984375,46.220001220703125,46.459999084472656,45.06999969482422,45.11000061035156,6318400
2023-08-24,43.10109329223633,44.310001373291016,46.900001525878906,44.279998779296875,46.75,7541700
2023-08-25,43.986270904541016,45.220001220703125,45.619998931884766,43.70000076293945,44.810001373291016,9793700
2023-08-28,44.793617248535156,46.04999923706055,46.25,45.47999954223633,45.88999938964844,4963900
2023-08-29,46.70987319946289,48.02000045776367,48.119998931884766,45.959999084472656,46.0099983215332,6497600
2023-08-30,47.30323028564453,48.630001068115234,48.83000183105469,47.880001068115234,48.16999816894531,4695300
2023-08-31,47.011417388916016,48.33000183105469,49.150001525878906,48.279998779296875,48.779998779296875,4142100
2023-09-01,47.2448616027832,48.56999969482422,49.38999938964844,48.119998931884766,49.2599983215332,4580000
2023-09-05,46.65150833129883,47.959999084472656,48.529998779296875,47.91999816894531,48.459999084472656,3253700
2023-09-06,45.67879104614258,46.959999084472656,47.68000030517578,46.18000030517578,47.63999938964844,5785700
2023-09-07,45.21188735961914,46.47999954223633,46.68000030517578,45.81999969482422,45.91999816894531,4503900
2023-09-08,45.367523193359375,46.63999938964844,47.16999816894531,46.36000061035156,46.4900016784668,4222800
2023-09-11,46.272151947021484,47.56999969482422,47.66999816894531,46.95000076293945,47.5,3859300
2023-09-12,45.47452163696289,46.75,47.58000183105469,46.58000183105469,47.060001373291016,3478800
2023-09-13,45.64961624145508,46.93000030517578,47.279998779296875,46.459999084472656,46.810001373291016,4157900
2023-09-14,46.76823043823242,48.08000183105469,48.29999923706055,47.25,47.70000076293945,3709900
2023-09-15,45.056251525878906,46.31999969482422,47.63999938964844,46.189998626708984,47.54999923706055,5798700
2023-09-18,45.12434768676758,46.38999938964844,46.810001373291016,46.060001373291016,46.189998626708984,3608300
2023-09-19,44.84225845336914,46.099998474121094,46.27000045776367,45.209999084472656,46.06999969482422,4243700
2023-09-20,43.56254959106445,44.72999954223633,46.54999923706055,44.66999816894531,46.41999816894531,6931100
2023-09-21,41.390750885009766,42.5,43.880001068115234,42.43000030517578,43.790000915527344,7568300
2023-09-22,41.049896240234375,42.150001525878906,43.2599983215332,42.060001373291016,42.77000045776367,6057700
2023-09-25,41.585533142089844,42.70000076293945,42.70000076293945,41.65999984741211,41.790000915527344,5498900
2023-09-26,39.705902099609375,40.77000045776367,41.95000076293945,40.540000915527344,41.7400016784668,8486900
2023-09-27,39.77408218383789,40.84000015258789,41.290000915527344,39.7400016784668,41.150001525878906,10150600
2023-09-28,40.4168586730957,41.5,41.9900016784668,40.45000076293945,40.61000061035156,9067000
2023-09-29,40.095462799072266,41.16999816894531,42.439998626708984,40.720001220703125,42.400001525878906,8825000
2023-10-02,40.056514739990234,41.130001068115234,41.47999954223633,40.29999923706055,40.90999984741211,7607300
2023-10-03,38.42036056518555,39.45000076293945,40.900001525878906,39.029998779296875,40.43000030517578,9954800
2023-10-04,39.23843765258789,40.290000915527344,40.5,39.13999938964844,39.560001373291016,8363200
2023-10-05,39.14104080200195,40.189998626708984,40.43000030517578,39.2400016784668,40.15999984741211,6156000
2023-10-06,40.51424789428711,41.599998474121094,42.060001373291016,39.06999969482422,39.470001220703125,9910400
2023-10-09,41.2641487121582,42.369998931884766,42.58000183105469,40.880001068115234,41.040000915527344,6851500
2023-10-10,41.897186279296875,43.02000045776367,43.83000183105469,42.45000076293945,42.599998474121094,8454100
2023-10-11,42.432823181152344,43.56999969482422,43.63999938964844,42.630001068115234,43.369998931884766,6531800
2023-10-12,41.62449264526367,42.7400016784668,43.81999969482422,42.0,43.720001220703125,8857900
2023-10-13,40.991458892822266,42.09000015258789,43.529998779296875,41.58000183105469,43.150001525878906,7578600
2023-10-16,42.25752639770508,43.38999938964844,43.70000076293945,42.65999984741211,42.720001220703125,7218200
2023-10-17,42.218570709228516,43.349998474121094,43.9900016784668,42.29999923706055,42.380001068115234,10480900
2023-10-18,40.54346466064453,41.630001068115234,43.08000183105469,41.27000045776367,42.79999923706055,11206500
2023-10-19,39.43321228027344,40.4900016784668,42.310001373291016,40.2599983215332,41.7599983215332,14132800
2023-10-20,37.92367172241211,38.939998626708984,40.470001220703125,38.93000030517578,40.290000915527344,10926700
2023-10-23,37.73863220214844,38.75,39.84000015258789,38.0099983215332,38.470001220703125,10577600
2023-10-24,38.5761833190918,39.61000061035156,39.91999816894531,38.790000915527344,39.31999969482422,7171400
2023-10-25,36.90107345581055,37.88999938964844,39.11000061035156,37.72999954223633,39.099998474121094,9454300
2023-10-26,35.53761672973633,36.4900016784668,37.77000045776367,36.220001220703125,37.529998779296875,12198100
2023-10-27,35.03118896484375,35.970001220703125,37.0,35.56999969482422,36.900001525878906,10997200
2023-10-30,36.27778244018555,37.25,37.529998779296875,36.349998474121094,36.70000076293945,10364500
2023-10-31,36.9302978515625,37.91999816894531,38.0099983215332,36.869998931884766,37.380001068115234,10334300
2023-11-01,38.10871124267578,39.130001068115234,39.349998474121094,38.029998779296875,38.16999816894531,12363200
2023-11-02,40.251285552978516,41.33000183105469,41.380001068115234,40.18000030517578,40.20000076293945,9117700
2023-11-03,41.33232116699219,42.439998626708984,42.91999816894531,41.97999954223633,42.029998779296875,8423300
2023-11-06,41.595272064208984,42.709999084472656,42.880001068115234,42.150001525878906,42.66999816894531,7848800
2023-11-07,41.94587707519531,43.06999969482422,43.279998779296875,42.369998931884766,42.709999084472656,5876600
2023-11-08,42.04326629638672,43.16999816894531,43.41999816894531,42.470001220703125,43.25,6130900
2023-11-09,41.001190185546875,42.099998474121094,43.4900016784668,41.9900016784668,43.459999084472656,8754300
2023-11-10,42.91004180908203,44.060001373291016,44.15999984741211,42.27000045776367,42.720001220703125,7495800
2023-11-13,42.77368927001953,43.91999816894531,44.2599983215332,43.400001525878906,43.650001525878906,7261900
2023-11-14,45.2376594543457,46.45000076293945,46.869998931884766,45.68000030517578,45.77000045776367,8035400
2023-11-15,45.529823303222656,46.75,47.279998779296875,46.47999954223633,46.880001068115234,6232100
2023-11-16,45.646697998046875,46.869998931884766,46.970001220703125,46.220001220703125,46.54999923706055,5915100
2023-11-17,45.82199478149414,47.04999923706055,47.22999954223633,46.560001373291016,46.88999938964844,6711000
2023-11-20,46.834861755371094,48.09000015258789,48.380001068115234,46.939998626708984,46.959999084472656,4833300
2023-11-21,46.484256744384766,47.72999954223633,47.869998931884766,47.34000015258789,47.709999084472656,6655800
2023-11-22,47.019893646240234,48.279998779296875,48.689998626708984,47.90999984741211,48.25,4852700
2023-11-24,47.05885314941406,48.31999969482422,48.38999938964844,48.150001525878906,48.2400016784668,1565600
2023-11-27,46.81537628173828,48.06999969482422,48.380001068115234,47.93000030517578,48.09000015258789,3648300
2023-11-28,46.92251205444336,48.18000030517578,48.599998474121094,47.72999954223633,47.90999984741211,4195100
2023-11-29,46.786155700683594,48.040000915527344,49.2400016784668,47.93000030517578,48.880001068115234,4653900
2023-11-30,47.31206512451172,48.58000183105469,48.689998626708984,47.61000061035156,48.290000915527344,6582500
2023-12-01,48.11066818237305,49.400001525878906,49.599998474121094,48.18000030517578,48.369998931884766,8105700
2023-12-04,47.3802375793457,48.650001525878906,48.720001220703125,47.880001068115234,48.279998779296875,8888100
2023-12-05,47.32180404663086,48.59000015258789,48.900001525878906,48.040000915527344,48.130001068115234,5196600
2023-12-06,46.72772979736328,47.97999954223633,49.29999923706055,47.84000015258789,49.27000045776367,5829800
2023-12-07,47.740577697753906,49.02000045776367,49.22999954223633,48.41999816894531,48.619998931884766,4836500
2023-12-08,48.35414505004883,49.650001525878906,49.81999969482422,48.689998626708984,48.7599983215332,8643000
2023-12-11,48.90926742553711,50.220001220703125,50.27000045776367,49.38999938964844,49.459999084472656,6045100
2023-12-12,49.56178283691406,50.88999938964844,50.90999984741211,49.72999954223633,50.08000183105469,6158100
2023-12-13,51.56800842285156,52.95000076293945,53.060001373291016,50.86000061035156,51.0,10707600
2023-12-14,52.02574157714844,53.41999816894531,54.0099983215332,52.5,53.61000061035156,9662500
2023-12-15,51.79200744628906,53.18000030517578,53.58000183105469,52.849998474121094,53.189998626708984,6509300
2023-12-18,52.61982345581055,54.029998779296875,54.36000061035156,53.63999938964844,53.68000030517578,4974300
2023-12-19,53.5352897644043,54.970001220703125,55.0099983215332,54.189998626708984,54.209999084472656,4704000
2023-12-20,51.23092269897461,52.4900016784668,55.220001220703125,52.43000030517578,54.540000915527344,7698200
2023-12-21,52.694950103759766,53.9900016784668,54.09000015258789,52.689998626708984,53.540000915527344,9222800
2023-12-22,52.98774719238281,54.290000915527344,54.900001525878906,53.63999938964844,54.369998931884766,6888500
2023-12-26,53.612396240234375,54.93000030517578,55.279998779296875,54.400001525878906,54.41999816894531,2804000
2023-12-27,53.90520095825195,55.22999954223633,55.290000915527344,54.689998626708984,54.880001068115234,5438000
2023-12-28,53.895442962646484,55.220001220703125,55.52000045776367,55.099998474121094,55.290000915527344,4038400
2023-12-29,53.42695617675781,54.7400016784668,55.31999969482422,54.04999923706055,55.130001068115234,5842500
2024-01-02,52.46070098876953,53.75,54.130001068115234,53.040000915527344,53.630001068115234,6554500
2024-01-03,51.19188690185547,52.45000076293945,53.27000045776367,52.25,53.0099983215332,7324500
2024-01-04,50.65507125854492,51.900001525878906,53.119998931884766,51.810001373291016,52.22999954223633,5516600
2024-01-05,50.850276947021484,52.099998474121094,52.90999984741211,51.59000015258789,51.91999816894531,7855500
2024-01-08,52.96822738647461,54.27000045776367,54.34000015258789,52.20000076293945,52.22999954223633,6631100
2024-01-09,52.7047004699707,54.0,54.38999938964844,53.16999816894531,53.36000061035156,10046600
2024-01-10,53.612396240234375,54.93000030517578,55.220001220703125,54.0099983215332,54.099998474121094,5350600
2024-01-11,53.47574996948242,54.790000915527344,55.38999938964844,53.36000061035156,55.20000076293945,9994600
2024-01-12,53.5538330078125,54.869998931884766,55.540000915527344,54.369998931884766,55.2599983215332,5725100
2024-01-16,52.958465576171875,54.2599983215332,54.83000183105469,53.61000061035156,54.36000061035156,9842000
2024-01-17,52.02149963378906,53.29999923706055,53.4900016784668,52.5,53.16999816894531,5820300
2024-01-18,53.36838912963867,54.68000030517578,54.869998931884766,53.31999969482422,53.83000183105469,7184900
2024-01-19,55.36921691894531,56.72999954223633,56.810001373291016,54.83000183105469,55.060001373291016,7730600
2024-01-22,55.68154525756836,57.04999923706055,57.68000030517578,56.81999969482422,57.27000045776367,8886200
2024-01-23,56.1402702331543,57.52000045776367,57.619998931884766,56.84000015258789,57.25,4304900
2024-01-24,56.29643249511719,57.68000030517578,58.900001525878906,57.56999969482422,58.540000915527344,6123900
2024-01-25,57.194366455078125,58.599998474121094,58.66999816894531,57.650001525878906,58.43000030517578,5014400
2024-01-26,56.96011734008789,58.36000061035156,58.95000076293945,58.029998779296875,58.400001525878906,9360200
2024-01-29,58.28750228881836,59.720001220703125,59.75,58.22999954223633,58.41999816894531,5933300
2024-01-30,58.102054595947266,59.529998779296875,59.79999923706055,59.2400016784668,59.41999816894531,4964600
2024-01-31,55.2716178894043,56.630001068115234,58.86000061035156,56.59000015258789,58.70000076293945,13144100
2024-02-01,57.360286712646484,58.77000045776367,58.779998779296875,56.869998931884766,57.13999938964844,9111600
2024-02-02,59.136627197265625,60.59000015258789,61.209999084472656,58.790000915527344,58.91999816894531,8400200
2024-02-05,58.472938537597656,59.90999984741211,60.5099983215332,59.06999969482422,60.34000015258789,9577500
2024-02-06,58.95119094848633,60.400001525878906,60.540000915527344,59.709999084472656,60.2599983215332,4856400
2024-02-07,60.39569091796875,61.880001068115234,62.060001373291016,60.90999984741211,61.2400016784668,4733200
2024-02-08,60.46400833129883,61.95000076293945,62.06999969482422,61.540000915527344,61.86000061035156,3966900
2024-02-09,61.45954513549805,62.970001220703125,63.13999938964844,61.97999954223633,62.11000061035156,5296000
2024-02-12,61.34241485595703,62.849998474121094,63.810001373291016,62.599998474121094,62.959999084472656,4922600
2024-02-13,58.83406448364258,60.279998779296875,60.90999984741211,58.9900016784668,60.400001525878906,8772900
2024-02-14,60.385929107666016,61.869998931884766,62.04999923706055,60.349998474121094,61.2400016784668,6358700
2024-02-15,61.527854919433594,63.040000915527344,63.130001068115234,61.849998474121094,62.060001373291016,7448700
2024-02-16,60.58113098144531,62.06999969482422,63.36000061035156,61.810001373291016,62.939998626708984,6962100
2024-02-20,59.566070556640625,61.029998779296875,61.65999984741211,60.18000030517578,61.41999816894531,6453400
2024-02-21,59.70271682739258,61.16999816894531,61.2400016784668,59.83000183105469,60.5099983215332,5508200
2024-02-22,63.382286071777344,64.94000244140625,65.27999877929688,63.27000045776367,63.61000061035156,7295900
2024-02-23,63.46036911010742,65.0199966430664,65.91000366210938,64.75,65.55999755859375,5784200
2024-02-26,62.75764465332031,64.30000305175781,65.3499984741211,64.25,65.16999816894531,4177000
2024-02-27,63.06996154785156,64.62000274658203,64.70999908447266,63.79999923706055,64.55000305175781,4077300
2024-02-28,62.767398834228516,64.30999755859375,64.58000183105469,63.86000061035156,63.9900016784668,3938100
2024-02-29,63.382286071777344,64.94000244140625,65.58999633789062,63.93000030517578,64.9800033569336,6850400
2024-03-01,65.16838836669922,66.7699966430664,66.94999694824219,65.13999938964844,65.29000091552734,6462000
2024-03-04,64.91462707519531,66.51000213623047,67.27999877929688,66.41999816894531,66.41999816894531,3643300
2024-03-05,62.94308090209961,64.48999786376953,65.88999938964844,63.630001068115234,65.70999908447266,6021500
2024-03-06,63.91907501220703,65.48999786376953,66.36000061035156,64.97000122070312,65.79000091552734,6771900
2024-03-07,65.77352905273438,67.38999938964844,67.77999877929688,66.33999633789062,66.69000244140625,5955900
2024-03-08,64.55349731445312,66.13999938964844,68.69000244140625,65.88999938964844,67.62000274658203,11477600
2024-03-11,64.33878326416016,65.91999816894531,66.13999938964844,64.83999633789062,65.5999984741211,8913400
2024-03-12,66.39816284179688,68.02999877929688,68.25,65.7300033569336,66.73999786376953,8326600
2024-03-13,66.04680633544922,67.66999816894531,68.19999694824219,67.0999984741211,68.12000274658203,5123400
2024-03-14,65.58806610107422,67.19999694824219,68.05999755859375,65.97000122070312,68.0199966430664,6770800
2024-03-15,64.16309356689453,65.73999786376953,66.52999877929688,65.22000122070312,65.97000122070312,6360000
2024-03-18,65.3147964477539,66.91999816894531,67.94999694824219,66.73999786376953,67.36000061035156,9732400
2024-03-19,66.40792083740234,68.04000091552734,68.13999938964844,66.25,66.66999816894531,5571700
2024-03-20,68.20018768310547,69.75,69.83000183105469,67.63999938964844,67.94000244140625,5927000
2024-03-21,68.77709197998047,70.33999633789062,71.16000366210938,70.29000091552734,70.87999725341797,5468600
2024-03-22,68.45442962646484,70.01000213623047,70.54000091552734,69.87999725341797,70.33000183105469,3529000
2024-03-25,67.87751770019531,69.41999816894531,69.83000183105469,69.30000305175781,69.37999725341797,8511200
2024-03-26,67.31040954589844,68.83999633789062,70.06999969482422,68.7699966430664,69.94000244140625,7742100
2024-03-27,69.02152252197266,70.58999633789062,70.61000061035156,69.12999725341797,70.02999877929688,5110600
2024-03-28,68.98242950439453,70.55000305175781,71.1500015258789,70.43000030517578,70.58999633789062,3904300
2024-04-01,68.63041687011719,70.19000244140625,71.02999877929688,69.6500015258789,70.80999755859375,8047700
2024-04-02,67.2419662475586,68.7699966430664,68.81999969482422,67.81999969482422,68.52999877929688,5248700
2024-04-03,67.4375228881836,68.97000122070312,69.58000183105469,68.27999877929688,68.30999755859375,5570800
2024-04-04,64.86595153808594,66.33999633789062,70.68000030517578,66.25,70.54000091552734,7966900
2024-04-05,66.88019561767578,68.4000015258789,69.20999908447266,66.72000122070312,66.9000015258789,8073700
2024-04-08,66.93885040283203,68.45999908447266,69.0999984741211,68.19000244140625,68.69999694824219,8048700
2024-04-09,67.17352294921875,68.69999694824219,69.29000091552734,66.7699966430664,69.19999694824219,5631700
2024-04-10,65.19841766357422,66.68000030517578,67.44999694824219,65.83999633789062,66.37999725341797,8940600
2024-04-11,66.58686065673828,68.0999984741211,68.66000366210938,65.79000091552734,67.16999816894531,6507900
2024-04-12,63.75128173828125,65.19999694824219,67.19000244140625,64.54000091552734,66.62000274658203,7446200
2024-04-15,61.37529373168945,62.77000045776367,66.91999816894531,62.43000030517578,66.8499984741211,9206200
2024-04-16,60.98418045043945,62.369998931884766,63.5,61.900001525878906,62.91999816894531,8826600
2024-04-17,59.898834228515625,61.2599983215332,63.36000061035156,60.72999954223633,63.29999923706055,9682400
2024-04-18,59.42950439453125,60.779998779296875,62.52000045776367,60.470001220703125,61.72999954223633,9430700
2024-04-19,57.84550094604492,59.15999984741211,61.130001068115234,58.7400016784668,60.7599983215332,8056200
2024-04-22,59.400169372558594,60.75,61.779998779296875,59.279998779296875,60.150001525878906,7134600
2024-04-23,61.53173828125,62.93000030517578,63.119998931884766,61.36000061035156,61.560001373291016,6311000
2024-04-24,61.482845306396484,62.880001068115234,63.560001373291016,62.0,63.290000915527344,5805000
2024-04-25,60.651729583740234,62.029998779296875,62.349998474121094,59.84000015258789,60.43000030517578,7454100
2024-04-26,62.40195846557617,63.81999969482422,64.41000366210938,62.869998931884766,63.099998474121094,4979800
2024-04-29,63.00818634033203,64.44000244140625,64.72000122070312,63.40999984741211,64.5,3580100
2024-04-30,60.03573226928711,61.400001525878906,64.25,61.38999938964844,63.84000015258789,5121800
2024-05-01,59.351287841796875,60.70000076293945,63.630001068115234,60.58000183105469,61.130001068115234,8514500
2024-05-02,60.98418045043945,62.369998931884766,62.70000076293945,60.38999938964844,62.09000015258789,4893200
2024-05-03,63.252628326416016,64.69000244140625,65.16999816894531,63.689998626708984,64.66000366210938,5392800
2024-05-06,65.20819091796875,66.69000244140625,66.69000244140625,65.44999694824219,65.62999725341797,3542700
2024-05-07,65.40373992919922,66.88999938964844,67.44000244140625,66.61000061035156,67.05000305175781,3943100
2024-05-08,65.37439727783203,66.86000061035156,67.08000183105469,66.08000183105469,66.12000274658203,2135000
2024-05-09,66.43042755126953,67.94000244140625,67.97000122070312,66.61000061035156,66.88999938964844,2883200
2024-05-10,66.71397399902344,68.2300033569336,68.91999816894531,67.72000122070312,68.58000183105469,3417600
2024-05-13,66.67486572265625,68.19000244140625,68.88999938964844,67.73999786376953,68.86000061035156,2336700
2024-05-14,67.57441711425781,69.11000061035156,69.33000183105469,68.04000091552734,68.26000213623047,3548700
2024-05-15,70.04820251464844,71.63999938964844,71.79000091552734,69.8499984741211,70.0999984741211,4514900
2024-05-16,69.57887268066406,71.16000366210938,72.30000305175781,71.0999984741211,71.63999938964844,3280600
2024-05-17,69.85264587402344,71.44000244140625,71.47000122070312,70.58000183105469,71.16999816894531,2852400
2024-05-20,70.0579833984375,71.6500015258789,72.2699966430664,71.29000091552734,71.44999694824219,2674100
2024-05-21,70.5370864868164,72.13999938964844,72.22000122070312,71.23999786376953,71.30000305175781,2210000
2024-05-22,69.89176940917969,71.4800033569336,72.12999725341797,70.5999984741211,71.8499984741211,3882300
2024-05-23,68.26863861083984,69.81999969482422,72.72000122070312,69.33000183105469,72.68000030517578,6521600
2024-05-24,69.62775421142578,71.20999908447266,71.52999877929688,70.18000030517578,70.58999633789062,4314900
2024-05-28,69.7548599243164,71.33999633789062,71.5999984741211,70.23999786376953,71.5199966430664,3831500
2024-05-29,68.24909210205078,69.80000305175781,70.29000091552734,69.51000213623047,69.61000061035156,3799500
2024-05-30,66.85086059570312,68.37000274658203,69.41999816894531,67.88999938964844,69.1500015258789,3991800
2024-05-31,68.6108627319336,70.16999816894531,70.26000213623047,66.6500015258789,68.69999694824219,6663700
2024-06-03,68.77709197998047,70.33999633789062,70.87999725341797,68.26000213623047,70.83999633789062,6767900
2024-06-04,68.95308685302734,70.5199966430664,70.8499984741211,69.16999816894531,69.80000305175781,4973100
2024-06-05,71.39752960205078,73.0199966430664,73.05000305175781,70.6500015258789,71.48999786376953,4374200
2024-06-06,71.36820983886719,72.98999786376953,73.33000183105469,72.20999908447266,73.16999816894531,3182200
2024-06-07,71.02599334716797,72.63999938964844,73.86000061035156,72.06999969482422,72.55000305175781,4625500
2024-06-10,71.67131042480469,73.30000305175781,73.44999694824219,72.05000305175781,72.30000305175781,2609300
2024-06-11,72.16020202636719,73.80000305175781,73.8499984741211,71.81999969482422,72.66999816894531,2731200
2024-06-12,73.92021942138672,75.5999984741211,76.75,75.19000244140625,75.7300033569336,6023700
2024-06-13,74.3797607421875,76.06999969482422,76.41000366210938,74.86000061035156,76.3499984741211,2707600
2024-06-14,74.38955688476562,76.08000183105469,76.12999725341797,74.88999938964844,75.33999633789062,2770200
2024-06-17,76.13978576660156,77.87000274658203,78.47000122070312,75.58999633789062,75.80000305175781,3223000
2024-06-18,76.69711303710938,78.44000244140625,78.51000213623047,77.70999908447266,77.88999938964844,2504700
2024-06-20,76.0224380493164,77.75,79.12000274658203,77.0199966430664,78.83999633789062,3855600
2024-06-21,75.48465728759766,77.19999694824219,77.87999725341797,76.77999877929688,77.3499984741211,3231800
2024-06-24,74.88821411132812,76.58999633789062,78.41000366210938,76.56999969482422,77.27999877929688,3760400
2024-06-25,75.71932983398438,77.44000244140625,77.62999725341797,76.47000122070312,77.12000274658203,2562500
2024-06-26,76.02626037597656,77.52999877929688,77.80999755859375,76.44999694824219,76.7300033569336,2263000
2024-06-27,76.31063079833984,77.81999969482422,78.0999984741211,77.0999984741211,77.41000366210938,2527700
2024-06-28,75.34963989257812,76.83999633789062,79.44000244140625,76.30999755859375,78.11000061035156,5324300
2024-07-01,75.78111267089844,77.27999877929688,77.51000213623047,76.11000061035156,77.41999816894531,3265300
2024-07-02,77.2618179321289,78.79000091552734,78.81999969482422,76.55000305175781,76.5999984741211,2927200
2024-07-03,78.23261260986328,79.77999877929688,79.97000122070312,78.62000274658203,78.62999725341797,1889700
2024-07-05,79.54663848876953,81.12000274658203,81.30999755859375,79.5999984741211,79.9000015258789,3205700
2024-07-08,79.79177856445312,81.37000274658203,81.80000305175781,80.88999938964844,81.4800033569336,2528300
2024-07-09,79.98789978027344,81.56999969482422,82.16999816894531,81.45999908447266,81.7699966430664,2134900
2024-07-10,82.29231262207031,83.91999816894531,84.12999725341797,81.9800033569336,82.11000061035156,2500500
2024-07-11,80.1742172241211,81.76000213623047,84.4000015258789,81.4800033569336,84.01000213623047,5672100
2024-07-12,81.60591125488281,83.22000122070312,84.87000274658203,82.05000305175781,82.20999908447266,4657200
2024-07-15,82.27271270751953,83.9000015258789,85.36000061035156,83.05999755859375,84.12000274658203,8540500
2024-07-16,83.71419525146484,85.37000274658203,85.4800033569336,84.12000274658203,84.47000122070312,3117400
2024-07-17,80.14480590820312,81.7300033569336,83.3499984741211,81.58999633789062,82.55999755859375,4552400
2024-07-18,78.24242401123047,79.79000091552734,82.83999633789062,78.8499984741211,82.4000015258789,5761800
2024-07-19,76.59500885009766,78.11000061035156,80.33999633789062,77.68000030517578,79.61000061035156,4254700
2024-07-22,78.97787475585938,80.54000091552734,80.79000091552734,78.9800033569336,79.83000183105469,5229200
2024-07-23,78.5660171508789,80.12000274658203,81.41999816894531,79.91000366210938,80.45999908447266,3713500
2024-07-24,73.19231414794922,74.63999938964844,78.08999633789062,74.2300033569336,77.93000030517578,7665300
2024-07-25,71.9959716796875,73.41999816894531,77.18000030517578,73.05999755859375,74.6500015258789,9370600
2024-07-26,74.3690414428711,75.83999633789062,76.95999908447266,74.62999725341797,74.94999694824219,5798000
2024-07-29,74.43769073486328,75.91000366210938,76.9000015258789,75.08000183105469,76.45999908447266,4323900
2024-07-30,73.29037475585938,74.73999786376953,76.9800033569336,73.30000305175781,76.54000091552734,4354400
2024-07-31,76.71269226074219,78.2300033569336,79.47000122070312,77.04000091552734,77.5999984741211,6042900
2024-08-01,73.55514526367188,75.01000213623047,80.05999755859375,73.5,79.0999984741211,9588400
2024-08-02,69.39736938476562,70.7699966430664,72.44000244140625,68.97000122070312,71.91000366210938,11936400
2024-08-05,63.27839660644531,64.52999877929688,67.01000213623047,61.709999084472656,62.209999084472656,13287800
2024-08-06,65.01406860351562,66.30000305175781,69.12999725341797,64.68000030517578,65.20999908447266,8450300
2024-08-07,63.65103530883789,64.91000366210938,69.86000061035156,64.69999694824219,68.69000244140625,6425800
2024-08-08,68.04414367675781,69.38999938964844,69.6500015258789,66.0999984741211,66.9000015258789,4358900
2024-08-09,68.87765502929688,70.23999786376953,70.8499984741211,68.52999877929688,69.0199966430664,4320900
2024-08-12,68.95610046386719,70.31999969482422,71.31999969482422,69.43000030517578,70.69999694824219,5028100
2024-08-13,72.33918762207031,73.7699966430664,73.87999725341797,71.52999877929688,71.62999725341797,4384500
2024-08-14,73.03541564941406,74.4800033569336,74.95999908447266,72.97000122070312,74.13999938964844,4931200
2024-08-15,76.74210357666016,78.26000213623047,78.37999725341797,76.56999969482422,76.77999877929688,4323700
2024-08-16,77.14413452148438,78.66999816894531,79.01000213623047,77.43000030517578,77.5,3257000
2024-08-19,79.36031341552734,80.93000030517578,80.93000030517578,78.5199966430664,78.87000274658203,3304900
2024-08-20,78.92884063720703,80.48999786376953,81.45999908447266,79.93000030517578,80.72000122070312,2806200
2024-08-21,79.78197479248047,81.36000061035156,81.97000122070312,80.19000244140625,80.94000244140625,3541000
2024-08-22,77.84037780761719,79.37999725341797,82.41999816894531,78.8499984741211,82.16000366210938,4354600
2024-08-23,80.22323608398438,81.80999755859375,82.23999786376953,79.7699966430664,80.75,5118800
2024-08-26,79.59565734863281,81.16999816894531,82.56999969482422,80.47000122070312,82.23999786376953,3301300
2024-08-27,79.92906951904297,81.51000213623047,81.7300033569336,80.12999725341797,80.61000061035156,2652600
2024-08-28,78.5169906616211,80.06999969482422,81.52999877929688,78.63999938964844,81.36000061035156,3505000
2024-08-29,78.4777603149414,80.02999877929688,82.33999633789062,79.55999755859375,80.9000015258789,5456700
2024-08-30,80.60568237304688,82.19999694824219,82.44999694824219,79.43000030517578,80.98999786376953,4147100
2024-09-03,75.6438217163086,77.13999938964844,80.94999694824219,76.0,80.79000091552734,6598900
2024-09-04,75.08487701416016,76.56999969482422,78.05999755859375,76.0,76.29000091552734,5215700
2024-09-05,74.53572845458984,76.01000213623047,77.7699966430664,74.97000122070312,76.54000091552734,4482000
2024-09-06,70.72118377685547,72.12000274658203,76.7699966430664,71.72000122070312,76.08999633789062,7081800
2024-09-09,73.03541564941406,74.4800033569336,75.01000213623047,73.0,73.80999755859375,4155600
2024-09-10,73.96698760986328,75.43000030517578,75.5999984741211,73.23999786376953,75.26000213623047,3427800
2024-09-11,76.19295501708984,77.69999694824219,78.13999938964844,71.7699966430664,75.4000015258789,6822100
2024-09-12,78.11494445800781,79.66000366210938,79.80999755859375,77.0199966430664,77.98999786376953,4511700
2024-09-13,79.26225280761719,80.83000183105469,81.29000091552734,79.7699966430664,79.87999725341797,4017900
2024-09-16,79.6348876953125,81.20999908447266,81.30000305175781,79.93000030517578,80.70999908447266,2639500
2024-09-17,79.70352172851562,81.27999877929688,82.79000091552734,80.27999877929688,82.1500015258789,3493500
2024-09-18,78.93865966796875,80.5,83.66999816894531,80.27999877929688,81.52999877929688,5697800
2024-09-19,82.94932556152344,84.58999633789062,85.41999816894531,83.37999725341797,84.62999725341797,5079500
2024-09-20,82.39037322998047,84.0199966430664,84.55999755859375,82.7300033569336,83.94999694824219,4089100
2024-09-23,83.02777099609375,84.66999816894531,84.98999786376953,84.01000213623047,84.55000305175781,3149300
2024-09-24,83.73380279541016,85.38999938964844,85.41999816894531,83.75,85.0199966430664,3467200
2024-09-25,83.12427520751953,84.55000305175781,85.41000366210938,84.06999969482422,85.08999633789062,3043100
2024-09-26,84.12706756591797,85.56999969482422,86.62999725341797,84.48999786376953,86.51000213623047,3761700
2024-09-27,83.65515899658203,85.08999633789062,86.3499984741211,84.66000366210938,85.9800033569336,3148000
2024-09-30,84.73661041259766,86.19000244140625,86.37000274658203,83.58000183105469,84.61000061035156,3352600
2024-10-01,82.38691711425781,83.80000305175781,85.93000030517578,82.58000183105469,85.91000366210938,5914200
2024-10-02,82.3967514038086,83.80999755859375,84.30000305175781,82.25,83.33000183105469,3100900
2024-10-03,81.93465423583984,83.33999633789062,84.2300033569336,82.33000183105469,83.16999816894531,3960200
2024-10-04,84.0779037475586,85.5199966430664,85.70999908447266,83.43000030517578,85.2699966430664,4972400
2024-10-07,81.81670379638672,83.22000122070312,85.05999755859375,82.66999816894531,84.7699966430664,4657200
2024-10-08,84.08773803710938,85.52999877929688,85.77999877929688,83.93000030517578,84.30000305175781,3049200
2024-10-09,85.79839324951172,87.2699966430664,87.54000091552734,85.23999786376953,85.5,3551200
2024-10-10,85.32649993896484,86.79000091552734,87.44000244140625,86.05000305175781,86.66000366210938,3300300
2024-10-11,86.73237609863281,88.22000122070312,88.56999969482422,86.5999984741211,86.6500015258789,2940600
2024-10-14,88.86579132080078,90.38999938964844,90.81999969482422,88.83000183105469,88.98999786376953,2982100
2024-10-15,86.80120086669922,88.29000091552734,90.6500015258789,87.70999908447266,90.5,4602800
2024-10-16,87.86299133300781,89.37000274658203,89.62000274658203,87.87999725341797,88.23999786376953,2679600
2024-10-17,87.88264465332031,89.38999938964844,91.12000274658203,89.30999755859375,91.04000091552734,3484300
2024-10-18,88.7871322631836,90.30999755859375,90.69999694824219,89.41999816894531,90.11000061035156,2207100
2024-10-21,88.3643798828125,89.87999725341797,90.41999816894531,88.45999908447266,89.9800033569336,3368100
2024-10-22,88.1775894165039,89.69000244140625,90.20999908447266,88.33000183105469,88.62999725341797,2797600
2024-10-23,85.70008087158203,87.16999816894531,88.9000015258789,85.52999877929688,88.69000244140625,4292200
2024-10-24,86.23097229003906,87.70999908447266,88.0999984741211,86.54000091552734,88.08999633789062,3369200
2024-10-25,86.06385040283203,87.54000091552734,90.0199966430664,87.12000274658203,88.69000244140625,4653600
2024-10-28,86.84051513671875,88.33000183105469,89.13999938964844,88.19999694824219,89.12000274658203,2906400
2024-10-29,87.214111328125,88.70999908447266,89.26000213623047,87.20999908447266,87.86000061035156,2836500
2024-10-30,86.41777038574219,87.9000015258789,89.41999816894531,87.56999969482422,88.51000213623047,3107900
2024-10-31,81.26612854003906,82.66000366210938,85.88999938964844,82.62000274658203,85.86000061035156,6461200
2024-11-01,82.249267578125,83.66000366210938,85.63999938964844,83.48999786376953,83.80000305175781,4409800
2024-11-04,81.68888854980469,83.08999633789062,84.29000091552734,82.2699966430664,83.70999908447266,3364700
2024-11-05,84.63829040527344,86.08999633789062,86.0999984741211,83.41000366210938,83.5199966430664,3214600
2024-11-06,90.9402084350586,92.5,92.88999938964844,89.97000122070312,91.66999816894531,7138700
2024-11-07,92.98513793945312,94.58000183105469,95.08000183105469,93.37999725341797,93.44000244140625,3854600
2024-11-08,94.16490173339844,95.77999877929688,96.4000015258789,94.76000213623047,94.76000213623047,3727400
2024-11-11,94.36151885986328,95.9800033569336,96.66000366210938,95.1500015258789,96.52999877929688,2856700
2024-11-12,93.44721221923828,95.05000305175781,96.20999908447266,93.83999633789062,95.93000030517578,3531900
2024-11-13,93.56517791748047,95.16999816894531,96.1500015258789,94.11000061035156,95.23999786376953,3611300
2024-11-14,91.72671508789062,93.30000305175781,95.44000244140625,92.97000122070312,95.19999694824219,3269300
2024-11-15,88.1087646484375,89.62000274658203,91.73999786376953,88.7300033569336,91.52999877929688,5043400
2024-11-18,89.18038940429688,90.70999908447266,91.31999969482422,89.41000366210938,89.83000183105469,3045800
2024-11-19,90.15369415283203,91.69999694824219,92.01000213623047,88.77999877929688,89.08000183105469,3637100
2024-11-20,90.20284271240234,91.75,91.86000061035156,88.98999786376953,91.69999694824219,3972900
2024-11-21,91.59890747070312,93.16999816894531,93.8499984741211,90.29000091552734,93.06999969482422,4944500
2024-11-22,92.35592651367188,93.94000244140625,94.26000213623047,92.87000274658203,93.0999984741211,2983200
2024-11-25,93.26040649414062,94.86000061035156,96.47000122070312,93.7699966430664,95.83000183105469,4131900
2024-11-26,94.75477600097656,96.37999725341797,96.66999816894531,95.13999938964844,95.44999694824219,3253100
2024-11-27,93.7814712524414,95.38999938964844,96.37000274658203,94.66000366210938,96.20999908447266,2693600
2024-11-29,95.41348266601562,97.05000305175781,97.47000122070312,95.58999633789062,95.69000244140625,1798400
2024-12-02,95.97386932373047,97.62000274658203,97.91000366210938,97.02999877929688,97.27999877929688,2394500
2024-12-03,96.02301788330078,97.66999816894531,97.80999755859375,96.94999694824219,97.4800033569336,2111300
2024-12-04,97.76316833496094,99.44000244140625,99.58000183105469,98.18000030517578,98.48999786376953,3113700
2024-12-05,97.29126739501953,98.95999908447266,99.86000061035156,98.79000091552734,99.44000244140625,2103600
2024-12-06,97.80252075195312,99.4800033569336,100.05999755859375,99.05000305175781,99.25,2901900
2024-12-09,96.20982360839844,97.86000061035156,99.43000030517578,97.56999969482422,99.33999633789062,3326200
2024-12-10,95.30533599853516,96.94000244140625,98.33999633789062,96.5999984741211,98.16000366210938,2314000
2024-12-11,97.50756072998047,99.18000030517578,99.61000061035156,98.18000030517578,98.31999969482422,2334000
2024-12-12,95.9542007446289,97.5999984741211,98.94999694824219,97.58000183105469,98.68000030517578,2464800
2024-12-13,95.81655883789062,97.45999908447266,98.8499984741211,96.75,98.47000122070312,2761700
2024-12-16,96.96682739257812,98.62999725341797,99.12000274658203,97.88999938964844,98.23999786376953,2664800
2024-12-17,95.72808837890625,97.37000274658203,97.80999755859375,96.70999908447266,97.3499984741211,3155600
2024-12-18,87.24360656738281,88.73999786376953,98.4000015258789,88.43000030517578,97.20999908447266,7538800
2024-12-19,87.0469741821289,88.54000091552734,91.6500015258789,88.43000030517578,90.9000015258789,6655400
2024-12-20,89.9374008178711,91.4800033569336,93.69999694824219,86.9800033569336,87.3499984741211,7185200
2024-12-23,91.69720458984375,93.01000213623047,93.26000213623047,89.7300033569336,91.22000122070312,3728200
2024-12-24,94.62528991699219,95.9800033569336,96.0199966430664,93.27999877929688,93.55000305175781,2349800
2024-12-26,94.61542510986328,95.97000122070312,96.54000091552734,94.45999908447266,95.11000061035156,2945300
2024-12-27,91.59861755371094,92.91000366210938,94.20999908447266,90.8499984741211,94.08000183105469,5207300
2024-12-30,88.39450073242188,89.66000366210938,91.30999755859375,87.88999938964844,89.5,5261800
2024-12-31,87.38887786865234,88.63999938964844,90.70999908447266,87.88999938964844,90.38999938964844,4339600
2025-01-02,86.65933227539062,87.9000015258789,90.88999938964844,86.08999633789062,90.06999969482422,5994200
2025-01-03,89.8338851928711,91.12000274658203,91.44999694824219,88.69000244140625,89.19999694824219,9809800
2025-01-06,91.3915786743164,92.69999694824219,94.72000122070312,91.88999938964844,93.0999984741211,4328000
2025-01-07,88.33534240722656,89.5999984741211,93.79000091552734,88.66000366210938,93.66000366210938,4744800
2025-01-08,88.57194519042969,89.83999633789062,90.36000061035156,87.91000366210938,89.5199966430664,3747700
2025-01-10,84.4903793334961,85.69999694824219,88.16999816894531,84.79000091552734,88.13999938964844,8894800
2025-01-13,84.89460754394531,86.11000061035156,86.20999908447266,83.36000061035156,83.55999755859375,4371800
2025-01-14,85.14105987548828,86.36000061035156,87.62999725341797,84.69999694824219,87.3499984741211,4444100
2025-01-15,89.78459167480469,91.06999969482422,91.58000183105469,89.47000122070312,89.98999786376953,5440800
2025-01-16,89.27192687988281,90.55000305175781,91.76000213623047,90.19000244140625,91.68000030517578,3315400
2025-01-17,91.78593444824219,93.0999984741211,93.94000244140625,92.2300033569336,92.83000183105469,3550600
2025-01-21,94.18163299560547,95.52999877929688,95.62000274658203,93.62000274658203,94.56999969482422,5879900
2025-01-22,95.808349609375,97.18000030517578,97.88999938964844,96.7699966430664,97.0,3103300
2025-01-23,97.37590026855469,98.7699966430664,98.77999877929688,96.76000213623047,96.88999938964844,2932500
2025-01-24,96.45903015136719,97.83999633789062,99.22000122070312,97.29000091552734,98.76000213623047,2942400
2025-01-27,92.347900390625,93.66999816894531,93.81999969482422,91.36000061035156,91.45999908447266,6126000
2025-01-28,94.65487670898438,96.01000213623047,96.44999694824219,92.6500015258789,94.22000122070312,4371400
2025-01-29,93.3534927368164,94.69000244140625,95.83000183105469,93.48999786376953,95.62999725341797,4804900
2025-01-30,94.84217834472656,96.19999694824219,96.94999694824219,94.18000030517578,95.7300033569336,4292500
2025-01-31,93.23519134521484,94.56999969482422,98.4800033569336,94.20999908447266,97.30000305175781,4680700
2025-02-03,91.30284118652344,92.61000061035156,93.81999969482422,89.22000122070312,90.27999877929688,6173500
2025-02-04,93.14645385742188,94.4800033569336,94.7300033569336,92.4000015258789,92.61000061035156,3429400
2025-02-05,94.2309341430664,95.58000183105469,95.66999816894531,92.94999694824219,93.93000030517578,3205700
2025-02-06,95.20695495605469,96.56999969482422,96.62999725341797,94.81999969482422,96.4000015258789,3218600
2025-02-07,92.51548767089844,93.83999633789062,97.3499984741211,93.48999786376953,96.7699966430664,4590500
2025-02-10,94.2999496459961,95.6500015258789,96.01000213623047,94.72000122070312,95.33000183105469,8225300
2025-02-11,94.49711608886719,95.8499984741211,96.16000366210938,94.54000091552734,94.58999633789062,2419700
2025-02-12,93.61968231201172,94.95999908447266,95.51000213623047,92.66999816894531,92.95999908447266,3590300
2025-02-13,96.53791046142578,97.91999816894531,98.0199966430664,94.86000061035156,95.44999694824219,3641700
2025-02-14,96.42945861816406,97.80999755859375,98.41000366210938,97.4800033569336,97.94000244140625,2828600
2025-02-18,97.16886901855469,98.55999755859375,98.62000274658203,97.1500015258789,98.33999633789062,2797600
2025-02-19,97.88856506347656,99.29000091552734,99.44000244140625,97.66999816894531,97.91999816894531,2830300
2025-02-20,96.63648223876953,98.0199966430664,98.6500015258789,96.37999725341797,98.58999633789062,3234600
2025-02-21,91.6380386352539,92.94999694824219,97.87000274658203,92.68000030517578,97.83999633789062,4852800
2025-02-24,90.31697082519531,91.61000061035156,94.30000305175781,91.2699966430664,93.80999755859375,4500000
2025-02-25,88.88744354248047,90.16000366210938,91.87999725341797,88.05000305175781,91.55999755859375,5382500
2025-02-26,88.98601531982422,90.26000213623047,92.61000061035156,89.0999984741211,90.94000244140625,4290300
2025-02-27,84.73685455322266,85.94999694824219,91.86000061035156,85.77999877929688,91.36000061035156,5319900
2025-02-28,88.5818099975586,89.8499984741211,90.12000274658203,84.72000122070312,86.08999633789062,8008000
2025-03-03,84.04673767089844,85.25,91.30000305175781,83.4000015258789,90.76000213623047,6151700
2025-03-04,80.94119262695312,82.0999984741211,85.80999755859375,80.05999755859375,83.33000183105469,7322600
2025-03-05,83.47492980957031,84.66999816894531,85.4800033569336,80.44000244140625,81.9800033569336,6547000
2025-03-06,79.077880859375,80.20999908447266,83.4000015258789,79.02999877929688,81.38999938964844,7101700
2025-03-07,80.24121856689453,81.38999938964844,82.05000305175781,77.16999816894531,79.33999633789062,6519800
2025-03-10,73.90196990966797,74.95999908447266,78.70999908447266,72.77999877929688,77.87000274658203,8921400
2025-03-11,72.04851531982422,73.08000183105469,75.76000213623047,71.45999908447266,74.38999938964844,6705100
2025-03-12,73.10342407226562,74.1500015258789,75.80999755859375,72.0999984741211,75.44000244140625,6131800
2025-03-13,70.18519592285156,71.19000244140625,74.22000122070312,70.45999908447266,73.97000122070312,5148200
2025-03-14,74.41463470458984,75.4800033569336,75.87999725341797,72.6500015258789,72.91999816894531,4855800
2025-03-17,76.09063720703125,77.18000030517578,78.25,75.29000091552734,75.43000030517578,7807600
2025-03-18,73.67523193359375,74.7300033569336,76.30999755859375,73.9000015258789,76.22000122070312,4509200
2025-03-19,75.97233581542969,77.05999755859375,78.61000061035156,74.9000015258789,75.38999938964844,5573600
2025-03-20,75.42024993896484,76.5,78.4800033569336,75.25,75.5,3978900
2025-03-21,75.42024993896484,76.5,76.7699966430664,73.9800033569336,74.5199966430664,5009800
2025-03-24,79.3342056274414,80.47000122070312,80.93000030517578,78.91999816894531,79.19999694824219,5246000
2025-03-25,79.85673522949219,81.0,81.45999908447266,80.31999969482422,81.01000213623047,3722100
2025-03-26,77.08784484863281,78.01000213623047,81.16000366210938,77.36000061035156,80.70999908447266,6061600
2025-03-27,76.3664779663086,77.27999877929688,78.86000061035156,76.41999816894531,77.37999725341797,4440000
2025-03-28,71.78131103515625,72.63999938964844,76.9000015258789,72.33999633789062,76.61000061035156,9093400
2025-03-31,73.02642822265625,73.9000015258789,74.51000213623047,69.11000061035156,70.26000213623047,7467300
2025-04-01,73.7379150390625,74.62000274658203,75.38999938964844,71.72000122070312,73.19999694824219,7031600
2025-04-02,75.1312484741211,76.02999877929688,77.1500015258789,72.12000274658203,72.23999786376953,6995900
2025-04-03,64.36009979248047,65.12999725341797,69.27999877929688,64.83000183105469,68.12999725341797,9506300
2025-04-04,53.18379592895508,53.81999969482422,60.7599983215332,53.279998779296875,59.970001220703125,25205000
2025-04-07,52.42290115356445,53.04999923706055,58.939998626708984,45.880001068115234,48.16999816894531,21086000
2025-04-08,50.05126953125,50.650001525878906,59.47999954223633,48.220001220703125,58.529998779296875,16152200
2025-04-09,64.04388427734375,64.80999755859375,65.68000030517578,49.40999984741211,49.540000915527344,28627200
2025-04-10,57.34402847290039,58.029998779296875,61.20000076293945,52.630001068115234,60.720001220703125,14488200
2025-04-11,60.35797882080078,61.08000183105469,61.90999984741211,56.470001220703125,57.45000076293945,8597000
2025-04-14,62.03788375854492,62.779998779296875,64.5999984741211,61.029998779296875,64.52999877929688,7974400
2025-04-15,61.553672790527344,62.290000915527344,64.2300033569336,61.97999954223633,63.0,14040600
2025-04-16,57.43296432495117,58.119998931884766,61.369998931884766,56.25,60.189998626708984,7454000
2025-04-17,57.59107208251953,58.279998779296875,59.86000061035156,57.45000076293945,58.66999816894531,6848100
2025-04-21,53.50001525878906,54.13999938964844,56.70000076293945,52.31999969482422,56.5,6116700
2025-04-22,57.51202392578125,58.20000076293945,58.970001220703125,55.77000045776367,56.08000183105469,7778500
2025-04-23,60.26904296875,60.9900016784668,64.29000091552734,60.47999954223633,62.63999938964844,10778900
2025-04-24,64.00434875488281,64.7699966430664,65.0999984741211,60.9900016784668,61.40999984741211,5258900
2025-04-25,65.35816192626953,66.13999938964844,66.33000183105469,63.7400016784668,64.7699966430664,6197700
2025-04-28,65.49650573730469,66.27999877929688,67.19999694824219,64.12999725341797,66.4000015258789,5511300
2025-04-29,66.60326385498047,67.4000015258789,67.86000061035156,65.41999816894531,65.55000305175781,4265500
2025-04-30,66.67243957519531,67.47000122070312,68.23999786376953,62.779998779296875,65.0,6708900
2025-05-01,68.10529327392578,68.91999816894531,71.0,68.72000122070312,69.66000366210938,4731300
2025-05-02,71.0599594116211,71.91000366210938,72.55000305175781,70.33999633789062,71.2300033569336,5152000
2025-05-05,69.89390563964844,70.7300033569336,71.9000015258789,70.01000213623047,70.33999633789062,3863300
2025-05-06,68.11518096923828,68.93000030517578,70.61000061035156,68.22000122070312,68.55999755859375,4410900
2025-05-07,68.97490692138672,69.80000305175781,70.72000122070312,67.87999725341797,69.38999938964844,5289500
2025-05-08,70.3188247680664,71.16000366210938,73.16999816894531,69.94999694824219,71.27999877929688,6515700
2025-05-09,70.00259399414062,70.83999633789062,72.05999755859375,70.30000305175781,71.69000244140625,4053100
2025-05-12,76.87044525146484,77.79000091552734,77.86000061035156,75.62999725341797,77.30999755859375,6493700
2025-05-13,78.43177795410156,79.37000274658203,80.29000091552734,77.80000305175781,78.05000305175781,5307000
2025-05-14,78.69857788085938,79.63999938964844,80.23999786376953,78.86000061035156,79.77999877929688,4671400
2025-05-15,79.8250961303711,80.77999877929688,81.02999877929688,78.62999725341797,78.83999633789062,4407600
2025-05-16,81.3172607421875,82.29000091552734,82.4000015258789,80.27999877929688,81.08000183105469,4286700
2025-05-19,81.57418060302734,82.55000305175781,82.80000305175781,79.72000122070312,79.72000122070312,4903200
2025-05-20,80.68482208251953,81.6500015258789,82.16999816894531,80.31999969482422,81.7699966430664,3990500
2025-05-21,76.6431655883789,77.55999755859375,81.5199966430664,77.08000183105469,79.81999969482422,5763400
2025-05-22,76.6234130859375,77.54000091552734,78.97000122070312,76.93000030517578,77.41999816894531,4290400
2025-05-23,75.02255249023438,75.91999816894531,76.94999694824219,74.4800033569336,74.63999938964844,5807100
2025-05-27,79.60770416259766,80.55999755859375,80.66999816894531,77.94999694824219,78.61000061035156,4389800
2025-05-28,78.23413848876953,79.16999816894531,81.26000213623047,78.9000015258789,80.7699966430664,4044200
2025-05-29,79.11361694335938,80.05999755859375,81.38999938964844,78.4800033569336,81.31999969482422,5044900
2025-05-30,78.83692169189453,79.77999877929688,80.44999694824219,77.26000213623047,79.56999969482422,4894800
2025-06-02,80.08203125,81.04000091552734,81.11000061035156,77.98999786376953,79.06999969482422,4281400
2025-06-03,81.50501251220703,82.4800033569336,82.87000274658203,80.70999908447266,80.91999816894531,4167700
2025-06-04,81.37654876708984,82.3499984741211,83.19999694824219,82.19999694824219,82.80999755859375,3856000
2025-06-05,80.15120697021484,81.11000061035156,83.5999984741211,80.31999969482422,83.05000305175781,5883000
2025-06-06,82.54259490966797,83.52999877929688,84.27999877929688,82.63999938964844,83.37000274658203,3967900
2025-06-09,82.740234375,83.7300033569336,84.43000030517578,83.29000091552734,83.79000091552734,3672200
2025-06-10,84.173095703125,85.18000030517578,85.33000183105469,83.51000213623047,83.95999908447266,3878300
2025-06-11,83.44183349609375,84.44000244140625,85.98999786376953,83.55000305175781,85.61000061035156,6316800
2025-06-12,84.39048767089844,85.4000015258789,85.4000015258789,83.62000274658203,83.83999633789062,4518900
2025-06-13,81.44571685791016,82.41999816894531,84.5199966430664,81.81999969482422,83.12000274658203,7441700
2025-06-16,83.79759216308594,84.80000305175781,85.5199966430664,83.80999755859375,83.83999633789062,4406700
2025-06-17,81.60382080078125,82.58000183105469,84.37000274658203,82.29000091552734,83.69999694824219,4402800
2025-06-18,81.5445327758789,82.5199966430664,84.06999969482422,82.0999984741211,82.91999816894531,3636900
2025-06-20,80.83305358886719,81.80000305175781,84.01000213623047,81.25,83.55000305175781,4678500
2025-06-23,83.23432159423828,84.2300033569336,84.38999938964844,80.81999969482422,82.12000274658203,6066100
2025-06-24,85.98146057128906,87.01000213623047,87.44999694824219,85.5999984741211,85.97000122070312,4989400
2025-06-25,86.1489028930664,86.94999694824219,87.4800033569336,86.23999786376953,87.23999786376953,9082100
2025-06-26,88.10075378417969,88.91999816894531,89.08999633789062,87.41999816894531,87.68000030517578,3594400
2025-06-27,89.28970336914062,90.12000274658203,90.80000305175781,88.4000015258789,89.25,5038600
2025-06-30,90.5975341796875,91.44000244140625,92.0199966430664,90.19999694824219,91.22000122070312,3606300
2025-07-01,90.419189453125,91.26000213623047,91.81999969482422,90.36000061035156,90.72000122070312,4161400
2025-07-02,91.6180419921875,92.47000122070312,92.5199966430664,90.81999969482422,91.0999984741211,3174700
2025-07-03,93.72842407226562,94.5999984741211,94.9800033569336,93.29000091552734,93.30999755859375,7128600
2025-07-07,91.6279525756836,92.4800033569336,93.94999694824219,91.16000366210938,93.6500015258789,11653300
2025-07-08,91.40007781982422,92.25,93.05000305175781,91.91000366210938,92.72000122070312,3804500
2025-07-09,93.01504516601562,93.87999725341797,94.19999694824219,92.51000213623047,93.3499984741211,3908500
2025-07-10,93.78787231445312,94.66000366210938,95.13999938964844,93.41000366210938,93.94999694824219,2812300
2025-07-11,92.68809509277344,93.55000305175781,94.13999938964844,92.6500015258789,93.18000030517578,3626800
2025-07-14,93.1933822631836,94.05999755859375,94.25,92.7300033569336,93.3499984741211,3503200
2025-07-15,91.98462677001953,92.83999633789062,95.44000244140625,92.81999969482422,95.30000305175781,4709400
2025-07-16,92.8664321899414,93.7300033569336,93.97000122070312,91.0,93.5199966430664,4315400
2025-07-17,94.58050537109375,95.45999908447266,95.62000274658203,93.7300033569336,93.80999755859375,3739600
2025-07-18,94.29316711425781,95.16999816894531,95.9800033569336,94.63999938964844,95.93000030517578,3652500
2025-07-21,94.79847717285156,95.68000030517578,96.93000030517578,95.4800033569336,95.68000030517578,3257800
2025-07-22,94.7885513305664,95.66999816894531,96.02999877929688,94.45999908447266,95.80000305175781,4304900
2025-07-23,97.1763687133789,98.08000183105469,98.08999633789062,96.05000305175781,96.87000274658203,5023900
2025-07-24,97.3051528930664,98.20999908447266,98.95999908447266,97.9800033569336,98.2699966430664,3816000
2025-07-25,98.36530303955078,99.27999877929688,99.55000305175781,98.29000091552734,98.4000015258789,2698800
2025-07-28,98.30585479736328,99.22000122070312,99.73999786376953,98.58999633789062,99.51000213623047,3500800
2025-07-29,97.52313232421875,98.43000030517578,100.0,97.98999786376953,99.87000274658203,4143500
2025-07-30,97.13673400878906,98.04000091552734,99.51000213623047,96.66999816894531,98.7300033569336,4817800
2025-07-31,95.9477767944336,96.83999633789062,100.47000122070312,96.29000091552734,100.30000305175781,6467600
2025-08-01,91.17218780517578,92.0199966430664,94.16000366210938,90.93000030517578,94.1500015258789,10145800
2025-08-04,95.25423431396484,96.13999938964844,96.19999694824219,93.7300033569336,93.7699966430664,4692600
2025-08-05,93.85723114013672,94.7300033569336,96.83000183105469,94.2699966430664,96.45999908447266,5604000
2025-08-06,95.8883285522461,96.77999877929688,97.12999725341797,94.76000213623047,95.16999816894531,5062500
2025-08-07,95.7099838256836,96.5999984741211,98.75,95.1500015258789,98.41999816894531,6357100
2025-08-08,97.84017944335938,98.75,98.97000122070312,97.19999694824219,97.3499984741211,4244700
2025-08-11,97.16645050048828,98.06999969482422,99.54000091552734,97.54000091552734,98.83999633789062,8795700
2025-08-12,100.27751922607422,101.20999908447266,101.33000183105469,98.54000091552734,99.19999694824219,9297000
2025-08-13,101.3178482055664,102.26000213623047,102.86000061035156,101.22000122070312,102.26000213623047,4181000
2025-08-14,101.30792999267578,102.25,102.56999969482422,101.0,101.23999786376953,4596300
2025-08-15,100.53511810302734,101.47000122070312,102.69999694824219,100.98999786376953,102.68000030517578,3990400
2025-08-18,100.39641571044922,101.33000183105469,101.63999938964844,100.80999755859375,101.13999938964844,2917300
2025-08-19,98.7021713256836,99.62000274658203,101.69999694824219,99.02999877929688,101.22000122070312,4918900
2025-08-20,97.87982940673828,98.79000091552734,99.55000305175781,96.41999816894531,99.43000030517578,6987900
2025-08-21,96.74040985107422,97.63999938964844,98.73999786376953,96.80999755859375,97.94000244140625,5617800
2025-08-22,101.04043579101562,101.9800033569336,102.56999969482422,98.30999755859375,98.52999877929688,4977900
2025-08-25,99.74249267578125,100.66999816894531,101.9800033569336,100.61000061035156,101.38999938964844,3383900
2025-08-26,100.94134521484375,101.87999725341797,102.05000305175781,100.19000244140625,100.51000213623047,2891200
2025-08-27,101.57544708251953,102.5199966430664,102.9000015258789,101.52999877929688,101.58999633789062,2982700
2025-08-28,102.64550018310547,103.5999984741211,103.87000274658203,101.91000366210938,102.83999633789062,3147400
2025-08-29,100.69364166259766,101.62999725341797,102.97000122070312,100.7300033569336,102.80999755859375,4312300
2025-09-02,98.4643783569336,99.37999725341797,99.43000030517578,96.80999755859375,98.04000091552734,5353700
2025-09-03,99.94065856933594,100.87000274658203,101.1500015258789,99.41000366210938,100.43000030517578,4310600
2025-09-04,102.42752838134766,103.37999725341797,103.43000030517578,100.77999877929688,101.2300033569336,3360200
2025-09-05,101.43673706054688,102.37999725341797,104.83000183105469,100.58000183105469,104.47000122070312,9369600
2025-09-08,102.19963836669922,103.1500015258789,103.6500015258789,102.4000015258789,103.06999969482422,3935500
2025-09-09,102.9030990600586,103.86000061035156,104.08000183105469,102.36000061035156,103.22000122070312,3650700
2025-09-10,103.77499389648438,104.73999786376953,105.8499984741211,103.95999908447266,105.4000015258789,5225700
2025-09-11,106.29159545898438,107.27999877929688,107.62999725341797,105.36000061035156,105.63999938964844,3537800
2025-09-12,106.09343719482422,107.08000183105469,107.94000244140625,106.86000061035156,107.22000122070312,3841700
2025-09-15,107.72823333740234,108.7300033569336,108.8499984741211,108.02999877929688,108.16999816894531,3340200
2025-09-16,107.25265502929688,108.25,109.19000244140625,107.91999816894531,109.02999877929688,2634300
2025-09-17,106.86624908447266,107.86000061035156,109.0999984741211,105.44000244140625,108.29000091552734,3874200
2025-09-18,108.34252166748047,109.3499984741211,110.6500015258789,108.38999938964844,109.19000244140625,3454900
2025-09-19,109.7890625,110.80999755859375,111.29000091552734,109.23999786376953,110.20999908447266,3175000
2025-09-22,111.3545150756836,112.38999938964844,112.62999725341797,110.08000183105469,110.08999633789062,2957200
2025-09-23,109.58100891113281,110.5999984741211,112.63999938964844,109.94999694824219,112.33999633789062,7066300
2025-09-24,108.44532775878906,109.23999786376953,111.01000213623047,108.54000091552734,110.97000122070312,3510800
2025-09-25,106.89668273925781,107.68000030517578,108.37000274658203,105.9000015258789,107.66000366210938,4041700
2025-09-26,108.6240234375,109.41999816894531,109.75,107.55999755859375,108.3499984741211,2771600
2025-09-29,109.5174789428711,110.31999969482422,111.12000274658203,109.47000122070312,110.68000030517578,2844800
2025-09-30,110.678955078125,111.48999786376953,111.79000091552734,109.31999969482422,109.94000244140625,2918000
2025-10-01,111.88015747070312,112.69999694824219,113.13999938964844,109.9800033569336,110.02999877929688,3445600
2025-10-02,112.18790435791016,113.01000213623047,113.70999908447266,111.80000305175781,113.68000030517578,2831200
2025-10-03,112.05884552001953,112.87999725341797,114.68000030517578,112.41000366210938,113.33000183105469,7475500
2025-10-06,113.27991485595703,114.11000061035156,114.56999969482422,113.02999877929688,114.12000274658203,3938300
2025-10-07,112.00921630859375,112.83000183105469,114.77999877929688,112.08000183105469,114.58999633789062,3798400
2025-10-08,113.94503021240234,114.77999877929688,114.83000183105469,112.94000244140625,113.38999938964844,2993900
2025-10-09,112.96223449707031,113.79000091552734,115.19000244140625,112.7699966430664,114.97000122070312,3089800
2025-10-10,103.7298812866211,104.48999786376953,115.05999755859375,104.3499984741211,114.16000366210938,6745100
2025-10-13,108.44532775878906,109.23999786376953,109.9800033569336,107.6500015258789,108.06999969482422,5053100
2025-10-14,107.96882629394531,108.76000213623047,110.55999755859375,104.30000305175781,106.29000091552734,6512700
2025-10-15,109.34870910644531,110.1500015258789,112.68000030517578,107.1500015258789,111.01000213623047,6250100
2025-10-16,107.14486694335938,107.93000030517578,111.93000030517578,106.19000244140625,111.04000091552734,7103200
2025-10-17,108.84242248535156,109.63999938964844,110.33000183105469,106.61000061035156,107.27999877929688,7076100
2025-10-20,112.22762298583984,113.05000305175781,113.51000213623047,111.06999969482422,111.08999633789062,3365400
2025-10-21,112.19783020019531,113.0199966430664,113.87999725341797,112.37000274658203,113.11000061035156,3153800
2025-10-22,110.42086029052734,111.2300033569336,113.3499984741211,108.9800033569336,113.3499984741211,5975300
2025-10-23,112.27725219726562,113.0999984741211,113.63999938964844,111.19999694824219,111.33000183105469,3158600
2025-10-24,114.91790008544922,115.76000213623047,116.47000122070312,115.05000305175781,115.44999694824219,3595800
2025-10-27,119.02778625488281,119.9000015258789,120.05999755859375,118.31999969482422,118.6500015258789,7237600
2025-10-28,119.90138244628906,120.77999877929688,121.80000305175781,119.66000366210938,120.83000183105469,3934200
2025-10-29,120.03044128417969,120.91000366210938,122.19000244140625,118.5999984741211,121.66000366210938,4884000
2025-10-30,116.17866516113281,117.02999877929688,120.1500015258789,116.9800033569336,119.05999755859375,5257000
2025-10-31,117.0820541381836,117.94000244140625,119.58999633789062,116.55000305175781,119.55000305175781,4429400
2025-11-03,117.81665802001953,118.68000030517578,119.91999816894531,116.87000274658203,119.8499984741211,2429100
2025-11-04,113.62735748291016,114.45999908447266,116.86000061035156,114.05000305175781,114.83000183105469,3891300
2025-11-05,114.62007904052734,115.45999908447266,117.19999694824219,113.80000305175781,114.22000122070312,9055800
2025-11-06,110.9469985961914,111.76000213623047,115.4000015258789,110.95999908447266,114.95999908447266,5431500
2025-11-07,111.23489379882812,112.05000305175781,112.08000183105469,107.12999725341797,110.48999786376953,12608900
2025-11-10,116.26801300048828,117.12000274658203,117.56999969482422,113.98999786376953,115.08999633789062,5189300
2025-11-11,117.07211303710938,117.93000030517578,118.27999877929688,115.79000091552734,116.41000366210938,9453600
2025-11-12,117.27066040039062,118.12999725341797,118.97000122070312,116.91999816894531,118.94999694824219,4067700
2025-11-13,111.43343353271484,112.25,116.81999969482422,111.4800033569336,116.62000274658203,6528700
2025-11-14,111.2646713256836,112.08000183105469,113.94000244140625,107.73999786376953,108.80000305175781,8431300
2025-11-17,108.11772918701172,108.91000366210938,112.91999816894531,107.16999816894531,110.93000030517578,7817600
2025-11-18,105.41751861572266,106.19000244140625,108.5999984741211,104.05000305175781,107.0999984741211,14555900
2025-11-19,106.53929901123047,107.31999969482422,109.5999984741211,105.45999908447266,106.44999694824219,6096400
2025-11-20,101.6352310180664,102.37999725341797,113.58999633789062,102.08000183105469,112.30999755859375,13208300
2025-11-21,104.61341094970703,105.37999725341797,107.95999908447266,101.5,103.47000122070312,9366700
2025-11-24,109.2097396850586,110.01000213623047,110.62000274658203,106.55999755859375,107.0999984741211,4765000
2025-11-25,112.19783020019531,113.0199966430664,113.63999938964844,107.8499984741211,109.87999725341797,6056600
2025-11-26,114.4811019897461,115.31999969482422,116.3499984741211,113.87000274658203,114.27999877929688,4848500
2025-11-28,116.2779312133789,117.12999725341797,117.26000213623047,115.68000030517578,115.83999633789062,1939500
2025-12-01,114.64986419677734,115.48999786376953,116.87999725341797,114.69999694824219,114.7300033569336,3759700
2025-12-02,115.22563934326172,116.06999969482422,117.26000213623047,114.95999908447266,116.27999877929688,3166400
2025-12-03,116.35735321044922,117.20999908447266,117.79000091552734,115.12000274658203,115.5999984741211,8301900
2025-12-04,116.66510009765625,117.5199966430664,118.0,115.91000366210938,117.94999694824219,8951400
2025-12-05,117.17138671875,118.02999877929688,119.45999908447266,117.5,117.97000122070312,4176300
2025-12-08,116.0992431640625,116.94999694824219,118.5199966430664,115.91000366210938,118.5199966430664,3259300
2025-12-09,115.76172637939453,116.61000061035156,117.81999969482422,116.38999938964844,116.66999816894531,2850700
2025-12-10,117.98542022705078,118.8499984741211,119.62999725341797,115.69999694824219,116.37000274658203,4736100
2025-12-11,118.69025421142578,119.55999755859375,119.75,116.06999969482422,117.5999984741211,8899500
2025-12-12,114.8781967163086,115.72000122070312,119.44999694824219,114.4000015258789,119.12999725341797,8048300
2025-12-15,114.34212493896484,115.18000030517578,117.73999786376953,114.44999694824219,117.73999786376953,4198700
2025-12-16,113.36924743652344,114.19999694824219,115.30999755859375,112.22000122070312,114.36000061035156,5046400
2025-12-17,109.58696746826172,110.38999938964844,114.94000244140625,110.29000091552734,114.69000244140625,7185500
2025-12-18,112.03900146484375,112.86000061035156,114.94999694824219,112.08000183105469,113.41999816894531,3841600
2025-12-19,114.96753692626953,115.80999755859375,116.08000183105469,113.7699966430664,113.87000274658203,2549900
2025-12-22,117.0423355102539,117.9000015258789,118.22000122070312,116.86000061035156,117.5,2176700
2025-12-23,118.640625,119.51000213623047,119.6500015258789,117.41999816894531,117.45999908447266,2696400
2025-12-24,119.78550720214844,120.31999969482422,120.61000061035156,119.06999969482422,119.13999938964844,1741200
2025-12-26,119.69591522216797,120.2300033569336,120.95999908447266,119.70999908447266,120.43000030517578,1795500
2025-12-29,118.39173126220703,118.91999816894531,119.63999938964844,118.0,118.79000091552734,2248000
2025-12-30,117.91386413574219,118.44000244140625,119.26000213623047,118.25,118.69999694824219,2475100
2025-12-31,115.24576568603516,115.76000213623047,118.58999633789062,115.68000030517578,118.48999786376953,3808600
2026-01-02,115.81324005126953,116.33000183105469,118.19999694824219,114.62999725341797,117.5999984741211,5800900
2026-01-05,118.06319427490234,118.58999633789062,119.4800033569336,117.94000244140625,118.0,4456100
2026-01-06,120.11405181884766,120.6500015258789,120.93000030517578,118.61000061035156,118.69000244140625,3595300
2026-01-07,118.97911071777344,119.51000213623047,121.77999877929688,119.33000183105469,120.83999633789062,3610200
2026-01-08,118.82977294921875,119.36000061035156,119.97000122070312,118.3499984741211,119.05999755859375,3402700
2026-01-09,121.10960388183594,121.6500015258789,122.31999969482422,119.1500015258789,119.88999938964844,4287500
2026-01-12,121.6870346069336,122.2300033569336,122.70999908447266,119.86000061035156,119.87000274658203,2699400
2026-01-13,120.89058685302734,121.43000030517578,122.68000030517578,120.19999694824219,122.41000366210938,3235400
2026-01-14,119.13839721679688,119.66999816894531,120.33999633789062,117.41999816894531,119.97000122070312,4994900
2026-01-15,120.0045394897461,120.54000091552734,122.23999786376953,120.05000305175781,121.77999877929688,3370600
2026-01-16,119.59635162353516,120.12999725341797,121.5,119.36000061035156,121.19000244140625,2621300
2026-01-20,112.27900695800781,112.77999877929688,116.51000213623047,112.2699966430664,114.81999969482422,6412300
2026-01-21,116.07208251953125,116.58999633789062,118.30000305175781,113.02999877929688,113.7699966430664,8321700
2026-01-22,117.8740463256836,118.4000015258789,119.5199966430664,117.38999938964844,118.86000061035156,3846700
2026-01-23,117.89395141601562,118.41999816894531,119.36000061035156,117.41000366210938,117.91999816894531,3078100
2026-01-26,119.69591522216797,120.2300033569336,120.95999908447266,118.80000305175781,119.05999755859375,2851800
2026-01-27,121.12950897216797,121.66999816894531,122.18000030517578,120.6500015258789,120.97000122070312,2185000
2026-01-28,121.05982971191406,121.5999984741211,122.8499984741211,120.80999755859375,122.44999694824219,3340100
2026-01-29,120.20364379882812,120.73999786376953,122.37000274658203,115.9800033569336,122.0199966430664,5738800
2026-01-30,119.07866668701172,119.61000061035156,120.80000305175781,117.08000183105469,119.56999969482422,5040000
2026-02-02,120.89058685302734,121.43000030517578,122.16999816894531,118.30000305175781,118.37000274658203,3755000
2026-02-03,117.7247085571289,118.25,122.16000366210938,115.38999938964844,121.79000091552734,6288300
2026-02-04,115.97251892089844,116.48999786376953,119.18000030517578,114.23999786376953,118.66000366210938,7964800
2026-02-05,111.53234100341797,112.02999877929688,115.19000244140625,111.19999694824219,113.79000091552734,8208900
2026-02-06,117.95368957519531,118.4800033569336,119.30999755859375,113.69000244140625,113.91000366210938,5952900
2026-02-09,119.60630798339844,120.13999938964844,121.12000274658203,117.27999877929688,117.80999755859375,3025100
2026-02-10,118.62071228027344,119.1500015258789,121.47000122070312,118.91000366210938,120.66000366210938,3289700
2026-02-11,118.47137451171875,119.0,121.72000122070312,117.62999725341797,121.37000274658203,3210400
2026-02-12,112.98584747314453,113.48999786376953,120.7699966430664,113.05999755859375,120.2300033569336,7066800
2026-02-13,113.00576782226562,113.51000213623047,115.87999725341797,111.4800033569336,113.56999969482422,5644400
2026-02-17,113.55331420898438,114.05999755859375,115.16000366210938,110.5999984741211,112.7699966430664,5037000
2026-02-18,115.2557144165039,115.7699966430664,117.25,114.08999633789062,114.69000244140625,3928600
2026-02-19,114.379638671875,114.88999938964844,115.7300033569336,113.37999725341797,114.52999877929688,3688200
2026-02-20,116.71919250488281,117.23999786376953,117.54000091552734,113.41000366210938,113.6500015258789,5506100
2026-02-23,113.15510559082031,113.66000366210938,117.5199966430664,112.63999938964844,116.38999938964844,4202500
2026-02-24,115.55438995361328,116.06999969482422,116.55999755859375,112.44000244140625,113.3499984741211,2736600
2026-02-25,118.42159271240234,118.94999694824219,119.26000213623047,117.44000244140625,117.47000122070312,2504400
2026-02-26,116.4603500366211,116.9800033569336,119.08000183105469,114.43000030517578,119.04000091552734,3207400
2026-02-27,114.79776000976562,115.30999755859375,115.61000061035156,113.0,113.69000244140625,4246900
2026-03-02,114.8077163696289,115.31999969482422,116.44999694824219,111.16000366210938,111.48999786376953,3610700
2026-03-03,111.74140167236328,112.23999786376953,113.41999816894531,106.88999938964844,109.62000274658203,6541100
2026-03-04,114.10087585449219,114.61000061035156,115.58999633789062,111.88999938964844,112.87000274658203,4352700
2026-03-05,112.19935607910156,112.69999694824219,114.7699966430664,109.80000305175781,113.05999755859375,6253500
2026-03-06,107.67952728271484,108.16000366210938,109.9800033569336,106.81999969482422,108.62999725341797,5464300
2026-03-09,110.47705078125,110.97000122070312,111.73999786376953,103.2699966430664,105.19999694824219,9101400
2026-03-10,109.8199691772461,110.30999755859375,113.41000366210938,109.20999908447266,110.6500015258789,6155700
2026-03-11,109.45162200927734,109.94000244140625,111.76000213623047,108.48999786376953,110.54000091552734,4181000
2026-03-12,104.42405700683594,104.88999938964844,107.62000274658203,104.80000305175781,107.3499984741211,6085600
2026-03-13,102.55240631103516,103.01000213623047,107.76000213623047,102.5999984741211,106.30000305175781,6599000
2026-03-16,105.62867736816406,106.0999984741211,107.54000091552734,105.23999786376953,105.83000183105469,4607100
2026-03-17,106.44503784179688,106.91999816894531,108.66999816894531,106.5999984741211,107.69999694824219,2942600
2026-03-18,102.01480865478516,102.47000122070312,106.37000274658203,102.3499984741211,105.73999786376953,5114100
2026-03-19,101.17853546142578,101.62999725341797,103.11000061035156,99.4800033569336,100.2699966430664,5536600
2026-03-20,96.65869903564453,97.08999633789062,100.94999694824219,95.44000244140625,100.87999725341797,6060700
2026-03-23,99.76484680175781,100.20999908447266,103.44999694824219,99.54000091552734,101.3499984741211,7422200
2026-03-24,98.72946166992188,99.16999816894531,100.94000244140625,97.68000030517578,98.33999633789062,4261000
2026-03-25,100.29798889160156,100.5199966430664,102.43000030517578,99.43000030517578,101.41000366210938,2340000
2026-03-26,94.96978759765625,95.18000030517578,99.63999938964844,95.05000305175781,98.33999633789062,3849500
2026-03-27,90.0107650756836,90.20999908447266,94.0,89.79000091552734,93.91999816894531,5761300
2026-03-30,89.0927963256836,89.29000091552734,92.8499984741211,88.1500015258789,92.7300033569336,4420200
2026-03-31,96.76581573486328,96.9800033569336,97.5199966430664,91.80999755859375,92.19000244140625,5506000
2026-04-01,98.95097351074219,99.16999816894531,100.66000366210938,98.20999908447266,98.58000183105469,3922600
2026-04-02,99.16050720214844,99.37999725341797,100.30000305175781,94.51000213623047,95.0999984741211,3625100
2026-04-06,100.51750183105469,100.73999786376953,101.08999633789062,99.19999694824219,99.3499984741211,2757500
2026-04-07,100.62726593017578,100.8499984741211,101.0,97.11000061035156,99.68000030517578,4321200
2026-04-08,108.220458984375,108.45999908447266,109.04000091552734,106.4800033569336,108.69000244140625,3757400
2026-04-09,110.11626434326172,110.36000061035156,110.9800033569336,107.44000244140625,107.97000122070312,3291400
2026-04-10,109.76703643798828,110.01000213623047,111.3499984741211,109.58000183105469,110.98999786376953,2719200
2026-04-13,112.97992706298828,113.2300033569336,113.36000061035156,108.66999816894531,109.05999755859375,3408700
2026-04-14,117.08084106445312,117.33999633789062,117.44000244140625,114.0199966430664,114.02999877929688,3235000
2026-04-15,119.79483795166016,120.05999755859375,120.29000091552734,117.2699966430664,117.79000091552734,3551700
2026-04-16,120.6928482055664,120.95999908447266,121.55000305175781,119.37000274658203,120.69000244140625,3081300
2026-04-17,124.95342254638672,125.2300033569336,126.43000030517578,123.02999877929688,123.20999908447266,4673300
2026-04-20,124.21504974365234,124.48999786376953,125.12000274658203,123.13999938964844,124.48999786376953,3255200
2026-04-21,121.80039978027344,122.06999969482422,125.80999755859375,121.29000091552734,125.27999877929688,4154400
2026-04-22,125.41240692138672,125.69000244140625,125.80000305175781,124.1500015258789,124.61000061035156,3173600
2026-04-23,123.88578796386719,124.16000366210938,126.26000213623047,120.94000244140625,124.72000122070312,4548100
2026-04-24,126.70952606201172,126.98999786376953,127.25,124.4000015258789,125.27999877929688,3567600
2026-04-27,127.3082046508789,127.58999633789062,127.80999755859375,126.05999755859375,126.5199966430664,2978600
2026-04-28,125.41240692138672,125.69000244140625,126.31999969482422,124.4000015258789,125.75,2688500
2026-04-29,125.34255981445312,125.62000274658203,125.93000030517578,123.9000015258789,125.27999877929688,3050300
2026-04-30,128.89468383789062,129.17999267578125,129.88999938964844,124.9800033569336,127.19000244140625,4065300
2026-05-01,130.01222229003906,130.3000030517578,132.57000732421875,130.19000244140625,130.61000061035156,3525900
2026-05-04,128.5654296875,128.85000610351562,131.02999877929688,127.19999694824219,129.9199981689453,3118100
2026-05-05,131.55880737304688,131.85000610351562,132.5399932861328,130.64999389648438,130.8000030517578,2785200
2026-05-06,136.99676513671875,137.3000030517578,137.75,134.0800018310547,134.22000122070312,3485900
2026-05-07,135.71958923339844,136.02000427246094,138.58999633789062,135.02000427246094,138.0,3651500
2026-05-08,138.9125213623047,139.22000122070312,139.52000427246094,137.61000061035156,137.80999755859375,2452100
2026-05-11,139.7805938720703,140.08999633789062,141.02999877929688,138.58999633789062,138.6300048828125,2677300
2026-05-12,139.22183227539062,139.52999877929688,139.89999389648438,135.92999267578125,138.83999633789062,3254000
2026-05-13,141.51675415039062,141.8300018310547,142.6999969482422,137.9600067138672,139.63999938964844,2808000
2026-05-14,144.779541015625,145.10000610351562,145.92999267578125,142.52999877929688,142.58999633789062,2713900
2026-05-15,139.42138671875,139.72999572753906,142.2899932861328,139.10000610351562,141.35000610351562,3097900
2026-05-18,139.05221557617188,139.36000061035156,141.0399932861328,136.47999572753906,140.16000366210938,3798100
2026-05-19,136.3382110595703,136.63999938964844,138.8300018310547,135.38999938964844,137.22999572753906,3691700
2026-05-20,140.5189666748047,140.8300018310547,141.13999938964844,136.6999969482422,137.7100067138672,2968200
2026-05-21,141.26730346679688,141.5800018310547,142.7899932861328,138.4199981689453,139.25,2879700
2026-05-22,142.7639923095703,143.0800018310547,145.0,142.5,143.47999572753906,2448500
2026-05-26,145.53785705566406,145.86000061035156,146.80999755859375,144.63999938964844,145.61000061035156,2193600
2026-05-27,145.5178985595703,145.83999633789062,146.30999755859375,144.47999572753906,146.0500030517578,2206600
2026-05-28,147.8627166748047,148.19000244140625,148.50999450683594,145.07000732421875,145.58999633789062,2325100
2026-05-29,148.8505096435547,149.17999267578125,150.1199951171875,148.13999938964844,148.85000610351562,3004500
2026-06-01,149.95806884765625,150.2899932861328,151.3800048828125,148.11000061035156,148.5,2581200
2026-06-02,150.5367889404297,150.8699951171875,151.41000366210938,149.22999572753906,149.44000244140625,2229500
2026-06-03,147.3937530517578,147.72000122070312,150.41000366210938,147.3300018310547,150.0,2545200
2026-06-04,149.0001983642578,149.3300018310547,150.0500030517578,146.02999877929688,146.41000366210938,2077000
2026-06-05,137.22625732421875,137.52999877929688,146.67999267578125,136.4499969482422,146.38999938964844,4587900
2026-06-08,138.2639617919922,138.57000732421875,141.9199981689453,137.94000244140625,140.83999633789062,2952600
2026-06-09,136.92691040039062,137.22999572753906,142.8000030517578,129.2100067138672,140.9600067138672,4841200
2026-06-10,130.4013671875,130.69000244140625,137.97000122070312,130.67999267578125,135.17999267578125,4295800
2026-06-11,136.9867706298828,137.2899932861328,138.5800018310547,130.14999389648438,132.42999267578125,3955000
2026-06-12,139.1020965576172,139.41000366210938,140.9499969482422,135.75,138.8699951171875,2894200
2026-06-15,146.41592407226562,146.74000549316406,147.8699951171875,145.10000610351562,145.13999938964844,2673100
2026-06-16,143.8216552734375,144.13999938964844,147.11000061035156,143.8800048828125,146.63999938964844,1787300
2026-06-17,138.43357849121094,138.74000549316406,145.13999938964844,137.75,144.6300048828125,2812400
2026-06-18,142.4945831298828,142.80999755859375,143.72000122070312,141.2899932861328,143.4499969482422,2145400
2026-06-22,141.107666015625,141.4199981689453,144.75,140.77000427246094,143.3800048828125,1971700
2026-06-23,135.0810089111328,135.3800048828125,138.74000549316406,134.5800018310547,135.2899932861328,2681700
2026-06-24,134.6999969482422,134.6999969482422,138.47999572753906,133.4600067138672,135.72000122070312,2241400
2026-06-25,134.72999572753906,134.72999572753906,138.08999633789062,132.75999450683594,137.82000732421875,2331700
2026-06-26,132.0800018310547,132.0800018310547,136.44000244140625,131.11000061035156,132.19000244140625,2524100
2026-06-29,138.75999450683594,138.75999450683594,139.16000366210938,133.9499969482422,136.39999389648438,2182700
2026-06-30,141.7899932861328,141.7899932861328,142.75,138.74000549316406,138.86000061035156,2087600
2026-07-01,141.38999938964844,141.38999938964844,143.52999877929688,139.5,140.94000244140625,2094200
2026-07-02,140.77000427246094,140.77000427246094,144.39999389648438,138.02000427246094,142.24000549316406,3060000
2026-07-06,144.41000366210938,144.41000366210938,145.00999450683594,142.1699981689453,142.80999755859375,1847000
2026-07-07,142.2100067138672,142.2100067138672,144.13999938964844,140.83999633789062,143.75,2457200
2026-07-08,140.8300018310547,140.8300018310547,141.32000732421875,137.52000427246094,139.6699981689453,2032900
2026-07-09,144.38999938964844,144.38999938964844,144.60000610351562,140.99000549316406,141.9199981689453,1620900
2026-07-10,146.16000366210938,146.16000366210938,146.4499969482422,142.27000427246094,144.47000122070312,1919800
2026-07-13,142.72999572753906,142.72999572753906,145.5399932861328,142.13999938964844,144.67999267578125,1951600
2026-07-14,144.27999877929688,144.27999877929688,145.10000610351562,142.4600067138672,143.75999450683594,1920800
2026-07-15,145.8699951171875,145.8699951171875,146.41000366210938,143.33999633789062,145.60000610351562,1822000
2026-07-16,143.61000061035156,143.61000061035156,145.75,141.9499969482422,144.74000549316406,1910700
2026-07-17,139.0500030517578,139.0500030517578,141.42999267578125,137.75999450683594,138.47000122070312,2368300
2026-07-20,138.47000122070312,138.47000122070312,142.13999938964844,138.10000610351562,141.1199951171875,2027000
2026-07-21,141.88999938964844,141.88999938964844,142.2899932861328,139.57000732421875,140.74000549316406,1462900
2026-07-22,141.27000427246094,141.27000427246094,142.8000030517578,140.74000549316406,140.88999938964844,1425400
2026-07-23,136.1300048828125,136.1300048828125,138.50999450683594,134.33999633789062,136.69000244140625,2487200
2026-07-24,136.27000427246094,136.27000427246094,139.0,135.42999267578125,136.1199951171875,1720300
2026-07-27,136.36000061035156,136.36000061035156,139.9600067138672,134.61000061035156,139.55999755859375,1850400
